:020000040800F2
:10000000E8000120750200082D8B0008458A0008D1
:10001000298B0008350A0008C5C60008000000004A
:10002000000000000000000000000000098D000832
:10003000390A000800000000318B000841B90008AF
:100040008F0200088F0200088F0200088F0200084C
:100050008F0200088F0200088F0200088F0200083C
:100060008F0200088F0200088F0200088F0200082C
:100070008F0200088F0200088F0200088F0200081C
:100080008F0200088F0200088F0200088F0200080C
:100090008F0200088F0200088F0200088F020008FC
:1000A0008F0200088F0200088F0200088F020008EC
:1000B0008F0200088F0200088F0200088F020008DC
:1000C0008F0200088F0200088F0200088F020008CC
:1000D0008F020008B9C600088F0200088F020008CE
:1000E0008F0200088F0200088F0200088F020008AC
:1000F0008F0200088F0200088F0200088F0200089C
:100100008F0200088F0200088F0200088F0200088B
:1001100061C400088F0200088F0200088F020008E7
:100120008F0200088F0200088F0200088F0200086B
:100130008F0200088F0200088F0200088F0200085B
:100140008F0200088F0200088F0200088F0200084B
:100150008F0200088F0200088F0200088F0200083B
:100160008F0200088F0200088F0200088F0200082B
:100170008F0200088F0200088F02000800000000B4
:100180008F0200088F02000800F002F800F063F808
:1001900014A696E8000CB244B344DA4501D100F04D
:1001A0005AF8BAE80F000FA696E83000A5EB040550
:1001B00004EB0607AAEB0704A7F101074FEA1515A0
:1001C0004FEA3414A4F10104AC4201D300F043F827
:1001D00013F0010F18BFFB1A43F0010300F001F800
:1001E000DBE71847E8CE020008CF0200103A24BF30
:1001F00078C878C1FAD8520724BF30C830C144BF8C
:1002000004680C6070470000704700000023002461
:1002100000250026103A28BF78C1FBD8520728BF16
:1002200030C148BF0B607047642900F02B817529ED
:1002300000F02881782900F06181632900F0B08303
:10024000732900F0B583002070471FB50EF001FD43
:100250001FBD10B510BD00F0B7FB1146FFF7F5FF4D
:100260000DF0A8FE00F0D5FB03B4FFF7F2FF03BCCE
:1002700000F0D8FB0948804709480047FEE7FEE741
:10028000FEE7FEE7FEE7FEE7FEE7FEE7FEE7FEE746
:1002900004480549054A064B70470000EDB90008BF
:1002A00089010008E8EE0020E8000120E8F00020C5
:1002B000E8F0002053EA020C00F069802DE9F04BD1
:1002C0004FF00006002B1FBFB3FA83F503FA05F4C5
:1002D00024FA05F65E4012BF1643B2FA82F502FA1E
:1002E00005F4C5F120051EBF22FA05FC44EA0C0402
:1002F000203556EA044C4FEA144418BF641C4FF0F2
:1003000000084FF00009904271EB030C39D300292B
:1003100019BFB1FA81F701FA07F6B0FA80F700FACF
:1003200007F6C7F120071EBF20FA07FC46EA0C06B5
:100330002037B6FBF4FCA7EB0507103F07F01F0BB7
:10034000CBF120062CFA06F60CFA0BFB44BFB346A1
:100350000026202FA4BF5E464FF0000B5BEA060C80
:1003600008BF4FF0010B19EB0B0948EB0608ABFB7C
:10037000027C06FB02CC0BFB03CCC01B71EB0C0117
:10038000C1E70B46024641464846BDE8F08B13B52F
:10039000084318BF4FF0FF300146AFF30080BDE8BF
:1003A0001C4070470FB41CB50C0007AA009007D082
:1003B0004142A14202D32044401E01E04FF0FF30F1
:1003C000074B7B4469460190069800F0C4FA00216F
:1003D000002C01D0009A11701CBC5DF814FB0000C9
:1003E000B705000070B5044685690068C10601D5EF
:1003F000302600E02026C00707D070BDD4E90121D7
:1004000030469047206A401C20626D1EF6D570BDB4
:1004100070B5044685690078C00707D170BDD4E97E
:10042000012120209047206A401C20626D1EF6D5D5
:1004300070BD70B50C460546012A05D028788006A7
:1004400000D5EA69002302E0012305E05B1C93422A
:1004500002D2E05C0028F9D1A869E618C01AA861A8
:10046000286A184428622846FFF7BCFF04E0D5E953
:10047000012114F8010B9047B442F8D32846FFF746
:10048000C7FF70BD2DE9F0410646002410687529AC
:10049000314616A510D0AFF30080002802DA4042A2
:1004A00013A507E031688A0701D512A502E04907C4
:1004B00004D511A5012401E0AFF3008000210A2238
:1004C00006F1240709E0B0FBF2FCB0FBF2F302FBFB
:1004D0001C00303078541846491C0028F3D12346BC
:1004E0002A463046BDE8F04100F0D6B900000000D1
:1004F0002D0000002B0000002000000070B5044615
:100500000D4621461068AFF300802188090502D509
:100510000F4A7A4402E00E4A7A440E32002104F176
:10052000240305E000F00F060009965D5E54491CA7
:100530000028F7D120780023000704D5702D02D0C1
:1005400009B1022311322046BDE8704000F0A4B981
:10055000B6E700002DE9F05F894604464FF0000A37
:10056000DFF874B1FB44C0F820A02046E16888475A
:10057000002874D0252806D0D4E901219047206AAC
:10058000401C2062F1E700265F462046E16888476C
:100590002028054607DB312D05D2781910F8200CEC
:1005A00008B10643F1E7B00701D526F00406C4F808
:1005B0001CA00027C4F818A02A2D09D028460EF048
:1005C000FBFA38B304EB8708303DC8F8185019E03F
:1005D00059F8041B204604EB87029161E1688847C3
:1005E000012F054618D1E069002820DA26F0200600
:1005F0001DE0D8F8180000EB800005EB4000303813
:10060000C8F818002046E168884705460EF0D4FA7D
:100610000028EED1012F0AD02E2D08D12046E16806
:1006200088477F1C0546022F46F02006C4DBA069E0
:10063000002803DA404246F00106A061F00701D02D
:1006400026F010066C2D0BD0682D09D04C2D39D01A
:100650006A2D35D0742D35D07A2D33D016E038E0A0
:10066000E1682F4620468847B842054609D16C2FDD
:1006700026D04FF48060E16806432046884705464F
:1006800004E06C2F1AD04FF4807006430DB3A5F12F
:100690004100192802D8203546F400664A4629460A
:1006A000204626604E46FFF7BFFD80B101280BD0E3
:1006B000F61D26F0070000F1080956E74020E4E7A0
:1006C0008020D8E70020D6E706F104094DE7284648
:1006D00052E7206ABDE8F09F8CE7000030B5054680
:1006E0000B462A4613F8014B12F8010B08B1A04241
:1006F000F8D01CB1002802D06D1CF1E7284630BDAF
:1007000010B5431C02E010F8011B71B18107FAD14A
:100710004FF0013202C88C1A8C4314EAC211F9D08E
:10072000C01A0A0603D0C01E10BDC01A10BD0A04AC
:1007300001D0801E10BD0902FCD0401E10BD10B5B6
:10074000203AC0F00B80B1E81850A0E81850B1E88A
:100750001850A0E81850203ABFF4F5AF5FEA027CC9
:1007600024BFB1E81850A0E8185044BF18C918C0F9
:10077000BDE810405FEA827C24BF51F8043B40F89A
:10078000043B08BF7047D20728BF31F8023B48BF7F
:1007900011F8012B28BF20F8023B48BF00F8012BBD
:1007A000704702F0FF0343EA032242EA024200F0EC
:1007B00002B84FF0000200B5134694469646203921
:1007C00022BFA0E80C50A0E80C50B1F12001BFF40A
:1007D000F7AF090728BFA0E80C5048BF0CC05DF870
:1007E00004EB890028BF40F8042B08BF704748BFBE
:1007F00020F8022B11F0804F18BF00F8012B704732
:1008000030B44FF0013C50F8042B51F8043BCCFAC3
:1008100052F4D51A20D1FCB950F8042B51F8043BFE
:10082000CCFA52F4D51A17D1B4B950F8042B51F8B8
:10083000043BCCFA52F4D51A0ED16CB950F8042B03
:1008400051F8043BCCFA52F4D51A05D1002CDAD079
:1008500030BC4FF00000704729BAB1FA81F111F0B5
:100860001801D1F120008440F2D1CA40CB4012F0EF
:10087000FF0213F0FF0330BCD01A70477047704777
:10088000704710B500F098F8006810BD10B5044628
:1008900000F092F8046010BD2DE9F0470D4699462E
:1008A0009246044600F124080168880604D5E069F0
:1008B00021F01001216000E00120A84201DD471B6A
:1008C00000E00027A1697A1902EB0900081AA0616B
:1008D0002078C00602D42046FFF784FD002608E0F9
:1008E000D4E901211AF806009047206A401C761CC2
:1008F00020624E45F4DB2078C0060AD52046FFF77B
:1009000071FD06E0D4E9012130209047206A401CA7
:100910002062381EA7F10107F4DC07E0D4E90121C9
:1009200018F805009047206A401C2062281EA5F197
:100930000105F3DC2046FFF76BFD2078000602D5A9
:100940000220BDE8F0870120FBE7000001694A1C96
:1009500002610878704700B58FB0CDE90131002100
:10096000059105497944CDE9031011466846FFF722
:10097000F1FD0FB000BD0000E5FFFFFFD1E900234E
:100980009A4202D2531C0B601070704710B5436935
:1009900013B1AFF3008001E0FFF74BFD012010BD64
:1009A000127800F124010A7000224A700122EDE75A
:1009B00011684FF0FF32E9E700487047100000204F
:1009C00000487047100000207546FFF7F9FFAE465B
:1009D00005006946534620F00700854618B020B54B
:1009E000FFF756FCBDE820404FF000064FF000072F
:1009F0004FF000084FF0000BAC46ACE8C009ACE883
:100A0000C009ACE8C009ACE8C00921F007018D4677
:100A1000704710B50446AFF300802046BDE8104093
:100A2000FFF722BC01491820ABBEFEE726000200FA
:100A300070470000FEE700007047000072B600BF7C
:100A4000FEE700002DE9F04186B0002643F63000B5
:100A50000496CDE90266CDE900660596C4F202006F
:100A60000168002441F0010101600068C4F2020441
:100A700000F001000590059841F204052046102180
:100A80000122CEF200054FF01008012706F074FC99
:100A90000320039069462046CDE90087029606F0C0
:100AA0009BFB4EF6FC50CEF20000016841F08071D5
:100AB00001602E6055F8040C42F2E01140F0010094
:100AC00045F8040C55F8040CC2F2000110F00100C6
:100AD000087017D1402005900598411E0591C8B3B4
:100AE00000BF0598411E0591A0B300BF0598411EA7
:100AF000059178B300BF0598411E059150B300BF22
:100B0000EAE700BF40F20800C2F2000000684DF6BC
:100B10008361C4F21B31A0FB010128682B686FF0D0
:100B2000010202EA51411A1A8A4213D200BF2A680E
:100B3000121A8A420ED200BF2A68121A8A4209D2B9
:100B400000BF2A68121A8A4204D200BF2A68121A09
:100B50008A42EBD306B0BDE8F08100002DE9F041F8
:100B600084B0002041F20405C4F2020010210122E9
:100B7000CEF2000506F000FC42F2E016C2F20006DA
:100B8000307840F208084DF683670028C2F200086A
:100B9000C4F21B3760D0D8F80000A0FB070128681A
:100BA0002A68890C01EB8101121AB2EB410F15D2B0
:100BB000490000BF00BF2A68121A8A420ED200BF45
:100BC0002A68121A8A4209D200BF2A68121A8A4277
:100BD00004D200BF2A68121A8A42EBD340F24014B2
:100BE000C2F20004204606F073FF2068016821F07D
:100BF0004001016000210191C1680191816801916A
:100C00000199016841F0400101603078002841D02D
:100C1000D8F800006FF00102A0FB070128682B68DC
:100C200002EA51411A1A8A4213D200BF2A68121AE4
:100C30008A420ED200BF2A68121A8A4209D200BF25
:100C40002A68121A8A4204D200BF2A68121A8A42FB
:100C5000EBD304B0BDE8F0814FF4A070029000BF68
:100C60000298411E00280291B8D000BF0298411E90
:100C700000280291B2D000BF0298411E00280291C4
:100C8000ACD000BF0298411E00280291A6D000BF40
:100C9000E6E700BF402003900398411E002803911F
:100CA000D7D000BF0398411E00280391D1D000BFC8
:100CB0000398411E00280391CBD000BF0398411E2A
:100CC00000280391C5D000BFE6E700002DE9F047FA
:100CD00084B00C4640F200080021C4F202080191E1
:100CE000010C164641F20407ADF80810ADF80A00F1
:100CF000404610210122CEF2000706F03DFB42F2F1
:100D0000E015C2F20005287840F2080A4DF6836922
:100D10000028C2F2000AC4F21B3900F08980DAF818
:100D200000006FF00102A0FB090138683B6802EA8D
:100D300051411A1A8A4213D200BF3A68121A8A42E3
:100D40000ED200BF3A68121A8A4209D200BF3A682E
:100D5000121A8A4204D200BF3A68121A8A42EBD3AE
:100D600040461021002206F007FB287800287DD09D
:100D7000DAF80000A0FB090138683A68121AB2EBF1
:100D8000914F15D2890C00BF00BF3A68121A8A42EF
:100D90000ED200BF3A68121A8A4209D200BF3A68DE
:100DA000121A8A4204D200BF3A68121A8A42EBD35E
:100DB00040F24010C2F2000002A901AA02230096EC
:100DC00007F008F82978064600296BD0DAF8000009
:100DD000A0FB090138683A68121AB2EB914F15D29C
:100DE000890C00BF00BF3A68121A8A420ED200BFB7
:100DF0003A68121A8A4209D200BF3A68121A8A4225
:100E000004D200BF3A68121A8A42EBD3404610213E
:100E1000012206F0B1FA002E60D0FFF79FFE0020FD
:100E2000002C4FF0000161D104B0BDE8F08700BF95
:100E3000402003900398411E0028039190D000BFEA
:100E40000398411E002803913FF48AAF00BF039826
:100E5000411E002803913FF483AF00BF0398411E59
:100E6000002803913FF47CAF00BFE3E7202003900C
:100E70000398411E002803919AD000BF0398411E99
:100E80000028039194D000BF0398411E00280391CD
:100E90008ED000BF0398411E002803913FF488AF15
:100EA00000BFE5E7202003900398411E002803912E
:100EB000ACD000BF0398411E00280391A6D000BF0C
:100EC0000398411E00280391A0D000BF0398411E43
:100ED000002803919AD000BFE6E700BF64B1BDF8D7
:100EE0000400BDF8061041EA0040012120600846D8
:100EF00004B0BDE8F08700BF012004B0BDE8F08772
:100F00002DE9F04F83B0824600284FF0000000F03A
:100F1000658141F201028A1A12F5805FC0F05E819C
:100F2000CDE900104FF0085000210A22FFF7CEFE55
:100F300090B3009802281ED3009801264442C2F2C2
:100F4000002601AF4FF6FF7B554600BF30463946BD
:100F50000A22FFF7BBFEF8B10198002220EA0B013C
:100F6000C5F24132914217D10136A119B1F1085FA2
:100F700025F8020BEAD101A900200A22FFF7A6FEFC
:100F800050B101984FF6FF71002220EA0101C5F22D
:100F90004132914200F0E48041F20407CEF20007B2
:100FA000FFF7DCFD42F2E010C2F2000000784DF6DF
:100FB0008361002840F20800C2F20000C4F21B3135
:100FC00000F010810068A0FB010138683A68890CC4
:100FD00001EB8101121AB2EB410F15D2490000BF9B
:100FE00000BF3A68121A8A420ED200BF3A68121A3B
:100FF0008A4209D200BF3A68121A8A4204D200BF5C
:101000003A68121A8A42EBD3002001904FF0085040
:1010100000210A22FFF75AFE98B30098022820D335
:1010200000984FF00009441E4FF4083501AE4FF60A
:10103000FF7800BF09F1010B584665F31F303146B8
:101040000A22FFF743FEE0B10198002220EA0801DE
:10105000C5F24132914214D12AF819005C45D946B3
:10106000E8D101A900200A22FFF730FE48B101981B
:101070004FF6FF71002220EA0101C5F24132914290
:101080006ED0FFF76BFD42F2E010C2F20000007874
:10109000002800F0C98040F20800C2F20000006899
:1010A0004DF68361C4F21B31A0FB010138683A6838
:1010B000890C01EB8101121AB2EB410F14D24900E5
:1010C00000BF3A68121A8A420ED200BF3A68121A5A
:1010D0008A4209D200BF3A68121A8A4204D200BF7B
:1010E0003A68121A8A42EBD3002001904FF0085060
:1010F00000210A22FFF7EAFDE0B3009802281FD37F
:1011000000980026441E4FF4083B0DF104094FF6E9
:10111000FF7800BF751C28466BF31F3049460A2232
:10112000FFF7D4FD30B30198002220EA0801C5F290
:10113000413291421ED12AF81600AC422E46E9D126
:1011400001A900200A22FFF7C1FD98B101984FF6CE
:10115000FF71002220EA0101C5F24132914209D11A
:1011600000990AEB410121F8020C012003B0BDE80F
:10117000F08F00BFFFF7F2FC42F2E010C2F2000075
:101180000078002872D040F20800C2F20000006827
:101190004DF68361C4F21B31A0FB0101880C396854
:1011A0003A6800EB8000521AB2EB400F78D242004E
:1011B00000BF3868401A904272D200BF3868401AA7
:1011C00090426DD200BF3868401A904268D200BF8A
:1011D0003868401A90424FF00000E9D303B0BDE8F0
:1011E000F08F00BF4FF4A070029000BF0298411E24
:1011F000002802913FF408AF00BF0298411E00286A
:1012000002913FF401AF00BF0298411E00280291F5
:101210003FF4FAAE00BF0298411E002802913FF44D
:10122000F3AE00BFE2E700BF4FF4A070029000BF32
:101230000298411E002802913FF456AF00BF029869
:10124000411E002802913FF44FAF00BF0298411E9B
:10125000002802913FF448AF00BF0298411E0028C9
:1012600002913FF441AF00BFE2E700BF4FF4A0702E
:10127000029000BF0298411E029188B100BF0298FF
:10128000411E029160B100BF0298411E029138B127
:1012900000BF0298411E029110B100BFEAE700BFF3
:1012A000002003B0BDE8F08F2DE9F04182B0044684
:1012B0000020002C009000F0C58020604FF004500A
:1012C00000210A22FFF702FD60B1694600200A22D0
:1012D000FFF7FCFC30B1009820F00701B1F1805F0E
:1012E00000F0838042F2E016C2F20006307841F24C
:1012F000040540F208084DF68367CEF20005002889
:10130000C2F20008C4F21B3700F0A080D8F8000039
:10131000A0FB070128682A68890C01EB8101121AD9
:10132000B2EB410F14D2490000BF2A68121A8A4258
:101330000ED200BF2A68121A8A4209D200BF2A6858
:10134000121A8A4204D200BF2A68121A8A42EBD3C8
:101350004FF0045000210A22FFF7B8FC58B169464B
:1013600000200A22FFF7B2FC28B1009820F0070104
:10137000B1F1805F39D03078002800F08980D8F84A
:101380000000A0FB070128682A68890C01EB810195
:10139000121AB2EB410F15D2490000BF00BF2A68F4
:1013A000121A8A420ED200BF2A68121A8A4209D241
:1013B00000BF2A68121A8A4204D200BF2A68121A91
:1013C0008A42EBD34FF0045000210A22FFF77EFC43
:1013D00080B1694600200A22FFF778FC50B10098DE
:1013E00020F00701B1F1805F04D12060012002B03C
:1013F000BDE8F081307800286AD0D8F80000A0FB62
:101400000701880C29682A6800EB8000521AB2EBA9
:10141000400F77D2420000BF00BF2868401A9042B8
:1014200070D200BF2868401A90426BD200BF286873
:10143000401A904266D200BF2868401A90424FF08E
:101440000000E9D302B0BDE8F08100BF4FF4A07006
:10145000019000BF0198411E002801913FF478AF30
:1014600000BF0198411E002801913FF471AF00BFF9
:101470000198411E002801913FF46AAF00BF019816
:10148000411E002801913FF463AF00BFE2E700BFB7
:101490004FF4A070019000BF0198411E00280191F7
:1014A00090D000BF0198411E002801913FF48AAFFF
:1014B00000BF0198411E002801913FF483AF00BF97
:1014C0000198411E002801913FF47CAF00BFE3E783
:1014D0004FF4A070019000BF0198411E019188B1A6
:1014E00000BF0198411E019160B100BF0198411EEB
:1014F000019138B100BF0198411E019110B100BFA8
:10150000EAE700BF002002B0BDE8F0812DE9F0411C
:1015100082B004460020002C009018BF20604FF0DD
:10152000005000210A22FFF7D1FB58B16946002084
:101530000A22FFF7CBFB28B1009840F2D241884243
:1015400000F0808042F2E016C2F20006307841F2EC
:10155000040540F208084DF68367CEF20005002826
:10156000C2F20008C4F21B3700F0A280D8F80000D5
:10157000A0FB070128682A68890C01EB8101121A77
:10158000B2EB410F14D2490000BF2A68121A8A42F6
:101590000ED200BF2A68121A8A4209D200BF2A68F6
:1015A000121A8A4204D200BF2A68121A8A42EBD366
:1015B0004FF0005000210A22FFF788FB50B1694626
:1015C00000200A22FFF782FB20B1009840F2D241AE
:1015D000884237D03078002800F08C80D8F800009E
:1015E000A0FB070128682A68890C01EB8101121A07
:1015F000B2EB410F14D2490000BF2A68121A8A4286
:101600000ED200BF2A68121A8A4209D200BF2A6885
:10161000121A8A4204D200BF2A68121A8A42EBD3F5
:101620004FF0005000210A22FFF750FB90B16946AD
:1016300000200A22FFF74AFB60B1009840F2D24135
:10164000884207D1002C4FF0010018BF216002B082
:10165000BDE8F081307800286ED0D8F80000A0FBFB
:10166000070128682A68890C01EB8101121AB2EB84
:10167000410F15D2490000BF00BF2A68121A8A42E2
:101680000ED200BF2A68121A8A4209D200BF2A6805
:10169000121A8A4204D200BF2A68121A8A42EBD375
:1016A000002C67D000990020216002B0BDE8F081D5
:1016B0004FF4A070019000BF0198411E00280191D5
:1016C0003FF476AF00BF0198411E002801913FF41E
:1016D0006FAF00BF0198411E002801913FF468AF31
:1016E00000BF0198411E002801913FF461AF00BF87
:1016F000E2E700BF4FF4A070019000BF0198411EC7
:10170000002801913FF48CAF00BF0198411E0028D2
:1017100001913FF485AF00BF0198411E002801915F
:101720003FF47EAF00BF0198411E002801913FF4B5
:1017300077AF00BFE2E700BF4FF4A070019000BF99
:101740000198411E00280191AAD000BF0198411EB6
:1017500000280191A4D000BF0198411E00280191EA
:101760009ED000BF0198411E0028019198D000BF73
:10177000E6E700BF002002B0BDE8F0812DE9F043AC
:1017800083B045F245664FF044540028C5F24176D7
:101790004FF0000008BF4FF0405404BF44F65946D4
:1017A000C4F24E160190204600210A22FFF78EFA5D
:1017B00040B101A900200A22FFF788FA10B1019870
:1017C000B0427AD042F2E017C2F20007387841F214
:1017D000040540F208094DF68368CEF200050028A2
:1017E000C2F20009C4F21B3800F09880D9F800005A
:1017F000A0FB080128682A68890C01EB8101121AF4
:10180000B2EB410F14D2490000BF2A68121A8A4273
:101810000ED200BF2A68121A8A4209D200BF2A6873
:10182000121A8A4204D200BF2A68121A8A42EBD3E3
:10183000204600210A22FFF749FA40B101A9002001
:101840000A22FFF743FA10B10198B04235D0387838
:10185000002800F08580D9F80000A0FB0801286866
:101860002A68890C01EB8101121AB2EB410F15D2E3
:10187000490000BF00BF2A68121A8A420ED200BF78
:101880002A68121A8A4209D200BF2A68121A8A42AA
:1018900004D200BF2A68121A8A42EBD320460021E4
:1018A0000A22FFF713FA68B101A900200A22FFF704
:1018B0000DFA38B10198B04204D1012003B0BDE85F
:1018C000F08300BF387800286AD0D9F80000A0FB68
:1018D0000801880C29682A6800EB8000521AB2EBD4
:1018E000400F77D2420000BF00BF2868401A9042E4
:1018F00070D200BF2868401A90426BD200BF28689F
:10190000401A904266D200BF2868401A90424FF0B9
:101910000000E9D303B0BDE8F08300BF4FF4A0702E
:10192000029000BF0298411E002802913FF480AF50
:1019300000BF0298411E002802913FF479AF00BF1A
:101940000298411E002802913FF472AF00BF029836
:10195000411E002802913FF46BAF00BFE2E700BFD9
:101960004FF4A070029000BF0298411E002802911F
:1019700094D000BF0298411E002802918ED000BF73
:101980000298411E002802913FF488AF00BF0298E0
:10199000411E002802913FF481AF00BFE4E700BF81
:1019A0004FF4A070029000BF0298411E029188B1CE
:1019B00000BF0298411E029160B100BF0298411E13
:1019C000029138B100BF0298411E029110B100BFD0
:1019D000EAE700BF002003B0BDE8F08340F6000056
:1019E000C5F20600016821F00401016043F63400ED
:1019F000C4F20200016821F04001016000684CF26D
:101A0000E410C2F2000000210170704743F6340078
:101A1000C4F20200016841F040010160006840F634
:101A20000000C5F20600016841F0040101604CF2BB
:101A3000E410C2F200000121017070474FF0000174
:101A400078B34CF2E412C2F2000212784AB3B5EE57
:101A5000400AF1EE10FA24DD48F2A06140F60402DB
:101A6000C0F20101C5F20602136813F0060F1CBF95
:101A700000207047DB0705D1013904BF0020704703
:101A8000F2E700BF51689FED082A090A01EE101A1B
:101A9000B8EE411A21EE021A20EE010A012180ED72
:101AA000000A0846704700BF0000803344F64C40EF
:101AB000C0F60100704700002DE9F0472DED108BB6
:101AC0000E4602F0FD0101293ED10546E0B3042E89
:101AD0003AD3CBB3B5EE400AB0EE408AF1EE10FA3D
:101AE00032DDF5EE400AB0EE609AF1EE10FA2BDD31
:101AF000B6EE00AA28EE0A0AB4EE409AF1EE10FA09
:101B000022DA18464FF4047191469846FEF751FECA
:101B100088EE09DA00EE109AB8EE400AB01E2DEEFB
:101B200000BA00EE100AB8EE400AB4EE40BAF1EE88
:101B300010FA00F3AD81042E06F0030A0ED29FEDD9
:101B4000DF0A002035E000BF002B00F0A18118461D
:101B50004FF40471FEF72DFE9AE100BF9FEDD70A06
:101B600026F00301A5F10802002000BF32F9083F6A
:101B7000043001EE103AB2F90230B8EEC11A30EE7C
:101B8000010AB2F9044001EE103AB8EEC11AB2F9F6
:101B9000067030EE010A01EE104AB8EEC11A30EEBE
:101BA000010A01EE107AB8EEC11A814230EE010A44
:101BB000DCD1BAF1000F1FD035F91010BAF1010FC6
:101BC00001EE101AB8EEC11A30EE010A14D005EB7E
:101BD0004000B0F90210BAF1020F01EE101AB8EE8F
:101BE000C11A30EE010A07D0B0F9040001EE100A64
:101BF000B8EEC11A30EE010A01EE106A9FEDB02A6C
:101C0000B8EE411A80EE01CA29EE020A80EE088A77
:101C1000B0EE480A0CF05AFCB0EE409AB0EE480A1A
:101C20000CF038FE042EB1EE402A80F03781DFED53
:101C3000A30AB7EE003A0020B0EE601AB0EE605A88
:101C4000BAF1000F00F0818035F9101025EE024A3C
:101C500023EE096A36EE044A06EE101AB8EEC66A9A
:101C600036EE4C6A26EE037A26EE056A20EE033A3B
:101C700025EE095AC1B2FF2935EE033A14D123EEFD
:101C8000035A64EE041A31EE855AF7EE002AB5EED7
:101C9000405AF1EEC51AF1EE10FAC8BFF0EE612A13
:101CA00083EE223A84EE224A77EE200ABAF1010F3F
:101CB00036EE011A49D0411C35F9112023EE022AD3
:101CC00005EE102AB8EEC55A35EE4C5A25EE046AD8
:101CD00025EE035A24EE097A20EE040A23EE093A8F
:101CE000C9B237EE022AFF2933EE000A14D120EEE2
:101CF000003A22EE024A34EE033AB7EE007AB5EE2D
:101D0000403AB1EEC34AF1EE10FAC8BFB0EE447AE1
:101D100080EE070A82EE072A76EE200ABAF1020F59
:101D200035EE011A11D005EB4000B0F9040003EEC6
:101D3000100AB8EEC33A33EE4C3A23EE022A23EEF1
:101D4000000A72EE200A30EE011AB0EEE00AB0EEA0
:101D5000C12A9FEDC43A32EE000AB4EE430AF1EE16
:101D600010FAC0F29580B1EE410A0CF059FAB1EECA
:101D7000400A80EE088A4146B5EE408AF1EE10FA3C
:101D800033DA3DEE088AB5EE408AF1EE10FA2CDA2D
:101D90003DEE088AB5EE408AF1EE10FA25DA3DEE06
:101DA000088AB5EE408AF1EE10FA1EDA3DEE088A96
:101DB000B5EE408AF1EE10FAE3DB16E038EE4D8A1C
:101DC000B4EE4D8AF1EE10FA14DB38EE4D8AB4EE23
:101DD0004D8AF1EE10FA0DDB38EE4D8AB4EE4D8AE5
:101DE000F1EE10FA06DB38EE4D8AB4EE4D8AF1EED4
:101DF00010FAE3DAF01E00EE100AB7EE00EAB8EED1
:101E0000409AB4EE4E8AF1EE10FA39EE4BFA1BDA34
:101E10003DEE088AB4EE4E8AF1EE10FA14DA3DEE89
:101E2000088AB4EE4E8AF1EE10FA0DDA3DEE088A19
:101E3000B4EE4E8AF1EE10FA06DA3DEE088AB4EE00
:101E40004E8AF1EE10FAE3DBB4EE4F8AF1EE10FAAF
:101E50001EDC3FEE0E0A60EE0A8AF4EE488AF1EECE
:101E600010FA40F3D18038EEC80A80EE0D0A0CF06B
:101E7000D5FB20EE0D0A30EE088A3DEE080AB4EEDE
:101E80004F0AF1EE10FA40F3AF804146BCE000BFCC
:101E90000020BDEC108BBDE8F08700BFDFED070A26
:101EA000B7EE004A26F003012A1D0020B0EE601AAA
:101EB000B0EE446AB0EE607A4CE000BF0000000073
:101EC000DB0FC94032F9043C32F9027C07EE903A4C
:101ED000F8EEE77A77EECC7A27EE877A37EE011ABA
:101EE00007EE107AB8EEC77A27EE866A37EE4C7A9C
:101EF00032F9083B36EE206A67EE250A27EE267A8D
:101F000037EE011A07EE103AB8EEC77A37EE4C7A80
:101F100032F9063C30EE866A67EE230A27EE247A11
:101F200037EE011A07EE103AB8EEC77A37EE4C7A60
:101F300030EE866A67EE210A70EE860A27EE226A84
:101F4000043036EE011A8142B0EE436AB0EE457AB3
:101F50003FF476AE27EE023A26EE095A75EE035AA2
:101F600020EE063A27EE095A75EE036A26EE823A0B
:101F700025EE895A75EE033A20EE253A26EE895A67
:101F800075EE034A24EE823A23EE895A75EE031A5F
:101F900020EE233A24EE895A75EE032A22EE823A85
:101FA00021EE895AC31C35EE033ADBB220EE215AEA
:101FB00062EE897AFF2B37EE855A83D165EE057A7A
:101FC00023EE03EA7EEE277AB1EEE7EAF5EE407AF9
:101FD000F0EE447AF1EE10FAC8BFF0EE4E7A85EEDC
:101FE000275A83EE273A6DE730EE681A38EE682AF2
:101FF000B0EEC11AB0EEC22AB4EE421A4146F1EE7A
:1020000010FAB8BFB0EE408AB4EE4E8AF1EE10FA84
:102010004FF00000C0F24F813BEE080AB4EE490ACF
:10202000F1EE10FA00F3478147F6FF70C8F20000A6
:102030009FEDA30A9FEDA35A9FEDA36A48F2000CFF
:10204000C8604FF40046002047F6FF73B1EE041A53
:10205000B9EE002AB0EE083ABEEE004ACFF6FF7C99
:102060002BE000BFBD378635B5EE407AF0EE440A6E
:10207000F1EE10FAA8BFF0EE4A0A77EE200AFDEE64
:10208000E00AB4EE467A10EE902AF1EE10FA1FB292
:10209000D8BF6246BA4201EB40077A82BCBF8A8150
:1020A000134637B214B2BC4200F10200C4BFCA8169
:1020B0001646B0F5807F00F0F38082B207EE102A5A
:1020C000B8EE477A2BEE077A87EE007A38EE077A79
:1020D000FDEEC70A10EE902A05EB420434F9027CAB
:1020E000F8EE600A37EE607A00EE907AB4F902708A
:1020F00035F9122002EE907AF8EEE00A01EE902A0D
:10210000F8EEE22AF8EEE11A70EEE23A67EE233AD0
:1021100071EEA14A73EEE43A61EE814A70EEA05A84
:10212000B4F9042074EEE54A62EE825A75EEA44AD0
:1021300005EE902A61EE831AF8EEE55A70EEE10A98
:1021400062EE831A67EE076A75EEA44A70EEA10A82
:1021500027EE267A64EEA64A70EEE50A74EEA33AFC
:1021600020EE877A37EE237A27EE047A37EE4C7A20
:10217000B4EE457AF1EE10FA1EDAB5EE407AF0EEE2
:10218000440AF1EE10FAA8BFF0EE4A0A77EE200AF0
:10219000FDEEE00AB4EE467A10EE902AF1EE10FA67
:1021A0001FB2D8BF6246BA4201EB40073A82BCBFB9
:1021B0008A81134605E000BF01EB400747F6FF7236
:1021C0003A8237B214B2BC42C4BFCA811646421C1E
:1021D00092B207EE102AB8EE477A2BEE077A87EE16
:1021E000007A38EE077AFDEEC70A10EE902A05EB6A
:1021F000420737F9024CF8EE600A37EE607A00EEDB
:10220000904AB7F9024035F9122002EE904AF8EEF2
:10221000E00A01EE902AF8EEE22AF8EEE11A70EEFA
:10222000E23A67EE233A71EEA14A73EEE43A61EEC8
:10223000814A70EEA05AB7F9042074EEE54A62EEC6
:10224000825A75EEA44A05EE902A61EE831AF8EEE2
:10225000E55A70EEE10A62EE831A67EE076A75EEE0
:10226000A44A70EEA10A27EE267A64EEA64A70EE22
:10227000E50A74EEA33A20EE877A37EE237A27EE4A
:10228000047A37EE4C7AB4EE457AF1EE10FAFFF6A6
:10229000EBAE01EB400747F6FF727A8201E700BF21
:1022A0004FF480704880012081F8019081ED018A0F
:1022B00081ED02BA0870BDEC108BBDE8F08700BF5D
:1022C00000007F4300FEFF46000000C72DE9F04FED
:1022D00081B02DED108B86B01446002818BF002C5D
:1022E00002D134B909E000BF0278002A18BF0029E2
:1022F0000AD120464821FEF75CFA002006B0BDEC6A
:10230000108B01B0BDE8F08F8278043A12F1030F10
:10231000EFD30B68002BECD00A79002AE9D093EDBB
:10232000000AB5EE400AF1EE10FAE2DD93ED010A83
:10233000B5EE400AF1EE10FADBDD012A40F0E28052
:102340000A7BFAB18B68002BCBD093ED000AB5EE77
:10235000400AF1EE10FAC4DD012A13D0013A083325
:1023600093ED000AB5EE400AF1EE10FAB9DD13ED77
:10237000021AB4EE410AF1EE10FAB2DD013A03F1AD
:102380000803EDD10A7D002A5ED00B69002BA8D08E
:1023900003F10C0C4FF0000E0EEB4E0703EB07178A
:1023A00097ED000AB5EE400AF1EE10FA99DD3D799D
:1023B000AE1F16F1040FFFF494AFBEF1000F07D06B
:1023C00017ED0C1AB4EE410AF1EE10FA7FF789AF5F
:1023D00097ED020AB5EE400AF1EE10FA7FF781AFF1
:1023E00097ED030AB5EE400AF1EE10FA7FF779AFE8
:1023F000013D674697ED010AB5EE400AF1EE10FA8D
:102400007FF76FAF97ED021AB5EE401AF1EE10FAB2
:102410007FF767AF17ED012AB4EE420AF1EE10FA2A
:102420007FF75FAF97ED000AB4EE401AF1EE10FAB5
:102430007FF757AF013D07F10807DBD10EF1010E21
:1024400096450CF1300CA7D100902046049148210C
:10245000FEF7AFF904980099D0F808909FEDDA0ADA
:1024600091ED011A91F802B0B9F1000FB0EE40AA57
:1024700084ED011A84F801B066D0037BB0EE40AA67
:10248000002B61D0012B5DD099ED002AB4EE421AE9
:10249000F1EE10FA56DD9F1E09F1200212ED062A18
:1024A000B4EE421AF1EE10FA40F3848207B312ED53
:1024B000042AB4EE421AF1EE10FA40F37D82012FA5
:1024C00016D012ED022AB4EE421AF1EE10FA40F3E1
:1024D0007582022F0CD092ED002AB4EE421AF1EE72
:1024E00010FA40F36C82043F7E1C02F12002D5D129
:1024F00009EBC30212ED01AABBF1000FB0EE408A56
:1025000028D12FE2013A083393ED000AB5EE400AD4
:10251000F1EE10FA7FF7E5AE93ED011AB5EE401A31
:10252000F1EE10FA7FF7DDAE13ED021AB4EE410AB8
:10253000F1EE10FA7FF7D5AE013A03F10803E3D1CB
:10254000FEE600BF99ED01AABBF1000FB0EE408A94
:1025500000F008829FED9CBA01F1180704F1180100
:102560009FED9ACA9FED9ADA9FED9AEA9FED9A9AAB
:10257000A9F10402059109F120014FF0000AB0EE23
:102580004BFA019203910AE020EE000A0AF1010AD7
:10259000DA4530EE0FFA88ED031A00F0BF8007EB42
:1025A0000A164FEA0A11059A96ED018A7D5CD6ED6E
:1025B000020A02EB0A18B0EE480A555488ED018A67
:1025C00000F01CFA049896ED031AB9F1000FB0EE72
:1025D0004B2A88ED020A3DD0027BB0EE4B2ACAB3EB
:1025E000012A35D099ED002AB4EE428AF1EE10FAB4
:1025F0002EDD0399931E11ED062AB4EE428AF1EE08
:1026000010FA73DDEBB111ED042AB4EE428AF1EE5B
:1026100010FA6DDD012B14D011ED022AB4EE428ABE
:10262000F1EE10FA66DD022B0BD091ED002AB4EE2C
:10263000428AF1EE10FA5EDD043B5E1C01F12001DE
:10264000D9D1019901EBC20191ED002A02E000BF4E
:1026500099ED012A03EE105AB8EE433A23EE0A3AF6
:1026600033EE422A31EE021AB4EE4C1AF1EE10FAB1
:102670001EDC31EE091AB4EE4C1AF1EE10FA17DC3A
:1026800031EE091AB4EE4C1AF1EE10FA10DC31EE0C
:10269000091AB4EE4C1AF1EE10FA09DC31EE091AFF
:1026A000B4EE4C1AF1EE10FAE3DD01E031EE0E1A51
:1026B000B4EE4D1AF1EE10FA7FF766AF31EE0E1A56
:1026C000B4EE4D1AF1EE10FA7FF75EAF31EE0E1A4E
:1026D000B4EE4D1AF1EE10FA7FF756AF31EE0E1A46
:1026E000B4EE4D1AF1EE10FAE0DC4DE7183902E0D5
:1026F000103900E0083911ED023A38EE434A32EE63
:10270000432A84EE022A91ED013A11ED014A33EE9B
:10271000443A22EE032A32EE042A9BE7B6EE000A80
:102720002FEE000AB1EEC00ABBF1000F84ED030AE0
:1027300000F014819FEDAE8A6FF030009FEDADAADE
:102740000BF0030600EA0B170021B0EE48BAB0EE1A
:1027500048CA4FF0000A0020CDE9010B21E000BF7C
:102760005FEA0A4000F0E080B4EE4BDA0399F1EE44
:1027700010FABCBF5146B0EE4DBADDF808B0B4EE69
:102780004CDAF1EE10FACCBFCDF804A0B0EE4CDA82
:1027900040F2FF700AF1010A8145B0EE4DCA80F0A7
:1027A000CB801FFA8AF900EE109AB8EE400A20EEAC
:1027B000090ABBF1040F20EE0AEA03910ED24FF092
:1027C000000BB0EE48DA66E000000000DB0F49C005
:1027D000DB0F4940DB0FC9C0DB0FC9404FF00008D9
:1027E0004FF0000BB0EE48DA04EB0805287E95EDBB
:1027F000091A00EE100AB8EE400A20EE0E0A95ED16
:1028000008FA30EE010A0BF061FE95F828002FEE71
:10281000000A30EE0DDA00EE100AB8EE400A95ED2F
:102820000D1A20EE0E0A95ED0CFA30EE010A0BF0AF
:102830004DFE95F838002FEE000A30EE0DDA00EE6E
:10284000100AB8EE400A95ED111A20EE0E0A95ED29
:1028500010FA30EE010A0BF039FE95F848002FEE21
:10286000000A30EE0DDA00EE100AB8EE400A95EDDF
:10287000151A20EE0E0A95ED14FA30EE010A0BF04F
:1028800025FE2FEE000A08F1400830EE0DDA47452C
:102890000BF1040BA8D1002E3FF462AF05994FEA6B
:1028A0000B10085C01EB0B1500EE100AB8EE400AA5
:1028B00095ED031A20EE0E0A95ED02FA30EE010AAC
:1028C0000BF004FE2FEE000A012E30EE0DDA3FF47D
:1028D00047AF287C95ED071A00EE100AB8EE400AC3
:1028E00020EE0E0A95ED06FA30EE010A0BF0EEFD31
:1028F0002FEE000A022E30EE0DDA3FF431AF95F8DC
:10290000200095ED0B1A00EE100AB8EE400A20EEFA
:102910000E0A95ED0AFA30EE010A0BF0D7FD2FEE04
:10292000000A30EE0DDA1BE70020DDF808B0019058
:102930000021B0EE4DBA2BE701989FED2F1A80B21F
:1029400000EE100A88B202EE100AB8EE400AB8EEA5
:10295000422A20EE010A22EE018A03E09FED240ABA
:10296000B0EE408A20460121012500F0E1FCB0EEE6
:10297000409A2046B0EE480A002100F0D9FC0098A9
:1029800039EE400AC17884ED020A59B190ED040A8B
:10299000D0ED050A0498A57084ED040A00F02EF825
:1029A00084ED050A0120207006B0BDEC108B01B04B
:1029B000BDE8F08F183A02E0103A00E0083A12ED54
:1029C000023A31EE431A32EE432A81EE021A92EDB8
:1029D000012A12ED013A32EE432A21EE021A31EEBB
:1029E00003AABBF1000FB0EE408A7FF4B3ADB9E7A4
:1029F000000000000000003ADB0F493BB0B502695F
:102A0000002A00F08180017D00297DD0012900F09D
:102A1000C58092ED001AB4EE410AF1EE10FA40F3CF
:102A2000BD808B1E02F1C00010ED241AB4EE410AE5
:102A3000F1EE10FA40F3268103B310ED181AB4EE4C
:102A4000410AF1EE10FA40F31F81012B16D010ED70
:102A50000C1AB4EE410AF1EE10FA40F31781022B82
:102A60000CD090ED001AB4EE410AF1EE10FA40F3EA
:102A70000E81043B5D1C00F1C000D5D101EB41008B
:102A800002EB001010ED0A0AF4EE400AF1EE10FA23
:102A900040F3F08010F82C2CA0F1280C022A30D33F
:102AA000514210380123042410ED040AF4EE400AC8
:102AB000F1EE10FA40F396810D19022D21D010EDA0
:102AC000020AF4EE400AF1EE10FA40F39581012D6E
:102AD00017D090ED000AF4EE400AF1EE10FA40F340
:102AE000938175B190ED020AF4EE400AF1EE10FA0E
:102AF00040F3228204340D190433032D00F1200029
:102B0000D2D10CEBC2008CE00179006801293BD0E6
:102B100090ED001AB4EE410AF1EE10FA34DD00290E
:102B200000F09C808B1E00F1200212ED061AB4EE1C
:102B3000410AF1EE10FA40F31381002B00F08F8070
:102B400012ED041AB4EE410AF1EE10FA40F30A81D4
:102B5000012B00F0848012ED021AB4EE410AF1EE6E
:102B600010FA40F30181022B79D092ED001AB4EEF5
:102B7000410AF1EE10FA40F3F880043B5D1C02F1CB
:102B80002002D2D16BE000BF90ED010A20EE800A56
:102B9000B6EE001A20EE010AB0BD00BF92ED020AA7
:102BA000F4EE400AF1EE10FA50DD92F804E002F182
:102BB000080CBEF1020F32D3CEF1000102F1280061
:102BC0000124042210ED060AF4EE400AF1EE10FA98
:102BD00040F3E4808B18022B21D010ED040AF4EEB0
:102BE000400AF1EE10FA40F3DB80012B17D010ED14
:102BF000020AF4EE400AF1EE10FA40F3D58073B108
:102C000090ED000AF4EE400AF1EE10FA40F3D080A5
:102C100004328B180434032B00F12000D2D10CEBCA
:102C2000CE0010ED040A10ED021A30EEC02A31EE8B
:102C3000400A82EE000A10ED031A10ED012A32EE6E
:102C4000412A20EE020A30EE010AB0BD92ED031ACD
:102C500020EE811A81EE000AB0BD00BF002100EB1A
:102C6000C10010ED010A20EE800AB6EE001A20EE37
:102C7000010AB0BD10ED091A20EE811A81EE000A9A
:102C8000B0BD00BF903802E0603800E0303810ED91
:102C90000A2AF4EE420AF1EE10FA4BDD10F82CECA1
:102CA000A0F1280CBEF1020F32D3CEF10003A0F147
:102CB00010010122042411ED042AF4EE420AF1EE7F
:102CC00010FA40F38B801D19022D21D011ED022A3C
:102CD000F4EE420AF1EE10FA40F38A80012D17D08B
:102CE00091ED002AF4EE420AF1EE10FA40F38A80E8
:102CF00075B191ED022AF4EE420AF1EE10FA40F3BA
:102D0000878004341D190432032D01F12001D2D132
:102D10000CEBCE0111ED042A11ED023A30EEC24A5D
:102D200033EE422A84EE022A11ED033A11ED014AF4
:102D30007EE000BF10ED093A20EE833A83EE022ACE
:102D400090ED023AF4EE430AF1EE10FA00F37E80C1
:102D500090ED034A20EE844A84EE033ADDE000BFA2
:102D6000183A02E0103A00E0083A12ED022A30EE7A
:102D7000420A31EE421A80EE010A92ED011A12ED7A
:102D8000012A31EE421A20EE010A30EE020A20EE4C
:102D9000800AB6EE001A20EE010AB0BD183808E02D
:102DA0000134103805E000BF0234083801E000BFEC
:102DB00014460CEBC40111ED021A30EEC12A30EEBC
:102DC000410A82EE000A11ED011A90ED012A32EE5D
:102DD000412A20EE020A30EE010AB0BD1039E21E8F
:102DE00018E000BFE11E10380CEBC101E3E700BFA3
:102DF000013208390EE000BF591C08380CEBC10144
:102E0000D9E700BF023205E0991C0CEBC101D2E703
:102E1000033208310CEBC20212ED023A30EEC34A23
:102E200032EE432A84EE022A12ED013A91ED014A74
:102E300034EE434A22EE042A32EE032A90ED023A9F
:102E4000F4EE430AF1EE10FA7FF782AF90F804E057
:102E500000F1080CBEF1020F2ED3CEF1000200F1FA
:102E600028010123042411ED063AF4EE430AF1EEA1
:102E700010FA33DD1519022D1ED011ED043AF4EECF
:102E8000430AF1EE10FA2BDD012D15D011ED023AB7
:102E9000F4EE430AF1EE10FA26DD6DB191ED003A41
:102EA000F4EE430AF1EE10FA22DD0434151904336E
:102EB000032D01F12001D6D10CEBCE0111ED043A26
:102EC00011ED024A30EEC35A34EE433A85EE033A2E
:102ED00011ED034A11ED015A19E000BF183908E05D
:102EE0000133103905E000BF0233083901E000BFAB
:102EF00023460CEBC30212ED024A30EEC45A33EE05
:102F0000443A85EE033A12ED014A91ED015A35EE4D
:102F1000445A23EE053A33EE043A10ED0C4A30EEF3
:102F2000440A31EE441A80EE010A33EE421A20EED2
:102F3000010A30EE020AB0BDD91C08300CEBC10109
:102F400039E70000002808BF70472DE9F04F81B035
:102F50002DED108B98B081460078002800F0D981C3
:102F600099F80100043810F1030FC0F0D28106ADCA
:102F7000284649464822FDF7E2FB9DF819A0BAF120
:102F8000000F09D0BAF1040F0AF0030005900DD22A
:102F90009FEDE38A002451E09FEDE1AA0020099013
:102FA000B0EE4A0AB0EE4A8AA0E100BF9FEDDC8A8B
:102FB0000AF0FC0805F110070024B6EE009A00BFE5
:102FC00097ED040A97ED08AA97ED0CBA97ED10CA91
:102FD00030EE000A0BF010FC20EE090A87ED040A1F
:102FE00020EE000A30EE088A3AEE0A0A0BF004FCE2
:102FF00020EE090A87ED080A20EE000A30EE088A62
:103000003BEE0B0A0BF0F8FB20EE090A87ED0C0AE9
:1030100020EE000A30EE088A3CEE0C0A07F140066A
:103020000BF0EAFB20EE090A87ED100A20EE000AF9
:10303000043430EE088AA0453746C1D105980028EF
:1030400005F11800029033D0029800EB041494EDBF
:10305000020A30EE000A0BF0CFFBB6EE009A20EE2B
:10306000090A059E84ED020A20EE000A012E30EEC8
:10307000088A1DD094ED060A30EE000A0BF0BCFB66
:1030800020EE090A84ED060A20EE000A022E30EE38
:10309000088A0DD094ED0A0A30EE000A0BF0ACFB62
:1030A00020EE090A84ED0A0A20EE000A30EE088AB2
:1030B000B6EE000A28EE000AB1EEC0AABAF1000F7F
:1030C0008DED09AA00F00E819FED958A6FF030001A
:1030D0009FED949A9FED94BA00EA0A140021B0EE95
:1030E00048CAB0EE48DA4FF0000B0020CDF804904B
:1030F00003901EE05FEA0B4000F0DA80B4EE4CEA89
:10310000F1EE10FA0499B4EE4DEABCBF5946B0EEA8
:103110004ECAF1EE10FACCBFCDF80CB0B0EE4DEACD
:1031200040F2FF700BF1010B8045B0EE4EDA80F0FB
:10313000C5801FFA8BF800EE108AB8EE400A20EE28
:10314000090A5646BAF1040F20EE0BFA049105D293
:103150004FF00009B0EE48EA5DE000BF4FF0000A12
:103160004FF00009B0EE48EA05EB0A07387E97ED0C
:10317000091A00EE100AB8EE400A20EE0F0AD7ED49
:10318000088A30EE010A0BF0A1F997F8280028EE22
:10319000800A30EE0EEA00EE100AB8EE400A97ED13
:1031A0000D1A20EE0F0AD7ED0C8A30EE010A0BF053
:1031B0008DF997F8380028EE800A30EE0EEA00EE1E
:1031C000100AB8EE400A97ED111A20EE0F0AD7ED5B
:1031D000108A30EE010A0BF079F997F8480028EED2
:1031E000800A30EE0EEA00EE100AB8EE400A97EDC3
:1031F000151A20EE0F0AD7ED148A30EE010A0BF0F3
:1032000065F928EE800A0AF1400A30EE0EEA5445CC
:1032100009F10409A8D10598B24600283FF46AAF25
:1032200002994FEA0910085C01EB091700EE100A39
:10323000B8EE400A97ED031A20EE0F0AD7ED028A86
:1032400030EE010A0BF042F9059E28EE800A012EAD
:1032500030EE0EEA3FF44EAF387C97ED071A00EEE1
:10326000100AB8EE400A20EE0F0AD7ED068A30EEBB
:10327000010A0BF02BF928EE800A022E30EE0EEA3E
:103280003FF438AF97F8200097ED0B1A00EE100AC4
:10329000B8EE400A20EE0F0AD7ED0A8A30EE010A96
:1032A0000BF014F928EE800A30EE0EEA22E700BF98
:1032B000002003900021B0EE4ECA31E703989FED45
:1032C0001B1A80B200EE100A88B202EE100AB8EEA5
:1032D000400AB8EE422ADDF8049020EE010A22EE00
:1032E000018A03E09FED0E0AB0EE408A06AD284643
:1032F000012100F01DF8B0EE409A2846B0EE480AD1
:10330000002100F015F839EE400A89ED020A89ED36
:1033100003AA18B0BDEC108B01B0BDE8F04F7047A8
:1033200000000000DB0FC9400000003ADB0F493B02
:103330002DE9F04F81B02DED108B84B04278FAB1B9
:103340009FEDEB1A9FEDEB2A30EE01FA30EE02DA38
:103350009FEDE99A3DEE4F8A28EE090A9FEDE7AA14
:10336000834630EE0DBA1830042A02F003080191AA
:10337000039002920CD29FEDE2CA002666E000BFE5
:103380009FEDDF8AB1FA81F04309B0EE48CA11E33C
:103390006FF030009FEDDACA00EA0219002700261C
:1033A0000BEB0705287E95ED091A00EE100AB8EE22
:1033B000400A20EE0B0A95ED08EA30EE010A0BF008
:1033C00085F895F828002EEE000A30EE0CCA00EEC3
:1033D000100AB8EE400A95ED0D1A20EE0B0A95ED95
:1033E0000CEA30EE010A0BF071F895F838002EEE79
:1033F000000A30EE0CCA00EE100AB8EE400A95ED55
:10340000111A20EE0B0A95ED10EA30EE010A0BF0CE
:103410005DF895F848002EEE000A30EE0CCA00EE7A
:10342000100AB8EE400A95ED151A20EE0B0A95ED3C
:1034300014EA30EE010A0BF049F82EEE000A40378C
:1034400030EE0CCAB94506F10406A9D1029DB8F1C7
:10345000000F28EE0A8A43D003993001085C01EB83
:10346000061400EE100AB8EE400A94ED031A20EE9E
:103470000B0A94ED02EA30EE010A0BF027F82EEE6B
:10348000000AB8F1010F30EE0CCA29D0207C94ED6F
:10349000071A00EE100AB8EE400A20EE0B0A94ED6F
:1034A00006EA30EE010A0BF011F82EEE000AB8F130
:1034B000020F30EE0CCA13D094F8200094ED0B1AD2
:1034C00000EE100AB8EE400A20EE0B0A94ED0AEA6C
:1034D00030EE010A0AF0FAFF2EEE000A30EE0CCAB6
:1034E000042D38EE0FEA03D29FED858A00265DE0B9
:1034F0006FF030009FED828A00EA05190027002650
:103500000BEB0705287E95ED091A00EE100AB8EEC0
:10351000400A20EE0E0AD5ED088A30EE010A0AF0C4
:10352000D5FF95F8280028EE800A30EE088A00EED4
:10353000100AB8EE400A95ED0D1A20EE0E0AD5EDF0
:103540000C8A30EE010A0AF0C1FF95F8380028EE27
:10355000800A30EE088A00EE100AB8EE400A95EDB7
:10356000111A20EE0E0AD5ED108A30EE010A0AF08B
:10357000ADFF95F8480028EE800A30EE088A00EE8C
:10358000100AB8EE400A95ED151A20EE0E0AD5ED98
:10359000148A30EE010A0AF099FF28EE800A4037BB
:1035A00030EE088AB94506F10406A9D1DDE90179B2
:1035B000B8F1000F43D003993001085C01EB061409
:1035C00000EE100AB8EE400A94ED031A20EE0E0A3F
:1035D000D4ED028A30EE010A0AF078FF28EE800A64
:1035E000B8F1010F30EE088A29D0207C94ED071A3B
:1035F00000EE100AB8EE400A20EE0E0AD4ED068A5C
:1036000030EE010A0AF062FF28EE800AB8F1020FDC
:1036100030EE088A13D094F8200094ED0B1A00EED7
:10362000100AB8EE400A20EE0E0AD4ED0A8A30EEF7
:10363000010A0AF04BFF28EE800A30EE088AB7FA3A
:1036400087F0B9F1000F4FEA501300F0B3816FF02B
:103650003000DFED2B8A00EA09164FF0000A0093D4
:1036600017E000BF019FB0EE4EDAB0EE48EAF0EE90
:103670004B9AB0EE6A8AB0EE4FBAB0EE4BFABAF19E
:10368000110F0AF1010AB0EE4EBAB0EE69EA80F00D
:103690003783B4EE4C8AF1EE10FA4FF000004FF091
:1036A0000001C8BF0120B8BF0121002F18BF01468B
:1036B00001290DD13DEE4B0A20EE0A0AB9F1040FA3
:1036C00070EE0B9A1ED24FF00009B0EE68FA75E06A
:1036D0003EEE4F0A20EE090AF0EE4CAAB9F1040FB3
:1036E00030EE0E8A80F090800025B0EE68CAE5E0EA
:1036F000DB0F49BBDB0F493B7A371EBF7A371E3FD2
:103700000000000000254FF00009B0EE68FA00BF8D
:103710000BEB0504207E94ED091A00EE100AB8EEBA
:10372000400A20EE290A94ED08CA30EE010A0AF098
:10373000CDFE94F828002CEE000A30EE0FCA00EE01
:10374000100AB8EE400A94ED0D1A20EE290A94ED05
:103750000CFA30EE010A0AF0B9FE94F838002FEEA8
:10376000000A30EE0CCA00EE100AB8EE400A94EDE2
:10377000111A20EE290A94ED10FA30EE010A0AF02F
:10378000A5FE94F848002FEE000A30EE0CCA00EEB9
:10379000100AB8EE400A94ED151A20EE290A94EDAD
:1037A00014FA30EE010A0AF091FE2FEE000A4035BD
:1037B00030EE0CFAAE4209F10409A9D1B8F1000FBC
:1037C0001BD003994FEA0910085C01EB091400EEC5
:1037D000100AB8EE400A94ED031A20EE290A94ED7F
:1037E00002CA30EE010A0AF071FE2CEE000AB8F1AE
:1037F000010F30EE0FFA40F0AD80DDF80890B0EE2A
:1038000048CAB0EE4F8A38E700270025B0EE68CAF4
:103810000BEB0704207E94ED091A00EE100AB8EEB7
:10382000400A20EE080A94ED08DA30EE010A0AF0A8
:103830004DFE94F828002DEE000A30EE0CCA00EE82
:10384000100AB8EE400A94ED0D1A20EE080A94ED25
:103850000CDA30EE010A0AF039FE94F838002DEE49
:10386000000A30EE0CCA00EE100AB8EE400A94EDE1
:10387000111A20EE080A94ED10DA30EE010A0AF06F
:1038800025FE94F848002DEE000A30EE0CCA00EE3A
:10389000100AB8EE400A94ED151A20EE080A94EDCD
:1038A00014DA30EE010A0AF011FE2DEE000A40375C
:1038B00030EE0CCABE4205F10405A9D1B8F1000FE3
:1038C0003FF4D0AE03992801085C01EB051400EE2B
:1038D000100AB8EE400A94ED031A20EE080A94ED9F
:1038E00002DA30EE010A0AF0F1FD2DEE000A019F26
:1038F000B8F1010F30EE0CCA3FF4B5AE207C94ED68
:10390000071A00EE100AB8EE400A20EE080A94EDFD
:1039100006DA30EE010A0AF0D9FD2DEE000AB8F100
:10392000020F30EE0CCA3FF49EAE94F8200094EDE6
:103930000B1A00EE100AB8EE400A20EE080A94EDC9
:103940000ADA30EE010A0AF0C1FD2DEE000A30EE6F
:103950000CCA88E6207C94ED071A00EE100AB8EE37
:10396000400A20EE290A94ED06CA30EE010A0AF058
:10397000ADFD2CEE000ADDF80890B8F1020F30EE34
:103980000FFA3FF43CAF94F8200094ED0B1A00EED0
:10399000100AB8EE400A20EE290A94ED0ACA30EE69
:1039A000010A0AF093FD2CEE000AB0EE48CA30EE90
:1039B0000F8A62E6B0EE4C0AB4EE4C8A9FEDDACA8A
:1039C000F1EE10FA4FF000014FF00002C8BF0121E4
:1039D000B8BF0122002BB0EE4C1A08BF0A46002ADD
:1039E0001CBFB0EE481AB0EE4C0AB4EE410AF1EE3C
:1039F00010FA4FF000014FF00002C8BF0121B8BF1C
:103A00000122002BB0EE4C2A08BF0A46002A1CBF38
:103A1000B0EE402AB0EE4C1AB4EE421AF1EE10FAB3
:103A20004FF000014FF00002C8BF0121B8BF0122D2
:103A3000002BB0EE4C0A08BF0A46002A1CBFB0EEAD
:103A4000410AB0EE4C2AB4EE402AF1EE10FA4FF0E3
:103A500000014FF00002C8BF0121B8BF0122002BB6
:103A6000B0EE4C1A08BF0A46002A1CBFB0EE421A3C
:103A7000B0EE4C0AB4EE410AF1EE10FA4FF000013C
:103A80004FF00002C8BF0121B8BF0122002BB0EEE9
:103A90004C2A08BF0A46002A1CBFB0EE402AB0EEEE
:103AA0004C1AB4EE421AF1EE10FA4FF000014FF04A
:103AB0000002C8BF0121B8BF0122002BB0EE4C0AA2
:103AC00008BF0A46002A1CBFB0EE410AB0EE4C2ADD
:103AD000B4EE402AF1EE10FA4FF000014FF0000270
:103AE000C8BF0121B8BF0122002BB0EE4C1A08BF9D
:103AF0000A46002A1CBFB0EE421AB0EE4C0AB4EEE1
:103B0000410AF1EE10FA4FF000014FF00002C8BF79
:103B10000121B8BF0122002BB0EE4C2A08BF0A4693
:103B2000002A1CBFB0EE402AB0EE4C1AB4EE421A86
:103B3000F1EE10FA4FF000014FF00002C8BF012172
:103B4000B8BF0122002BB0EE4C0A08BF0A46002A7B
:103B50001CBFB0EE410AB0EE4C2AB4EE402AF1EEA2
:103B600010FA4FF000014FF00002C8BF0121B8BFAA
:103B70000122002BB0EE4C1A08BF0A46002A1CBFD7
:103B8000B0EE421AB0EE4C0AB4EE410AF1EE10FA71
:103B90004FF000014FF00002C8BF0121B8BF012261
:103BA000002BB0EE4C2A08BF0A46002A1CBFB0EE1C
:103BB000402AB0EE4C1AB4EE421AF1EE10FA4FF071
:103BC00000014FF00002C8BF0121B8BF0122002B45
:103BD000B0EE4C0A08BF0A46002A1CBFB0EE410AEC
:103BE000B0EE4C2AB4EE402AF1EE10FA4FF000018C
:103BF0004FF00002C8BF0121B8BF0122002BB0EE78
:103C00004C1A08BF0A46002A1CBFB0EE421AB0EE9A
:103C10004C0AB4EE410AF1EE10FA4FF000014FF0F9
:103C20000002C8BF0121B8BF0122002BB0EE4C2A10
:103C300008BF0A46002A1CBFB0EE402AB0EE4C1A5C
:103C4000B4EE421AF1EE10FA4FF000014FF000020C
:103C5000C8BF0121B8BF0122002BB0EE4C3A08BF0B
:103C60000A46002A1CBFB0EE413AB0EE4C2AB4EE30
:103C7000432AF1EE10FA4FF000014FF00002C8BFE6
:103C80000121B8BF0122002BB0EE4C0A08BF0A4642
:103C9000002A1CBFB0EE420AB0EE4C3AB4EE403AF5
:103CA000F1EE10FA4FF000014FF00002C8BF012101
:103CB000B8BF0122002BB0EE4C8A08BF0A46002A8A
:103CC0001CBFB0EE438AB0EE4C0AB4EE480A0020A6
:103CD000F1EE10FA4FF00001C8BF0121B8BF01207A
:103CE000002B08BF084601280BD19FED0F8A63B94E
:103CF000B4EE480AF1EE10FAC8BFB0EE408A0BE00D
:103D0000009B002BB0EE4C0AF2D0B4EE480AF1EE64
:103D100010FAB8BFB0EE408AB0EE480A04B0BDEC6D
:103D2000108B01B0BDE8F08F0000000010B540F22C
:103D30007004C2F2000400206060A0602070607017
:103D400040F29810A11CC2F20000012204F056FDBE
:103D5000002808BF10BDA0680130A06010BD0000A1
:103D6000002804BF0020704740F27002EFF3108C6F
:103D700072B6C2F20002537811788B4204D18CF3F0
:103D800010880020704700BF51781144097B0170F2
:103D90005078013000F0070050708CF3108801203B
:103DA0007047000013460A46014600284FF0000005
:103DB00018BF002A00D1704780B540F29810C2F2B7
:103DC000000004F073FDB0FA80F04009BDE88040C7
:103DD00070470000F0B599B040F28406C2F20006C8
:103DE000746901AD0F4603461EA228466021009467
:103DF000FCF7D8FA2846FCF783FC4FF6FF7188429F
:103E000038BF014628463222FFF7CCFF7178707A1E
:103E1000032907D130B10120A6F807000420307033
:103E200013E000BF0022F2710422327047B1013961
:103E3000012905D800203072384608F0C5F9707A9B
:103E400068B1032070700120F07103F09BFA00F557
:103E5000FA7030610AA026213222FFF7A3FF19B0C1
:103E6000F0BD00BF475F464C4F572C6572726F72B2
:103E70003D25732C7365713D256C750D0A0000009E
:103E8000475F53545245414D2C73746174653D72C4
:103E900065747279696E672C61667465725F6D73A3
:103EA0003D3530300D0A00002DE9F04F89B040F269
:103EB0008405C2F200054EF67447D5ED0B0A0246A2
:103EC0004CF67400C2F200079FED2F0AC2F2000008
:103ED0004FF480513B46FDF7EFFD08B33878AC89CD
:103EE00000284FF00000ADF8224000F07F82798872
:103EF000B1F5807F40F07A82B7F90CB0B7F90E00C7
:103F0000BBF1000F48BFCBF1000B5845C8BF83463B
:103F100054B1B4F5806F16D94FF48064DEE100BF70
:103F2000002009B0BDE8F08F0FF2C8400DF122016A
:103F300007F066FD002800F0CF81BDF82240AC817B
:103F4000B4F5806FE8D8002C00F03E824EF6740A7B
:103F5000BBF1000FC2F2000A00F0CA81B7F802906C
:103F600045F25652601EA9F1010104F00308042C29
:103F7000C5F25552CDE9061B08D24FF0000CB8F13E
:103F8000000F40F0FF80BBE18096984A09EB4901A1
:103F900003396FF00303059103EB8901049124F0C9
:103FA0000301494203916FF00101CDF8048001EB58
:103FB00049014FF0000C07F110080094029100BF76
:103FC000BCFBF0F14FF0010A8FB21AFA81F601FB47
:103FD00010C538F917704E4538BF314689B2441BB9
:103FE00038F911107C4305FB01414FF0EA0E91FBBB
:103FF000F0F1C1EBC11191FBFBF17F3151FB02F1FB
:1040000001EBD17B6FF013011BF1140FD8BF8B466E
:104010000699BBF1EA0F6144B1FBF0F44FF0EA02FC
:10402000A6B21AFA84F704FB1011A8BF934638F918
:1040300016604F4538BF3C46A4B2451A38F91440C3
:10404000754301FB0451079A91FBF0F1C1EBC111DB
:1040500091FBF2F145F256527F31C5F2555251FBB8
:1040600002F101EBD1756FF0130115F1140FD8BFF8
:104070000D460299EA2D6144B1FBF0F4A8BF7546E4
:10408000A7B21AFA84FE04FB101138F91770CE4556
:1040900038BF7446A4B2461A38F91440774301FB7E
:1040A0000471079A91FBF0F14FF0EA0EC1EBC111D8
:1040B00091FBF2F145F256527F31C5F2555251FB58
:1040C00002F101EBD1716FF0130211F1140FD8BF9F
:1040D0001146059AEA2902EB0C07B7FBF0F6A8BFD8
:1040E00071461AFA86F206FB1077B4B24A4538BF19
:1040F000164638F91440B6B2C21B38F9166062434E
:1041000007FB06220BF1140792FBF0F2DDF81CB05E
:104110004EF6740AC2EBC212C2F2000A92FBFBF224
:104120000AEB03061431B17102F17F0145F25652D8
:10413000C5F2555251FB02F1377105F1140701EB3D
:10414000D171777111F1140F6FF01304D8BF2146AC
:10415000EA29A8BF71461431F17103990433194457
:10416000043104998C447FF42BAF009C4EF67447C5
:10417000DDF8048003F1040CC2F20007B8F1000F6F
:1041800000F0BE80069901250CFB01F1B1FBF0F3B4
:1041900007F1100E15FA83F503FB10119AB24D4585
:1041A00038BF2B463EF912509BB2461A3EF91330E7
:1041B000754301FB035145F2565291FBF0F1C5F2F4
:1041C0005552C1EBC11191FBFBF16FF013037F312D
:1041D00051FB02F101EBD17111F1140FD8BF194657
:1041E000EA26EA29A8BF31461431B8F1010F0AF8CE
:1041F0000C1000F0858006990CF101025143B1FBCF
:10420000F0F5059222460124CDF8048014FA85F8D1
:1042100005FB10111FFA85FBC84538BF45463EF91E
:104220001BB0ADB2441A3EF9158004FB0BF501FB3F
:104230000851079F91FBF0F11446C1EBC11191FBAE
:10424000F7F145F25652C5F255527F3151FB02F15A
:1042500001EBD17111F1140FC8BF0B46EA2BB8BFA7
:104260001E460199059B022906F114010AF8031064
:10427000069945D00CF1020808FB01F3B3FBF0F5F9
:10428000012105FB103311FA85F11646AAB2494502
:104290003EF9122038BF0D46A9B2A0EB030C3EF93F
:1042A00011100CFB02F203FB012191FBF0F0C0EBBB
:1042B000C01090FBF7F07F3050FB06F000EBD070A1
:1042C00010F1140FD8BF6FF01300EA28A8BFEA203E
:1042D00014300AF8080013E04FF40074ADF82240DF
:1042E0004EF6740ABBF1000FC2F2000A7FF436AE3C
:1042F0004EF67400C2F2000021463E22FCF751FA4D
:10430000610861D0481E032801F0030002D2002199
:1043100032E000BF21F00302002100BFCB43E718C9
:10432000BFB21AF807601AF801500AF801600AF8DB
:1043300007504F1CFF4327440AEB0103BFB21AF892
:1043400007605D785E700AF807508F1CFF432744B2
:10435000BFB21AF807609D789E700AF80750CF1C0C
:10436000FF432744BFB21AF80760DD7804318A4260
:10437000DE700AF80750D1D130B3CA43224492B25A
:104380001AF802301AF8017001280AF801300AF808
:10439000027019D04A1CD34323449BB21AF803700D
:1043A0001AF8026002280AF802700AF803600BD0BB
:1043B000881CC143214489B21AF801201AF8003040
:1043C0000AF800200AF8013045F2EF04C0F60104B3
:1043D0002046002109F000FEBDF822304EF674029E
:1043E000C2F200022046002109F09EFE09B0BDE89D
:1043F000F08F00BF7330000040F28401C2F2000170
:104400004B7891F809C0032B08D1BCF1000F05D0FF
:104410000122A1F8072004220A700FE00022013BCC
:10442000CA710422012B0A7009D80123BCF1000FC4
:104430000B7208BF704703224A70CB710861704746
:1044400070B59AB040F2E010C2F200004FF4005193
:10445000FCF7AFF94CF67400C2F200004FF40051C3
:10446000FCF7A7F94CF23020C2F200004821FCF71B
:10447000A0F94CF2E810C2F200004821FCF799F9CB
:104480004EF67440C2F200004FF40471FCF791F94B
:104490004EF67400C2F200004FF48061FCF789F917
:1044A0004CF27440C2F200004FF48061FCF781F9D5
:1044B00040F28406C2F2000600243480B47002F098
:1044C00061FFC6E90404B46102F05CFF3546C6E949
:1044D000070445F8244F02F055FF40F20111A6F8F9
:1044E00003104FF48071C6F80540A6F80910C6E91C
:1044F0000A04346302F046FF7838706302F042FF2A
:104500007838B06302F03EFF7838F06302F03AFF8B
:1045100078383064F460FDF779FA07F005FCFCF7B1
:1045200091FA2846FCF7F2FF2B6844F6846202AD4C
:104530000446F072C0F60102284660210094FBF7A1
:1045400031FF2846FCF7DCF84FF6FF71884238BF90
:10455000014628463222FFF725FC0AA036213222E6
:10456000FFF720FC01207072F07140F203303080C0
:1045700002F008FF306111A030213222FFF712FC57
:104580001AB070BD475F53545245414D2C7265615E
:1045900064793D312C6175746F3D312C636D643DE0
:1045A000433A726573746172742C533A73746F700A
:1045B0002C71756572793D3F0D0A0000475F5354B9
:1045C0005245414D2C73746174653D72756E6E6910
:1045D0006E672C6D6F64653D63616C6962726174B6
:1045E000696F6E2C6175746F3D310D0A000000001B
:1045F0002DE9F04F95B002F0C5FE029004A8FFF738
:10460000AFFB40F284070028C2F2000762D044F6F4
:10461000807A44F6446B002504AE4FF0010840F266
:104620000339C0F6010A0FF6A414C0F6010B11E01D
:10463000BD7087F80980A7F80780A7F80090386157
:10464000504629213222FFF7ADFB3046FFF788FBA9
:1046500000283FD002F096FE9DF8101001F0DF0216
:10466000532A09D0432A15D1397811F0FB0FDFD036
:1046700020461B21E6E700BF3A787978787A12F075
:10468000FB0F7D720CD00329DFD10FF6DC002D214A
:10469000D8E700BF3F29D8D158463F21D2E700BF15
:1046A0000329A1F10301B1FA81F14FEA511140EA66
:1046B0000100FD7108BF7D7010F001000FF6F400DD
:1046C0000FF6D40118BF08464FF0150118BF182186
:1046D000B8E700BF00208DF80E000DF10F000DF1BE
:1046E0000E0107F0ABFB002800F07E8102F04AFECD
:1046F0009DF80F104A1E042A4ED8DFE802F003335B
:104700004D1B3B00796B411A7829C0F06D813978D7
:10471000786311F0FB0F00F0DF807878032840F019
:1047200043810120B87044F6B960C0F6010001F081
:1047300053FD59E1F96B411A7829C0F05581397858
:10474000F86311F0FB0F5BD07878032840F02481E8
:104750000220B87044F6E660C0F6010001F03CFDAE
:1047600042E100BFF9780122012908BF03228DF838
:104770000E2016E0396C411A7829C0F03581B97ADB
:104780003864B1FA81F040090029B87200F0F28073
:10479000FDF724F9F0E000BF01F0FE01022940F02E
:1047A0002381B96B411A7829C0F01E819DF80E3023
:1047B000B86303F0FD01012940F016817878FB70A1
:1047C00001280BD138780138022807D8012045F29A
:1047D000E8067871C0F60106F0E000BFB8793B71D9
:1047E000012840F0E9801846FFF75EFBFB780FF6E2
:1047F00010060FF60401002808BF0E46DEE000BFD9
:1048000002210546019001207970012407F0CEFCB9
:1048100005F59670386344F6F070C0F60100172174
:104820003222A7F80740FFF7BDFA45F24E1443F2D3
:10483000743042F6BA5A42F6485B4BF2D038C0F6B2
:1048400001040DF1510504AEADF851004FF000091F
:10485000C0F22D0ACAF22D3BCAF6B20828462146FC
:1048600032468DF85390CDF818A0CDF814B0CDF89D
:10487000108009F015FC43F27440ADF85100284651
:10488000214632468DF85390CDF818A0CDE9048B1F
:1048900009F006FC43F27450ADF851002846214659
:1048A00032468DF85390CDF818A0CDE9048B09F06D
:1048B000F7FB45F2F500C0F60100002109F08CFB82
:1048C00045F28100C0F6010009F0C6FB03203870F4
:1048D0000198386188E000BF0124054601207C7002
:1048E00007F064FC05F59670386344F61870C0F65E
:1048F000010012213222A7F80740FFF753FAF87897
:1049000045F24E1438710020787145F27B00C0F6F4
:10491000010445F24D02C0F60100C0F60102214635
:1049200009F0BEFB45F2880045F25702C0F60100CF
:10493000C0F60102214609F0B3FB45F28B0045F2B7
:104940006502C0F60100C0F60102214609F0A8FB8D
:1049500045F2EF00C0F60100002109F03DFB45F2F1
:104960007400C0F6010009F077FB032038703D6148
:104970003AE000BFFDF74AF8B87A0FF26C610FF227
:104980006C6344F6AA7204AC002808BF0B46C0F65C
:1049900001022046402119E045F22800C0F601003E
:1049A00001F01AFC20E000BF45F20800C0F601004B
:1049B00001F012FC18E000BF0FF2346644F6C97231
:1049C00004ACC0F60102204640210096FBF7EAFC49
:1049D0002046FBF795FE4FF6FF71884238BF01462F
:1049E00020463222FFF7DEF9BD78029E1DB13878ED
:1049F00010F0FB0F10D0387A012840F0B48002F09C
:104A0000C1FC396B401A00F1AE800020002407F091
:104A1000CDFB3C72A7E000BF4FF0000A012087F8F1
:104A200002A07D70012407F0C1FB06F59670012DF0
:104A30003863A7F8074039D144F61870C0F6010072
:104A400012213222FFF7AEF9F87845F24E14387190
:104A500045F27B00C0F6010445F24D02C0F60100AC
:104A6000C0F60102214687F805A009F019FB45F2BE
:104A7000880045F25702C0F60100C0F60102214647
:104A800009F00EFB45F28B0045F26502C0F601000D
:104A9000C0F60102214609F003FB45F2740445F219
:104AA000EF00C0F60104C0F601004FE044F6F070DC
:104AB000C0F6010017213222FFF774F945F24E18B3
:104AC00043F2743042F6BA5642F648544BF2D03BA9
:104AD000C0F601080DF151050DF11009ADF85100B6
:104AE000C0F22D06CAF22D34CAF6B20B2846414652
:104AF0004A468DF853A006960594CDF810B009F0FB
:104B0000CFFA43F27440ADF85100284641464A4678
:104B10008DF853A00696CDE904B409F0C1FA43F22A
:104B20007450ADF85100069628464146029E4A460A
:104B30008DF853A0CDE904B409F0B2FA45F281042E
:104B400045F2F500C0F60104C0F60100002109F0AD
:104B500043FA204609F080FA032038703E61387A23
:104B600001283FF44CAF3878042800F089800028F1
:104B700040F09880B86A301A00F1908045F21F101A
:104B8000C0F6010009F068FA45F24E1445F27B00C8
:104B9000C0F6010445F24D02C0F60100C0F6010264
:104BA000214609F07DFA45F2880045F25702C0F629
:104BB0000100C0F60102214609F072FA45F28B00AD
:104BC00045F26502C0F60100C0F60102214609F077
:104BD00067FA43F2743042F6BA5942F6485A4BF239
:104BE000D03B0DF1510504AEADF851004FF0000877
:104BF000C0F22D09CAF22D3ACAF6B20B2846214658
:104C000032468DF85380CDF81890CDF814A0CDF829
:104C100010B009F045FA43F27440ADF8510028464F
:104C2000214632468DF85380CDF81890CDE904BA6C
:104C300009F036FA43F27450ADF851002846214687
:104C400032468DF85380CDF81890CDE904BA09F0BA
:104C500027FA002007F0AAFA45F2F500C0F6010095
:104C6000002109F0B9F945F28100C0F6010009F010
:104C7000F3F9029800F5FA60B86215B0BDE8F08F5C
:104C8000787A01280AD17878032807D13869301A50
:104C900004D40120F871032038703E6115B0BDE8DE
:104CA000F08F00BF3969711AF8D4032836D1F8792A
:104CB00000284FD0F87A38B907F12400FCF726FC19
:104CC0000028F87200F0D4800020FCF757FD00287F
:104CD00000F0B2804CF23020C2F200004821FBF715
:104CE00068FD4CF2E810C2F200004821FBF761FDBC
:104CF000787801280AD14EF67440C2F200004FF4D1
:104D00000471FBF756FD0020B871F8620120FE61C6
:104D10003870B01C386115B0BDE8F08F00200490E9
:104D200004A8FCF7C1FA08B30498C1072CD1F869AC
:104D3000301AB0F5FA6F13D345F2461045F2CC01A4
:104D4000C0F60100C0F60101FFF744F815B0BDE858
:104D5000F08F00BF0020387015B0BDE8F08F00BFA5
:104D6000B01C386115B0BDE8F08F00BF45F22810C7
:104D700045F2B901C0F60100C0F60101FFF72AF8BB
:104D800015B0BDE8F08F00BF4FF6FF718843B0F15A
:104D9000805F5FD1397840F2E0104CF67402C2F2C5
:104DA000000002294FF48051C2F2000208BF1046F1
:104DB000FCF7A6F8002865D03878022870D00128C2
:104DC0007FF46CAF4CF2302440F2E010C2F20004E9
:104DD000C2F20000214603F099FF002876D07869DE
:104DE000411CC7E9051002F0CDFAF969401A386292
:104DF00001F06CF800F07CFE002800F08F8000F0DD
:104E000005F97878022800F09D80032800F09F8043
:104E100002F098F86068F8620120FCF7AFFC002807
:104E200000F09C800220387002F0ACFA0230386149
:104E300015B0BDE8F08F00BF45F2401045F2C20149
:104E4000C0F60100C0F60101FEF7C4FF15B0BDE8D1
:104E5000F08F00BF45F2061045F2B101C0F6010027
:104E6000C0F60101FEF7B6FF15B0BDE8F08F00BF38
:104E700045F2970164A0C0F60101FEF7ABFF15B043
:104E8000BDE8F08F45F2FB0045F29E01C0F601003F
:104E9000C0F60101FEF79EFF15B0BDE8F08F00BF20
:104EA000787928B1F87800213871797101E000BF74
:104EB0003879FEF7F9FF18B30120B87102F062FAF1
:104EC000FFF79AFA15B0BDE8F08F00BF60780228AE
:104ED0002AD17869411CC7E9051002F053FAF96933
:104EE000401A386200F0ACFF7878032818BF01F050
:104EF000DBFA02F047FAFFF77FFA15B0BDE8F08F52
:104F000045F20D10C0F6010045F2A801C0F60101FE
:104F1000FEF760FF15B0BDE8F08F00BF45F22F101F
:104F2000C0F6010004E000BF45F21610C0F6010013
:104F300045F28E01C0F60101FEF74CFF15B0BDE849
:104F4000F08F00BF01F05AF9012001F043FB02F09D
:104F500019FAFFF751FA15B0BDE8F08F45F23B1092
:104F6000C0F60100D0E700BF475F53545245414DA2
:104F70002C73746174653D73746F7070696E672C07
:104F800061667465723D63757272656E745F667298
:104F9000616D650D0A000000475F53545245414D55
:104FA0002C73746174653D73746F707065640D0A61
:104FB00000000000475F53545245414D2C7374610B
:104FC00074653D69646C650D0A000000475F5354C9
:104FD0005245414D2C73746174653D627573792C33
:104FE000636D643D430D0A006F6666006F6E0000DE
:104FF0006E657874000000006572726F72000000C8
:105000007265647261770000696400002DE9F04FF9
:1050100081B02DED108BFCB04CF2E810C2F2000014
:1050200090ED010A9FEDDD8A20EE080AB5EE400AF8
:10503000F1EE10FA10DD9FEDDA1AB4EE410AF1EE4E
:1050400010FA0BDAB6EE001A30EE010ABCEEC00A16
:1050500010EE100A04E000BF002001E04FF0FF3026
:1050600048F21F51C5F2EB11A0FB01125309642154
:1050700003FB110745F2951236ACC0F6010220463B
:1050800018210097FBF78EF94CF2E810C2F20000ED
:1050900090ED020A9FEDC39A20EE090AB5EE400A90
:1050A000F1EE10FA10DD9FEDBE1AB4EE410AF1EEFA
:1050B00010FA0BDAB6EE001A30EE010ABCEEC00AA6
:1050C00010EE100A04E000BF002001E04FF0FF30B6
:1050D00044F6D351C1F26201A0FB011293094FF4CF
:1050E0007A7603FB160745F29F1230ADC0F6010237
:1050F000284618210097FBF755F94CF2E810C2F248
:10510000000090ED030A20EE090AB5EE400AF1EE28
:1051100010FA0FDD9FEDA21AB4EE410AF1EE10FA7B
:105120000ADAB6EE001A30EE010ABCEEC00A10EE42
:10513000100A03E0002001E04FF0FF3044F6D351A5
:10514000C1F26201A0FB0112930903FB160745F2AD
:105150009F122AAEC0F60102304618210097FBF7D5
:1051600021F94CF2E810C2F2000040F284014078CC
:10517000C2F200018B690F6ACDE900403CAC0FF62A
:10518000EC0220464FF48071CDE902560497FBF7FC
:1051900009F92046FBF7B4FA4FF6FF71884238BF91
:1051A000014620463222FEF7FDFD4CF23026C2F2C7
:1051B0000006B1789FEDBCAA41B1304610F8182F17
:1051C000012A0BD10121079153E000BF45F20117DD
:1051D0000020C0F60107079084E000BF45F20117E8
:1051E00006F138004B420222C0F601079E18012E3C
:1051F0001ED010F8105C012D22D0CEB10578012D03
:1052000026D0751C14D0057C012D27D002360FD076
:1052100090F820600432012E00F14000E6D1023AFD
:1052200000238A4238BF0123079320381DE000BFC6
:1052300000204CF230260790C2F2000652E000BF78
:10524000013A002310388A4238BF012307930CE04B
:1052500000238A4238BF0123079306E0013200236E
:105260008A4238BF0123079310304CF23026C2F235
:10527000000690ED030A9FEDDA1A9FEDDA2A20EE80
:10528000010A30EE02AAB5EE40AAF1EE10FA1DDADC
:105290009FEDD50A3AEE00AAB5EE40AAF1EE10FA5B
:1052A00014DA3AEE00AAB5EE40AAF1EE10FA0DDAE1
:1052B0003AEE00AAB5EE40AAF1EE10FA06DA3AEE9E
:1052C00000AAB5EE40AAF1EE10FAE3DB9FEDC60AA4
:1052D000B4EE40AAF1EE10FA80F25C8145F27E074E
:1052E000C0F6010740F28400C2F2000083690FF2A9
:1052F000B8723CA84FF480710097FBF753F8002870
:1053000000F1AD830546B078002800F03A81FF2D0A
:1053100000F237819FEDB2BA9FEDB2CA9FEDB2DACB
:105320009FED61EA9FEDB1FADFEDB18ADFEDB19A51
:10533000DFED1BAA4FF00008F6EE00BA4FF064094B
:105340000DF1900A0DF1780B06EB081090ED090AAB
:1053500020EE0B0A30EE0C0AB5EE400AF1EE10FA20
:1053600024DA30EE0D0AB5EE400AF1EE10FA1DDA3D
:1053700030EE0D0AB5EE400AF1EE10FA16DA30EE14
:105380000D0AB5EE400AF1EE10FA0FDA30EE0D0A12
:10539000B5EE400AF1EE10FAE3DB07E00000C84288
:1053A000FFFF7F4F00007A4430EE290AB4EE4D0A29
:1053B000F1EE10FA14DB30EE290AB4EE4D0AF1EEEC
:1053C00010FA0DDB30EE290AB4EE4D0AF1EE10FAB8
:1053D00006DB30EE290AB4EE4D0AF1EE10FAE3DAFC
:1053E00000F118040798F0EE4ECA002846D0207845
:1053F00001EE100AB8EE411A21EE0A1A70EE41CA07
:10540000F4EE4FCAF1EE10FA1EDC7CEE8DCAF4EE1B
:105410004FCAF1EE10FA17DC7CEE8DCAF4EE4FCADB
:10542000F1EE10FA10DC7CEE8DCAF4EE4FCAF1EE0C
:1054300010FA09DC7CEE8DCAF4EE4FCAF1EE10FAD8
:10544000E3DD01E07CEEA9CAF4EE68CAF1EE10FAE1
:1054500014DD7CEEA9CAF4EE68CAF1EE10FA0DDD97
:105460007CEEA9CAF4EE68CAF1EE10FA06DD7CEE15
:10547000A9CAF4EE68CAF1EE10FAE3DC20EE080ADD
:10548000B5EE400AF1EE10FA10DDB4EE6A0AF1EE64
:1054900010FAAFBF4FF0FF3030EE2B0ABCEEC00A5F
:1054A00010EE100A03E000BF00000000002048F2E8
:1054B0001F51C5F2EB11A0FB0112530903FB1907A1
:1054C00045F2951250461421C0F601020097FAF7F2
:1054D00069FFB0EEEC0AF5EE40CA20EE080AF1EEE4
:1054E00010FA4FF02B03B5EE400AB8BF2D23F1EEB2
:1054F00010FA0DDDB4EE6A0AF1EE10FAAFBF4FF00C
:10550000FF3030EE2B0ABCEEC00A10EE100A00E0AD
:10551000002048F21F51C5F2EB11A0FB0112570900
:1055200007FB190645F2931258461421C0F60102F2
:10553000CDE90076FAF736FF3CA82378C5F58074EC
:10554000284421460FF28452CDE900ABFAF72AFF36
:10555000A0424FF0FF0138BF4119B0F1FF3FC8BF73
:105560000D46002848D44CF23026A042C2F2000674
:1055700007D2B07808F10108804502D2FF297FF6F2
:10558000E3AEFD2D3ED83CA8284440F60D2120F87E
:10559000021B3DE09FED171A45F27E07C0F601079A
:1055A0003AEE01AAB4EE40AAF1EE10FAFFF69AAE76
:1055B0003AEE01AAB4EE40AAF1EE10FAFFF692AE6E
:1055C0003AEE01AAB4EE40AAF1EE10FAFFF68AAE66
:1055D0003AEE01AAB4EE40AAF1EE10FAE0DA81E662
:1055E000E12E65420000B4420000B443000034C321
:1055F000000034430000B4C34CF23026C2F200066F
:10560000FD2DC0D940F60D20ADF8ED013CA8FF30CE
:1056100000213CAC01702046FBF772F84FF6FF7199
:10562000884238BF014620463222FEF7BBFBB078E5
:10563000002800F014824CF2E810C2F2000040781A
:10564000002800F00C821FED1ABA1FED1ACA1FEDD8
:105650001ADA1FED6BEA1FED1BFA5FED1B8A5FED97
:105660001B9A5FEDB1AADFEDBDCA4FF0000AF6EE5E
:1056700000BA4FF0640B0DF120080DF1F0094FF660
:10568000FF7700BF06EB0A1090ED090A20EE0B0A27
:1056900070EE0CDAF5EE40DAF1EE10FA1EDA7DEE7D
:1056A0008DDAF5EE40DAF1EE10FA17DA7DEE8DDAEA
:1056B000F5EE40DAF1EE10FA10DA7DEE8DDAF5EE65
:1056C00040DAF1EE10FA09DA7DEE8DDAF5EE40DA25
:1056D000F1EE10FAE3DB01E07DEEA9DAF4EE4DDA4B
:1056E000F1EE10FA14DB7DEEA9DAF4EE4DDAF1EE0C
:1056F00010FA0DDB7DEEA9DAF4EE4DDAF1EE10FAD8
:1057000006DB7DEEA9DAF4EE4DDAF1EE10FAE3DA1B
:1057100000F118040798F0EE4EEA002846D02078F1
:1057200000EE100AB8EE400A20EE0A0A7DEEC0EA4A
:10573000F4EE4FEAF1EE10FA1EDC7EEE8DEAF4EEA6
:105740004FEAF1EE10FA17DC7EEE8DEAF4EE4FEA46
:10575000F1EE10FA10DC7EEE8DEAF4EE4FEAF1EE97
:1057600010FA09DC7EEE8DEAF4EE4FEAF1EE10FA63
:10577000E3DD01E07EEEA9EAF4EE68EAF1EE10FA6C
:1057800014DD7EEEA9EAF4EE68EAF1EE10FA0DDD22
:105790007EEEA9EAF4EE68EAF1EE10FA06DD7EEE9E
:1057A000A9EAF4EE68EAF1EE10FAE3DC4CF2E81054
:1057B00094ED020AC2F2000000EB0A10B5EE400AB6
:1057C00000F11805F1EE10FAF0EE4EFA05DD95ED58
:1057D000021A81EE000A70EE00FA94ED010A20EE42
:1057E000080AB5EE400AF1EE10FA0DDDB4EE6A0AD1
:1057F000F1EE10FAAFBF4FF0FF3030EE2B0ABCEEE7
:10580000C00A10EE100A00E0002048F21F51C5F255
:10581000EB11A0FB0112530903FB1B0645F2951285
:1058200024A81821C0F601020096FAF7BBFD94EDFA
:10583000020A20EE090AB5EE400AF1EE10FA0DDD7B
:10584000B4EE6A0AF1EE10FAAFBF4FF0FF3030EE5F
:105850002B0ABCEEC00A10EE100A00E0002044F64D
:10586000D351C1F26201A0FB011293094FF47A7186
:1058700003FB110645F29F121EA81821C0F6010273
:105880000096FAF78FFD2FEEAC0AB5EE400AF1EE66
:1058900010FA0DDDB4EE6A0AF1EE10FAAFBF4FF068
:1058A000FF3030EE2B0ABCEEC00A10EE100A00E00A
:1058B000002043F68931C5F2E651A0FB01124EF2F9
:1058C0000011530EC0F2F55103FB110618A8182160
:1058D00084A20096FAF766FD95ED020A20EE090A09
:1058E000B5EE400AF1EE10FA0EDDB4EE6A0AF1EE02
:1058F00010FAAFBF4FF0FF3030EE2B0ABCEEC00AFB
:1059000010EE100A01E000BF002044F6D351C1F2AE
:105910006201A0FB011293094FF47A7103FB110697
:1059200045F29F1212A81821C0F601020096FAF75C
:1059300039FD2DEE880AB5EE400AF1EE10FA0FDDC2
:10594000B4EE6A0AF1EE10FAAFBF4FF0FF3030EE5E
:105950002B0ABCEEC00A10EE100A02E020BCBE4CBE
:10596000002048F21F51C5F2EB11A0FB01125309B0
:1059700003FB1B0645F295120DA81421C0F6010287
:105980000096FAF70FFDB0EEEE0AF5EE40EA20EED3
:10599000080AF1EE10FA4FF02B03B5EE400AB8BF3B
:1059A0002D23F1EE10FA0DDDB4EE6A0AF1EE10FAD5
:1059B000AFBF4FF0FF3030EE2B0ABCEEC00A10EE46
:1059C000100A00E0002048F21F51C5F2EB11A0FBC5
:1059D0000112560906FB1B0545F29312404614219D
:1059E000C0F60102CDE90065FAF7DCFC40F2840064
:1059F000C2F200008369207844F62B72009024A83C
:105A000001901EA8029018A8039012A804900DA857
:105A1000059048464FF48071C0F60102CDF8188019
:105A2000FAF7C0FC4846FAF76BFE0146B842484612
:105A30004FF0320228BF3946FEF7B4F94CF2302657
:105A4000C2F20006B0780AF1010A824507D24CF290
:105A5000E810C2F2000040788245FFF413AE7CB03B
:105A6000BDEC108B01B0BDE8F08F00BF475F434134
:105A70004C2C7365713D256C752C66303D25734843
:105A80007A2C6E3D25752C7570703D25736D562CE6
:105A900075726D733D25736D562C745F6D733D2566
:105AA0006C750D0A00000000475F50484153452CBB
:105AB0007365713D256C752C62617369733D736903
:105AC0006E2C7265663D2573000000002C682575FC
:105AD0003D25736465673A72656C3D25736465673F
:105AE00000000000256C752E2530386C7500000014
:105AF0002DE9F0472DED048BC4B0FBF7D7FF4CF236
:105B0000E81A01464CF23020C2F2000AC2F200004C
:105B10005246FCF7DBFB002848D040F28404C2F276
:105B20000004A07A10B34CF2E815C2F20005284632
:105B3000FDF708FA9FEDA20A04A8FBF77FFF38B132
:105B40009DED040A95ED021A30EE010A85ED020A78
:105B50009FED9B0A04A8FBF771FF38B19DED040A85
:105B600095ED031A30EE010A85ED030A9AED010A5C
:105B7000A369B5EE400AF1EE10FA2DDD9FED911A02
:105B8000B4EE410AF1EE10FA46DAB6EE001A30EE43
:105B9000010ABCEEC00A10EE100A9AED020AB5EE38
:105BA000400AF1EE10FA1FDC3FE000BF40F2840033
:105BB000C2F20000836904AC96A220464FF48071C3
:105BC000FAF7F0FB2046FAF79BFD4FF6FF7188428B
:105BD00038BF01460024E8E000209AED020AB5EE45
:105BE000400AF1EE10FA20DD9FED761AB4EE410A7C
:105BF000F1EE10FA32DAB6EE001A30EE010ABCEE1F
:105C0000C00A10EE101A9AED030AB5EE400AF1EE42
:105C100010FA12DC2BE000BF4FF0FF309AED020AC1
:105C2000B5EE400AF1EE10FADEDC00219AED030A2F
:105C3000B5EE400AF1EE10FA19DD9FED621AB4EEEE
:105C4000410AF1EE10FA15DAB6EE001A30EE010A4A
:105C5000BCEEC00A10EE102A0EE000BF4FF0FF317C
:105C60009AED030AB5EE400AF1EE10FAE5DC0022E7
:105C700002E000BF4FF0FF329AF801700DF11009F9
:105C80008DE8070050A248464FF480710397FAF759
:105C900089FB002870D406469AF80100002861D0DC
:105CA000FF2E5FD89FED478A0AF120050124B6EE4A
:105CB000009A0FF24C1800BF15ED010A15F8083CC8
:105CC000B5EE400AF1EE10FA16DDB4EE480AF1EE38
:105CD00010FAAFBF4FF0FF3C30EE090ABCEEC00A2D
:105CE00010EE10CA95ED000AB5EE400AF1EE10FA7A
:105CF0000BDC4FF0000E15E04FF0000C95ED000AA4
:105D0000B5EE400AF1EE10FAF3DDB4EE480AF1EE1A
:105D100010FAAFBF4FF0FF3E30EE090ABCEEC00AEA
:105D200010EE10EAC6F5807709EB060039464246C8
:105D3000CDE900CEFAF736FBB8424FF0FF0138BF8D
:105D40008119B0F1FF3FC8BF0E4600280AD4B842FF
:105D500008D29AF80100844204D21035FF2904F1D8
:105D60000104A9D9FD2E0FD809EB060040F60D213C
:105D700020F8021B0EE000BF0024204644B0BDEC1A
:105D8000048BBDE8F08700BF40F60D20ADF80D0193
:105D900009F1FF000021017004A8FAF7B1FC4FF6E9
:105DA000FF710124884238BF014689B204A832221B
:105DB000FDF7F8FF204644B0BDEC048BBDE8F0874A
:105DC0000AD7A33BFFFF7F4F475F4D4541532C73DD
:105DD00065713D256C752C63616C3D312C66303DE1
:105DE000256C75487A2C7570703D256C756D562C38
:105DF00075726D733D256C756D562C6E3D25750065
:105E00002C6825753D256C75487A3A256C756D565C
:105E100000000000475F4D4541532C7365713D25DF
:105E20006C752C63616C3D302C726561736F6E3DD7
:105E30006E6F5F6D765F7461626C650D0A000000C5
:105E400010B5A4B040F28400C2F200008369006A79
:105E50000021B0F5FA6F98BF012104AC4FF0100C8F
:105E6000CDE900010AA220468021CDF808C0FAF74A
:105E700099FA2046FAF744FC4FF6FF71884238BF82
:105E8000014620463222FDF78DFF24B010BD00BF31
:105E9000475F464C4F572C6E6F5F7369676E616C3E
:105EA0002C7365713D256C752C745F6D733D256C8D
:105EB000752C756E64657232733D25752C7468722D
:105EC0006573686F6C643D25750D0A002DE9F04F10
:105ED00081B02DED048BC6B04CF23029C2F200091E
:105EE00040F2840099ED010AC2F200008369B5EE28
:105EF000400AF1EE10FA0FDD9FEDAB1AB4EE410A45
:105F0000F1EE10FA0ADAB6EE001A30EE010ABCEE33
:105F1000C00A10EE101A03E0002101E04FF0FF313B
:105F200099ED020A99F80220B5EE400AF1EE10FA56
:105F300010DD9FED9D1AB4EE410AF1EE10FA0BDA76
:105F4000B6EE001A30EE010ABCEEC00A10EE107A6E
:105F500004E000BF002701E04FF0FF3799ED030A8E
:105F60000026B5EE400AF1EE10FA4FF0000511DD03
:105F70009FED8D1AB4EE410AF1EE10FA08DAB6EE92
:105F8000001A30EE010ABCEEC00A10EE105A01E011
:105F90004FF0FF35006A0DF11808B0F5FA6F98BFA1
:105FA00001268DE8860045F25212CDE90350C0F675
:105FB000010240464FF480710596FAF7F3F9002884
:105FC00000F1EB80834699F80200002863D0BBF112
:105FD000FF0F60D89FED748A09F120040126B6EE08
:105FE000009A0FF2C81A00BF14ED010A14F8083C19
:105FF000B5EE400AF1EE10FA16DDB4EE480AF1EE05
:1060000010FAAFBF4FF0FF3C30EE090ABCEEC00AF9
:1060100010EE10CA94ED000AB5EE400AF1EE10FA47
:106020000BDC002516E000BF4FF0000C94ED000AD9
:10603000B5EE400AF1EE10FAF3DDB4EE480AF1EEE7
:1060400010FAAFBF4FF0FF3530EE090ABCEEC00AC0
:1060500010EE105ACBF5807708EB0B00394652460C
:10606000CDE900C5FAF79EF9B8424FF0FF0138BFFD
:1060700000EB0B01B0F1FF3FC8BF8B4600280AD4EC
:10608000B84208D299F80200864204D21034FF299F
:1060900006F10106A8D9BBF1FF0F69D899F80310E2
:1060A00008EB0B00CBF58076F1B199ED040AB5EE63
:1060B000400AF1EE10FA21DD9FED3B1AB4EE410AE1
:1060C000F1EE10FA32DAB6EE001A30EE010ABCEE4A
:1060D000C00A10EE103A99ED050AB5EE400AF1EE4D
:1060E00010FA13DC2BE000BF38A23146FAF75AF958
:1060F000002830D5BBF1FD0F33D939E0002399EDED
:10610000050AB5EE400AF1EE10FA18DD9FED261AE9
:10611000B4EE410AF1EE10FA14DAB6EE001A30EEDF
:10612000010ABCEEC00A10EE107A0DE04FF0FF330A
:1061300099ED050AB5EE400AF1EE10FAE6DC00270B
:1061400002E000BF4FF0FF371CA231460097FAF77C
:1061500029F90028CED4B0420AD28344BBF1FD0F06
:1061600006D808EB0B0040F60D2120F8021B05E0D5
:1061700040F60D20ADF8150108F1FF00002106AC36
:1061800001702046FAF7BCFA4FF6FF71884238BF1B
:10619000014620463222FDF705FE46B0BDEC048BD9
:1061A00001B0BDE8F08F00BFFFFF7F4F2C68257561
:1061B0003D256C75487A3A256C7500002C73707516
:1061C000723D256C75487A3A256C75002C73707594
:1061D000723D6E6F6E650000002808BF704710B5F5
:1061E0000446FAF78DFA4FF6FF71884238BF014630
:1061F00020463222BDE81040FDF7D4BD2DE9F0471E
:1062000098B04CF2E815C2F20005687844F6D3580D
:1062100042F6BA5742F6485A4BF2D039C1F26208F8
:10622000C0F22D07CAF22D3ACAF6B209D0B195EDE7
:10623000080A9FED981A20EE010AB5EE400AF1EE29
:1062400010FA13DD9FED941AB4EE410AF1EE10FA44
:106250000EDAB6EE001A30EE010ABCEEC00A10EEFD
:10626000100A07E00A97CDE9089A3BE0002001E018
:106270004FF0FF30A0FB081293094FF47A7103FB33
:10628000110645F29F1202ACC0F601022046182109
:106290000096FAF787F895ED070A2B7EB5EE400ACF
:1062A000F1EE10FA10DD9FED7C1AB4EE410AF1EE2A
:1062B00010FA0BDAB6EE001A30EE010ABCEEC00A94
:1062C00010EE106A04E000BF002601E04FF0FF3638
:1062D00045F2D402C0F6010208A84021CDE90064CD
:1062E000FAF760F845F24E116CA0C0F6010108AA59
:1062F00007F0D6FE687802281AD395ED0C0A9FEDB8
:10630000651A20EE010AB5EE400AF1EE10FA13DD2F
:106310009FED611AB4EE410AF1EE10FA0EDAB6EE14
:10632000001A30EE010ABCEEC00A10EE100A07E0B7
:106330000A97CDE9089A3BE0002001E04FF0FF30DA
:10634000A0FB081293094FF47A7103FB110645F282
:106350009F1202ACC0F60102204618210096FAF7FF
:1063600021F895ED0B0A95F82830B5EE400AF1EECC
:1063700010FA0FDD9FED481AB4EE410AF1EE10FA63
:106380000ADAB6EE001A30EE010ABCEEC00A10EED0
:10639000106A03E0002601E04FF0FF3645F2D40218
:1063A000C0F6010208A84021CDE90064F9F7FAFF20
:1063B00045F24E113AA0C0F6010108AA07F070FE9E
:1063C000687803281AD395ED100A9FED321A20EE53
:1063D000010AB5EE400AF1EE10FA13DD9FED2E1A18
:1063E000B4EE410AF1EE10FA0EDAB6EE001A30EE13
:1063F000010ABCEEC00A10EE100A07E00A97CDE9C8
:10640000089A3BE0002001E04FF0FF30A0FB0812AB
:1064100093094FF47A7103FB110745F29F1202AC06
:10642000C0F60102204618210097F9F7BBFF95ED51
:106430000F0A95F83830B5EE400AF1EE10FA0FDD8C
:106440009FED151AB4EE410AF1EE10FA0ADAB6EE33
:10645000001A30EE010ABCEEC00A10EE107A03E01A
:10646000002701E04FF0FF3745F2D402C0F60102E9
:1064700008A84021CDE90074F9F794FF45F24E11C8
:1064800008A0C0F6010108AA07F00AFE18B0BDE88E
:10649000F08700BF00007A44FFFF7F4F7433000095
:1064A00074340000743500002DE9F04792B040F2DA
:1064B0008400C2F200004078022837D0012840F062
:1064C000858045F24E1445F27B00C0F6010445F28A
:1064D0004D02C0F60100C0F60102214607F0E0FDC2
:1064E00045F2880045F25702C0F60100C0F60102ED
:1064F000214607F0D5FD45F28B0045F26502C0F656
:106500000100C0F60102214607F0CAFD45F2EF0086
:10651000C0F60100002107F05FFD45F27400C0F6EF
:10652000010012B0BDE8F04707F096BD45F24E14E9
:1065300043F2743042F6BA5942F6485A4BF2D03719
:10654000C0F601040DF1450501AEADF845004FF070
:106550000008C0F22D09CAF22D3ACAF6B207284641
:10656000214632468DF84780CDF80C90CDF808A032
:10657000019707F095FD43F27440ADF845002846B9
:10658000214632468DF84780CDF80C90CDE9017A4E
:1065900007F086FD43F27450ADF8450028462146C9
:1065A00032468DF84780CDF80C90CDE9017A07F09E
:1065B00077FD45F2F500C0F60100002107F00CFD63
:1065C00045F28100C0F6010007F046FD12B0BDE8BB
:1065D000F08700002DE9F04F9DB040F28405C2F233
:1065E0000005EC89ADF8724040B1BCB1B4F5806FE4
:1065F00021D8022C2FD200F07EBC00BF45F2F5005E
:10660000C0F60100002107F0E7FC45F28100C0F66A
:1066100001001DB0BDE8F04F07F01EBD0FF61C10C5
:106620000DF1720105F0ECF970B1BDF87240EC812A
:10663000B4F5806FDDD94FF48064ADF87240022C60
:1066400009D200F058BC00BF4FF40074ADF872409E
:10665000022CC0F050844CF23026C2F20006307892
:10666000002800F048844CF27440C2F20000214639
:106670002A22FAF796F8B078002800F03C84042823
:1066800000F0030140D29FED914A9FED911A9FEDDA
:10669000910A00220029B0EE442A00F0568106EB50
:1066A000021292ED072A9FED893AB4EE432AF1EEE9
:1066B00010FAC0F211819FED865AB4EE452AF1EE30
:1066C00010FA00F3098102F1180393ED025AB5EEB6
:1066D000405AF1EE10FA40F3FF80B4EE405AF1EE6A
:1066E00010FAB4EE412AC8BFB0EE450AF1EE10FA36
:1066F000B4EE442AB8BFB0EE421AF1EE10FAD8BF99
:10670000B0EE442AEAE000BF9FED702A9FED703A98
:106710006FF030029FED6F0A02EA0013002700229B
:10672000B0EE431AB0EE424A07E000BFB0EE454A71
:106730004037BB4202F10402ACD0F51995ED075A7F
:10674000B4EE425AF1EE10FA28DBB4EE435AF1EE01
:1067500010FA23DC95ED086AB5EE406AF1EE10FA06
:106760001CDDB4EE406AF1EE10FAB4EE415AC8BF37
:10677000B0EE460AF1EE10FAB4EE445AB8BFB0EEED
:10678000451AF1EE10FAD8BFB0EE445A95ED0B4A17
:10679000B4EE424AF1EE10FA09DA31E0B0EE445AB2
:1067A00095ED0B4AB4EE424AF1EE10FA28DBB4EE56
:1067B000434AF1EE10FA23DC95ED0C6AB5EE406A1F
:1067C000F1EE10FA1CDDB4EE406AF1EE10FAB4EE10
:1067D000414AC8BFB0EE460AF1EE10FAB4EE454A9F
:1067E000B8BFB0EE441AF1EE10FAD8BFB0EE454A89
:1067F00095ED0F5AB4EE425AF1EE10FA09DA31E093
:10680000B0EE454A95ED0F5AB4EE425AF1EE10FA49
:1068100028DBB4EE435AF1EE10FA23DC95ED106A52
:10682000B5EE406AF1EE10FA1CDDB4EE406AF1EE0E
:1068300010FAB4EE415AC8BFB0EE460AF1EE10FAB3
:10684000B4EE445AB8BFB0EE451AF1EE10FAD8BF14
:10685000B0EE445A95ED134AB4EE424AF1EE10FA06
:106860000ADA63E7B0EE445A95ED134AB4EE424AB1
:10687000F1EE10FAFFF65AAFB4EE434AF1EE10FA19
:106880003FF754AF95ED146AB5EE406AF1EE10FA99
:106890007FF74CAFB4EE406AF1EE10FAB4EE414A25
:1068A000C8BFB0EE460AF1EE10FAB4EE454AB8BFE2
:1068B000B0EE441AF1EE10FAD8BFB0EE454A4037B8
:1068C000BB4202F104027FF438AFE3E600401C460D
:1068D0000024F44800000000B0EE442A012934D01E
:1068E00092ED0B4AB4EE434AF1EE10FA26DB1FEDAF
:1068F000085AB4EE454AF1EE10FA1FDC02F1280303
:1069000093ED025AB5EE405AF1EE10FA16DDB4EEF0
:10691000405AF1EE10FAB4EE414AC8BFB0EE450A53
:10692000F1EE10FAB4EE424AB8BFB0EE441AF1EEFE
:1069300010FAD8BFB0EE424A02E000BFB0EE424AC1
:10694000022940F0A382B0EE442AB5EE400AF1EEEF
:1069500010FA40F3D082220A0421042A38BF210A07
:10696000621EB4F5007F38BF022103EE102AC1F188
:10697000010282EAE27701F10109C7EBE277C1F196
:1069800002081B9209EB070288EAE877C7EBE87771
:10699000199209EB07021892C1F1030282EAE27729
:1069A000C7EBE277179209EB07021592C1F10402D7
:1069B0001A92A9EB02021492C1F105021392A9EBFB
:1069C00002021192C1F106021692A9EB0202109284
:1069D00081F007020F92A9EB02020E92C1F10802A8
:1069E0001292A9EB02020D92C1F109020C92A9EBDD
:1069F00002020692C1F10A020B92A9EB0202059271
:106A0000C1F10B020A92A9EB02020492C1F10C023D
:106A10000992A9EB02020392C1F10D020892A9EBBF
:106A2000020232EE012AB6EE001AB8EE433A1FED2A
:106A3000594A1FED595A9FEDCB6ADFEDCB0ADFEDC6
:106A4000CB1A5FED5C2A0292C1F10E0222EE012AFE
:106A50004FEA510B203623EE017A0792A9EB02028E
:106A6000019204E0013806F1100600F04C8256ED68
:106A7000013AF4EE443AF1EE10FAF3DBF4EE453A63
:106A8000F1EE10FAEEDCD6ED004AF5EE404AF1EEFA
:106A900010FAE7DDC4EE804A64EEA04AF5EE404A03
:106AA000F1EE10FA0EDDF4EE614AF1EE10FAAFBF2E
:106AB0004FF0FF3E74EE814AFCEEE44A14EE90EA99
:106AC00002E000BF4FF0000E73EEC23A63EE833A6D
:106AD000C3EE863AF0EE624A77EE233AF5EE403A9C
:106AE000F1EE10FA08DBF4EE433AF0EE634AF1EE11
:106AF00010FAC8BFF0EE434A74EE813AFDEEE33A75
:106B000013EE90CABEF1030F98BF4FF0030EBEF113
:106B1000550FACEB010A28BF4FF0550EA2450ED21F
:106B20000EEB0B054CF27442B5FBF9F5C2F2000214
:106B300012F80A702A35BD4288BF02F80A500029AF
:106B400090D01B9A02EB0C05A54207D308EB0C056D
:106B5000A54215D388453FF485AF27E0199A02FB7B
:106B60000EB74CF27442B7FBF9F7C2F20002535D64
:106B70002A379F4288BF575508EB0C05A542E9D23A
:106B8000189A02FB0EB34CF27442B3FBF9F3C2F253
:106B90000002525D03F12A07974282BF4CF2744211
:106BA000C2F20002575588453FF45CAF179A02EBDA
:106BB0000C05A5420AD31A9A02EB0C05A5421DD377
:106BC0001A9A8A423FF44EAF2FE000BF159A4CF25A
:106BD000744302FB0EB2C2F20003B2FBF9F25B5D3A
:106BE00002F12A079F4282BF4CF27442C2F20002B5
:106BF00057551A9A02EB0C05A542E1D2149A4CF2B1
:106C0000744302FB0EB2C2F20003B2FBF9F25B5D09
:106C100002F12A079F4282BF4CF27442C2F2000284
:106C200057551A9A8A423FF41DAF139A02EB0C058E
:106C3000A54209D3169A02EB0C05A5421CD3169A5D
:106C40008A423FF40FAF2EE0119A4CF2744302FBDC
:106C50000EB2C2F20003B2FBF9F25B5D02F12A0749
:106C60009F4282BF4CF27442C2F200025755169AFC
:106C700002EB0C05A542E2D2109A4CF2744302FBDF
:106C80000EB2C2F20003B2FBF9F25B5D02F12A0719
:106C90009F4282BF4CF27442C2F200025755169ACC
:106CA0008A423FF4DFAE0F9A02EB0C05A54209D3EE
:106CB000129A02EB0C05A5421CD3129A8A423FF4A9
:106CC000D1AE2EE00E9A4CF2744302FB0EB2C2F229
:106CD0000003B2FBF9F25B5D02F12A079F4282BF1B
:106CE0004CF27442C2F200025755129A02EB0C05A4
:106CF000A542E2D20D9A4CF2744302FB0EB2C2F2EC
:106D00000003B2FBF9F25B5D02F12A079F4282BFEA
:106D10004CF27442C2F200025755129A8A423FF472
:106D2000A1AE0C9A02EB0C05A54221D30B9A02EB03
:106D30000C05A54234D30A9A02EB0C05A54247D3B1
:106D4000099A02EB0C05A5425AD3089A02EB0C05EE
:106D5000A5426DD3079A02EB0C05A542BFF482AEA3
:106D60007FE000BF0042EFC80000AA42FFFF7F4F54
:106D7000069A4CF2744302FB0EB2C2F20003B2FB5D
:106D8000F9F25B5D02F12A079F4282BF4CF2744226
:106D9000C2F2000257550B9A02EB0C05A542CAD26B
:106DA000059A4CF2744302FB0EB2C2F20003B2FB2E
:106DB000F9F25B5D02F12A079F4282BF4CF27442F6
:106DC000C2F2000257550A9A02EB0C05A542B7D24F
:106DD000049A4CF2744302FB0EB2C2F20003B2FBFF
:106DE000F9F25B5D02F12A079F4282BF4CF27442C6
:106DF000C2F200025755099A02EB0C05A542A4D233
:106E0000039A4CF2744302FB0EB2C2F20003B2FBCF
:106E1000F9F25B5D02F12A079F4282BF4CF2744295
:106E2000C2F200025755089A02EB0C05A54291D216
:106E3000029A4CF2744302FB0EB2C2F20003B2FBA0
:106E4000F9F25B5D02F12A079F4282BF4CF2744265
:106E5000C2F200025755079A02EB0C05A542BFF497
:106E600001AE019A4CF2744302FB0EB2C2F200036F
:106E7000B2FBF9F25B5D02F12A079F4282BF4CF23E
:106E80007442C2F200025755ECE500BF92ED0F2AA2
:106E9000B4EE432AF1EE10FAFFF655AD9FED283A15
:106EA000B4EE432AF1EE10FA3FF74DAD02F138018E
:106EB00091ED023AB5EE403AF1EE10FA7FF743ADAC
:106EC000B4EE403AF1EE10FAB4EE412AC8BFB0EE8B
:106ED000430AF1EE10FAB4EE442AB8BFB0EE421AFB
:106EE000F1EE10FAD8BFB0EE442AB5EE400AF1EE4A
:106EF00010FA3FF730AD4CF27440C2F20000214668
:106F00002A22F9F74EFC45F28100C0F6010007F095
:106F1000A3F845F2F504C0F601042046002107F06D
:106F20005BF8BDF872304CF27442C2F200022046A7
:106F3000002107F0F9F81DB0BDE8F08F73310000B3
:106F40000024F4482DE9F0412DED028B98B04CF26D
:106F5000E818C2F2000898ED010AB5EE400AF1EE19
:106F600010FA0FDD9FED561AB4EE410AF1EE10FA59
:106F70000ADAB6EE001A30EE010ABCEEC00A10EED4
:106F8000103A03E0002301E04FF0FF3308AC4DA2BC
:106F900020464021F9F706FA45F27B0045F24E11F2
:106FA000C0F60100C0F60101224607F079F898ED1D
:106FB000020A9FED488A20EE080AB5EE400AF1EE7B
:106FC00010FA0FDD9FED3E1AB4EE410AF1EE10FA11
:106FD0000ADAB6EE001A30EE010ABCEEC00A10EE74
:106FE000100A03E0002001E04FF0FF3044F6D357D1
:106FF000C1F26207A0FB071293094FF47A7603FBF4
:10700000160545F29F1202ACC0F601022046182177
:107010000095F9F7C7F908AD2FA22846402123466D
:10702000F9F7C0F945F2880045F24E11C0F60100AB
:10703000C0F601012A4607F033F898ED030A20EE66
:10704000080AB5EE400AF1EE10FA0FDD9FED1C1AAA
:10705000B4EE410AF1EE10FA0ADAB6EE001A30EE9A
:10706000010ABCEEC00A10EE100A03E0002001E0A5
:107070004FF0FF30A0FB0712930903FB160745F200
:107080009F1202ACC0F60102204618210097F9F7C2
:1070900089F908AD14A2284640212346F9F782F960
:1070A00045F28B0045F24E11C0F60100C0F6010119
:1070B0002A4606F0F5FF18B0BDEC028BBDE8F08162
:1070C000FFFF7F4FC6B5C2CA46A3BA256C75487A82
:1070D0000000000000007A44B7E5B7E5D6B5567069
:1070E00070A3BA25736D5600D3D0D0A7D6B556720B
:1070F0006D73A3BA25736D560000000070B5866DE0
:10710000044600F03FF994F83510022928D10546CD
:107110002068216C026822F016020260426922F0A7
:107120008002426109B9A16C19B1016821F008011E
:107130000160016821F00101016000BF2068006862
:10714000C00715D000F01EF9401B0628F6D32020FA
:107150006065032084F83500002184F8341070BD88
:10716000802060650120002184F8341070BD00BFCC
:10717000E06D3F2101FA00F0B060012084F8350095
:107180000020002184F8341070BD000090F8351004
:10719000022909D1052180F835100068016821F025
:1071A0000101016000207047802141650120704786
:1071B000B0B5044600F0E6F8054640F20000C2F221
:1071C00000000078611C18BF044400BF00F0DAF82A
:1071D000401BA042FAD3B0BD2DE9F04F83B000F1BF
:1071E000200200F13E4741F60045009207F1FF778B
:1071F000C4F2020508224FEAB726A84208BF0722B8
:1072000000254FF000084FF00009072E38BF4FEA65
:10721000B72201920AE000BF09F1010908F1020852
:10722000B9F1100F05F1040500F0A2800F680122EA
:1072300002FA09FE17EA0E0AEED0D1F804C00322C2
:107240000CF003077E1E02FA08F4012E6FEA040B0D
:1072500012D88468CE6804EA0B0406FA08F63443B0
:107260008460446824EA0E06CCF3001404FA09F49E
:107270002643466004E000BF032F01D103271EE030
:10728000C6688C6806EA0B0604FA08F42643022F47
:10729000C66014D16FF00302009E02EA590756F847
:1072A00007C005F01C040F220B69A2402CEA020261
:1072B000A3401A43F251D1F804C00CF0030702684E
:1072C00007FA08F302EA0B021A431CF4403F02607B
:1072D000A2D0002243F644030292C4F202031A68C9
:1072E00043F6004442F480421A601A68C4F2010472
:1072F00002F480420292029A29F003024FF6084CEF
:107300002244CFF6FF7C52F80C3005F00C070F2614
:10731000BE40B343019E06FA07F73B4342F80C30E8
:10732000A2684B6842EA0A0743F60C4CDE0258BFDB
:1073300022EA0A07A760C4F2010CDCF800209E02D2
:1073400042EA0A0758BF22EA0A07CCF800706268CE
:107350009E0342EA0A0758BF22EA0A0767602268CA
:10736000DB0342EA0A0758BF22EA0A07276053E70D
:1073700003B0BDE8F08F0000002A08BF0904816156
:10738000704700004EF6E460C2F2000000687047EB
:1073900040F200004EF6E461C2F20000C2F20001C9
:1073A00000780A68104408607047000080B543F612
:1073B0000040C4F20200016841F4007101600168FC
:1073C00041F480610160016841F480710160032033
:1073D00000F086F80F2000F005F800F027F80020F4
:1073E00080BD000070B540F20006C2F2000640F217
:1073F00008013278C2F200014FF47A730968B3FBD6
:10740000F2F20446B1FBF2F1084600F083FE0F2CC5
:107410004FF0010508D838B94FF0FF30214600225F
:10742000002500F031F87460284670BD82B000205D
:1074300043F640010190C4F202014A6842F48042DE
:107440004A604A6802F480420192019A00900868FA
:1074500040F080500860086800F08050009000986C
:1074600002B07047002848BF704700F01F0101229A
:1074700002FA01F11C2202EAD0004EF20012CEF212
:10748000000281507047000010B54EF60C5CCEF241
:10749000000CDCF80030C3F3022E8EF00704042C3D
:1074A00028BF0424BEF103034FF0FF3E0EFA04F49C
:1074B00038BF0023A14399400EFA03F39A431143C6
:1074C00000F00F0200F160430901043A03F5644340
:1074D0006244002848BF02F10C03197010BD00007F
:1074E0004EF60C51CEF200010A684FF6FF031A4027
:1074F00060F30A2242F0806040F0FD70086070473F
:10750000002804BF012070472DE9F04143F6080828
:10751000C4F202080446D8F8F8030D4600F007004C
:10752000814207D988F8F853D8F8F80300F007002B
:10753000A84277D12068810717D5410705D5D8F82B
:10754000001041F4E051C8F80010010705D5D8F843
:10755000001041F46041C8F80010D8F80010A2688B
:1075600021F0F0011143C8F80010C00740D1D8F84D
:10757000F80300F00700854207D288F8F853D8F8DE
:10758000F80300F00700A8424CD12068410707D556
:10759000D8F80010E26821F4E0511143C8F8001057
:1075A000000708D5D8F80000216920F4604040EABF
:1075B000C100C8F8000000F07DF8D8F800104EF6C1
:1075C0006852C1F30311C0F60002515C40F2080298
:1075D00020FA01F140F20400C2F200000068C2F299
:1075E00000021160FFF7FEFE0020BDE8F08100BF41
:1075F0006068811E022907D258F8081C89015CBF07
:107600000120BDE8F08111E0012807D158F8081CDD
:1076100089035CBF0120BDE8F08107E058F8081C31
:10762000890703D40120BDE8F08100BFD8F800101D
:1076300021F003010843C8F80000FFF7A3FE064647
:1076400041F28837D8F80000616800F00C00B0EB18
:10765000810F8CD0FFF796FE801BB842F2D9032031
:10766000BDE8F08140F2080043F60801C2F20000D4
:10767000C4F20201006809684EF67852C1F3822113
:10768000C0F60002515CC8407047000040F208009C
:1076900043F60801C2F20000C4F202010068096862
:1076A0004EF67852C1F34231C0F60002515CC84038
:1076B0007047000010B543F60404C4F20204616888
:1076C000C1F3810142F20040C0F2F400DFE801F0B2
:1076D00002040A0210BD00BF47F64000C0F27D1050
:1076E00010BD00BF206821682368490247F64001A9
:1076F000C0F27D1100F03F02C3F388105CBF42F27C
:107700000041C0F2F401A1FB00010023F8F7D2FD13
:1077100021680222C1F3014102EB4101B0FBF1F00B
:1077200010BD0000002804BF012070472DE9F04182
:1077300082B00446007843F60006C007C4F2020691
:107740000CD0B06800F00C00042840F08180306854
:10775000800303D56068002800F0688120788007E6
:107760001BD5B06810F00C0F09D0B06800F00C0009
:10777000082840F087807068400200F183803068FC
:10778000800703D5E068012840F050813068216906
:1077900020F0F80040EAC10030602078000713D4E0
:1077A000207840072AD4A569002D00F03A81B068FE
:1077B00000F00C00082840F0A580012D40F00E815B
:1077C000012002B0BDE8F0816069002800F08280ED
:1077D0000020C4F247200121C0F8801EFFF7D2FD2F
:1077E000054600BF706F8007DAD4FFF7CBFD401B62
:1077F0000228F7D9032002B0BDE8F081306C5FEABF
:10780000C0080AD400200190306C40F080503064F1
:10781000306C00F080500190019847F20007C4F2EC
:1078200000073868C00547D4386840F48070386075
:10783000FFF7A8FD054600BF3868C0053CD4FFF738
:10784000A1FD401B0228F7D9032002B0BDE8F0815A
:10785000B06800F00C00082803D1706840023FF5C2
:1078600076AF61683068B1F5803F07D0B1F5A02FE1
:1078700040F09A8040F480203060306840F48030DE
:1078800030609AE0E068002840F20000C4F247202F
:107890005CD001210160FFF775FD05463068800767
:1078A0003FF574AFFFF76EFD401B0228F6D90320A9
:1078B00002B0BDE8F08100BFA168306F012905D09A
:1078C000052955D140F004003067306F40F00100C9
:1078D000306756E00020C4F247200021C0F8801E27
:1078E000FFF750FD054600BF706F80077FF558AF6A
:1078F000FFF748FD401B0228F6D9032002B0BDE87F
:10790000F08100BF0027C4F2472700203866FFF748
:1079100039FD022D05460DD13068800140F18A8085
:10792000FFF730FD401B02284FF00300F4D902B0EE
:10793000BDE8F0813068800173D5FFF723FD401B5F
:1079400002284FF00300F5D9F1E700BF00210160E4
:10795000FFF718FD054600BF306880077FF51DAFB3
:10796000FFF710FD401B02284FF00300F4D9DEE7BB
:1079700020F001003067306F002920F004003067EC
:107980007AD0FFF7FFFC054641F28837306F800759
:1079900000F18480FFF7F6FC401BB842F6D90320C3
:1079A00002B0BDE8F08100BF20F480303060306864
:1079B000002920F4802030607AD0FFF7E3FC0546F0
:1079C000306880033FF5CAAEFFF7DCFC401B64283B
:1079D000F6D9032002B0BDE8F08100BF7068E1690C
:1079E00000F480028A4221D1216A00F03F028A42DB
:1079F0001CD147F6C071626A0140B1EB821F15D1FC
:107A0000A16A4FF6FF73C903994300F44032A1F510
:107A100080318A420AD1E16A00F07060B0EB016FF8
:107A200004D1002002B0BDE8F08100BF012002B007
:107A3000BDE8F08104F11C052FCD084340EA821017
:107A4000D9034FF6FF729143A1F5803140EA0560FA
:107A50000843706001203866FFF794FC044600BFBD
:107A600030688001DDD4FFF78DFC001B02284FF049
:107A70000300F5D95BE700BFFFF784FC054641F240
:107A8000883700BF306F800708D5FFF77BFC401BAD
:107A9000B8424FF00300F5D949E700BFB8F1000F35
:107AA0003FF581AE306C20F0805030647BE600BF43
:107AB000FFF768FC054600BF306880037FF54EAED7
:107AC000FFF760FC401B64284FF00300F4D92EE759
:107AD00010B584B040F20801C2F20001096841F615
:107AE000F112C0F27652A1FB0212510A64225143F4
:107AF00002910299044603910168486820F0200031
:107B000048604868000607D44868400637D448688B
:107B1000800768D49CE000BF48F6C930C0F600007A
:107B20006064039810B303980138039094F85100EF
:107B300007281FD00398C8B103980138039094F820
:107B40005100072816D0039880B10398013803909C
:107B500094F8510007280DD0039838B103980138E4
:107B6000039094F851000728DBD103E0606D40F0EA
:107B7000400060650298039048684006C7D548F603
:107B80003530C0F600002064039818B3039801381C
:107B9000039094F85100072820D00398D0B103989F
:107BA0000138039094F85100072817D0039888B142
:107BB00003980138039094F8510007280ED00398D9
:107BC00040B103980138039094F851000728DBD1A5
:107BD00004E000BF606D40F04000606502980390D3
:107BE0004868800734D5A06C90B300210165FFF789
:107BF00085FA00281CBF402060652168486820F095
:107C0000020048600398F8B103980138039088682F
:107C100080071DD40398B8B1039801380390886891
:107C2000800715D4039878B10398013803908868C9
:107C300080070DD4039838B1039801380390886801
:107C40008007DFD504E000BF606D40F04000606554
:107C50004868C00712D0E06C80B100210165FFF7D1
:107C60004DFA00281CBF402060652168086820F09C
:107C700040000860486820F0010048600023E38766
:107C8000E386606D4FF0010C40284FF001001CBFEF
:107C9000636500200193CA6801928A680192019A83
:107CA000019389680191019984F851C004B010BD15
:107CB00070B528B1416A29B100210161142106E0A3
:107CC000012070BD4168B1F5827F02D01C210022E5
:107CD00042500026866290F8511029B980F8506011
:107CE000054600F03DF82846022180F8511090E842
:107CF0002E0002F482720C6803F4044324F0400462
:107D00000C601A4405F4006305691A4405F0020387
:107D100045691A4405F001038569C4691A4405F4EC
:107D200000731A4404F03803046A1A4404F0800310
:107D3000846A1A4304F400531A430A60436A042213
:107D400002EA154203F010031A444A60CA6922F499
:107D50000062CA610121466580F85110304670BD4D
:107D600080B586B043F200010068C4F20101002230
:107D700088420592CDE903220292019202D006B018
:107D800080BD00BF43F630000092C4F20200436998
:107D900043F480534361436903F480530093009B91
:107DA0000092036843F001030360006800F00100E3
:107DB00000900098E02001900220CDE9020203200B
:107DC00004900520059001F5504001A9FFF704FA41
:107DD00006B080BD2DE9F04383B01E4615460F4620
:107DE0000446FFF7CFFA94F851108146012909D1D2
:107DF000002F4FF0010018BF002D0FD103B0BDE8D8
:107E0000F08300BF6068B0F5827F0DD104294FF088
:107E10000200F3D1A1680029EAD0EFE7002EEDD0EF
:107E200094F85000012803D1022003B0BDE8F0838C
:107E3000012084F8500094F85100002104281CBF50
:107E4000052084F851006165A563E687A68727634E
:107E5000E6862068A686216461640168490603D429
:107E6000016841F0400101606168731EE268B1FA87
:107E700081F1B3FA83F3DDF8288049095B09B2F593
:107E8000006F41EA030165D131B137F8021BC160CF
:107E90002763E08E0138E086012518F1010032D118
:107EA00002E000BFFFF76EFAE08E18B9E08F0028FD
:107EB00000F0B8802068816889070CD5E18E51B147
:107EC000012D08D1216B002531F8022BC2602163FE
:107ED000E18E0139E1868168C907E3D0E18F00298D
:107EE000E0D0C068A16B012521F8020BA163E08FEF
:107EF0000138E087D6E700BFFFF744FAA0EB09009E
:107F0000404580F0A580E08E18B9E08F002800F091
:107F100089802068816889070CD5E18E51B1012DD7
:107F200008D1216B002531F8022BC2602163E18E5C
:107F30000139E1868168C907DED0E18F0029DBD0F5
:107F4000C068A16B012521F8020BA163E08F013805
:107F5000E087D1E739B139780173206B01302063B4
:107F6000E08E0138E086012518F1010032D101E0F0
:107F7000FFF708FAE08E10B9E08F002852D0206891
:107F8000816889070ED5E18E61B1012D0AD1216B7F
:107F9000002509780173216B206801312163E18E8E
:107FA0000139E1868168C907E2D0E18F0029DFD07D
:107FB000C068A16B01250870A06B0130A063E08F41
:107FC0000138E087D4E700BFFFF7DCF9A0EB090038
:107FD00040453DD2E08E08B9E08F18B32068816833
:107FE00089070ED5E18E61B1012D0AD1216B0025E3
:107FF00009780173216B206801312163E18E013919
:10800000E1868168C907DFD0E18F0029DCD0C06834
:10801000A16B01250870A06B0130A063E08F0138CF
:10802000E087D1E72046022101224346CDF80090A7
:1080300000F0D8FDB0B1606D40F0200060652020F8
:108040006065002084F85000012003B0BDE8F08393
:10805000012084F85100002084F85000032003B070
:10806000BDE8F08340F20800C2F20000006849F663
:108070008171C1F25E61A0FB0101480D4FF47A717C
:10808000484302906068B0F5827F0BD12046802182
:1080900000224346CDF8009000F0A4FD0028CAD18C
:1080A00021E000BF0298F0B10298013802902068E8
:1080B0008168090617D50299A9B10299013902917F
:1080C000816809060FD5029969B1029901390291B7
:1080D0008168090607D5029929B1029901390291EF
:1080E00080680006DED4A06838B9002001902068BE
:1080F000C1680191806801900198012084F85100C5
:10810000002084F85000606D002818BF012003B0E3
:10811000BDE8F083411E0020B0EB116F1CBF0120B1
:1081200070474EF21002CEF2000251604EF623511B
:10813000CEF20001F0230B700721906011607047B0
:108140007047000040F29811C2F20001884218BF47
:10815000704710B540F27004C2F20004A068A11C80
:108160000130A06040F29810C2F20000012200F03D
:1081700045FB10B1A0680130A060BDE81040704719
:10818000B0B582B001680A68CC684B6902F02F056F
:10819000202D04F0200505D125B102B0BDE8B04086
:1081A00004F096B95FEA027C1EBF03F0010E04F4EE
:1081B000907313EB0E0341D1036BD50618D5012B39
:1081C00016D114F0100313D0002201920A68019214
:1081D0004A680192019A496949064BD4818DC28D42
:1081E000C38D002B18BF914240F0068202B0B0BD93
:1081F00013062DD514F080032AD090F84120212AAF
:10820000F4D18268B2F5805F03D10269002A00F0E0
:108210007982026A531C036212784A60C28C013A66
:108220001304C284E2D1C86820F08000C860C86826
:1082300040F04000C86002B0B0BD00BFD30718BF17
:1082400014F4807340F0E280530700F1E580EAE027
:108250005206CBD514F04002C8D0CA6822F04002C2
:10826000CA60202180F8411002B0BDE8B04000F0A3
:10827000E7BB00BFC26B11684B68858D99B20029BE
:1082800000F0B480A94280F0B180C385D169B1F516
:10829000807F00F0A080016851E8031F026821F48C
:1082A000807142E80313DBB1016851E8031F0268E3
:1082B00021F4807142E8031393B1016851E8031F70
:1082C000026821F4807142E803134BB1016851E860
:1082D000031F026821F4807142E80313002BDAD1F6
:1082E000016851E8051F026821F0010142E8051309
:1082F000BBB3016851E8051F026821F0010142E8A3
:10830000051373B3016851E8051F026821F00101EC
:1083100042E805132BB3016851E8051F026821F0FC
:10832000010142E80513002BDAD11AE0016851E897
:10833000051F026821F0400142E80513DBB1016826
:1083400051E8051F026821F0400142E8051393B18E
:10835000016851E8051F026821F0400142E8051359
:108360004BB1016851E8051F026821F0400142E865
:108370000513002BDAD1202180F84210002101637F
:10838000016851E8031F026821F0100142E803135D
:10839000DBB1016851E8031F026821F0100142E8D7
:1083A000031393B1016851E8031F026821F0100123
:1083B00042E803134BB1016851E8031F026821F042
:1083C000100142E80313002BDAD1C16B04460846C2
:1083D000FEF794FE204602214163818DC28D891AE9
:1083E00089B202B0BDE8B040FFF7AABE8D427FF46B
:1083F000FDAED269B2F5807F7FF4F8AE022242630F
:1084000002B0BDE8B040FFF79BBE00BF436C43F035
:1084100001034364530706D5BEF1000F03D0436C3C
:1084200043F002034364930706D5BEF1000F03D067
:10843000436C43F004034364BCF1000F06D55EEACD
:10844000050303D0436C43F008034364436C002BE3
:108450003FF4CCAE920605D525B1044604F038F8B9
:10846000216820464969426C01F0400102F008028F
:10847000891800F0B98000BF016851E8031F026845
:1084800021F4907142E80313BBB3016851E8031F64
:10849000026821F4907142E8031373B3016851E854
:1084A000031F026821F4907142E803132BB30168A3
:1084B00051E8031F026821F4907142E80313002B76
:1084C000DAD11AE0016851E8051F026821F00101C4
:1084D00042E80513DBB1016851E8051F026821F08D
:1084E000010142E8051393B1016851E8051F0268D4
:1084F00021F0010142E805134BB1016851E8051F65
:10850000026821F0010142E80513002BDAD1016B6A
:10851000012924D1016851E8031F026821F01001EC
:1085200042E80313DBB1016851E8031F026821F040
:10853000100142E8031393B1016851E8031F026878
:1085400021F0100142E803134BB1016851E8031F09
:10855000026821F0100142E80313002BDAD1202138
:1085600080F842100021016301684969490640F121
:10857000C380016851E8051F026821F0400142E80C
:108580000513DBB1016851E8051F026821F04001C5
:1085900042E8051393B1016851E8051F026821F014
:1085A000400142E805134BB1016851E8051F02681C
:1085B00021F0400142E80513002BDAD1C16B0029FC
:1085C00000F09A804CF2C542C0F60002044608460C
:1085D0000A65FEF7DBFD00283FF408AEE06B016D95
:1085E00002B0BDE8B04008470446FFF7ABFD0020ED
:1085F000606402B0B0BD00BF891A00BF026852E8D3
:10860000032F036822F4907243E80325BDB3026888
:1086100052E8032F036822F4907243E8032575B3F0
:10862000026852E8032F036822F4907243E803259E
:108630002DB3026852E8032F036822F4907243E8D6
:108640000325002DDAD11AE0026852E8052F0368ED
:1086500022F0010243E80525DDB1026852E8052F4A
:10866000036822F0010243E8052595B1026852E84B
:10867000052F036822F0010243E805254DB1026889
:1086800052E8052F036822F0010243E80525002D7A
:10869000DAD1202280F8422000220263026852E8E8
:1086A000032F036822F0100243E80325DDB10268BE
:1086B00052E8032F036822F0100243E8032595B126
:1086C000026852E8032F036822F0100243E80325F2
:1086D0004DB1026852E8032F036822F0100243E80C
:1086E0000325002DDAD1022289B2426302B0BDE82F
:1086F000B040FFF725BD00BF02B0BDE8B040FFF7B6
:1087000021BD00BF026A32F8023B6FF35F234B606A
:10871000026283E5002804BF0120704710B50446BB
:1087200090F8410028B9002084F84000204600F06D
:1087300021F8242084F841002068C16821F4005108
:10874000C160204603F044FF2068016921F4904194
:108750000161416921F02A014161C16841F4005180
:10876000C16000202021606484F8411084F8421028
:10877000606310BD80B586B041F200010068C4F2AC
:108780000101002288420592CDE903220292019262
:1087900002D006B080BD00BF43F630000092C4F2A4
:1087A0000200436943F010034361436903F010037F
:1087B0000093009B0092036843F00103036000688C
:1087C00000F00100009000984FF4C060019002207A
:1087D000CDE90202032004900720059001F57040C6
:1087E00001A9FEF7F9FC252005210022FEF74CFE29
:1087F0002520FEF737FE06B080BD000090F842301D
:10880000202B07D100294FF0010318BF002A05D102
:108810001846704702231846704700BF00230363C1
:10882000816222218285C285436480F842100169F9
:10883000006819B1C16841F48071C160416941F0BB
:1088400001014161C16841F02001C16018467047D3
:1088500040F29811C2F20001884218BF704710B56B
:1088600040F27004C2F20004606801306060207859
:108870006178013000F00700884203D1A068013020
:10888000A06004E02178A27821440A73207040F2AD
:108890009810A11CC2F200000122FFF7AFFF10B137
:1088A000A0680130A060BDE8104070472DE9F0439A
:1088B00081B0044690F84100202809D100294FF0EA
:1088C000010018BF002A07D101B0BDE8F08300BF46
:1088D000022001B0BDE8F0830020606421201D4625
:1088E0000E4684F841001746FEF74CFDA784E78446
:1088F000A1688146B1F5805F02D1206900285DD072
:1089000037460020E28C2168002A5DD06A1C24D002
:10891000002D4AD0804600BF0868000608D4FEF744
:1089200031FDA0EB0900A8427AD82168C868F3E7B6
:1089300017B117F8010B04E038F8020B00276FF3AA
:108940005F204860E08C0138E084E08C0028E3D1AF
:108950003AE000BF0A68120609D40A68120606D473
:108960000A6812065CBF0A685FEA0262F2D51FB1AC
:1089700017F8012B05E000BF30F8022B00276FF33A
:108980005F224A60E28C013AE284E28C002AE4D160
:108990001AE000BF30F8022B00276FF35F224A6015
:1089A000E28C013AE284E28C72B10A68120635D593
:1089B000002FEFD017F8012BF1E700BF002730465A
:1089C000E28C2168002AA1D1086840061ED42DB38C
:1089D000681C14D1086840062AD40868400627D4C9
:1089E0000868400624D4086840064FF00000F1D51E
:1089F0000DE000BF2068C1680068400618D4FEF78B
:108A0000C1FCA0EB0900A842F4D909E00020202114
:108A100084F8411001B0BDE8F08300BFFEF7B2FC5E
:108A20000320202184F8411001B0BDE8F08300BF8D
:108A30000020202184F8411001B0BDE8F08300003F
:108A400070470000FEE70000F0B587B0002543F650
:108A500030000695CDE90455CDE902550195C4F2E3
:108A600002000168002441F0010101600068C4F2C5
:108A7000020400F00100019001982046102101221B
:108A800010260127FEF778FC0320059002A9204656
:108A9000CDE902670495FEF79FFB07B0F0BD00002B
:108AA00010B540F2401043F20001C2F20000C4F2DF
:108AB00001014FF4827200234FF4006C4FF4007EEA
:108AC000282480E80E100A21C0E90433C0E906E436
:108AD000C0E90833C0E90A31FFF7EAF8002808BF07
:108AE00010BDBDE81040F7F7A9BF000080B540F207
:108AF000981041F20001C2F20000C4F2010100230B
:108B00004FF00C0C4FF4612280E80E00C0E90333F3
:108B1000C0E905C3C361FFF7FDFD002808BF80BDA4
:108B2000BDE88040F7F78ABFFEE70000FEE70000DF
:108B30007047000082B00021019140F20801C2F2AA
:108B40000001096841F6F112C0F27652A1FB02124F
:108B5000510A6422514300910099F9B100990139F9
:108B6000009101688A6892071DD4009AB2B1009AF8
:108B7000013A00928A68920715D4009A72B1009A5D
:108B8000013A00928A6892070DD4009A32B1009A95
:108B9000013A00928A689207DED504E00168426DCE
:108BA00042F0400242650A6822F040020A604A68C8
:108BB00022F0E0024A60C96801910199072180F81A
:108BC000511002B07047000001684A6822F080022C
:108BD0004A600A6822F040020A60072180F85110BA
:108BE000704700002DE9F04381B0089C9846154677
:108BF0000E468146FEF7C6FB201A00EB0804FEF77E
:108C0000C1FB40F20801C2F200010968C1F3CB3197
:108C100061430091D9F800108A683240921BB2FA81
:108C200082F25209954203D1002001B0BDE8F083E1
:108C3000074618F101000ED130E000BF009801385E
:108C40000090D9F8000080683040801BB0FA80F0B6
:108C500040098542E8D0FEF795FBC01BA04227D211
:108C600000980028EAD10024EBE700BF8868304074
:108C7000801BB0FA80F040098542D5D0886830402A
:108C8000801BB0FA80F040098542CDD08868304022
:108C9000801BB0FA80F040098542C5D0886830401A
:108CA000801BB0FA80F040098542DFD1BCE700BFED
:108CB000D9E900014268B1F5827F22F0E00242600A
:108CC0000BD1D9F80810B1F5004F02D0B1F5806F83
:108CD00003D1016821F040010160D9F82810B1F5F5
:108CE000005F07D1016821F400510160016841F47F
:108CF00000510160012089F85100002089F85000DE
:108D0000032001B0BDE8F083704700002DE9F04F6B
:108D100081B02DED108BADF54C7D824600284FF0D3
:108D2000000001F04B810D46002901F0478140F21F
:108D3000C808C2F2000888F8000028464821F7F762
:108D400038FD1CA8C021F7F734FD98F802004AF25C
:108D5000E4190028C2F2000940F0F9809FED068A6C
:108D60009FED069A9FED06BA00276FF00706BEEE4C
:108D700000AAB6EE00CA07E0DB0FC94000F07F454D
:108D800000FEFF4600000000B8B200EE100AB8EE88
:108D9000400A20EE080A80EE090A05F097FB781CCD
:108DA00080B201EE100AB8EE411A21EE081A81EEE7
:108DB000091A20EE0A0A30EE0C0A20EE0B0A30EEF9
:108DC0000C0ABDEEC00A10EE100A09EB0604208161
:108DD000B0EE410A05F07AFBB81C80B201EE100A31
:108DE000B8EE411A21EE081A81EE091A20EE0A0A9D
:108DF00030EE0C0A20EE0B0A30EE0C0ABDEEC00A73
:108E000010EE100A09EB47014880B0EE410A05F068
:108E10005DFBF81C80B201EE100AB8EE411A21EE9B
:108E2000081A81EE091A20EE0A0A30EE0C0A20EE2A
:108E30000B0A30EE0C0ABDEEC00A10EE100AA0813B
:108E4000B0EE410A05F042FB381D80B201EE100A77
:108E5000B8EE411A21EE081A81EE091A20EE0A0A2C
:108E600030EE0C0A20EE0B0A30EE0C0ABDEEC00A02
:108E700010EE100AE081B0EE410A05F027FB781DE4
:108E800080B201EE100AB8EE411A21EE081A81EE06
:108E9000091A20EE0A0A30EE0C0A20EE0B0A30EE18
:108EA0000C0ABDEEC00A10EE100A2082B0EE410A94
:108EB00005F00CFBB81D80B201EE100AB8EE411AA5
:108EC00021EE081A81EE091A20EE0A0A30EE0C0A89
:108ED00020EE0B0A30EE0C0ABDEEC00A10EE100AAE
:108EE0006082B0EE410A05F0F1FAF81D80B201EEA1
:108EF000100AB8EE411A21EE081A81EE091A20EE86
:108F00000A0A30EE0C0A20EE0B0A30EE0C0ABDEE17
:108F1000C00A10EE100AA082B0EE410A05F0D6FA9F
:108F200020EE0A0A30EE0C0A20EE0B0A30EE0C0A94
:108F3000BDEEC00A083710EE100AB7F5805F06F1E3
:108F40001006E0827FF420AF012088F8020098F834
:108F5000010058B908F104004FF4805104F0DCFF1F
:108F6000002841F02A80012088F801001FED7B0ACB
:108F70000AF12000002106953AF901300AEB0102BE
:108F800001EE103AB2F90230B8EEC11A30EE010A21
:108F9000B2F9047001EE103AB8EEC11AB2F90660E7
:108FA00030EE010A01EE107AB8EEC11AB2F908509B
:108FB00030EE010A01EE106AB8EEC11A30EE010A75
:108FC00001EE105AB2F90A30B8EEC11A30EE010AB9
:108FD00001EE103AB2F90C30B8EEC11A30EE010AC7
:108FE00001EE103AB2F90E30B8EEC11A30EE010AB5
:108FF00001EE103AB2F91030B8EEC11A30EE010AA3
:1090000001EE103AB2F91230B8EEC11A30EE010A90
:1090100001EE103AB2F91430B8EEC11A30EE010A7E
:1090200001EE103AB2F91630B8EEC11A30EE010A6C
:1090300001EE103AB2F91830B8EEC11A30EE010A5A
:1090400001EE103AB2F91A30B8EEC11A30EE010A48
:1090500001EE103AB2F91C30B8EEC11A30EE010A36
:1090600001EE103A431833F9023CB8EEC11A30EE63
:10907000010A01EE103A435EB8EEC11A30EE010A61
:1090800001EE103AB2F92230B8EEC11A30EE010A00
:1090900001EE103AB2F92430B8EEC11A30EE010AEE
:1090A00001EE103AB2F92630B8EEC11A30EE010ADC
:1090B00001EE103AB2F92830B8EEC11A30EE010ACA
:1090C00001EE103AB2F92A30B8EEC11A30EE010AB8
:1090D00001EE103AB2F92C30B8EEC11A30EE010AA6
:1090E00001EE103AB2F92E30B8EEC11A30EE010A94
:1090F00001EE103AB2F93030B8EEC11A30EE010A82
:1091000001EE103AB2F93230B8EEC11A30EE010A6F
:1091100001EE103AB2F93430B8EEC11A30EE010A5D
:1091200001EE103AB2F93630B8EEC11A30EE010A4B
:1091300001EE103AB2F93830B8EEC11A30EE010A39
:1091400001EE103AB2F93A30B8EEC11A30EE010A27
:1091500001EE103AB2F93C30B8EEC11A30EE010A15
:1091600001EE103AB2F93E20B8EEC11A30EE010A13
:1091700001EE102AB8EEC11A4031B1F5005F30EEB1
:10918000010A7FF4F9AE9FEDB5CA42F2E410C2F2D3
:1091900000009FEDF51A20EE0C0AA0F11002A9F1D3
:1091A0000800AAF108014FF48053CDF848A000BF91
:1091B00031F910CF30F910EF31F9086C31F9064C64
:1091C00002EE106A30F9086CB8EEC22A03EE106A9B
:1091D000B8EEC33A32EE402A30F9065C23EE013A8B
:1091E00022EE032A82ED042A02EE104A03EE105A00
:1091F000B8EEC22AB8EEC33A31F904AC30F9047CB7
:1092000032EE402A23EE013A22EE032A82ED052AAD
:1092100002EE10AA03EE107AB8EEC22AB8EEC33AF4
:1092200031F9029C30F902BC32EE402A23EE013AB9
:1092300022EE032A82ED062A02EE109A03EE10BAFD
:10924000B8EEC22AB8EEC33A32EE402A23EE013A13
:1092500022EE032A82ED072A02EE10CA03EE10EA7C
:10926000B8EEC22AB8EEC33A32EE402A23EE013AF3
:10927000B1F9027022EE032A82ED082A02EE107A7A
:10928000B0F90270B8EEC22A03EE107AB8EEC33A13
:1092900032EE402A23EE013AB1F9047022EE032A9D
:1092A00082ED092A02EE107AB0F90470B8EEC22AF3
:1092B00003EE107AB8EEC33AB1F9066032EE402AF6
:1092C000B0F9065023EE013A22EE032A82ED0A2A73
:1092D00002EE106A03EE105AB8EEC22AB8EEC33A94
:1092E00032EE402A23EE013A22EE032A82ED0B2AC7
:1092F0002032083B7FF45CAF46F2E41542F2E41101
:10930000C2F2000508F10400C2F200012A4600235F
:10931000002404F0BDFA01209FEDBF0A88F8000088
:1093200043F23020291991ED421A91ED432A91ED33
:10933000443A91ED454A22EE022A21EE011A31EE1D
:10934000021A91ED465A91ED476A30EE010A24EE79
:10935000041A23EE032A32EE011A91ED487AD1ED78
:10936000490A30EE010A26EE061A25EE052A32EEEB
:10937000011A30EE010A20EEA01A27EE072A32EE7B
:10938000011A30EE010A91ED4A1A91ED4B2A91ED46
:109390004C3A91ED4D4A22EE022A21EE011A31EEAD
:1093A000021A91ED4E5A91ED4F6A30EE010A24EE09
:1093B000041A23EE032A32EE011A91ED507AD1ED10
:1093C000510A30EE010A26EE061A25EE052A32EE83
:1093D000011A30EE010A20EEA01A27EE072A32EE1B
:1093E000011A30EE010A91ED521A91ED532A91EDD6
:1093F000543A91ED554A22EE022A21EE011A31EE3D
:10940000021A91ED565A91ED576A30EE010A24EE98
:10941000041A23EE032A32EE011A30EE010A26EE78
:10942000061A25EE052A32EE011A5834844230EE2F
:10943000010A7FF477AF95ED001A1CA8DDF818B08B
:1094400021EE01DA00F1340120384FF0210A40F218
:10945000676300221591149020E000BF000080395E
:1094600016991CAB1FFA8AF203EB0110090102EEF8
:10947000102A46F2E415179A23F801A0B8EE422A02
:109480000021C2F2000540F2676380ED011A80ED11
:10949000022AC1609E45F24600F0088105EBCA0031
:1094A00010ED021A10ED012A90ED003A90ED014AFC
:1094B00022EE022A21EE011A31EE022A24EE041ACB
:1094C00023EE033A33EE011AB4EE421AF1EE10FA2B
:1094D0000AF1010EDEDD05EBCE0090ED012A90EDE4
:1094E000003A22EE022A23EE033A33EE022AB4EEC9
:1094F000421AF1EE10FACDDB100637D0D6B2159D28
:109500007142032015ED0C2AB4EE412AF1EE10FA57
:1095100030DB0F18022F1DD015ED082AB4EE412ABA
:10952000F1EE10FA28DB012F14D015ED042AB4EE69
:10953000412AF1EE10FA21DB67B195ED002AB4EE75
:10954000412AF1EE10FA1ADB04300F18032F05F14F
:109550004005D7D146F2E41510463446C2F2000564
:10956000C1B20B2996D813E0000000380020002477
:1095700010E000BF033802E0023800E0013846F294
:10958000E415C2F200050446C1B20B293FF682AFD2
:109590000B2E03D81694013201E000BF1694A2F1FD
:1095A00001095FFA89F75FFA80F8474517927FF65D
:1095B00057AF179EC143314411F0030240D01CAC99
:1095C00004EB071555E904314FEA071C44F80C3049
:1095D0002B1D012AA7F1010C55E9029B83E8020A21
:1095E00004D1A6F10209674628E000BF04EB0C1184
:1095F00051E9045351E9029B04314FEA0C1C81E804
:10960000080A022AA7F1020144F80C5006D1A6F17B
:1096100003090F4612E000BF0000000004EB011335
:109620004FEA011C53E9045153E90229043383E84A
:109630000602A6F10409033F44F80C50DDF818B007
:10964000301A0238C0B20328FFF40AAF149800EBB6
:10965000071000BFD0E90631A0F12007C0E90A31A8
:10966000D0E9043150E90526C0E90831D0E90013FA
:1096700010E93010C0E90413D0E90213A9F104097C
:10968000C0E906138ACF40F80C3C40F8101C5FFA82
:1096900089F140F8087C40F8042CC0E90064C0E976
:1096A000025C4145A0F14000D4D8D9E6100600F094
:1096B00081849FEDBF1A1CA880EE01EA95ED010A96
:1096C0005FED2B8ADFEDBB9A9FEDBBBA20EE00FA6F
:1096D000D7B200F10806F6EE00AAFEEE00BA40F698
:1096E000010A4FF6FF7840F2FF79169713E000BFAA
:1096F00000EE104AB8EE400A31EE000A20EE0B1AD6
:1097000021EE0C1A86ED000A86ED011A013F06F1E2
:10971000100600F0A58036F8084C012C04D0544502
:109720006CD1281D01E000BF284690ED000A05EB32
:10973000C40090ED011A90ED002A21EE011A22EEEC
:10974000022A20EE000A32EE018A601C80B205EB8C
:10975000C00090ED011A90ED002A21EE011A22EED0
:10976000022A32EE019AB5EE400AF1EE10FAB0EE9E
:10977000681ABDDDB5EE408AF1EE10FAB0EE681A57
:10978000B6DDB5EE409AF1EE10FAB0EE681AAFDD34
:1097900004F07CFFB0EE40AAB0EE480A04F076FF79
:1097A000B0EE408AB0EE490A04F070FF38EE081AB5
:1097B0003AEE411A31EE002AB0EEC21AB4EE691A3E
:1097C000F1EE10FAB0EE681A92DD3AEE400A20EEA1
:1097D0002A0A80EE020AB0EE6A1AB4EE6A0AF1EEC4
:1097E00010FA3FF785AFB4EE6B0AB0EE401AF1EE17
:1097F00010FAB8BFB0EE6B1A7AE700BF601E80B2F5
:1098000005EBC00090ED010A90ED001A20EE000A71
:1098100021EE011A31EE000A34B1B4F5006F07D120
:10982000B0EE4F8A91E700BFB0EE4D8A8DE700BFE2
:1098300005EBC40090ED011A90ED002A21EE011A0B
:1098400022EE022A444532EE018A05D04C45B0EEA4
:109850004F9A3FF488AF78E7B0EE4D9A83E700BFA8
:109860009DED1D0A9FEDC41A169F20EE011A042FCC
:1098700007F0030017900BD29FEDC02A4FF0FF387E
:1098800000200DF1700A1799002940F09B80EEE04E
:109890006FF030009FEDB92A9FEDB93A00EA07104A
:1098A0004FF0FF38002103220DF1700A06E000BFDF
:1098B0004031884202F1040200F080800AEB01038B
:1098C00093ED014AB4EE414AF1EE10FA16DA93ED47
:1098D000054AB4EE414AF1EE10FA27DA93ED094A4F
:1098E000B4EE414AF1EE10FA38DA93ED0D4AB4EED7
:1098F000414AF1EE10FADBDB48E000BF93ED034A8A
:1099000034EE034AB0EEC44AB4EE424AF1EE10FA25
:10991000CCBFB0EE424AA2F10308B0EE442A93ED68
:10992000054AB4EE414AF1EE10FAD7DB93ED074A4F
:1099300034EE034AB0EEC44AB4EE424AF1EE10FAF5
:10994000CCBFB0EE424AA2F10208B0EE442A93ED39
:10995000094AB4EE414AF1EE10FAC6DB93ED0B4A28
:1099600034EE034AB0EEC44AB4EE424AF1EE10FAC5
:10997000CCBFB0EE424AA2F10108B0EE442A93ED0A
:109980000D4AB4EE414AF1EE10FA91DB93ED0F4A25
:1099900034EE034AB0EEC44AB4EE424AF1EE10FA95
:1099A000CCBFB0EE424A9046B0EE442A80E700BFFA
:1099B00000C0C84408E53C1E80969849D01E1799FF
:1099C000002954D00AEB001191ED013AB4EE413A6E
:1099D000F1EE10FA11DB91ED033A9FED694A33EE97
:1099E000043AB0EEC33AB4EE423AF1EE10FACCBF0C
:1099F000B0EE423A8046B0EE432A1799012936D09C
:109A0000411C0AEB011292ED013AB4EE413AF1EE3B
:109A100010FA11DB92ED033A9FED594A33EE043A06
:109A2000B0EEC33AB4EE423AF1EE10FACCBFB0EE6B
:109A3000423A8846B0EE432A1799022917D00230DD
:109A40000AEB001191ED013AB4EE413AF1EE10FA51
:109A50000DDB91ED031A9FED4A3A31EE031AB0EE99
:109A6000C11AB4EE421AF1EE10FAD8BF80469FED4B
:109A7000D92AB1EE001A2EEE019A20EE020AB4EEB7
:109A8000409A6FF030009FEDD41A9FEDD48A9FED7D
:109A90003B2AF1EE10FAB8BFB0EE409A00EA071088
:109AA000BFEE000A4FF000094FF0000C4FF0000E1F
:109AB00009E000BFB0EE430A9E46CC4609F1010919
:109AC000B94500F027810AEB091191ED013AB4EE96
:109AD000493AF1EE10FAF1DB91ED034A012400233B
:109AE000B0EE413A05E000BF322A04F1010480F0F3
:109AF0000181E2B205EE102AB8EE455A24EE055A6D
:109B0000B4EE485AF1EE10FA00F3F4804FF0FF364D
:109B1000042F07D20025B0EE426A1799002940F0C1
:109B20008C80DBE000270325B0EE426A05E000BF31
:109B30004037B84205F104057AD00AEB070191EDF0
:109B4000017AB4EE497AF1EE10FA1BDA91ED057A5A
:109B5000B4EE497AF1EE10FA2BDA91ED097AB4EE0F
:109B6000497AF1EE10FA3BDA91ED0D7AB4EE497ACA
:109B7000F1EE10FADCDB4AE017B7D13820BC3E44E6
:109B8000002474C891ED037A37EE457AB0EEC77AB7
:109B9000B4EE467AF1EE10FACCBFB0EE467AEE1E85
:109BA000B0EE476A91ED057AB4EE497AF1EE10FA1B
:109BB000D3DB91ED077A37EE457AB0EEC77AB4EE93
:109BC000467AF1EE10FACCBFB0EE467AAE1EB0EE99
:109BD000476A91ED097AB4EE497AF1EE10FAC3DBE7
:109BE00091ED0B7A37EE457AB0EEC77AB4EE467A4D
:109BF000F1EE10FACCBFB0EE467A6E1EB0EE476AB8
:109C000091ED0D7AB4EE497AF1EE10FA90DB91ED18
:109C10000F7A37EE457AB0EEC77AB4EE467AF1EEB7
:109C200010FACCBFB0EE467A2E46B0EE476A7FE718
:109C3000169F033D1799002950D00AEB051191EDAD
:109C4000017AB4EE497AF1EE10FA0FDB91ED037A66
:109C500037EE457AB0EEC77AB4EE467AF1EE10FAF6
:109C6000CCBFB0EE467A2E46B0EE476A179901296E
:109C700034D0691C0AEB011797ED017AB4EE497AEA
:109C8000F1EE10FA0FDB97ED037A37EE457AB0EE7E
:109C9000C77AB4EE467AF1EE10FACCBFB0EE467A4F
:109CA0000E46B0EE476A1799169F022916D0A91CD6
:109CB0000AEB011595ED017AB4EE497AF1EE10FA4E
:109CC0000CDB95ED037A37EE455AB0EEC55AB4EE8B
:109CD000465AF1EE10FAD8BF0E4600BF002E3FF5EF
:109CE00003AF0AEB061191ED015A013333EE053A49
:109CF000FAE600BF5FFA8EF1DAB28A423FF6DAAED8
:109D00007FF4DCAEB4EE403AF1EE10FA3FF7D2AE9B
:109D1000D4E600BF5FEA0E6000F04C815FFA8CF081
:109D20000AEB00109FED2C0A90ED032A6FF0300033
:109D30001FED6E3A00EA0710012100220DF16D09B6
:109D4000B0EE401A4FF0000CCBB204EE103AB8EE71
:109D5000444A22EE045AB4EE485AF1EE10FA00F3E7
:109D60000981042F0AD24FF0FF370026B0EE436A74
:109D7000179D002D40F08E80DCE000BF4FF0FF37D4
:109D800000260325B0EE436A05E000BF4036B0422E
:109D900005F104057AD00AEB060494ED017AB4EEDD
:109DA000497AF1EE10FA1BDA94ED057AB4EE497AAD
:109DB000F1EE10FA2BDA94ED097AB4EE497AF1EE6D
:109DC00010FA3BDA94ED0D7AB4EE497AF1EE10FA1E
:109DD000DCDB4AE077CC2B32000000005E83F448E5
:109DE00094ED037A37EE457AB0EEC77AB4EE467A50
:109DF000F1EE10FACCBFB0EE467AEF1EB0EE476A35
:109E000094ED057AB4EE497AF1EE10FAD3DB94EDD5
:109E1000077A37EE457AB0EEC77AB4EE467AF1EEBD
:109E200010FACCBFB0EE467AAF1EB0EE476A94EDA2
:109E3000097AB4EE497AF1EE10FAC3DB94ED0B7AAD
:109E400037EE457AB0EEC77AB4EE467AF1EE10FA04
:109E5000CCBFB0EE467A6F1EB0EE476A94ED0D7A35
:109E6000B4EE497AF1EE10FA90DB94ED0F7A37EE0A
:109E7000457AB0EEC77AB4EE467AF1EE10FACCBF6E
:109E8000B0EE467A2F46B0EE476A7FE7EE1E179D8A
:109E9000002D4FD00AEB061595ED017AB4EE497A04
:109EA000F1EE10FA0FDB95ED037A37EE457AB0EE5E
:109EB000C77AB4EE467AF1EE10FACCBFB0EE467A2D
:109EC0003746B0EE476A179D012D33D0751C0AEB5B
:109ED000051494ED017AB4EE497AF1EE10FA0FDB35
:109EE00094ED037A37EE457AB0EEC77AB4EE467A4F
:109EF000F1EE10FACCBFB0EE467A2F46B0EE476ACC
:109F0000179D022D16D002360AEB061595ED017A43
:109F1000B4EE497AF1EE10FA0CDB95ED037A37EEE8
:109F2000455AB0EEC55AB4EE465AF1EE10FAD8BF13
:109F3000374600BF002F13D40AEB071797ED015ADD
:109F400097ED036AB1EEC55A86EE044A0CF1010C96
:109F500009F8021030EE050A24EE054A34EE011A23
:109F6000169F312B06D85FFA8CF2032A01F101010A
:109F7000FFF4EAAE5FEA0C601CD0B5EE400AF1EEE9
:109F800010FA17DD81EE000A9FED6CAACDF808C02B
:109F900080EE0A0A04F030FC02994FF0FF3050FACC
:109FA00081F020EE0AAA032801F0030C0ED2002152
:109FB00044E000BF02208BF8010000200DF54C7D2D
:109FC000BDEC108B01B0BDE8F08F00BFC9B201F04D
:109FD000FC0118AA4942A2F1100709F101036FF030
:109FE000030200BF9E18F57834797079B67900EED7
:109FF000105A01EE104A02EE100A03EE106AB8EE93
:10A00000400AB8EE411AB8EE422AB8EE433A04329A
:10A010002AEE000A2AEE011A2AEE022A2AEE033A52
:10A02000881887ED040A87ED051A87ED062A87ED63
:10A03000073A10370430D5D1169F111DBCF1000F1F
:10A040002CD019F8010018AA00EE100AB8EE400A48
:10A050002AEE000A02EB8100BCF1010F80ED000A3C
:10A060001CD0481C19F8003002EB800000EE103ABA
:10A07000B8EE400A2AEE000ABCF1020F80ED000A99
:10A080000CD0881C19F8001002EB800000EE101AAA
:10A09000B8EE400A2AEE000A80ED000A6FF03000A8
:10A0A0009FEDD60A9FEDD61A00EA0711012200277C
:10A0B0000DF1600C4FF0000ED4B202EE104AB8EE73
:10A0C000422A2AEE022AB4EE482AF1EE10FA00F3F0
:10A0D000038116984FF0FF360023042806D2B0EE15
:10A0E000403A1798002840F08580D3E00325B0EE71
:10A0F000403A04E04033994205F1040576D00AEB7A
:10A10000030090ED014AB4EE494AF1EE10FA17DA75
:10A1100090ED054AB4EE494AF1EE10FA27DA90EDD7
:10A12000094AB4EE494AF1EE10FA37DA90ED0D4AD9
:10A13000B4EE494AF1EE10FADCDB46E00000FA43E7
:10A1400090ED034A34EE424AB0EEC44AB4EE434ABC
:10A15000F1EE10FACCBFB0EE434AEE1EB0EE443A38
:10A1600090ED054AB4EE494AF1EE10FAD7DB90EDD6
:10A17000074A34EE424AB0EEC44AB4EE434AF1EE26
:10A1800010FACCBFB0EE434AAE1EB0EE443A90EDAA
:10A19000094AB4EE494AF1EE10FAC7DB90ED0B4ADA
:10A1A00034EE424AB0EEC44AB4EE434AF1EE10FA3D
:10A1B000CCBFB0EE434A6E1EB0EE443A90ED0D4A6D
:10A1C000B4EE494AF1EE10FA94DB90ED0F4A34EE0A
:10A1D000424AB0EEC44AB4EE434AF1EE10FACCBFA4
:10A1E000B0EE434A2E46B0EE443A83E7EB1E179892
:10A1F00000284FD00AEB031090ED014AB4EE494A13
:10A20000F1EE10FA0FDB90ED034A34EE424AB0EE65
:10A21000C44AB4EE434AF1EE10FACCBFB0EE434A62
:10A220001E46B0EE443A1798012833D0581C0AEB6A
:10A23000001595ED014AB4EE494AF1EE10FA0FDB34
:10A2400095ED034A34EE424AB0EEC44AB4EE434AB6
:10A25000F1EE10FACCBFB0EE434A0646B0EE443AF7
:10A260001798022816D0981C0AEB001393ED014AA8
:10A27000B4EE494AF1EE10FA0CDB93ED034A34EEEA
:10A28000424AB0EEC44AB4EE434AF1EE10FAD8BFE7
:10A29000064600BF002E16D40AEB061090ED033AD6
:10A2A0000CEB870033EE424AB0EEC44AB4EE414AAA
:10A2B0000EF1010E09F80720F1EE10FAD8BFB0EE4A
:10A2C000423A80ED003A312C06D85FFA8EF7032F20
:10A2D00002F10102FFF4F0AE5FEA0E60029C7BA87F
:10A2E0004FF4A27118BF74468BED01AA8BF802409F
:10A2F000F6F75FFA72A82421F6F75BFA69A8242121
:10A30000F6F757FA0294E4B24FEA84090DF5CA7BD6
:10A3100018A958464A46F6F712FAB8F1000F57D472
:10A32000032C55D86FF00B006FF003016FF007029C
:10A330009FEDB00A9FEDB01A029E00EB840001EB86
:10A34000840102EB840200230BEB030797ED002A44
:10A3500032EE002AB0EEC22AB4EE412AF1EE10FA33
:10A360003ADD994227D097ED012A32EE002AB0EE6D
:10A37000C22AB4EE412AF1EE10FA2DDD9A421AD02B
:10A3800097ED022A32EE002AB0EEC22AB4EE412A3C
:10A39000F1EE10FA20DD98420DD097ED032A32EE4F
:10A3A000002AB0EEC22AB4EE412AF1EE10FA13DD13
:10A3B00010339945C8D142F20040C4F674004BF8FE
:10A3C0002400701CC5B24FEA8509139006E000BF57
:10A3D00002982546139001E0254613965DA849464C
:10A3E0000394F6F7E6F9681E1090032805F00300C1
:10A3F0001190149506D2002771E000BF20BC3E44A6
:10A40000000048426FF00C009FED7CCA00EA850016
:10A4100000244FF07E550027159000BF5E46A344F0
:10A420009BED000A61A820EE0C0A80EE0B8A00EB7F
:10A43000040A0551B0EE480A04F048F859A800EBA8
:10A44000040888ED000AB0EE480A04F023FA9BEDF8
:10A45000011A55A821EE0C1A81EE0B8A00EB0409B3
:10A4600089ED000ACAF80450B0EE480A04F02EF84C
:10A4700088ED010AB0EE480A04F00CFA9BED021ACE
:10A4800089ED010A21EE0C1A81EE0B8ACAF80850F8
:10A49000B0EE480A04F01AF888ED020AB0EE480A55
:10A4A00004F0F8F99BED031A89ED020A21EE0C1A6B
:10A4B00081EE0B8AB346CAF80C50B0EE480A04F09D
:10A4C00005F888ED030AB0EE480A04F0E3F91598A0
:10A4D0001034A04207F1040789ED030A9ED1119EB2
:10A4E0001398002E4FEA40000F905FD00BEB8700CF
:10A4F00090ED000A9FED41CA0DF5C27820EE0C0ADE
:10A5000080EE0B8A4FF07E5448F82740B0EE480AA0
:10A5100003F0DCFF0DF5B27909EB870080ED000A4E
:10A52000B0EE480A04F0B6F90DF5AA7A0AEB8700F6
:10A53000012E80ED000A39D07D1C0BEB850090EDDB
:10A54000000A48F8254020EE0C0A80EE0B8AB0EE97
:10A55000480A03F0BBFF09EB850080ED000AB0EE6E
:10A56000480A04F097F90AEB8500022E80ED000AF4
:10A570001CD0BC1C0BEB840090ED000A4FF07E5009
:10A5800020EE0C0A80EE0B8A48F82400B0EE480A50
:10A5900003F09CFF09EB840080ED000AB0EE480A4E
:10A5A00004F078F90AEB840080ED000A0F9B4CAAB6
:10A5B00043F00100C0B25FFA83F8159048F0010043
:10A5C000049000F0030B02F120000D9014986FF03E
:10A5D0000C0101EA80004FF47C71DDF848C001EA0B
:10A5E000830E02F1080900230B90CDF83080CDF8DE
:10A5F00038B00BE0002474C800007A43DB0FC94078
:10A60000149B0133B3F5805F00F058834FF07E5008
:10A610004C9010983CF813100328DEB21493139159
:10A6200080F0E2814FF000085DA8119BDDF838B0A2
:10A63000002B0DF5F67A00F0C98061A901EB8807BF
:10A6400000EB880197ED001A91ED002A02EBC80596
:10A6500085ED011A85ED022A55AD05EB880595EDCE
:10A66000003A59AD05EB880595ED004A22EE030A44
:10A6700021EE045A21EE031A22EE042A35EE400A96
:10A6800032EE011AFF2E87ED000A81ED001A14D177
:10A6900021EE012A20EE003A33EE022AB5EE402ADE
:10A6A000F1EE10FA09DDB1EEC22A80EE020A81EE67
:10A6B000021A87ED000A81ED001A012B00F0868056
:10A6C00008F1010561A901EB850C00EB85079CED04
:10A6D000001A97ED002A02EBC50484ED011A84EDFF
:10A6E000022A59AC55A904EB850401EB850595EDCB
:10A6F000003A94ED004A22EE030A21EE045A21EEBC
:10A70000031A22EE042A35EE400A32EE011AFF2E19
:10A710008CED000A87ED001A14D121EE012A20EEFB
:10A72000003A33EE022AB5EE402AF1EE10FA09DDC6
:10A73000B1EEC22A80EE020A81EE021A8CED000A06
:10A7400087ED001A022B41D008F1020561A901EB47
:10A75000850100EB850791ED001A97ED002A02EBC9
:10A76000C50459A884ED011A84ED022A00EB850482
:10A7700055A800EB850595ED003A94ED004A22EED0
:10A78000030A21EE045A21EE031A22EE042A35EEC2
:10A79000400A32EE011AFF2E81ED000A87ED001A01
:10A7A00014D121EE012A20EE003A33EE022AB5EE52
:10A7B000402AF1EE10FA09DDB1EEC22A80EE020A5B
:10A7C00081EE021A81ED000A87ED001A1398002627
:10A7D00001B20F9800EE101A0106B8EEC00A00F0A0
:10A7E000EB81DDF848C0DDF83080574672A805E0FF
:10A7F0000236464507F1480700F0E38102EB860187
:10A8000091ED001A00EB860191ED002A21EE003A4D
:10A8100033EE022AB8F1030F81ED002A02D200259F
:10A8200031E000BF0024002511193B1991ED002AE9
:10A8300091ED013A91ED024A91ED035A93ED006AD0
:10A8400093ED017AD3ED020AD3ED031A21EE022A29
:10A8500021EE033A21EE044A21EE055A103432EE7D
:10A86000062A33EE073A34EE204A35EE215AA64541
:10A8700005F1040583ED002A83ED013A83ED024AD8
:10A8800083ED035AD0D102EB850191ED002A06EB4E
:10A89000C6010AEB810101EB850393ED003A21EE3D
:10A8A000022A32EE032ABBF1010F83ED002A1DD0EC
:10A8B0006B1C02EB830494ED002A01EB830393ED00
:10A8C000003A21EE022A32EE032A83ED002AAB1C65
:10A8D00002EB830595ED002A01EB830191ED003A2F
:10A8E00021EE021A31EE031A81ED001A46F001043E
:10A8F00002EB840191ED001A00EB840191ED002A36
:10A9000021EE003A33EE022AB8F1030F81ED002A5E
:10A9100002D2002532E000BF0021002509EB01032F
:10A9200013ED022A13ED013A93ED004A93ED015A1B
:10A930007B1893ED096A93ED0A7AD3ED0B0AD3EDF8
:10A940000C1A21EE022A21EE033A21EE044A21EEEE
:10A95000055A103132EE062A33EE073A34EE204A19
:10A9600035EE215A8E4505F1040583ED092A83ED64
:10A970000A3A83ED0B4A83ED0C5ACFD102EB8501E5
:10A9800091ED002A04EBC4010AEB810101EB850380
:10A9900093ED003A21EE022A32EE032ABBF1010FB9
:10A9A00083ED002A3FF424AF6B1C02EB830494ED8B
:10A9B000002A01EB830393ED003A21EE022A32EEE6
:10A9C000032A83ED002AAB1C02EB830595ED002AD8
:10A9D00001EB830191ED003A21EE021A31EE031AE8
:10A9E00081ED001A04E700BFDDF834A00B9B0027BF
:10A9F0004FF000085DA807E0103708F10408BB42DB
:10AA00000AF1200A3FF411AE61ADEC1959AD55A918
:10AA100000EB070B3D4401EB070C94ED001A9BED96
:10AA2000002A9CED003A95ED004A0AED071A0AED5E
:10AA3000062A22EE030A21EE045A21EE031A22EE20
:10AA4000042A35EE400A32EE011AFF2E84ED000A88
:10AA50008BED001A14D121EE012A20EE003A33EEDC
:10AA6000022AB5EE402AF1EE10FA09DDB1EEC22A53
:10AA700080EE020A81EE021A84ED000A8BED001AC4
:10AA800094ED011A9BED012A9CED013A95ED014AE6
:10AA90000AED051A0AED042A22EE030A21EE045AF1
:10AAA00021EE031A22EE042A35EE400A32EE011A94
:10AAB000FF2E84ED010A8BED011A14D121EE012A3B
:10AAC00020EE003A33EE022AB5EE402AF1EE10FAFB
:10AAD00009DDB1EEC22A80EE020A81EE021A84ED8F
:10AAE000010A8BED011A94ED021A9BED022A9CEDEE
:10AAF000023A95ED024A0AED031A0AED022A22EE05
:10AB0000030A21EE045A21EE031A22EE042A35EE3E
:10AB1000400A32EE011AFF2E84ED020A8BED021A72
:10AB200014D121EE012A20EE003A33EE022AB5EECE
:10AB3000402AF1EE10FA09DDB1EEC22A80EE020AD7
:10AB400081EE021A84ED020A8BED021A94ED031ACB
:10AB50009BED032A9CED033A95ED034A0AED011A99
:10AB60008AED002A22EE030A21EE045A21EE031A8E
:10AB700022EE042A35EE400A32EE011AFF2E84ED51
:10AB8000030A8BED031A7FF437AF21EE012A20EE82
:10AB9000003A33EE022AB5EE402AF1EE10FA7FF7C2
:10ABA0002BAFB1EEC22A80EE020A81EE021A84EDCA
:10ABB000030A8BED031A1FE7DDF848C0DDF830808B
:10ABC00072A802EB860191ED001A00EB860191ED6F
:10ABD000002A21EE000A30EE020AB8F1030F81EDDF
:10ABE000000A01D2002734E006EBC6010AEB81051A
:10ABF0000021002753186C1893ED000A93ED012AE9
:10AC000093ED023A93ED034A94ED005A94ED016AF4
:10AC100094ED027AD4ED030A21EE000A21EE022A15
:10AC200021EE033A21EE044A103130EE050A32EEED
:10AC3000062A33EE073A34EE204A8E4507F1040720
:10AC400084ED000A84ED012A84ED023A84ED034A82
:10AC5000D0D102EB870191ED000A06EBC6010AEBA9
:10AC6000810101EB870393ED002A21EE000A30EE0B
:10AC7000020ABBF1010F83ED000A3FF4C1AC7B1C5B
:10AC800002EB830696ED000A01EB830393ED002AA5
:10AC900021EE000A30EE020A83ED000ABB1C02EB33
:10ACA000830797ED000A01EB830191ED002A21EE65
:10ACB000000A30EE020A81ED000AA1E40F989FED30
:10ACC000470A811E41F00101C8B2059008F1010058
:10ACD0000190AAF110000AF11C01159FAAF1480683
:10ACE0000990AAF108000B91AAF104014FF0010BA1
:10ACF0004FF0000812910090089015E00998079E07
:10AD0000243009900898DDF82880243008900B98AA
:10AD10000BF1010B24300B90129804362430884537
:10AD20000F46129000F0DC810F9808EBC801A0EBF1
:10AD3000080C05980AEB810EA0EB08090EEB8800C1
:10AD400090ED001A08F10105BD42B0EEC11A149051
:10AD500046D21CF0030147D00BEBCB020AEB820278
:10AD600002EB880292ED002A4446B0EEC22AB4EE0D
:10AD7000412AF1EE10FAC4BFB0EE421A5C46012936
:10AD80000BF1010232D002EBC2030AEB830303EBA7
:10AD9000880393ED002AB0EEC22AB4EE412AF1EE08
:10ADA00010FAC4BFB0EE421A144602290BF1020297
:10ADB0001CD002EBC2010AEB810101EB880191ED8D
:10ADC000002AB0EEC22AB4EE412AF1EE10FAC4BF56
:10ADD000B0EE421A14460BF1030207E05F708930AF
:10ADE0003946444644E000BF5A4644465FFA89F17A
:10ADF000032915993CD302EBC20106EB810300BF86
:10AE000093ED122A93ED1B3AB0EEC22AB4EE412A1A
:10AE100093ED244A93ED2D5AF1EE10FAC4BFB0EE33
:10AE2000421A1446B0EEC32AB4EE412AF1EE10FAEB
:10AE3000C4BFB0EE421A541CB0EEC42AB4EE412A8C
:10AE4000F1EE10FAC4BFB0EE421A941CB0EEC52A5F
:10AE5000B4EE412AF1EE10FAC4BFB0EE421AD41C8F
:10AE600004321598D1B28842159903F19003C7D1E5
:10AE7000B4EE401AF1EE10FAC0F22C81CDF84CC0BD
:10AE80005FFA84FCE04507960A956CD00498A0EB25
:10AE9000080111F00307414626D00CEBCC010AEB68
:10AEA000810353F828105EF82860012F4EF828100F
:10AEB00043F8286002D1294616E000BF53F8251058
:10AEC0005EF825604EF82510022F08F1020143F8C4
:10AED000256009D053F821705EF821604EF821708A
:10AEE00043F8216008F103010C98CDE910E9A0EBCB
:10AEF0000803032B2AD301984FEA810E431A0098C6
:10AF00000CEBCC01DDE9085400EB810604EB0E01EB
:10AF100006EB0E0290680F6908619760D0684F6970
:10AF20004861D76005EB0E001769D0F810900761F3
:10AF3000C2F810905069CF69043B04F1100406F187
:10AF4000100605F11005C8615761DFD172AA52F8E9
:10AF50002C0052F8281042F8280042F82C101599BD
:10AF60000A9DDDE910E98D42BFF4C8AE72A800EB7E
:10AF7000880413980B9B00F003070EEB8B001390D3
:10AF800070460BF1010E00EB8E0110910BF10201E6
:10AF900000EB81000E900BF103005FFA89FC5E4626
:10AFA00011910D9016E000BF72A894ED002A00EBFD
:10AFB000860090ED003A21EE021A31EE031A0136B6
:10AFC00080ED001AF0B2814203F124030DF5F67A08
:10AFD0003FF494AE06EBC6000AEB800101EB88005B
:10AFE00090ED001A1498B1EE411A90ED002A00205D
:10AFF00081EE021A5A4641F828007FB31398012FB8
:10B0000090ED002A01EB8B0090ED003A21EE022A30
:10B0100032EE032A724680ED002A1FD01098119A52
:10B0200090ED002A01EB8E0090ED003A21EE022A0D
:10B0300032EE032A022F80ED002A0FD00E980D9ACF
:10B0400090ED002A119821EE022A01EB800090ED8C
:10B05000003A32EE032A80ED002A00BF1599BCF1B8
:10B06000030FA1D31298151D03EB820900EB820A8E
:10B070009AED012A99ED023A21EE022A32EE032AD4
:10B0800089ED022A9AED022A99ED033A21EE022A6D
:10B0900032EE032A89ED032A9AED032A99ED043A48
:10B0A00021EE022A32EE032A89ED042A9AED042ABF
:10B0B00099ED053A21EE022A32EE032AE8B289ED33
:10B0C000052A09F110090AF1100A04358142CFD18D
:10B0D0006AE700BF06984821F5F76BFBFEF76DBFE6
:10B0E0000C980DF5D278C1000F98DDF8189051FA40
:10B0F00080F10AEB8101DDF80CB0A8F1100C0839E1
:10B1000000230DF5E47E12E006EBC6000AEB80009A
:10B1100000EB860090ED001A08EB860080EE010A35
:10B1200001332439002E374680ED000A70D07E1E90
:10B130000EEB860090ED000A15988742E4D213F0DA
:10B14000030431D006EBC6000AEB800202EB870055
:10B1500090ED001A08EB870090ED002A012C21EEFB
:10B16000021A30EE410A07F101051ED002EB8500FC
:10B1700090ED001A08EB850090ED002A022C21EEDC
:10B18000021A30EE410A07F102050ED002EB8500EB
:10B1900090ED001A08EB850090ED002AFD1C21EED1
:10B1A000021A30EE410A00E03D46581EC0B2159A20
:10B1B0000328A9D32F1D0CEB850401EB850500BFE7
:10B1C00094ED041A95ED025A94ED052A95ED036A63
:10B1D00094ED063A95ED047A25EE011A94ED074AAE
:10B1E000D5ED050A30EE410A26EE021A30EE410A8C
:10B1F00027EE031A30EE410A20EE841AF8B210341A
:10B20000103530EE410A04378242D9D17CE700BFC5
:10B2100009F1180015900DF16D004146A0F10108EB
:10B22000A1F1080500265F4695ED040AD5ED030A55
:10B2300020EE001A20EEA02A32EE011AB1EEC11A59
:10B2400018F8010F09EB060402EE100AB8EE422AC4
:10B250002AEE022AB1EE400A207684ED072A84ED18
:10B26000081A02F0DDFF013F06F1100605F108059E
:10B2700084ED090AD8D10298169F000668D0BBF168
:10B28000040F0BF0030A03D29FEDC00A002031E047
:10B290009FEDBE0A0BF0FC0109F11002002000BF77
:10B2A00092ED041A92ED082A92ED0C3AB4EE401A8F
:10B2B00092ED104AF1EE10FAC8BFB0EE410AB4EEBA
:10B2C000402AF1EE10FAC8BFB0EE420AB4EE403A9E
:10B2D000F1EE10FAC8BFB0EE430AB4EE404AF1EE08
:10B2E00010FA00F10400C8BFB0EE440A814202F136
:10B2F0004002D5D1BAF1000F23D0159901EB00100F
:10B3000090ED021AB4EE401AF1EE10FAC8BFB0EE9A
:10B31000410ABAF1010F14D090ED061AB4EE401AAA
:10B32000F1EE10FAC8BFB0EE410ABAF1020F08D030
:10B3300090ED0A1AB4EE401AF1EE10FAC8BFB0EE62
:10B34000410AB3EE001AB4EE410AF1EE10FA09DA3E
:10B3500048464821F5F72DFA022089F80100FEF74A
:10B360002CBE00BF9FED890A6FF030009FEDCC2A04
:10B3700000EA07100021B0EE401A03E00131594500
:10B3800000F006810DF16D02525C042F03EE102ACD
:10B39000B8EE433A2AEE033A4FF0FF324FF0000383
:10B3A00006D2B0EE424A179E002E40F08480D6E0CE
:10B3B0000327B0EE424A04E04033984207F1040705
:10B3C00074D01CAE1E4496ED015AB5EE405AF1EE13
:10B3D00010FA15DA96ED055AB5EE405AF1EE10FA6C
:10B3E00025DA96ED095AB5EE405AF1EE10FA35DA43
:10B3F00096ED0D5AB5EE405AF1EE10FADCDB44E062
:10B4000096ED035A35EE435AB0EEC55AB4EE445A9F
:10B41000F1EE10FACCBFB0EE445AFA1EB0EE454A37
:10B4200096ED055AB5EE405AF1EE10FAD9DB96EDDD
:10B43000075A35EE435AB0EEC55AB4EE445AF1EE0F
:10B4400010FACCBFB0EE445ABA1EB0EE454A96EDA3
:10B45000095AB5EE405AF1EE10FAC9DB96ED0B5AD7
:10B4600035EE435AB0EEC55AB4EE445AF1EE10FA36
:10B47000CCBFB0EE445A7A1EB0EE454A96ED0D5A56
:10B48000B5EE405AF1EE10FA96DB96ED0F5A35EE16
:10B49000435AB0EEC55AB4EE445AF1EE10FACCBF9E
:10B4A000B0EE445A3A46B0EE454A85E7FB1E169F79
:10B4B000179E002E53D01CAF07EB031797ED015AD0
:10B4C000B5EE405AF1EE10FA0FDB97ED035A35EE68
:10B4D000435AB0EEC55AB4EE445AF1EE10FACCBF5E
:10B4E000B0EE445A1A46B0EE454A179F012F35D0A8
:10B4F0005F1C1CAE06EB071696ED015AB5EE405ADE
:10B50000F1EE10FA0FDB96ED035A35EE435AB0EE2A
:10B51000C55AB4EE445AF1EE10FACCBFB0EE445A1C
:10B520003A46B0EE454A179F022F17D002331CAFA0
:10B5300007EB031797ED015AB5EE405AF1EE10FAFA
:10B540000CDB97ED035A35EE433AB0EEC33AB4EE56
:10B55000443AF1EE10FAD8BF1A4600BF169F002AEF
:10B560003FF50CAF1CAB03EB021292ED013AB4EEC7
:10B57000403AF1EE10FA7FF701AF159AB0EE430AA8
:10B5800002EB011292ED021AF8E600BF0000000083
:10B590009FEDE93ACBF10000ABF1010100221CABB9
:10B5A00003EB021393ED012AB4EE492AF1EE10FAEF
:10B5B0006FDB93ED034A00230DF16D07FF5C05EE91
:10B5C000107AB8EE455A2AEE055A34EE455AB0EED6
:10B5D000C55AB4EE435AF1EE10FA3DDD994241D01E
:10B5E0000DF16D071F447E7805EE106AB8EE455ADE
:10B5F0002AEE055A34EE455AB0EEC55AB4EE435A17
:10B60000F1EE10FA28DDC618B51C2BD0BD7805EE7A
:10B61000105AB8EE455A2AEE055A34EE455AB0EEA5
:10B62000C55AB4EE435AF1EE10FA15DD033619D0BF
:10B63000FF7805EE107AB8EE455A2AEE055A34EE38
:10B64000455AB0EEC55AB4EE435AF1EE10FA03DD96
:10B6500004339B45B0D105E0169B01329A429ED13E
:10B6600017E000BFB5EE400A0120F1EE10FA89F8AC
:10B67000030089ED044A0CDDB5EE401AF1EE10FA34
:10B6800007DD82EE000AB1EEC00A21EE000A89ED64
:10B69000050ABBF1040F05D29FEDA60A002024E0A5
:10B6A00020BC3E449FEDA30A0BF0FC0109F11002FF
:10B6B000002092ED041A92ED082A92ED0C3A21EE48
:10B6C000011A92ED104A31EE000A22EE021A31EE12
:10B6D000000A23EE031A31EE000A24EE041A0430A5
:10B6E0004032814231EE000AE3D1BAF1000F1AD0A4
:10B6F0001599BAF1010F01EB001090ED021A21EE3D
:10B70000011A31EE000A0ED090ED061ABAF1020FBE
:10B7100021EE011A31EE000A05D090ED0A1A21EE51
:10B72000011A31EE000AB6EE001A20EE010AB1EE5F
:10B73000C00A9FED808A6FF030009FED7D9A9FEDEB
:10B740007FAA00EA0B150027B0EE48BAB0EE48CA4F
:10B7500089ED020ADDF8189023E000BF380415D007
:10B76000B4EE4BEAF1EE10FAB4EE4CEAB8BFB0EE2C
:10B770004EBAF1EE10FAC8BFB0EE4ECA40F2FF70FA
:10B78000834507F101070CD3C2E000BFB0EE4ECAFB
:10B79000B0EE4EBA40F2FF70834507F1010780F02A
:10B7A000B7801FFA87FB00EE10BAB8EE400A039884
:10B7B00020EE090A042820EE0ADA03D20026B0EEB1
:10B7C00048EA5AE000240026B0EE48EA09EB0408F3
:10B7D00098F8180098ED091A00EE100AB8EE400A21
:10B7E00020EE0D0A98ED08FA30EE010A02F06EFE26
:10B7F00098F828002FEE000A30EE0EEA00EE100A4C
:10B80000B8EE400A98ED0D1A20EE0D0A98ED0CFAEC
:10B8100030EE010A02F05AFE98F838002FEE000AC6
:10B8200030EE0EEA00EE100AB8EE400A98ED111A5A
:10B8300020EE0D0A98ED10FA30EE010A02F046FEF5
:10B8400098F848002FEE000A30EE0EEA00EE100ADB
:10B85000B8EE400A98ED151A20EE0D0A98ED14FA8C
:10B8600030EE010A02F032FE2FEE000A403430EED4
:10B870000EEAA54206F10406A8D1BAF1000F3FF482
:10B880006DAF15993001085C01EB061400EE100A4B
:10B89000B8EE400A94ED031A20EE0D0A94ED02FA78
:10B8A00030EE010A02F012FE2FEE000ABAF1010F8B
:10B8B00030EE0EEA3FF452AF207C94ED071A00EE12
:10B8C000100AB8EE400A20EE0D0A94ED06FA30EEAA
:10B8D000010A02F0FBFD2FEE000ABAF1020F30EE72
:10B8E0000EEA3FF43BAF94F8200094ED0B1A00EE03
:10B8F000100AB8EE400A20EE0D0A94ED0AFA30EE76
:10B90000010A02F0E3FD2FEE000A30EE0EEA25E711
:10B9100006993CEE4B0A40F2011081ED030A0880C3
:10B9200001200DF54C7DBDEC108B01B0BDE8F08F12
:10B93000DB0FC9400000000020BC3E440000003A7C
:10B94000FBF726BD70B592B006AC20463021F4F767
:10B9500030FF002543F640000595CDE90355CDE9BC
:10B9600001550095C4F202000168022641F08051A1
:10B970000160006800F080500090009847F20000DD
:10B980000095C4F20000016841F480410160006844
:10B9900000F48040009000980120099010200A9047
:10B9A00008200E90A820CDE90F0607201190204610
:10B9B0000696CDE90C65FBF7B5FE18B172B600BF6F
:10B9C000FEE700BF0F20CDE901064FF4A050049020
:10B9D0004FF48050059001A805210395FBF790FDD9
:10B9E00010B172B6FEE700BF12B070BD4EF68850BF
:10B9F000CEF20000016841F4700101607047000060
:10BA0000034600284FF0000008BF70472DE9F04FB3
:10BA100093B00C46002944D0BFA204A81821F4F723
:10BA2000C1FC183810F1170F4FF0000039D30A90FD
:10BA3000BBA20BA804AB20210194F4F7B3FC20387F
:10BA400010F11F0F2CD30BA8F4F75AFE40F2E404B8
:10BA50000104C2F2000408D004F1140382B20BA95D
:10BA600018464FF47A73FCF721FF4EF6805104F12B
:10BA70001400C0F6000103224FF47A73FCF716FF9E
:10BA80000220FBF795FBFBF77DFC0546FBF77AFCF4
:10BA90006FF031014A1B1044B0F1FF3F029205DD07
:10BAA000002013B0BDE8F04F704700BF4CF278277C
:10BAB00041F26F290020C2F20007C0F283094FF45F
:10BAC000FA750DF1280A039000220CE0934680F3EA
:10BAD00010880120FBF76CFBFBF754FC02995A46D7
:10BAE00040184046DCD5039993460906804635D078
:10BAF000EFF3108072B6B9880029E8D05FFA8BF1B5
:10BB00008B46042998BF4FF0040B00BF3A888B4541
:10BB10003A4492793B8803F10103A3FB094606FBF3
:10BB200015333B80BB88A3F10103BB8080F31088F1
:10BB30000AD00AF80120EFF3108072B6BB884A1CC5
:10BB4000002B1146E2D1C1E7FF2A40F0C98008F17D
:10BB500001085FFA88F00328CAD1C9E0EFF310802A
:10BB600072B6B9880029B2D03988394489793A88BF
:10BB7000712902F10102A2FB093404FB15223A806B
:10BB8000BA88A2F10102BA804FF0010280F3108856
:10BB90004FF0000003924FF00002A4D040F2E40006
:10BBA000C2F20000007801F0FD02312A08BF00282F
:10BBB0006CD0002800F08080552900F0848040F28D
:10BBC000E403C2F200031A1801301173C1B21870F5
:10BBD00000200390072940465A46FFF484AF40F204
:10BBE000E401C2F20001087B00220A705528404699
:10BBF0005A467FF478AF40F2E400C2F20000807B46
:10BC00005A46002840467FF46EAF40F2E400C2F28C
:10BC10000000C07B5A46002840467FF464AF40F2E3
:10BC2000E400C2F20000007C5A46FF2840467FF440
:10BC30005AAF40F2E400C2F20000407C5A46FF28AE
:10BC400040467FF450AF40F2E400C2F20000807C36
:10BC50005A46FF2840467FF446AF40F2E400C2F265
:10BC60000000407B0022411EC8B2039203284046D8
:10BC70005A463FF638AFC80040F20121C0B2C0F2C8
:10BC8000045121FA00F3002102E000BF3039032300
:10BC900040F2E400C2F20000407800220392002843
:10BCA00040465A467FF41FAF40F2E400C2F2000063
:10BCB000437081700FE000BF00200390552940467B
:10BCC0005A467FF410AF40F2E400C2F20000552162
:10BCD0000173012101700020039040465A4602E79B
:10BCE000A2F17100B0FA80F0400903900020EBE669
:10BCF0000A986FF47C72A0F20141914204D20020B4
:10BD000013B0BDE8F04F704701990880012013B0CF
:10BD1000BDE8F04F704700BF25732E77000000008C
:10BD2000676574202573000070B586B0FBF72AFBA9
:10BD300040F2E404C2F2000400F5FA6060604CF2E4
:10BD400078200025C2F200004FF4FD71E560C4F8D0
:10BD50000F502570A560A4F80150F4F72AFD43F6B2
:10BD600030000595CDE90355CDE901550095C4F2A4
:10BD70000200016844F6004641F0010101600168DB
:10BD8000C4F2000601F001010091009900950169DB
:10BD900041F4002101610069022100F400200090BB
:10BDA00000980320029101210190CDE903100820A1
:10BDB000059006F5DA3001A9FBF70EFA04F134001C
:10BDC0002821F4F7F6FC204640F8146F4FF4612167
:10BDD0000C22C0E90115C0E90355C0E90525C5617C
:10BDE000FCF798FC60B9342005210022FBF74CFBDE
:10BDF0003420FBF737FB6069C16841F02001C16066
:10BE000014340BA1204608224FF47A73FCF74EFD40
:10BE10004EF68051C0F60001204603224FF47A739B
:10BE2000FCF744FD0220FBF7C3F906B070BD00BF6C
:10BE30007265665F737461720000000000284FF045
:10BE4000000218BF002901D1104670472DE9F04FBC
:10BE500083B0002240F2E40B0270C2F2000B9BF8A8
:10BE600001305BB103709BF802000870ABF8012051
:10BE7000012203B0BDE8F04F104670474CF2782223
:10BE8000EFF3108772B6C2F200029388002B61D0E4
:10BE900041F26F29C0F283094FF4FA7A4FF0550C42
:10BEA0004FF001084FF0000E0AE000BF8BF80CC005
:10BEB0008BF80080EFF3108772B69388002B49D07F
:10BEC00014881444A47913880133A3FB096505FB86
:10BED0001A3313809388013B938087F310889BF873
:10BEE000007004F0FD03312B08BF002F00F01A8111
:10BEF00067B3552CDAD00BEB07031C737B1CDCB249
:10BF0000072C8BF80030D5D39BF80C308BF800E071
:10BF1000552BCFD19BF80E30002BCBD19BF80F3097
:10BF2000002BC7D19BF81030FF2BC3D19BF81130E9
:10BF3000FF2BBFD19BF81230FF2BBBD19BF80D30EC
:10BF40005C1EE3B2042BB5D2F6E000BF552CB1D194
:10BF5000ACE700BF87F31088FBF714FADBF8041096
:10BF60000446401A00F1D88045F24E164EF6846021
:10BF700045F2A91275A7C0F60106C2F20000C0F68C
:10BF8000010275A36021CDE90067F4F70BFA0138CF
:10BF90005E2821D84EF68460C2F20000F4F7B0FBB0
:10BFA00001040BD00BF114034EF6846182B2C2F28D
:10BFB000000118464FF47A73FCF778FC4EF6805176
:10BFC0000BF11400C0F6000103224FF47A73FCF762
:10BFD0006DFC0220FBF7ECF84EF6846045F2A912E6
:10BFE00060A7C2F20000C0F6010261A36021CDE9A2
:10BFF0000067F4F7D7F901385E2821D84EF684603F
:10C00000C2F20000F4F77CFB01040BD00BF1140327
:10C010004EF6846182B2C2F2000118464FF47A7380
:10C02000FCF744FC4EF680510BF11400C0F6000101
:10C0300003224FF47A73FCF739FC0220FBF7B8F8BF
:10C040004EF6846045F2A9124CA7C2F20000C0F679
:10C0500001024DA36021CDE90067F4F7A3F901388F
:10C060005E2821D84EF68460C2F20000F4F748FB47
:10C0700001040BD00BF114034EF6846182B2C2F2BC
:10C08000000118464FF47A73FCF710FC4EF680510D
:10C090000BF11400C0F6000103224FF47A73FCF791
:10C0A00005FC0220FBF784F84EF6846045F2A912E5
:10C0B00038A7C2F20000C0F6010239A36021CDE921
:10C0C0000067F4F76FF901385E2821D84EF68460D6
:10C0D000C2F20000F4F714FB01040BD00BF11403BF
:10C0E0004EF6846182B2C2F2000118464FF47A73B0
:10C0F000FCF7DCFB4EF680510BF11400C0F600019A
:10C1000003224FF47A73FCF7D1FB0220FBF750F8BF
:10C1100004F5FA60CBF80400002203B0BDE8F04F4C
:10C1200010467047A4F130020A7003210170FBF73A
:10C1300029F9CBF804009BE6E10040F20122C9B2E4
:10C14000C0F2045222FA01F1F0E700BFCAB1D3F203
:10C15000B2E2C1BF0000000070616765302E62303E
:10C1600000000000C7D0BBBBD6DCC6DA0000000070
:10C1700070616765302E623100000000C6B5D3F2F1
:10C18000B2E2C1BF0000000070616765302E62320C
:10C1900000000000C1BFB3CCC7D0BBBB0000000093
:10C1A00070616765302E62330000000045F2BA11FD
:10C1B00045F2B412C0F60101C0F60102002808BF22
:10C1C00011460846AFF30080002808BF704710B53D
:10C1D00092B045F2BA11C0F601010446F4F710FB23
:10C1E000B0B145F2B411C0F601012046F4F708FBE6
:10C1F00080B130A12046F4F703FB68B131A120469D
:10C20000F4F76CFA30A3002808BF234605E000BF0E
:10C2100024A302E025A300E028A302AC2DA220461F
:10C220004021F4F7BFF845F24E1C4EF6846045F20B
:10C23000A912C0F6010CC2F20000C0F6010228A348
:10C240006021CDE900C4F4F7ADF801385E2825D8A7
:10C250004EF68460C2F20000F4F752FA40F2E404B1
:10C260000104C2F200040BD004F114034EF6846101
:10C2700082B2C2F2000118464FF47A73FCF716FB43
:10C280004EF6805104F11400C0F6000103224FF471
:10C290007A73FCF70BFB0220FAF78AFF12B0BDE8B5
:10C2A00010407047B2E2C1BFD6D00000BECDD0F77B
:10C2B0000000000054494D454F555400B3ACCAB17D
:10C2C0000000000045525200B2C9BCAFB4EDCEF33D
:10C2D00000000000D7B4CCACA3BA25730000000066
:10C2E000743600002DE9F04F81B00446FBF74AF8A0
:10C2F0000546FBF747F86FF06301A1EB05094844D9
:10C30000B0F1FF3F04DD002001B0BDE8F08F00BFB9
:10C310004CF2782641F26F2B40F2E40A4FF000080D
:10C32000C2F20006C0F2830B4FF4FA75C2F2000AA3
:10C330000AE000BF81F310880120FAF739FFFBF70C
:10C3400021F810EB0900DED5EFF3108172B607E09B
:10C35000001BB0FA80F04FEA5018EFF3108172B66C
:10C36000B0880028E6D030883044807932880132A5
:10C37000A2FB0B3707FB15223280B288013AB2804C
:10C3800081F310885FEA086108D0FF28E0D108F146
:10C3900001085FFA88F00428DFD15DE0A04203D1F4
:10C3A0004FF00108D9E700BF9AF8001000F0FD0235
:10C3B000312A08BF002937D0002941D0552841D063
:10C3C0000AEB01021073481CC1B207294FF00008A4
:10C3D0008AF80000C1D39AF80C008AF8008055282A
:10C3E000BBD19AF80E000028B7D19AF80F000028A8
:10C3F000B3D19AF81000FF28AFD19AF81100FF28A6
:10C40000ABD19AF81200FF28A7D19AF80D00013895
:10C41000C1B20329A1D8C00040F20121C0B2C0F2CC
:10C420000451C140002001E0303803219AF8012076
:10C43000002A04BF8AF801108AF8020008E000BF51
:10C44000552805D155208AF80C0001208AF80000F3
:10C450004FF0000881E700BF012001B0BDE8F08F78
:10C4600044F60041C4F20001086810F02F0F27D0F5
:10C470004A6881061AD54CF27821C2F200018B88F5
:10C480009B087C2B12D84B880B449A714A8841F246
:10C490006F230132C0F28303A2FB033C4FF4FA7313
:10C4A0000CFB13224A808A8801328A80000708BF69
:10C4B000704740F2E400C2F20000816801318160FF
:10C4C00070470000806B0021C185FBF73BBE000078
:10C4D00081B090F84210222921D183680246B3F539
:10C4E000805F09D152F8281F52F8183C002B63D006
:10C4F00003685B680AE000BF52F8281F13B903699C
:10C50000002BF5D003685B6803F07F030B701168A4
:10C5100001311160C18D01390A04C18502D001B019
:10C52000704700BF0168CA6822F02002CA60CA686A
:10C5300022F48072CA604A6922F001024A61202115
:10C5400080F8421000214163026B012A3CD1016353
:10C55000016851E8031F026821F0100142E803134B
:10C56000DBB1016851E8031F026821F0100142E8C5
:10C57000031393B1016851E8031F026821F0100111
:10C5800042E803134BB1016851E8031F026821F030
:10C59000100142E80313002BDAD101680A68D206C1
:10C5A00006D5002200920A6800924968009100991D
:10C5B000818D01B0FBF7C4BD026852686FF35F2242
:10C5C00021F8022B8162A5E701B0FCF741B9000018
:10C5D000B0B50446006804F108030ECB05691943A1
:10C5E00025F440552A4302616269E3691143C26838
:10C5F000194349F20C639A431143C1604169A2692E
:10C6000021F4407141F20043114340F48062C4F2CE
:10C6100001039A42416103D1FBF738F802E000BF01
:10C62000FBF720F8E1694FF69C7563681922C0F6A4
:10C63000FF75B1F5004FA0FB02011FD15A00DB0FBF
:10C64000F3F738FE48F21F51C5F2EB11A0FB0123AE
:10C650005A0905F1805302FB0300322303EBC000AB
:10C66000A0FB01014FF4F87000EA111000EB02107A
:10C67000C1F34211084421688860B0BD9A009B0F45
:10C68000F3F718FE48F21F51C5F2EB11A0FB01238E
:10C690005A0902FB0500322303EB0010A0FB010145
:10C6A000F02000EA511000EB0210C1F343110844DE
:10C6B00021688860B0BD000040F29810C2F200000E
:10C6C000FBF75EBDFEE70000002908BF70472DE9BB
:10C6D000F043A1F1010C012303EB5C03072903F0F4
:10C6E000030C03D24FF0000E59E000BF23F0030803
:10C6F00002F10E034FEA480E33F80E4C33F80C5C8F
:10C7000024F0030425F0030550F80490415906195C
:10C710004719015140F805907968746871607C6030
:10C7200033F80A1C33F8084C21F0030124F0030409
:10C7300050F80190075945180619475040F80490E1
:10C7400071686C686960746033F8061C33F8044CD7
:10C7500021F0030124F0030450F801900759451813
:10C760000619475040F8049071686C6869607460FD
:10C7700033F8021C33F8104B21F0030124F00304BA
:10C7800050F80190075945180619475040F8049091
:10C7900071686C68B8F1040869607460ACD1BCF170
:10C7A000000F38D002EB4E0132F81E204B8822F0E9
:10C7B000030223F003038658C5588718C418855010
:10C7C000C65062687B68BCF1010F7A60636022D05A
:10C7D0008A88CB8822F0030223F003038658C558C9
:10C7E0008718C4188550C65062687B68BCF1020F78
:10C7F0007A6063600FD00A89498922F0030221F030
:10C800000301875846588318451886504750686872
:10C81000596858606960BDE8F04370472DE9F04100
:10C820000588984616460746012A0C463BD1D5B3E3
:10C83000201D042D05F003011ED325F0030200BFC7
:10C8400090ED000A90ED021A90ED042AB1EE400A34
:10C8500090ED063A80ED000AB1EE410A80ED020A41
:10C86000B1EE420A80ED040AB1EE430A80ED060AF9
:10C87000043A00F12000E3D1A9B190ED000A0129AA
:10C88000B1EE400A80ED000A0DD090ED020A0229B7
:10C89000B1EE400A80ED020A05D090ED040AB1EE37
:10C8A000400A80ED040AFF2D0EDDB5F5806F1FDB19
:10C8B000B5F5805F23D0B5F5006F00F0A380B5F526
:10C8C000806F0DD021E000BF3F2D05DC102D07D07B
:10C8D000202D00F0978018E0402D10D0802D14D12D
:10C8E0003846214600F0FAF8B8F1000F10D114E0F4
:10C8F000B5F5807F00F08680B5F5007F05D17A68B8
:10C9000020462946012300F029FCB8F1000F04D08D
:10C91000B989BA682046FFF7D7FE012E6FD1002DE6
:10C920006DD000EE105AB8EE400AB7EE001A81EE54
:10C93000000A042D05F0030036D325F0030100BFE3
:10C9400094ED001A94ED012A94ED023A20EE011ABA
:10C9500094ED034A84ED001A22EE401A84ED011A88
:10C9600020EE031A94ED042A84ED021A24EE401AF4
:10C9700084ED031A20EE021A94ED052A84ED041AC0
:10C9800022EE401A94ED062A84ED051A20EE021AD2
:10C9900094ED072A84ED061A22EE401A84ED071A58
:10C9A000043904F12004CBD148B394ED001A94ED7E
:10C9B000012A20EE011A22EE402A012884ED001AF5
:10C9C00084ED012A1BD094ED021A94ED032A20EE87
:10C9D000011A22EE402A022884ED021A84ED032A6D
:10C9E00008BFBDE8F08194ED041A94ED052A20EE0D
:10C9F000011A22EE400A84ED041A84ED050ABDE80E
:10CA0000F08100BF3846214600F036F9B8F1000F3A
:10CA10007FF47EAF81E7000000224260FF294FF0E3
:10CA2000FF0201800EDDB1F5806F21DB38D0B1F55A
:10CA3000805F41D0B1F5006F4DD144F28C23C0F638
:10CA400001033DE03F2909DC10291DD0202942D1F6
:10CA500044F2AC23C0F6010332E000BF402919D0F4
:10CA6000802938D144F26C23C0F6010328E000BFCE
:10CA7000B1F5807F1AD0B1F5007F2CD144F2CC23E0
:10CA8000C0F601031CE000BF44F27C23C0F60103A2
:10CA900016E000BF44F2DC23C0F6010310E000BF43
:10CAA00044F25C23C0F601030AE000BF44F29C2379
:10CAB000C0F6010304E000BF44F2BC23C0F601034A
:10CAC000191D03F108020C33126809681B88C0E9BC
:10CAD00001120022838150B2704700002DE9F04717
:10CAE0002DED028B80460388D8F80420084601EB20
:10CAF000830A082B4FEA5309C0F0AE806FF00E0195
:10CB00000AEB890C00EB890E01EA4304002700BF01
:10CB10000AEB0705C31993ED000A95ED004A93ED62
:10CB2000011A95ED015A0CEB07060EEB070193ED88
:10CB3000022A95ED026A70EE045A91ED007AD6ED64
:10CB4000002AC3ED005A71EE055AD1ED010AD6ED67
:10CB5000013AC3ED015A72EE065A93ED033AD1ED54
:10CB6000021AD6ED024AC3ED025AD5ED035A30EE51
:10CB7000440A33EE258A37EE224AD1ED036AD6ED18
:10CB8000037A83ED038A81ED004A30EEA34A81EDFA
:10CB9000014A31EEA44A81ED024A36EEA74A81ED00
:10CBA000034AD11931EE451A32EE462A33EEE05AE5
:10CBB00034EEE16AD1ED000AD1ED011A32EEC74A36
:10CBC00060EE202A61EE213A21EE201A20EE210AA1
:10CBD00031EE400A85ED010A24EE210A25EE211AE4
:10CBE00025EE205A72EEA32A24EE204A30EE450AA2
:10CBF000C5ED002A86ED000A34EE010A86ED010A31
:10CC000091ED020A91ED031A33EE653A22EE004AE5
:10CC100023EE015A23EE003A22EE012A37EEE67A9D
:10CC200033EE422A85ED032A26EE012A27EE011A69
:10CC300027EE003A26EE000A103734EE054A32EEAF
:10CC4000432A30EE010ABC4285ED024A86ED022AF3
:10CC500086ED030A7FF45CAF4946022300F07EFABA
:10CC6000D8F80420504649460223BDEC028BBDE8AB
:10CC7000F04700F073BA00002DE9F04F81B02DEDC0
:10CC8000108B8CB0038891ED000A5E0801EB860BD7
:10CC90000BEB860A91ED011A9AED002A9AED013A02
:10CCA0000AEB860830EE024A30EE420A31EE032AE1
:10CCB00031EE431A9BED013A9BED005A0190D0F8FA
:10CCC00004E0980898ED017AD8ED000A6FF00102AF
:10CCD000009030EE036A71EE451A74EE452A72EE4A
:10CCE000433A30EE430A31EE051A34EE054A32EE8D
:10CCF000032A02EB930036EE476A71EEA01A72EE39
:10CD0000E02A73EEC73A30EE070A31EE601A34EECD
:10CD1000204A32EE072A440881ED004A81ED012ABB
:10CD20008BED006ACBED011ACAED002ACAED013A7B
:10CD300088ED000A88ED011ACDF82880CDF810B0F2
:10CD400000F054816FF0030006EB46026FF007031A
:10CD500000EB061503EB820700EBC60C03EB860B1A
:10CD6000002076464FF0000E00230990CDE9021A0C
:10CD70000B97CDE907540B9A01EB05098F18049A1C
:10CD8000CDF818C0C8180AEB03080A9D1A4490EDA4
:10CD9000024A90ED035AD8ED020AD8ED031A1D4459
:10CDA00092ED020A92ED032A34EE206A35EE217AE2
:10CDB00095ED021A95ED033A76EE002A77EE023AE7
:10CDC00072EE812A73EE833AC0ED022AC0ED033A77
:10CDD00001EB0B008C44D0ED015AD7ED016ADCED7C
:10CDE000003A75EEA62AD9ED004A34EE604A72EE9A
:10CDF000A30A70EEA47A35EE615A90ED008A97EDA1
:10CE0000009A5CED010A59ED011AC0ED017A1CEDA2
:10CE100001AA78EE097A19ED01BA37EE8AAA3AEE3C
:10CE20000BAA80ED00AAF01834EE02AA35EE40BA43
:10CE300090ED02CA90ED03DA3AEE43AA3BEE01BA56
:10CE40002AEE0CEA2BEE0DFA2BEE0CBA2AEE0DAA06
:10CE500075EEE65A3BEE4AAA38EE498A75EEE06A6C
:10CE600033EEE49A82ED03AA76EEA16A38EE09AABF
:10CE700026EE8DBA2AEE0DDA2AEE0CAA66EE8C6A40
:10CE80003EEE0FEA3BEE4AAA76EE8D6A82ED02EAAA
:10CE90004CED016A8CED00AA06EB0E0036EE406AFE
:10CEA00037EE427AD0ED046A90ED05AA36EE416A7B
:10CEB00037EE437A26EE26BA27EE0ACA27EE267AFE
:10CEC00026EE0A6A37EE466A88ED036A32EEE36AB6
:10CED00037EEE07A059536EE646A37EE617A66EEF3
:10CEE000662A67EE263A27EE0A7A26EE0A6A099A39
:10CEF0003BEE0CBA32EEC77A36EE636A88ED02BAC0
:10CF000087ED006A87ED017AB01890ED066A90ED22
:10CF1000077A34EE422A35EE000A32EE032A30EE6A
:10CF2000410A22EE061A20EE073A059831EE031A5E
:10CF300020EE060A22EE072A30EE420A80ED021A9F
:10CF400031EEE01A1832DDE907540B9F80ED030A39
:10CF5000DDF80CA0DDF8288039EE480A31EE651ABC
:10CF6000DDF818C0099221EE072A20EE073A20EEDC
:10CF7000060A21EE061A029932EE400A31EE031A31
:10CF8000013C03F10803A5F10805A7F108070EF11C
:10CF9000100EACF1080CABF1080B09ED011A89ED8C
:10CFA000000A7FF4E5AE06EB030C0CF108000890D4
:10CFB0000498324600EB030B06EB0E00079010308E
:10CFC0000B90099D01EB03090AEB03001544434450
:10CFD00009F108070BF1080400F1080605F1180E25
:10CFE00003F10808CDF824E019E000BF0EF11800A5
:10CFF00009900EF110000B900EF10800434608F165
:10D0000008080AF108060BF10804089001F1080766
:10D01000504672467546CDF81CE0F446894697EDB9
:10D02000000A96ED001A94ED007A30EE012AD8ED50
:10D03000000A99ED033A90ED034A72EE472A32EE68
:10D04000072A32EE202A30EE410A33EE041A33EE7C
:10D05000443A9BED034A93ED035A87ED002A9BED7A
:10D06000032A30EE046A71EE443A30EE440A93ED3E
:10D07000034A31EE021A31EE041A089F89ED031AB1
:10D0800073EE471A97ED001A9CED032A36EE456AB7
:10D0900071EEA01A73EEC53A30EE050A26EE014A8B
:10D0A00021EE825A21EE811A26EE022A34EE054A3A
:10D0B00031EE421A0B9F84ED004A8BED031A97ED77
:10D0C000001A079F72EEE02A97ED052A22EE814AA8
:10D0D00023EE825A23EE811A22EE822A34EE054A8A
:10D0E00031EE421A86ED004A80ED031A099833EEBC
:10D0F000073A90ED001A95ED072A33EE603A20EEDC
:10D10000014A23EE025A23EE011A20EE020A009D84
:10D1100034EE052A31EE400A88ED002A83ED030A39
:10D1200008462946042300F019F8019C0498626817
:10D130002946042300F012F8626850462946042369
:10D1400000F00CF862680A98294604230CB0BDEC84
:10D15000108B01B0BDE8F04FAFF300802DE9F04F28
:10D1600081B02DED108BA0B0DFED04CA019004302A
:10D170000C46CDE9033202901A9101E0F304353FE9
:10D18000E7084FF6F87004EA0006F800A0EBD400B8
:10D1900007EB8702C00007EB47034FEAC20C029A75
:10D1A0001990E5001801DB004FEA471E09973F017F
:10D1B0004FF0000B1F94CDE91D35CDE91B0600BFD4
:10D1C00013181D9802EB0E0502EB000A199802EBEA
:10D1D000060902EB0C08D619104412ED011A15EDE0
:10D1E000012A19ED013A18ED014A16ED015A53EDE5
:10D1F000010A5AED011A50ED012A31EE026A33EEAE
:10D20000047A75EE203A71EEA24A76EE235A77EE52
:10D21000246A75EEA67A75EEE65A42ED017A45ED7E
:10D22000015AD8ED007A9AED00AA90ED00BA99ED76
:10D2300000CAD2ED006AD5ED005A96ED008A93ED52
:10D24000009A3CEE27EA7AEE0B8A36EEA5DA38EE43
:10D2500009FA36EE636A37EE647A7EEE684A7DEE4E
:10D260000F9A7EEE28AA7DEE4F3A36EE24DA36EE9D
:10D27000646A79EEAABA79EEEA9A06ED01DA33EE3B
:10D28000C7DA03ED016A37EE236AC2ED00BAC5EDD5
:10D29000009A86ED00DA83ED006A31EE421A33EE31
:10D2A000442A35EE603A31EEE24A3CEE676A7AEEA5
:10D2B0004B0A72EE441A32EE042A36EE604A36EE1B
:10D2C000206A38EE497A61EEAC1A26EE2C6A71EECD
:10D2D000610A31EE211A77EE461A37EE066A31EE10
:10D2E000067A31EE461A36EEE55A09ED017A22EE5B
:10D2F0002C2A24EE2C4A00ED011A30EEA11A1F9CB4
:10D3000008ED011A33EE021A30EEE16A35EE047AC6
:10D310001A990AED016A37EE416A31EE071A1E9D2D
:10D320001C9E89ED006A80ED001A33EE421A35EE3C
:10D33000442A1B98A34432EE413A31EE021A8B453F
:10D340002A4488ED003A8AED001AFFF439AF402CE8
:10D35000C0F0AE810398019C80B206900998CDE997
:10D36000077EC0EBC000C00000270125E6460590FF
:10D370000698049B074403EBC70191ED000A0C9744
:10D380008DED190A91ED010A03EB07118DED180AD5
:10D3900091ED000A0A948DED170A91ED010A07EB51
:10D3A000470103EBC1028DED160A92ED000A03EB73
:10D3B00001118DED150A92ED010A03EB47128DED77
:10D3C000140A92ED000AA4468DED130A92ED010AAB
:10D3D00007EB870203EBC2028DED120A92ED000A01
:10D3E000059C8DED110A92ED010A0B958DED100A49
:10D3F00091ED000A8DED0F0A91ED010AC7EBC7010F
:10D4000003EBC1018DED0E0A91ED000AD1ED016A29
:10D41000DDE907072B468DED0D0A00BF1B990CEBCC
:10D4200007050CEB010A1D990CEB06090CEB0E0825
:10D430000CEB000B0CEB01020CEB0406DCED027AAA
:10D4400095ED028A99ED029A98ED02AA9BED02BA37
:10D450009AED02CA92ED02DA96ED02EA77EE88FAC8
:10D4600039EE0A0A3BEE0C1A3DEE0E2A3FEE81FA27
:10D4700070EE028A7FEE289ACCED029A3FEE683A6F
:10D480009CED03FAD5ED038AD9ED039AD8ED03AAF2
:10D49000DBED03BAF0EE6C3ADAED03CAD2ED03DA53
:10D4A000D6ED03EA3FEE284A39EEAA5A3BEEAC6AC3
:10D4B0003DEEAE7A74EE060A75EE071ADDED134AFC
:10D4C000DDED125A70EEA12A70EEE10ACCED032ACE
:10D4D00064EE831A65EEA02A64EEA00A25EE833A74
:10D4E00071EEA21A30EEC33AC5ED021A85ED033A89
:10D4F0003FEEC11A30EE420A34EE462A35EE473A84
:10D50000DDED170ADDED161A31EE034A32EE405A10
:10D5100020EE846A21EE857A20EE855A21EE844A37
:10D5200035EE444A8BED034A9DED0F4A9DED0E5AB0
:10D5300031EE431A30EE020A24EE012A25EE003ABB
:10D5400024EE000A25EE011A37EE066A33EE022AAF
:10D5500030EE410A39EE4A1A3DEE4E3A39EEEA5AB9
:10D560003DEEEE7A71EE430A31EE031A35EE473A9C
:10D5700035EE075A8BED026A8AED022A8AED030A1C
:10D5800037EEC80A3BEE4C2A3FEE684A3BEEEC6AA7
:10D5900020EEA37A21EE231A23EE233A25EE235A16
:10D5A000F0EE63CA70EE070A72EE011A74EE032AF7
:10D5B00076EE057ADDED193A9DED18CA30EEA78AB0
:10D5C00032EEE19A23EE88AA2CEE09BA23EE899A6C
:10D5D000DDED0D3A70EEE70A71EEA21A2CEE088A24
:10D5E00063EEA02A66EEA17A63EEA11A66EEA00AA7
:10D5F0003AEE0BAA39EE488A71EEE00A89ED02AAEA
:10D6000089ED038AC6ED030A30EE470A32EE411A6D
:10D6100034EE432A36EE453ADDED110ADDED101AFF
:10D6200030EE034A32EE415A20EE846A21EE857ACA
:10D6300020EE855A21EE844A35EE444A88ED034AAD
:10D640009DED154A9DED145A30EE430A31EE021A53
:10D6500024EE002A25EE013A24EE011A25EE000AF6
:10D6600072EEA72A36EE076A32EE032A31EE400A3E
:10D67000C6ED022A88ED026A82ED022A82ED030AD3
:10D680001F9A1A9913441E9A1C9E8B429444FFF4CD
:10D69000C5AE0B9D099A0A9C01350C9F954204F179
:10D6A00008047FF465AE0398099CC000039067E509
:10D6B00020B0BDEC108B01B0BDE8F08F50B110B5BB
:10D6C0004FF400710446FFF7A7F938B1BDE81040E8
:10D6D00040B27047FF2040B2704700BF4FF48060F7
:10D6E000208245F24C10C0F6020060610020BDE8C7
:10D6F000104040B27047000050B110B540210446C0
:10D70000FFF78AF940B1BDE8104040B2704700BF52
:10D71000FF2040B2704700BF8020208246F24C10AC
:10D72000C0F6020060610020BDE8104040B27047C2
:10D7300050B110B54FF480610446FFF76DF938B170
:10D74000BDE8104040B27047FF2040B2704700BFB4
:10D750004FF40060208246F24C30C0F60200606157
:10D760000020BDE8104040B27047000050B110B535
:10D7700080210446FFF750F940B1BDE8104040B2A7
:10D78000704700BFFF2040B2704700BF4FF4807069
:10D79000208248F24C30C0F6020060610020BDE8F3
:10D7A000104040B27047000050B110B5102104463F
:10D7B000FFF732F940B1BDE8104040B2704700BFFA
:10D7C000FF2040B2704700BF2020208248F24C70FA
:10D7D000C0F6020060610020BDE8104040B2704712
:10D7E00050B110B54FF400610446FFF715F938B198
:10D7F000BDE8104040B27047FF2040B2704700BF04
:10D800004FF48050208248F2CC70C0F60200606174
:10D810000020BDE8104040B27047000050B110B584
:10D820004FF480710446FFF7F7F838B1BDE81040B7
:10D8300040B27047FF2040B2704700BF4FF4007005
:10D8400020824CF2CC70C0F6020060610020BDE87E
:10D85000104040B27047000050B110B5202104467E
:10D86000FFF7DAF840B1BDE8104040B2704700BFA2
:10D87000FF2040B2704700BF402020824CF6CC70A1
:10D88000C0F6020060610020BDE8104040B2704761
:10D890002DE9F04F81B090468B46002B5ED09BED7A
:10D8A000001A9BED012A0688D0F8149031EE023A56
:10D8B000B6EE000A31EE421A23EE003A21EE001ACB
:10D8C000022E88ED003A88ED011AC0F01C83721E0A
:10D8D0000BEBC20E12F00301A6F1020C00F0A280C5
:10D8E0009EED001A9EED012A9BED023A9BED034A44
:10D8F00099ED025A99ED036A33EE417A72EE040A09
:10D9000067EE051A60EE862A27EE066A31EE031AE4
:10D9100034EE422A25EE205A31EE611A32EE062A02
:10D9200031EE621A32EE452A21EE001A22EE002A6A
:10D93000012988ED021A88ED032A40F075810BF168
:10D94000080B08F1080A09F10809AEF1080E624651
:10D95000BCF1030F80F01582D5E200BF59460022CA
:10D96000012306460124FEF759FF9BED000A9BEDBB
:10D97000011A338830EE002A31EE011A32EE013AF4
:10D98000B6EE000A32EE411A70695E1E23EE003ACE
:10D9900021EE001A88ED003A88ED011A012EB8BF79
:10D9A00034461A1BE5430BEBC60112F0030705EBE7
:10D9B000030273D091ED001A9BED023A91ED012A1A
:10D9C0009BED034A90ED025A90ED036A31EE437AE3
:10D9D00072EE040A67EE051A27EE067A31EE031A94
:10D9E00034EE422A25EE205A20EE866A31EE211AC4
:10D9F00032EE072A31EE061A32EE452A21EE001ADF
:10DA000022EE002A012F88ED021A88ED032A0FD199
:10DA10000BF1080B08F10808083008399E1E032A8C
:10DA20003FD2FEE0C246BCF1030F80F0AA816AE259
:10DA300011ED021A9BED043A11ED012A9BED054A06
:10DA400090ED045A90ED056A31EE437A72EE040AC5
:10DA500067EE051A27EE067A31EE031A34EE422AF3
:10DA600025EE205A20EE866A31EE211A32EE072A80
:10DA700031EE061A32EE452A21EE001A22EE002A75
:10DA8000022F88ED041A88ED052A40F009810BF178
:10DA9000100B08F1100810301039DE1E032AC0F0F8
:10DAA000C08001F12407311D002200BF0BEB0206EC
:10DAB000851817ED092A96ED023A17ED081A96ED2A
:10DAC000034A95ED025A95ED036A32EE437A71EE00
:10DAD000040A67EE051A27EE067A32EE032A34EEC0
:10DAE000411A25EE205A20EE866A32EE212A31EEC6
:10DAF000071A32EE062A31EE451A08EB020322EE2F
:10DB0000002A21EE001A83ED022A83ED031A17ED95
:10DB10000B2A96ED043A17ED0A1A96ED054A95ED93
:10DB2000045A95ED056A32EE437A71EE040A67EE07
:10DB3000051A27EE067A32EE032A34EE411A25EE54
:10DB4000205A20EE866A32EE212A31EE071A32EE92
:10DB5000062A31EE451A22EE002A21EE001A83ED44
:10DB6000042A83ED051A17ED0D2A96ED063A17EDF6
:10DB70000C1A96ED074A95ED065A95ED076A32EEB6
:10DB8000437A71EE040A67EE051A27EE067A32EE42
:10DB9000032A34EE411A25EE205A20EE866A32EE30
:10DBA000212A31EE071A32EE062A31EE451A22EE0C
:10DBB000002A21EE001A83ED062A83ED071A17EDDD
:10DBC0000F2A96ED083A17ED0E1A96ED094A95EDD3
:10DBD000085A95ED096A32EE437A71EE040A67EE4F
:10DBE000051A27EE067A32EE032A34EE411A25EEA4
:10DBF000205A20EE866A32EE212A31EE071A32EEE2
:10DC0000062A31EE451A0439203F22EE002A21EE81
:10DC1000001A2032042983ED082A83ED091A3FF700
:10DC200045AF01B0BDE8F08F1EED021A1EED012ACE
:10DC30009BED043A9BED054A99ED045A99ED056A6E
:10DC400033EE417A72EE040A67EE051A60EE862A18
:10DC500027EE066A31EE031A34EE422A25EE205AE8
:10DC600031EE611A32EE062A31EE621A32EE452AA0
:10DC700021EE001A22EE002A022988ED041A88ED0E
:10DC8000052A45D10BF1100B08F1100A09F1100912
:10DC9000AEF1100EF21EBCF1030F72D233E100BFE1
:10DCA0009BED061A11ED043A9BED072A11ED034A8C
:10DCB00090ED065A90ED076A33EE417A74EE020A4F
:10DCC00067EE051A27EE067A33EE011A32EE442A81
:10DCD00025EE205A20EE866A31EE211A32EE072A0E
:10DCE00031EE061A32EE452A21EE001A22EE002A03
:10DCF0000BF1180B88ED061A88ED072A08F11808B1
:10DD0000183018391E1F032ABFF4CBAE89E700BFB5
:10DD10009BED061A9BED072A1EED045A1EED036AC1
:10DD200099ED063A99ED074A31EE457A76EE020A08
:10DD300067EE031A60EE842A27EE044A35EE011AD4
:10DD400032EE462A23EE203A31EE611A32EE042AF0
:10DD500031EE621A32EE432A0BF1180B08F1180A61
:10DD600009F1180921EE001A22EE002AAEF1180E70
:10DD7000321F88ED061A88ED072ABCF1030FC0F0A8
:10DD8000C280561E0EF12401002400BF0BEB0402DA
:10DD900009EB040511ED081A11ED092A92ED023A7A
:10DDA00092ED034A95ED025A95ED036A33EE427AFD
:10DDB00071EE040A67EE051A60EE862A27EE066AFF
:10DDC00032EE032A34EE411A25EE205A32EE612A51
:10DDD00031EE061A32EE622A31EE451A0AEB0407DA
:10DDE00022EE002A21EE001A87ED022A87ED031A9F
:10DDF00011ED0A1A11ED0B2A92ED043A92ED054A43
:10DE000095ED045A95ED056A33EE427A71EE040AF7
:10DE100067EE051A60EE862A27EE066A32EE032ABE
:10DE200034EE411A25EE205A32EE612A31EE061AFE
:10DE300032EE622A31EE451A22EE002A21EE001A55
:10DE400087ED042A87ED051A11ED0C1A11ED0D2A44
:10DE500092ED063A92ED074A95ED065A95ED076A5E
:10DE600033EE427A71EE040A67EE051A60EE862AF6
:10DE700027EE066A32EE032A34EE411A25EE205AC6
:10DE800032EE612A31EE061A32EE622A31EE451A7E
:10DE900022EE002A21EE001A87ED062A87ED071AE6
:10DEA00011ED0E1A11ED0F2A92ED083A92ED094A82
:10DEB00095ED085A95ED096A33EE427A71EE040A3F
:10DEC00067EE051A60EE862A27EE066A32EE032A0E
:10DED00034EE411A25EE205A32EE612A31EE061A4E
:10DEE00032EE622A31EE451A043E203922EE002A33
:10DEF00021EE001A203416F1020F87ED082A87ED73
:10DF0000091AFFF443AF41461A46012301B0BDE8A8
:10DF1000F04FFEF783BC0000B1F5007F0ADA7F29DD
:10DF200016DC20292AD0402940D14DF65901C0F6EF
:10DF300000010847B1F5006F14DAB1F5007F23D076
:10DF4000B1F5806F32D14DF2BD61C0F600010847D6
:10DF500080291FD0B1F5807F28D14DF26D71C0F6B8
:10DF600000010847B1F5805F1AD0B1F5006F1DD1EF
:10DF70004DF23171C0F60001084700BF4DF2A971A2
:10DF8000C0F60001084700BF4DF61D01C0F60001B4
:10DF9000084700BF4DF2F961C0F60001084700BF15
:10DFA0004DF2E171C0F60001084700BF4FF0FF30AD
:10DFB00070470000F9F7FAF9FDF7C4FCFAF744FDE1
:10DFC000FAF76EFDFAF792FDF5F7B0FEF6F738FABC
:10DFD000F6F70EFBFCE7000010B582B0D0B30346A5
:10DFE0004EF6846045F2BF128C46C2F20000C0F6C5
:10DFF00001026021CDF800C0F2F7D4F901385E28A3
:10E0000028D84EF68460C2F20000F2F779FB40F2A5
:10E01000E4040104C2F200040BD004F114034EF630
:10E02000846182B2C2F2000118464FF47A73FAF7A3
:10E030003DFC4EF6805104F11400C0F600010322AD
:10E040004FF47A73FAF732FC022002B0BDE81040B8
:10E05000F9F7AEB802B010BDB0B540F2E405C2F2B7
:10E06000000568B10446F2F74BFB010408D005F146
:10E07000140182B2084621464FF47A73FAF716FC6F
:10E080004EF6805105F11400C0F6000103224FF452
:10E090007A73FAF70BFC0220BDE8B040F9F788B8B4
:10E0A00010B582B000283DD08E46D9B39446CAB38D
:10E0B00003464EF6846045F2A912C2F20000C0F693
:10E0C00001026021CDE900ECF2F76CF901385E281D
:10E0D00028D84EF68460C2F20000F2F711FB40F23D
:10E0E000E4040104C2F200040BD004F114034EF660
:10E0F000846182B2C2F2000118464FF47A73FAF7D3
:10E10000D5FB4EF6805104F11400C0F60001032245
:10E110004FF47A73FAF7CAFB022002B0BDE8104050
:10E12000F9F746B802B010BD70B582B01C46034680
:10E1300000284FF0000018BF002A01D102B070BDC6
:10E14000002CFBD04EF684600D461646C2F200004D
:10E1500025A26021CDE90054F2F724F9603810F1CE
:10E160005F0F31D34EF68460C2F20000F2F7C8FAB6
:10E1700040F2E4050104C2F200050BD005F11403DE
:10E180004EF6846182B2C2F2000118464FF47A73EF
:10E19000FAF78CFB14354EF68051C0F60001284684
:10E1A00003224FF47A73FAF781FB0220F9F700F8A3
:10E1B000FE20FEF797F838B12846314622464FF444
:10E1C0007A73FAF773FB18B1002002B070BD00BF7C
:10E1D000FD20FEF787F80028F6D00220F8F7E8FFC8
:10E1E000012002B070BD00BF616464742025732CEF
:10E1F00025642C25750000004100080218BF04208A
:10E200000A0E18BF40F001004FF07F4232EA0101D0
:10E2100008BF40F00200012808BF05207047000039
:10E2200070B54FF068422DED048BF0EE408A18EE89
:10E23000900AB0EE608A18EE101A02EB4003B3F1B8
:10E24000654F3CBF02EB4102B2F1654F7DD200BF8A
:10E25000C0F3C753C1F3C7529A1A1B2A09DD10F045
:10E26000004F14BF9FED830A9FED830ABDEC048B22
:10E2700070BD12F11A0F36DA11F0004F09D010F00C
:10E28000004F0CBF9FED7D0A9FED7D0ABDEC048B16
:10E2900070BD88EE889A19EE100AFFF7ADFF0428CA
:10E2A00008BF00F0D7FB18EE900AFFF7A5FF054660
:10E2B00018EE100AFFF7A0FF044619EE100AFFF748
:10E2C0009BFF042D18BF052D08D1042C18BF052C69
:10E2D00004D1002804BF0220F2F7D8FAB0EE490AB0
:10E2E000BDEC048B70BD4200B2EB410F3AD910F087
:10E2F000004F19BFDFED630A9FED630ADFED630A8C
:10E300009FED630AB0EE481A0A46B1EE688A80F0C3
:10E310000041F0EE418A10460A1A5200B2F1807FA5
:10E3200034D2484010F0004FDFED5A1A9FED5A2AC0
:10E330001DBFBEEE001A70EEE10A30EE420AB6EEE4
:10E34000001A08BF70EEA10A00E040E008BF30EEFE
:10E35000020AB0EE682A01EE482A08EE818AC2EE6F
:10E36000081A15E011F0004F04BF9FED4C0AF0EEC3
:10E37000400AD1D010F0004F19BFDFED490A9FEDE0
:10E38000490ADFED490A9FED490AC5E7C8EE881A38
:10E3900021EEA11A9FED462ADFED462A41EE022A20
:10E3A0009FED452A01EE222ADFED442A41EE022AA2
:10E3B0009FED432ABDEC048B01EE222A21EE811A47
:10E3C00001EE020A30EE210A30EE200A70BD4FF055
:10E3D0007F42B2EB400F28BFB2EB410F09D2F0EE03
:10E3E000480AB0EE680ABDEC048BBDE8704000F04E
:10E3F00026BB40EA01035B0008BF41F0FF410BD0A0
:10E40000B2EB400F08BFB2EB410F08D120F08040C3
:10E4100008EE900A21F0804108EE101A18E7B2EBDE
:10E42000400F12BF5FEA410340F0FF4001F000419E
:10E430003FF40EAFB2EB410F12BF5FEA400200F0B3
:10E44000004041F0FF413FF403AF4A0092EA40032D
:10E450003FF5FEAE002AACBF9FED1A0A9FED1A0AE7
:10E4600068EE808A28EE008A18EE900A18EE101ADC
:10E47000EEE60000DB0FC9BFDB0FC93FDB0F4940F1
:10E48000DB0F49C00000C9BF22AAFDB90000C93F87
:10E4900022AAFD390060ED3EC30ACE37000000001D
:10E4A000000049C022AA7DBA0000494022AA7D3A54
:10E4B0002DAD65BD8FB8D53D0FB511BE61C84C3EC1
:10E4C000A8AAAABE0000804F0000802F10EE101AEC
:10E4D00008B5444A6846B2EB410F28D94FF0E640F0
:10E4E000B0EB410F94BF00204FF0FF300090009838
:10E4F000002861DB60EE000A10F0010F45D010F03B
:10E50000020FDFED391A9FED391A00EEA11ADFED87
:10E51000381A40EE811A21EEA01AF0EE400A40EEC1
:10E52000010A08BFF1EE600AB0EE600A08BD314B87
:10E5300021F0004293423CD911F0004FDFED2E0A4A
:10E5400020EE201ADFED2D0A19BF31EE601A71EEB0
:10E55000200A31EE201A71EE600ABDEEE01A11EECB
:10E56000100A9FED271A00F0030000EEC10A9FED8C
:10E57000251A009000EEC10A9FED231A00EEC10A91
:10E580009FED221A00EEC10AB1E79FED211A9FED1F
:10E59000210A10F0020F00EE810A9FED1F1A00EE13
:10E5A000801AB7EE000A00EE810A18BFB1EE400AE9
:10E5B00008BD00F057FA9AE710EE100A4000B0F1DB
:10E5C0007F4F3CBFB7EE000A08BD07D14FF00100F6
:10E5D000F2F75CF9BDE8084000F034BABDE8084045
:10E5E00000F02ABAB61F927E336D4CB9DA82083C2D
:10E5F000A0AA2ABE490E494683F9223F0000004BDB
:10E600000000C93F00A0FD390020A2331A61342C5C
:10E61000B93AB2BACA9F2A3DDDFFFFBE10EE100A1A
:10E62000C0F3C7517F391729A8BF7047DFED140A1F
:10E63000002970EE200A0DDAF5EEC00AF1EE10FAAC
:10E640001ADD0028A8BF002016DAB0F1004F18BF6D
:10E650000C4811E00C4ACA40104208BF7047F5EE62
:10E66000C00AF1EE10FA07DD002804DA4FF40003C7
:10E6700023FA01F10844904300EE100A70470000AD
:10E68000CAF24971000080BFFFFF7F0010EE100A40
:10E6900010B50023A0F50001B1F1FE4F67D200BF15
:10E6A00000F500216FF07E0202EBE15CC1F3025243
:10E6B0004FF07E5101EB025100EE901AA0EBCC50CE
:10E6C00003EB0C0100EE100A51EA020036D030EEE6
:10E6D000601A70EE200A9FED3D2A3E4881EE200A26
:10E6E0009FED3B1A60EE000A00EE821A60EE201ADF
:10E6F00061EE810A784401EE101A00EB82009FED72
:10E70000362AB8EEC11AD0ED001A344841EE021A8A
:10E71000784401EE101A00EB8200B8EEC11A90EDB9
:10E72000002ADFED2F2A01EE222AB0EE001A72EE47
:10E73000200A40EE010A31EEA00A10BDF7EE000AF1
:10E740009FED291A30EE600ADFED260A00EE201A4E
:10E75000DFED260A60EE001A40EE010A9FED241A52
:10E7600000EE201A61EE810A30EE200A10BD4FF053
:10E770007F41B1EB400F03D2BDE8104000F05CB91F
:10E78000B0F1FF4F08BF10BDB5EEC00AF1EE10FAB0
:10E7900006D20120F2F77AF8BDE8104000F052B935
:10E7A000B5EEC00AF1EE10FA07D10220F2F76EF8CA
:10E7B00000F038F9B1EE400A10BDDFED0E0A6FF03F
:10E7C000160320EE200A10EE100A69E766F1CC3E2F
:10E7D000AAAA2A3F100600000070313F140600006C
:10E7E000F4FD053821ED423E0A1180BEC1ABAA3EC0
:10E7F000FFFFFFBE0000004B10B52DED028BB0EE09
:10E80000408A18EE100A00F031FA01EE100A18EEF4
:10E81000100AB7EE000A78EE410A10F0004F4FF0F0
:10E820007F4010EE901A12D0B1F13F4F24BF10EE8E
:10E83000901AB0EB410F12D210EE901AB1F17C5F3A
:10E840001CDD10EE901AB0EB410F17D314E0B1F1BC
:10E850003F4F07D910EE901AB0EB410F02D331EEC3
:10E86000401A0BE010EE901AB1F17C5F06DB10EE5F
:10E87000901AB0EB410F01D331EE001A18EE100AD6
:10E88000BDEC028B11EE101A61F31E0000EE100AAF
:10E8900010BD000000B510EE101A2DED028B81B0F6
:10E8A000524A6846B2EB410F2ED94FF0E640B0EB2A
:10E8B000410F94BF00204FF0FF3000900098B0EE61
:10E8C000408A00286ADB10F0010F4BD068EE080A7E
:10E8D0009FED471A9FED470A00EE810A9FED461A09
:10E8E00010F0020F00EE801AB7EE000A00EE810A67
:10E8F00002BF01B0BDEC028B00BD00BF01B0B1EEA4
:10E90000400ABDEC028B00BD3C4B21F0004293421B
:10E9100041D911F0004FDFED3A0A20EE201ADFED69
:10E92000390A19BF31EE601A71EE200A31EE201A51
:10E9300071EE600ABDEEE01A11EE100A9FED321A78
:10E9400000F0030000EEC10A9FED301A009000EEC7
:10E95000C10A9FED2F1A00EEC10A9FED2E1A00EE9C
:10E96000C10AABE728EE080A9FED2B1ADFED2B0A50
:10E9700010F0020F40EE010A9FED291A00EE201A56
:10E9800061EE000AB0EE480A08EE200AB6D101B0E6
:10E99000BDEC028B00BD00F065F88FE718EE100AA1
:10E9A0004000B0F17F4F0DD218EE100AFFF724FCA3
:10E9B000042808BF00F04EF8B0EE480A01B0BDECE4
:10E9C000028B00BD09D10120F1F760FF01B0BDEC61
:10E9D000028B5DF804EB00F035B801B0B0EE480AE8
:10E9E000BDEC028B5DF804EB00F026B8B61F927EFA
:10E9F000B93AB2BACA9F2A3DDDFFFFBE490E494669
:10EA000083F9223F0000004B0000C93F00A0FD3900
:10EA10000020A2331A61342C336D4CB9DA82083CE1
:10EA2000A0AA2ABEDFED030AB7EE001A81EE200A83
:10EA3000704700000000000030EE000A704730EE22
:10EA4000200A7047DFED020A80EEA00A704700003E
:10EA5000000000009FED020A20EE000A704700004F
:10EA6000000000102DE9F0014FF07F42B2EB410FA2
:10EA70009FBF4FF0FF310160BDE8F00170474FF0DC
:10EA8000004242EA0123C1F3C752783A551112F00D
:10EA90001F0C434CCCF120067C44C1F3C752A2F1B9
:10EAA00078024FEA621204EB820254F8254008BF54
:10EAB000D2E9015612D0556804FA0CF425FA06F78B
:10EAC0003C43976805FA0CF527FA06F8D26807FA6E
:10EAD0000CFCF24045EA08054CEA0206A4FB034C94
:10EAE000A5FB0352A6FB03631D449D4234BF0126D0
:10EAF00000261319334416B1934202D903E093421E
:10EB000001D2012200E00022624402F1200C9206B0
:10EB1000DC0C42EA443200EE102A5B03DFED210AEE
:10EB2000F8EEC01A00EE103A4FEA9C1C11F0004FAC
:10EB3000B8EE400AC0F800C020EE201A00EE105ACD
:10EB4000DFED190AB8EE400A20EE200A71EE810AC4
:10EB500070EE800A10EE902A02F500626FF30B024D
:10EB600000EE902A70EEE11A31EEC11ADFED101AB4
:10EB700030EE411A9FED0D0A20EE800A01EE210AC7
:10EB80009FED0C1A00EE810A04BFBDE8F00170474A
:10EB9000CCF180510160BDE8F001B1EE400A704750
:10EBA000AC020000000000360000802C22AAFD29E3
:10EBB000DB0FC92F0000C92F30380A2801D20120ED
:10EBC0007047002070470EF1020E2EF0030E5EF823
:10EBD000044B244204D44FEA4102B2F17F4F11D8D2
:10EBE0004FEA4003B3F17F4F0CD80ED14FEAD07CEF
:10EBF0000CEB4C0C0CF1020CB2F17F4F08BF4CEB4C
:10EC0000D17C04E04FF0080C01E04FEAD17C0CEB22
:10EC10004C0324FA03F404F00704B4F1040C06D204
:10EC20000EEB840CBDE810404CF0010C6047DFE8AF
:10EC30000CF0070802024FF00040A0F5800010BD64
:10EC40000846420018BFD2F1807288BF00F0004031
:10EC500010BDF1EE100A4FF6FF71C0F2C03120EA8C
:10EC6000010040F04070E1EE100A70475FEA400C8E
:10EC70005FEA1C6CBCF17F0314D4D3F1170240F39C
:10EC80001C804FF0010C0CFA02FCACF101030340B4
:10EC900020EA0300B3EB5C0208BF10EA0C0F88BF48
:10ECA00060447047B3F1FF3F28BF5FEA002C00F0DB
:10ECB000004088BF40F07E507047BCF1FF0FB8BFE6
:10ECC000704710B5FFF77FFF40DBB6BE30313233FF
:10ECD0003435363738394142434445464030580090
:10ECE00030313233343536373839616263646566C2
:10ECF000403078000400000800000000000000021E
:10ED00000001000010000000000000000030F13D94
:10ED10000070643E0000A33E0090CF3E0090F83E9D
:10ED200000400F3F00E0203F0000000015B7833790
:10ED3000CDE37B380EE1C53860F69138AF5F0F3810
:10ED4000E1BC3E3823F44739000000006E83F9A28D
:10ED50002915444ED15727FCC0DD34F5999562DB67
:10ED60004190433CAB6351FE0000000000000000F6
:10ED70000102030406070809000000000102030461
:10ED8000FFFFFF0008000010100000021800001232
:10ED9000200000042800001430000006380000168F
:10EDA00040000008480000185000000A5800001AEF
:10EDB0006000000C6800001C7000000E7800001E4F
:10EDC0008000000888004010900040029800401227
:10EDD000A0004004A8004014B0004006B80040164F
:10EDE000C0004008C8004018D000400AD800401AAF
:10EDF000E000400CE800401CF000400EF800401E0F
:10EE00000001000808018010100180021801801222
:10EE1000200180042801801430018006380180160A
:10EE200040018008480180185001800A5801801A6A
:10EE30006001800C6801801C7001800E7801801ECA
:10EE4000800140088801C0109001C0029801C012E2
:10EE5000A001C004A801C014B001C006B801C016CA
:10EE6000C001C008C801C018D001C00AD801C01A2A
:10EE7000E001C00CE801C01CF001C00EF801C01E8A
:10EE8000000200080802001110020003180200131B
:10EE90002002000528020015300200073802001782
:10EEA00040020009480200195002000B5802001BE2
:10EEB0006002000D6802001D7002000F7802001F42
:10EEC000800280088802401190024003980240139B
:10EED000A0024005A8024015B0024007B802401742
:10EEE000C0024009C8024019D002400BD802401BA2
:10EEF000E002400DE802401DF002400FF802401F02
:10EF000000034008080380111003800318038013D6
:10EF100020038005280380153003800738038017FD
:10EF200040038009480380195003800B5803801B5D
:10EF30006003800D6803801D7003800F7803801FBD
:10EF40008003C0088803C0119003C0039803C01356
:10EF5000A003C005A803C015B003C007B803C017BD
:10EF6000C003C009C803C019D003C00BD803C01B1D
:10EF7000E003C00DE803C01DF003C00FF803C01F7D
:10EF800000040010080408101004001118040812EE
:10EF90002004081028040814300408063804081651
:10EFA00040040808480408185004080A5804081ABD
:10EFB0006004080C6804081C7004080E7804081E1D
:10EFC000800400188804481090040019980448121E
:10EFD000A0040818A8044814B0044806B804481649
:10EFE000C0044808C8044818D004480AD804481A7D
:10EFF000E004480CE804481CF004480EF804481EDD
:10F0000000054010080588101005401118058812E9
:10F01000200548102805881430058806380588160C
:10F0200040058808480588185005880A5805881A38
:10F030006005880C6805881C7005880E7805881E98
:10F04000800540188805C810900540199805C81219
:10F05000A0054818A805C814B005C806B805C81604
:10F06000C005C808C805C818D005C80AD805C81AF8
:10F07000E005C80CE805C81CF005C80EF805C81E58
:10F0800000068010080608111006801118060813E3
:10F0900020068810280608153006080738060817C5
:10F0A00040060809480608195006080B5806081BB0
:10F0B0006006080D6806081D7006080F7806081F10
:10F0C0008006801888064811900680199806481313
:10F0D000A0068818A8064815B0064807B8064817BD
:10F0E000C0064809C8064819D006480BD806481B70
:10F0F000E006480DE806481DF006480FF806481FD0
:10F100000007C010080788111007C01118078813DE
:10F110002007C81028078815300788073807881780
:10F1200040078809480788195007880B5807881B2B
:10F130006007880D6807881D7007880F7807881F8B
:10F140008007C0188807C8119007C0199807C8130E
:10F15000A007C818A807C815B007C807B807C81778
:10F16000C007C809C807C819D007C80BD807C81BEB
:10F17000E007C80DE807C81DF007C80FF807C81F4B
:10F180000808101010084008180810122008001174
:10F190002808101430088011380810164808101874
:10F1A0005008100A5808101A6008100C6808101C43
:10F1B0007008100E7808101E8008000A8808501089
:10F1C0009008000B98085012A008080AA8085014CC
:10F1D000B008080BB8085016C008100AC808501824
:10F1E000D008500AD808501AE008500CE808501C03
:10F1F000F008500EF808501E0809901010098009F8
:10F200001809901220090019280990143009801952
:10F21000380990164009000B480990185009900AC7
:10F220005809901A6009900C6809901C7009900E9A
:10F230007809901E8009400A8809D0109009400B77
:10F240009809D012A009480AA809D014B009480B9F
:10F25000B809D016C009500AC809D018D009D00A78
:10F26000D809D01AE009D00CE809D01CF009D00E5A
:10F27000F809D01E080A1011180A1013200A4011AC
:10F28000280A1015300AC011380A1017480A101938
:10F29000500A100B580A101B600A100D680A101D46
:10F2A000700A100F780A101F880A5011900A800BFC
:10F2B000980A5013A00A5011A80A5015B00A880BDA
:10F2C000B80A5017C00A800BC80A5019D00A500B50
:10F2D000D80A501BE00A500DE80A501DF00A500FE2
:10F2E000F80A501F080B9011180B9013200B4019AF
:10F2F000280B9015300BC019380B9017480B90193C
:10F30000500B900B580B901B600B900D680B901DD1
:10F31000700B900F780B901F880BD011900BC00BC7
:10F32000980BD013A00B5019A80BD015B00BC80B1D
:10F33000B80BD017C80BD019D80BD01BE00BD00DD1
:10F34000E80BD01DF00BD00FF80BD01F000C0012F3
:10F35000080C1810100C0013180C1812200C0812AE
:10F36000280C1814300C0813380C1816400C101206
:10F37000480C1818500C1013580C181A600C18125E
:10F38000680C181C700C180E780C181E800C001AD3
:10F39000880C5810900C001B980C5812A00C081ADE
:10F3A000A80C5814B00C081BB80C5816C00C101A36
:10F3B000C80C5818D00C101BD80C581AE00C181A8E
:10F3C000E80C581CF00C580EF80C581E000D40129A
:10F3D000080D9810100D4013180D9812200D4812AA
:10F3E000280D9814300D4813380D9816400D501202
:10F3F000480D9818500D5013580D981A600D58125A
:10F40000680D981C700D980E780D981E800D401A8E
:10F41000880DD810900D401B980DD812A00D481AD9
:10F42000A80DD814B00D481BB80DD816C00D501A31
:10F43000C80DD818D00D501BD80DD81AE00D581A89
:10F44000E80DD81CF00DD80EF80DD81E000E801255
:10F45000080E1811100E8013180E1813200E8812A3
:10F46000280E1815300E8813380E1817400E9012FB
:10F47000480E1819500E9013580E181B600E981253
:10F48000680E181D700E180F780E181F800E801A47
:10F49000880E5811900E801B980E5813A00E881AD3
:10F4A000A80E5815B00E881BB80E5817C00E901A2B
:10F4B000C80E5819D00E901BD80E581BE00E981A83
:10F4C000E80E581DF00E580FF80E581F000FC0120E
:10F4D000080F9811100FC013180F9813200FC8129F
:10F4E000280F9815300FC813380F9817400FD012F7
:10F4F000480F9819500FD013580F981B600FD8124F
:10F50000680F981D700F980F780F981F800FC01A02
:10F51000880FD811900FC01B980FD813A00FC81ACE
:10F52000A80FD815B00FC81BB80FD817C00FD01A26
:10F53000C80FD819D00FD01BD80FD81BE00FD81A7E
:10F54000E80FD81DF00FD81BF80FD81F0810201097
:10F55000101040101810201228102014301088109D
:10F56000381020164010001148102018501040117B
:10F570005810201A601008126810201C7010881291
:10F580007810201E8010001288100812901040126F
:10F5900098106012A0102012A8106014B010601211
:10F5A000B8106016C0100013C8106018D0104013B7
:10F5B000D810601AE0101812E810601CF0109812B1
:10F5C000F810601E08112012101140111811A0121D
:10F5D000201108182811A014301188183811A0160D
:10F5E0004811A0185811A01A6011081A6811A01C1F
:10F5F0007011881A7811A01E80111012881118122B
:10F60000901150129811E012A0111818A811E014CE
:10F61000B0119818B811E016C0111013C811E018F5
:10F62000D0115013D811E01AE011181AE811E01C9B
:10F63000F011981AF811E01E0012001808120818AC
:10F64000101240181812201320122018281220150A
:10F650003012601838122017401200194812201971
:10F66000501240195812201B601220196812201DD8
:10F670007012C8127812201F8012001A8812081AFD
:10F680009012401A98126013A012201AA812601546
:10F69000B012601AB8126017C012001BC8126019AD
:10F6A000D012401BD812601BE012201BE812601D14
:10F6B000F012601BF812601F0013101808131818BE
:10F6C000101350181813A013201348182813A0154E
:10F6D0003013C8183813A017401310194813A01975
:10F6E000501350195813A01B6013481A6813A01D1B
:10F6F0007013C81A7813A01F8013101A8813181AD1
:10F700009013501A9813E013A0135818A813E0157B
:10F71000B013D818B813E017C013101BC813E019A2
:10F72000D013501BD813E01BE013581AE813E01D48
:10F73000F013D81AF813E01F081420141014001541
:10F740001814201530140815381428164014001504
:10F7500048142818501410155814281A601420152D
:10F760006814281C701418157814281E8014001CA6
:10F770008814201C9014001D9814201DA014081C2F
:10F78000A814281CB014081DB8146816C014101C46
:10F79000C8146818D014101DD814681AE014181C66
:10F7A000E814681CF014181DF814681E08152015BC
:10F7B0001015401518156015201528182815281C37
:10F7C000301548153815A8164815A8185815A81A40
:10F7D0006015281A6815A81C7015A81A7815A81E97
:10F7E0008015401C8815601C9015401D9815601DE3
:10F7F000A015481CA815681CB015481DB815E816BA
:10F80000C015501CC815E818D015501DD815E81A99
:10F81000E015581CE815E81CF015581DF815E81EF1
:10F820000016001C0816081C1016401C1816481C50
:10F830002016201C2816281C3016601C3816281785
:10F840004016001D481628195016401D5816281B32
:10F850006016201D6816281D7016601D7816281F5A
:10F860008016801C8816A01C9016801D9816A01D5E
:10F87000A016881CA816A81CB016881DB8166817F4
:10F88000C016901CC8166819D016901DD816681B93
:10F89000E016981CE816681DF016981DF816681FEB
:10F8A0000017101C0817181C1017501C1817581C8C
:10F8B000201768182817681C3017E8183817A81779
:10F8C0004017101D4817A8195017501D5817A81B8E
:10F8D0006017681A6817A81D7017E81A7817A81F0C
:10F8E0008017C01C8817E01C9017C01D9817E01DDA
:10F8F000A017C81CA817E81CB017C81DB817E81730
:10F90000C017D01CC817E819D017D01DD817E81B8E
:10F91000E017D81CE817E81DF017D81DF817E81FE6
:10F9200018186018301848183818601C5818301A01
:10F930006818301C7018181A7818301E8018001AB1
:10F940008818081A9018001B98186019A018201A17
:10F95000A818281AB018201BB818601DC018101A53
:10F96000C818181AD018101BD818701AE018301AB6
:10F97000E818701CF018581AF818701E0819201989
:10F980001819601A2819081D301988193819881D86
:10F990004819201B5819B01A6019081B6819B01CA7
:10F9A0007019881B7819B01E8019401A8819481AD6
:10F9B0009019401B9819601BA019601AA819181DEE
:10F9C000B019601BB819981DC019501AC819581AD7
:10F9D000D019501BD819F01AE019181BE819F01C9F
:10F9E000F019981BF819F01E381A701C581A301BA1
:10F9F000681A301D701A181B781A301F901AC01A16
:10FA0000981AC81AB01AE01AB81AE81AC01A801B55
:10FA1000C81A881BD01AC01BD81A701BE01AA01B6A
:10FA2000E81A701DF01AE01BF81A701F281B481DF9
:10FA3000381BC81D481B601B581BB01B681BB01D22
:10FA4000701BC81B781BB01F901BC01B981BC81BCA
:10FA5000A81B581DB01BE01BB81BD81DD81BF01BE2
:10FA6000E81BF01DF81BF01F081C201C181C301C84
:10FA7000381C681C481C601C581C701C781C381EE4
:10FA8000801C001E881C201E901C001F981C201F1C
:10FA9000A01C081EA81C281EB01C081FB81C281F6C
:10FAA000C01C101EC81C301ED01C101FD81C301FBC
:10FAB000E01C181EE81C381EF01C181FF81C781ECD
:10FAC000081D201D181D301D381DA81D481D601D56
:10FAD000581D701D681D281F781DB81E801D401EF2
:10FAE000881D601E901D401F981D601FA01D481E90
:10FAF000A81D681EB01D481FB81D681FC01D501EE0
:10FB0000C81D701ED01D501FD81D701FE01D581E2F
:10FB1000E81D781EF01D581FF81DF81E081E201E37
:10FB2000181E301E481E601E581E701E781E381F7C
:10FB3000881EA01E901E801F981EA01FB01E881F2A
:10FB4000B81EA81FC01E801FC81E881FD01E901F71
:10FB5000D81EB01FE01EA01FE81EA81FF01E981F91
:10FB6000F81E781F081F201F181F301F481F601F16
:10FB7000581F701F781FB81F881FA01F901FC01F1D
:10FB8000981FE01FB01FC81FB81FE81FC81FE01F45
:10FB9000D81FF01F080000021000400018004002AB
:10FBA00020008000280080023000C0003800C00221
:10FBB000400000014800000350004001580040038D
:10FBC00060008001680080037000C0017800C003FD
:10FBD000800000028800080290000003980048029C
:10FBE000A0000802A8008802B000C800B800C8023F
:10FBF000C0000801C8000803D0004801D80048032D
:10FC0000E0008801E8008803F000C801F800C8039C
:10FC100008011002100140011801500220010003E8
:10FC200028019002300148013801D0024801100338
:10FC30005801500360019001680190037001D001E8
:10FC40007801D0038001400288011802900140032E
:10FC500098015802A0014802A8019802B001480387
:10FC6000B801D802C0015002C8011803D0015003E6
:10FC7000D8015803E0015802E8019803F001580345
:10FC8000F801D803080220021002400218026002A4
:10FC90002802A002300260023802E00240020003A3
:10FCA0004802200350024003580260036002200310
:10FCB0006802A003700260037802E0038802A002D9
:10FCC000900280039802A003B0028803B802E80201
:10FCD000C0028003C8022803D0029003D802680340
:10FCE000E002A003E802A803F0029803F802E80388
:10FCF000080320031003400318036003280388034C
:10FD0000300360033803980348036003580370030B
:10FD10006803B0037803F0038803A0039003C003D3
:10FD20009803E003B003C803B803E803C803E00383
:10FD3000D803F003080040001800480010004000FD
:10FD400028005000200040003800580030004800D3
:10FD5000580068004800600068007000080000104B
:10FD600010000020180000302000000228000012BF
:10FD70003000002238000032400000044800001427
:10FD8000500000245800003460000006680000168F
:10FD900070000026780000368000000888000018F7
:10FDA0009000002898000038A000000AA800001A5F
:10FDB000B000002AB800003AC000000CC800001CC7
:10FDC000D000002CD800003CE000000EE800001E2F
:10FDD000F000002EF800003E000100040801401071
:10FDE000100140201801403020014002280140123B
:10FDF00030014022380140324001400448014014A3
:10FE0000500140245801403460014006680140160A
:10FE10007001402678014036800140088801401872
:10FE20009001402898014038A001400AA801401ADA
:10FE3000B001402AB801403AC001400CC801401C42
:10FE4000D001402CD801403CE001400EE801401EAA
:10FE5000F001402EF801403E000200080802801028
:10FE600010028020180280302002800228028012B6
:10FE7000300280223802803240028004480280141E
:10FE80005002802458028034600280066802801686
:10FE900070028026780280368002800888028018EE
:10FEA0009002802898028038A002800AA802801A56
:10FEB000B002802AB802803AC002800CC802801CBE
:10FEC000D002802CD802803CE002800EE802801E26
:10FED000F002802EF802803E0003000C0803C010E0
:10FEE0001003C0201803C0302003800C2803C01268
:10FEF0003003C0223803C0324003C0044803C0149A
:10FF00005003C0245803C0346003C0066803C01601
:10FF10007003C0267803C0368003C0088803C01869
:10FF20009003C0289803C038A003C00AA803C01AD1
:10FF3000B003C02AB803C03AC003C00CC803C01C39
:10FF4000D003C02CD803C03CE003C00EE803C01EA1
:10FF5000F003C02EF803C03E080400111004002175
:10FF6000180400312004000C28040013300400237E
:10FF700038040033400400054804001550040025EF
:10FF80005804003560040007680400177004002757
:10FF900078040037800400098804001990040029BF
:10FFA00098040039A004000BA804001BB004002B27
:10FFB000B804003BC004000DC804001DD004002D8F
:10FFC000D804003DE004000FE804001FF004002FF7
:10FFD000F804003F08054011100540211805403184
:10FFE0002005000D28054013300540233805403317
:10FFF0004805401550054025580540356005400727
:020000040801F1
:10000000680540177005402778054037800540098E
:10001000880540199005402998054039A005400BF6
:10002000A805401BB005402BB805403BC005400D5E
:10003000C805401DD005402DD805403DE005400FC6
:10004000E805401FF005402FF805403F0006400836
:100050000806801110068021180680312006C0088D
:100060002806801330068023380680334006400976
:1000700048068015500680255806803560068007A2
:10008000680680177006802778068037800680090A
:10009000880680199006802998068039A006800B72
:1000A000A806801BB006802BB806803BC006800DDA
:1000B000C806801DD006802DD806803DE006800F42
:1000C000E806801FF006802FF806803F0007400CEE
:1000D0000807C0111007C0211807C0312007C00C45
:1000E0002807C0133007C0233807C0334007400D2E
:1000F0004807C0155007C0255807C0356007C0071E
:100100006807C0177007C0277807C0378007C00985
:100110008807C0199007C0299807C039A007C00BED
:10012000A807C01BB007C02BB807C03BC007C00D55
:10013000C807C01DD007C02DD807C03DE007C00FBD
:10014000E807C01FF007C02FF807C03F00080010E5
:100150000808081010080820180808302008801027
:100160002808081230080822380808324008001110
:1001700048080814500808245808083460088011FA
:1001800068080816700808267808083680080810DD
:10019000880808189008082898080838A008080A4D
:1001A000A808081AB008082AB808083AC008080CB5
:1001B000C808081CD008082CD808083CE008080E1D
:1001C000E808081EF008082EF808083E0009001488
:1001D00008094810100948201809483020098014DF
:1001E00028094812300948223809483240090015C8
:1001F00048094814500948245809483460098015B2
:100200006809481670094826780948368009081494
:10021000880948189009482898094838A009480AC8
:10022000A809481AB009482AB809483AC009480C30
:10023000C809481CD009482CD809483CE009480E98
:10024000E809481EF009482EF809483E000A00183F
:10025000080A8810100A8820180A8830200A801896
:10026000280A8812300A8822380A8832400A00197F
:10027000480A8814500A8824580A8834600A801969
:10028000680A8816700A8826780A8836800A08184C
:10029000880A8818900A8828980A8838A00A881836
:1002A000A80A881AB00A882AB80A883AC00A880CAC
:1002B000C80A881CD00A882CD80A883CE00A880E14
:1002C000E80A881EF00A882EF80A883E000B001CF7
:1002D000080BC810100BC820180BC830200B801C4E
:1002E000280BC812300BC822380BC832400B001D37
:1002F000480BC814500BC824580BC834600B801D21
:10030000680BC816700BC826780BC836800B081C03
:10031000880BC818900BC828980BC838A00B881CED
:10032000A80BC81AB00BC82AB80BC83AC00BC80C27
:10033000C80BC81CD00BC82CD80BC83CE00BC80E8F
:10034000E80BC81EF00BC82EF80BC83E000C40107E
:10035000080C0811100C0821180C0831200CC010D2
:10036000280C0813300C0823380C0833400C4011BB
:10037000480C0815500C0825580C0835600CC011A5
:10038000680C0817700C0827780C0837800C481088
:10039000880C0819900C0829980C0839A00CC81072
:1003A000A80C081BB00C082BB80C083BC00C080D9F
:1003B000C80C081DD00C082DD80C083DE00C080F07
:1003C000E80C081FF00C082FF80C083F000D401433
:1003D000080D4811100D4821180D4831200DC0148A
:1003E000280D4813300D4823380D4833400D401573
:1003F000480D4815500D4825580D4835600DC0155D
:10040000680D4817700D4827780D4837800D48143F
:10041000880D4819900D4829980D4839A00DC81429
:10042000A80D481BB00D482BB80D483BC00D481512
:10043000C80D481DD00D482DD80D483DE00D480F82
:10044000E80D481FF00D482FF80D483F000E4018EA
:10045000080E8811100E8821180E8831200EC01841
:10046000280E8813300E8823380E8833400E40192A
:10047000480E8815500E8825580E8835600EC01914
:10048000680E8817700E8827780E8837800E4818F7
:10049000880E8819900E8829980E8839A00EC818E1
:1004A000A80E881BB00E882BB80E883BC00E4819CA
:1004B000C80E881DD00E882DD80E883DE00E880FFE
:1004C000E80E881FF00E882FF80E883F000F401CA2
:1004D000080FC811100FC821180FC831200FC01CF9
:1004E000280FC813300FC823380FC833400F401DE2
:1004F000480FC815500FC825580FC835600FC01DCC
:10050000680FC817700FC827780FC837800F481CAE
:10051000880FC819900FC829980FC839A00FC81C98
:10052000A80FC81BB00FC82BB80FC83BC00F481D81
:10053000C80FC81DD00FC82DD80FC83DE00FC81D6B
:10054000E80FC81FF00FC82FF80FC83F0010002099
:1005500008101010101010201810103020108020DB
:1005600028101012301010223810103240100021C4
:1005700048101014501010245810103460108021AE
:100580006810101670101026781010368010082091
:10059000881010189010102898101038A01088207B
:1005A000A810101AB010102AB810103AC010082164
:1005B000C810101CD010102CD810103CE01088214E
:1005C000E810101EF010102EF810103E001100243C
:1005D00008111024101150201811503020118024BF
:1005E000281150123011502238115032401100257C
:1005F0004811501450115024581150346011802566
:100600006811501670115026781150368011082448
:10061000881150189011502898115038A011882432
:10062000A811501AB011502AB811503AC01108251B
:10063000C811501CD011502CD811503CE011882505
:10064000E811501EF011502EF811503E00120028F3
:1006500008121028101290201812903020128028B2
:100660002812901230129022381290324012002933
:10067000481290145012902458129034601280291D
:100680006812901670129026781290368012082800
:10069000881290189012902898129038A0128828EA
:1006A000A812901AB012902AB812903AC0120829D3
:1006B000C812901CD012902CD812903CE0128829BD
:1006C000E812901EF012902EF812903E0013002CAB
:1006D0000813102C1013D0201813D0302013802CA6
:1006E0002813902C3013D0223813D0324013002D11
:1006F0004813D0145013D0245813D0346013802DD5
:100700006813D0167013D0267813D0368013082CB7
:100710008813D0189013D0289813D038A013882CA1
:10072000A813D01AB013D02AB813D03AC013082D8A
:10073000C813D01CD013D02CD813D03CE013882D74
:10074000E813D01EF013D02EF813D03E0014402032
:100750000814502010141021181410312014C02037
:100760002814D020301410233814103340144021A2
:100770004814101550141025581410356014C02159
:10078000681410177014102778141037801448203C
:10079000881410199014102998141039A014C82026
:1007A000A814101BB014102BB814103BC01448210F
:1007B000C814101DD014102DD814103DE014C821F9
:1007C000E814101FF014102FF814103F00154024E7
:1007D0000815502410155021181550312015C0242B
:1007E0002815D02430155023381550334015402596
:1007F0004815501550155025581550356015C02511
:1008000068155017701550277815503780154824F3
:10081000881550199015502998155039A015C824DD
:10082000A815501BB015502BB815503BC0154825C6
:10083000C815501DD015502DD815503DE015C825B0
:10084000E815501FF015502FF815503F001640289E
:100850000816502810169021181690312016C0281E
:100860002816D02830169023381690334016402989
:100870004816502950169025581690356016C029F4
:1008800068169017701690277816903780164828AB
:10089000881690199016902998169039A016C82895
:1008A000A816901BB016902BB816903BC01648297E
:1008B000C816901DD016902DD816903DE016C82968
:1008C000E816901FF016902FF816903F0017402C56
:1008D0000817502C1017D0211817D0312017C02C12
:1008E0002817D02C3017D0233817D0334017402D7D
:1008F0004817502D5017D0255817D0356017C02DE8
:100900006817D0177017D0277817D0378017482C62
:100910008817D0199017D0299817D039A017C82C4C
:10092000A817D01BB017D02BB817D03BC017482D35
:10093000C817D01DD017D02DD817D03DE017C82D1F
:10094000E817D01FF017D02FF817D03F001800304D
:100950000818103010181820181818302018803077
:1009600028189030301818223818183240180031E2
:10097000481810315018182458181834601880314D
:1009800068189031701818267818183680180830B2
:10099000881818309018182898181838A018883017
:1009A000A818181AB018182AB818183AC018083118
:1009B000C818181CD018182CD818183CE018883102
:1009C000E818181EF018182EF818183E00190034F0
:1009D000081910341019582018195830201980346B
:1009E00028199034301958223819583240190035D6
:1009F0004819103550195824581958346019803541
:100A000068199035701958267819583680190834A5
:100A1000881918349019582898195838A01988340A
:100A2000A819581AB019582AB819583AC0190835CF
:100A3000C819581CD019582CD819583CE0198835B9
:100A4000E819581EF019582EF819583E001A0038A7
:100A5000081A1038101A9820181A9830201A80385E
:100A6000281A9038301A9822381A9832401A0039C9
:100A7000481A1039501A9824581A9834601A803934
:100A8000681A9039701A9826781A9836801A083899
:100A9000881A1838901A9828981A9838A01A8838FE
:100AA000A81A9838B01A982AB81A983AC01A083969
:100AB000C81A981CD01A982CD81A983CE01A883971
:100AC000E81A981EF01A982EF81A983E001B003C5F
:100AD000081B103C101BD820181BD830201B803C52
:100AE000281B903C301BD822381BD832401B003DBD
:100AF000481B103D501BD824581BD834601B803D28
:100B0000681B903D701BD826781BD836801B083C8C
:100B1000881B183C901BD828981BD838A01B883CF1
:100B2000A81B983CB01BD82AB81BD83AC01B083D5C
:100B3000C81BD81CD01BD82CD81BD83CE01B883D28
:100B4000E81BD81EF01BD82EF81BD83E001C4030E6
:100B5000081C5030101C1821181C1831201CC030E3
:100B6000281CD030301C1823381C1833401C40314E
:100B7000481C5031501C1825581C1835601CC031B9
:100B8000681CD031701C1827781C1837801C48301E
:100B9000881C5830901C1829981C1839A01CC83083
:100BA000A81CD830B01C182BB81C183BC01C4831EE
:100BB000C81C181DD01C182DD81C183DE01CC831AD
:100BC000E81C181FF01C182FF81C183F001D40349B
:100BD000081D5034101D5821181D5831201DC034D7
:100BE000281DD034301D5823381D5833401D403542
:100BF000481D5035501D5825581D5835601DC035AD
:100C0000681DD035701D5827781D5837801D483411
:100C1000881D5834901D5829981D5839A01DC83476
:100C2000A81DD834B01D582BB81D583BC01D4835E1
:100C3000C81D5835D01D582DD81D583DE01DC8354C
:100C4000E81D581FF01D582FF81D583F001E403852
:100C5000081E5038101E9821181E9831201EC038CA
:100C6000281ED038301E9823381E9833401E403935
:100C7000481E5039501E9825581E9835601EC039A0
:100C8000681ED039701E9827781E9837801E483805
:100C9000881E5838901E9829981E9839A01EC8386A
:100CA000A81ED838B01E982BB81E983BC01E4839D5
:100CB000C81E5839D01E982DD81E983DE01EC83940
:100CC000E81E981FF01E982FF81E983F001F403C0A
:100CD000081F503C101FD821181FD831201FC03CBE
:100CE000281FD03C301FD823381FD833401F403D29
:100CF000481F503D501FD825581FD835601FC03D94
:100D0000681FD03D701FD827781FD837801F483CF8
:100D1000881F583C901FD829981FD839A01FC83C5D
:100D2000A81FD83CB01FD82BB81FD83BC01F483DC8
:100D3000C81F583DD01FD82DD81FD83DE01FC83D33
:100D4000E81FD83DF01FD82FF81FD83F082080207B
:100D50001020202018202030282080283020202219
:100D600038202032402000214820C020502020245C
:100D700058202034602010246820C02870202026AD
:100D80007820203688208030902020289820203815
:100D9000A0200830A8208038B020202AB820203A8F
:100DA000C0200821C820C030D020202CD820203CD2
:100DB000E0200831E820C038F020202EF820203E26
:100DC00000210024082180211021102418216030E6
:100DD00020212024282180293021602238216032DE
:100DE000402100254821C021502160245821603431
:100DF000602150246821C029702160267821603646
:100E00008021082488218031902160289821603831
:100E1000A0210834A8218039B021602AB821603A85
:100E2000C0210825C821C031D021602CD821603CC8
:100E3000E0210835E821C039F021602EF821603E1C
:100E40000022003008228030102208301822A03002
:100E500020221030282288283022A0223822A032D6
:100E6000402240304822C0305022A0245822A034D2
:100E7000602250306822C8287022A0267822A0362E
:100E800080222030882288309022A0289822A03802
:100E9000A0221830A8228838B022A02AB822A03A6E
:100EA000C0226030C822C830D022A02CD822A03C5A
:100EB000E0221831E822C838F022A02EF822A03E05
:100EC0000023003108238031102308311823E0303B
:100ED0002023103128238829302318313823E03289
:100EE000402340314823C0315023E0245823E034CC
:100EF000602350316823C8297023E0267823E03628
:100F000080231824882388319023E0289823E03810
:100F1000A0231834A8238839B023E02AB823E03A64
:100F2000C0231825C823C831D023E02CD823E03CA7
:100F3000E0231835E823C839F023E02EF823E03EFB
:100F40000824802410242024182420312824802CD4
:100F50003024103138242033402400254824C02474
:100F60005024202558242035602410256824C02CC6
:100F70007024202778242037882480349024202946
:100F800098242039A0244830A824803CB024202B69
:100F9000B824203BC0240825C824C034D024202DE8
:100FA000D824203DE0244831E824C03CF024202F00
:100FB000F824203F0825802510252025182560319C
:100FC0002825802D30255031382560334825C0250F
:100FD00050256025582560356825C02D702560276F
:100FE00078256037882580359025602998256039D7
:100FF000A0254834A825803DB025602BB825603B4E
:10100000C825C035D025602DD825603DE025483560
:10101000E825C03DF025602FF825603F002600340C
:1010200008268034102608341826A03120261034D3
:101030002826882C302618343826A0334026403401
:101040004826C034502648345826A03560265034EF
:101050006826C82C7026A0277826A0378026203442
:10106000882688349026A0299826A039A0265830B2
:10107000A826883CB026A02BB826A03BC02660340A
:10108000C826C834D026A02DD826A03DE026583149
:10109000E826C83CF026A02FF826A03F0027003500
:1010A00008278035102708351827E031202710350C
:1010B0002827882D302718353827E033402740353A
:1010C0004827C035502748355827E0356027503528
:1010D0006827C82D7027E0277827E037802720353C
:1010E000882788359027E0299827E039A0275834A9
:1010F000A827883DB027E02BB827E03BC027603504
:10110000C827C835D027E02DD827E03DE02758353F
:10111000E827C83DF027E02FF827E03F08282028DF
:101120001028802818282830282890283028882837
:10113000382828324028002C4828202C5028802C81
:10114000582828346028082C6828D0287028882C33
:10115000782828368828903098282838A0282830E1
:10116000A8289038B028282AB828283AC028102C57
:10117000C828D030D028282CD828283CE028182C83
:10118000E828D038F028282EF828283E0029002CFE
:101190000829082C1029102C182968302029202C07
:1011A000282990293029D030382968324029402C0C
:1011B0004829602C5029C02C582968346029482CB3
:1011C0006829D0297029C82C782968368029802C74
:1011D000882990319029282C98296838A02928340A
:1011E000A8299039B029682AB829683AC029502C12
:1011F000C829D031D029682CD829683CE029582C3E
:10120000E829D039F029682EF829683E002A0038EC
:10121000082A2038102A8038182AA830202A0838AE
:10122000282A2838302A8838382AA832402A003C10
:10123000482A203C502A803C582AA834602A083C7E
:10124000682A283C702A883C782AA836802A1038D8
:10125000882A9830902A9038982AA838A02A1838D6
:10126000A82A9838B02A9838B82AA83AC02A103C38
:10127000C82AD830D02AA82CD82AA83CE02A183C62
:10128000E82AD838F02AA82EF82AA83E002B4038A1
:10129000082B6038102BC038182BE830202B48382A
:1012A000282B6838302BC838382BE832402B403C8C
:1012B000482B603C502BC03C582BE834602B483CFA
:1012C000682B683C702BC83C782BE836802B503854
:1012D000882B9831902BD038982BE838A02B583891
:1012E000A82B9839B02BD838B82BE83AC02B503CF3
:1012F000C82BD831D02BE82CD82BE83CE02B583C1D
:10130000E82BD839F02BE82EF82BE83E082C202CBF
:10131000102C802C182C2831282C902C302C90311B
:10132000382C2833402C002D482C202D502C802D7B
:10133000582C2835602C082D682CD02C702C882D2A
:10134000782C2837882C9034982C2839A02C683099
:10135000A82C903CB02C6838B82C283BC02C102D01
:10136000C82CD034D02C282DD82C283DE02C182D7A
:10137000E82CD03CF02C282FF82C283F082D202DCD
:10138000102D802D182D6831282D902D302DD03125
:10139000382D6833482D602D502DC02D582D6835BF
:1013A000682DD02D702DC82D782D6837882D90355B
:1013B000982D6839A02D6834A82D903DB02D683C3B
:1013C000B82D683BC82DD035D82D683DE02D683547
:1013D000E82DD03DF02D682FF82D683F002E003904
:1013E000082E2039102E8039182EA831202E0839C9
:1013F000282E2839302E8839382EA833402E003D2B
:10140000482E203D502E803D582EA835602E083D98
:10141000682E283D702E883D782EA837802E1039F2
:10142000882E9834902E9039982EA839A02E1839ED
:10143000A82E983CB02E9839B82EA83BC02E103D4F
:10144000C82ED834D02E903DD82EA83DE02E183D81
:10145000E82ED83CF02EA82FF82EA83F002F4039B8
:10146000082F6039102FC039182FE831202F483944
:10147000282F6839302FC839382FE833402F403DA6
:10148000482F603D502FC03D582FE835602F483D14
:10149000682F683D702FC83D782FE837802F50396E
:1014A000882F9835902FD039982FE839A02F5839A8
:1014B000A82F983DB02FD839B82FE83BC02F503D0A
:1014C000C82FD835D02FD03DD82FE83DE02F583D3C
:1014D000E82FD83DF02FD83DF82FE83F18303030B6
:1014E000383030324030003148300831503010311F
:1014F0005830303460302031683028317030183442
:10150000783030368830A03098303038A830A03865
:10151000B0308838B830303AC0308031C830E03030
:10152000D0309031D830303CE0308831E830E0388D
:10153000F0308839F830303E00310034083108345A
:101540001031103418311834203120342831283427
:10155000303130343831703240310035483108355F
:1015600050311035583170346031203568312835AC
:101570007031583478317036803180348831A03100
:101580009031903498317038A0318834A831A03926
:10159000B031883CB831703AC0318035C831E03163
:1015A000D0319035D831703CE0318835E831E039C0
:1015B000F031883DF831703E003200380832803812
:1015C00010320838183288382032103828329038D3
:1015D000303218383832B032403240384832C038B1
:1015E000503248385832B034603250386832D038CF
:1015F000703258387832B036803220388832A0388D
:10160000903228389832B038A0323038A832A83812
:10161000B0329838B832B03AC0326038C832E038A8
:10162000D0326838D832B03CE0327038E832E8382E
:10163000F0329839F832B03E00330039083380393F
:10164000103308391833883920331039283390394A
:101650003033183938339839403340394833C0393A
:10166000503348395833F034603350396833D03907
:10167000703358397833F036803320398833A039C5
:10168000903328399833F038A0339834A833A839E8
:10169000B033983CB833F03AC0336039C833E039DE
:1016A000D0336839D833F03CE0339835E833E83943
:1016B000F033983DF833F03E18343034383418396C
:1016C00040340035483408355034103558343035FE
:1016D0006034203568342835703418357834303724
:1016E0008834A03498343039A834A03CB034C83899
:1016F000B834303BC0348035C834E034D034903511
:10170000D834303DE0348835E834E03CF034C83932
:10171000F834303F1835303538355839583570354C
:10172000783570378835A03598357039A835A03DA3
:10173000B035C83CB835703BC835E035D835703D5C
:10174000E835E03DF035C83DF835703F0036003CE7
:101750000836803C1036083C1836883C2036103C51
:101760002836903C3036183C3836983C4036403C61
:101770004836C03C5036483C5836C83C6036503C31
:101780006836D03C7036583C7836B0378036203CCE
:101790008836A03C9036283C9836B039A036303C8C
:1017A000A836A83CB036D838B836B03BC036603C16
:1017B000C836E03CD036683CD836B03DE036703CA8
:1017C000E836E83CF036D839F836B03F0037003D0F
:1017D0000837803D1037083D1837883D2037103DC9
:1017E0002837903D3037183D3837983D4037403DD9
:1017F0004837C03D5037483D5837C83D6037503DA9
:101800006837D03D7037583D7837F0378037203D06
:101810008837A03D9037283D9837F039A037303DC4
:10182000A837A83DB037D83CB837F03BC037603D4B
:10183000C837E03DD037683DD837F03DE037703DE0
:10184000E837E83DF037D83DF837F03F383898387A
:101850004038003948380839503810395838183964
:101860006038203968382839703830397838983CF1
:10187000A838B038B838383AC0388039C8388839CC
:10188000D0389039D838383CE038A039E838F038CA
:10189000F838383EF038A8390039003C0839083C9F
:1018A0001039103C1839183C2039203C2839283C84
:1018B0003039303C3839383C4039003D4839083DF2
:1018C0005039103D5839183D6039203D6839283D60
:1018D0007039303D7839D83C8039803C8839883C33
:1018E0009039903C9839983CA039A03CA839B0393F
:1018F000B839783AB039A83CC039803DC839883DFC
:10190000D039903DD839783CE039A03DE839F039FC
:10191000F839783EF039A83D083A103A103A203AA2
:10192000183A303A203A803A283A903A303AA03A77
:10193000383AB03A403A003B483A103B503A203BE4
:10194000583A303B603A803B683A903B703AA03B53
:10195000783AB03B883AA03A983AB03AA83AB03AC6
:10196000C03A083BC83A183BD03A283BD83AB83C72
:10197000E03A883BE83A983BF03AA83BF83AB83E60
:10198000003B003E083B103E103B203E183B303EE3
:10199000203B803E283B903E303BA03E383BB03E53
:1019A000403B003F483B103F503B203F583B303FBF
:1019B000603B803F683B903F703BA03F783BB03F2F
:1019C000803B083E883B183E903B283E983B383E83
:1019D000A03B883EA83B983EB03BA83EB83BB83EF3
:1019E000C03B083FC83B183FD03B283FD83BF83CA2
:1019F000E03B883FE83B983FF03BA83FF83BF83E90
:101A0000383C983C403C003D483C083D503C103D33
:101A1000583C183D603C203D683C283D703C303DC2
:101A2000783C983DA83CB03CB83CB03EC03C803DC2
:101A3000C83C883DD03C903DD83C383DE03CA03D82
:101A4000E83CF03CF03CA83DF83C383F383D983D40
:101A5000783DD83DA83DB03DB83DB03FE83DF03DB4
:101A6000083E803EF83D783F103E803E183E883E5E
:101A7000203E803E283E903E303E883E383E983E96
:101A8000403E003F483E203F503E803F583EA03FF2
:101A9000603E083F683E283F703E883F783EA83F42
:101AA000883EA03E983EA83EC03E103FA83EB03EB5
:101AB000C83E303FD03E903FD83EB03FE03E183F5A
:101AC000E83E383FF03E983F083F803FF83EB83F41
:101AD000103F803F183F883F203F803F283F903F86
:101AE000303F883F383F983F483F503F503F603F2E
:101AF000583F703F603FC03F683FD03F703FE03F7E
:101B0000783FF03F883FA03F983FA83FA83FB03FB5
:101B1000D83FF03FC83FE03FE83FF03F08000002F9
:101B200010000004180000062000400028004002B9
:101B30003000400438004006400080004800800229
:101B400050008004580080066000C0006800C00299
:101B50007000C0047800C006800000018800000307
:101B60009000000598000007A0004001A800400375
:101B7000B0004005B8004007C0008001C8008003E5
:101B8000D0008005D8008007E000C001E800C00355
:101B9000F000C005F800C0070001000208010802BB
:101BA00010010804180108062001800228014802DB
:101BB000300148043801480640010003480188020A
:101BC0005001880458018806600180036801C8023A
:101BD0007001C8047801C806800108028801080362
:101BE0009001080598010807A0018802A801480390
:101BF000B0014805B8014807C0010803C8018803BF
:101C0000D0018805D8018807E0018803E801C803EE
:101C1000F001C805F801C80708021002000200041C
:101C2000100210041802100620028004280250023C
:101C3000300250043802500640020005480290026B
:101C40005002900458029006600280056802D0029B
:101C50007002D0047802D0068002080488021003C3
:101C60009002100598021007A0028804A8025003F1
:101C7000B0025005B8025007C0020805C802900320
:101C8000D0029005D8029007E0028805E802D00350
:101C9000F002D005F802D007000300060803100682
:101CA0001003180418031806200380062803900662
:101CB0003003580438035806400300074803100750
:101CC0005003980458039806600380076803900740
:101CD0007003D8047803D806800308068803180622
:101CE0009003180598031807A0038806A803980610
:101CF000B0035805B8035807C0030807C8031807FE
:101D0000D0039805D8039807E0038807E8039807ED
:101D1000F003D805F803D807080480041004200451
:101D20001804200628048005300460043804600686
:101D300040040006480488045004A0045804A00687
:101D400060041006680488057004E0047804E00666
:101D5000880480069004200598042007A004080643
:101D6000A8048007B0046005B8046007C00420061A
:101D7000C8048806D004A005D804A007E00418060B
:101D8000E8048807F004E005F804E00708052005EA
:101D900010058005180528062805900530058805DA
:101DA00038056806400500074805200750058007EC
:101DB0005805A80660050807680598057005880796
:101DC0007805E8068805900698052807A0052806E6
:101DD000A8059007B0052807B8056807C0051007D3
:101DE000C8059806D0059007D805A807E00518078C
:101DF000E8059807F0059807F805E8071806300683
:101E00003806700640060007480680075006080797
:101E10005806B00660061007680690077006180797
:101E20007806F0068806A00698063007A806A007E0
:101E3000B0068807B8067007C0062007C806A007C6
:101E4000D0062807D806B007E0063007E806A8073E
:101E5000F0069807F806F007480750073807980774
:101E600050076007580770076007C0076807D0076A
:101E70007807F0077007E007B807F007A807B00772
:101E8000D807F007C807E007E807F0070800400098
:101E9000100080001800C00020004000280048000A
:101EA000300088003800C800400080004800500022
:101EB0005800D000500090006000C0006800D000C2
:101EC000700098007800D8008800C0009000A00042
:101ED000A800D0009800E000B000D000B800E800F2
:101EE000D800F000C800E000E800F0000800001092
:101EF0001000002018000030200000402800005092
:101F000030000060380000704000000248000012FD
:101F10005000002258000032600000426800005269
:101F200070000062780000728000000488000014D5
:101F30009000002498000034A0000044A800005441
:101F4000B0000064B8000074C0000006C8000016AD
:101F5000D0000026D8000036E0000046E800005619
:101F6000F0000066F8000076000100080801001883
:101F700010010028180100382001004828010058ED
:101F800030010068380100784001000A4801001A59
:101F90005001002A5801003A6001004A6801005AC5
:101FA0007001006A7801007A8001000C8801001C31
:101FB0009001002C9801003CA001004CA801005C9D
:101FC000B001006CB801007CC001000EC801001E09
:101FD000D001002ED801003EE001004EE801005E75
:101FE000F001006EF801007E08024010100240204F
:101FF0001802403020024040280240503002406029
:1020000038024070480240125002402258024032CA
:1020100060024042680240527002406278024072A0
:102020008002400488024014900240249802403408
:10203000A0024044A8024054B0024064B802407478
:10204000C0024006C8024016D0024026D8024036E0
:10205000E0024046E8024056F0024066F802407650
:1020600000034008080340181003402818034038B4
:102070002003404828034058300340683803407824
:102080004003400A4803401A5003402A5803403A8C
:102090006003404A6803405A7003406A7803407AFC
:1020A0008003400C8803401C9003402C9803403C64
:1020B000A003404CA803405CB003406CB803407CD4
:1020C000C003400EC803401ED003402ED803403E3C
:1020D000E003404EE803405EF003406EF803407EAC
:1020E00008048010100480201804803020048040F0
:1020F00028048050300480603804807048048012C6
:102100005004802258048032600480426804805267
:1021100070048062780480728804801490048024A3
:1021200098048034A0048044A8048054B0048064DF
:10213000B8048074C0048006C8048016D0048026C9
:10214000D8048036E0048046E8048056F0048066B7
:10215000F80480760005800808058018100580289E
:10216000180580382005804828058058300580688B
:10217000380580784005800A4805801A5005802A75
:102180005805803A6005804A6805805A7005806A63
:102190007805807A8005800C8805801C9005802C4D
:1021A0009805803CA005804CA805805CB005806C3B
:1021B000B805807CC005800EC805801ED005802E25
:1021C000D805803EE005804EE805805EF005806E13
:1021D000F805807E0806C0101006C0201806C03022
:1021E0002006C0402806C0503006C0603806C070C7
:1021F0004806C0125006C0225806C0326006C042CF
:102200006806C0527006C0627806C0728806C014A4
:102210009006C0249806C034A006C044A806C05446
:10222000B006C064B806C074C806C016D006C02682
:10223000D806C036E006C046E806C056F006C066BE
:10224000F806C0760007C0080807C0181007C028A5
:102250001807C0382007C0482807C0583007C06892
:102260003807C0784007C00A4807C01A5007C02A7C
:102270005807C03A6007C04A6807C05A7007C06A6A
:102280007807C07A8007C00C8807C01C9007C02C54
:102290009807C03CA007C04CA807C05CB007C06C42
:1022A000B807C07CC007C00EC807C01ED007C02E2C
:1022B000D807C03EE007C04EE807C05EF007C06E1A
:1022C000F807C07E08080011100800211808003126
:1022D00020080041280800513008006138080071CA
:1022E00048080013500800235808003360080043D2
:1022F00068080053700800637808007388080015A8
:102300009008002598080035A0080045A808005549
:10231000B0080065B8080075C8080017D008002785
:10232000D8080037E0080047E8080057F0080067C1
:10233000F808007708090019100900291809003960
:102340002009004928090059300900693809007935
:102350004009000B4809001B5009002B5809003B9D
:102360006009004B6809005B7009006B7809007B0D
:102370008009000D8809001D9009002D9809003D75
:10238000A009004DA809005DB009006DB809007DE5
:10239000C009000FC809001FD009002FD809003F4D
:1023A000E009004FE809005FF009006FF809007FBD
:1023B000080A4011100A4021180A4031200A404101
:1023C000280A4051300A4061380A4071480A4013D7
:1023D000500A4023580A4033600A4043680A405379
:1023E000700A4063780A4073880A4015900A4025B5
:1023F000980A4035A00A4045A80A4055B00A4065F1
:10240000B80A4075C80A4017D00A4027D80A403792
:10241000E00A4047E80A4057F00A4067F80A407768
:10242000080B4019100B4029180B4039200B40496C
:10243000280B4059300B4069380B4079480B401B42
:10244000500B402B580B403B600B404B680B405BE4
:10245000700B406B780B407B800B400D880B401D50
:10246000900B402D980B403DA00B404DA80B405DBC
:10247000B00B406DB80B407DC00B400FC80B401F28
:10248000D00B402FD80B403FE00B404FE80B405F94
:10249000F00B406FF80B407F080C8011100C80216E
:1024A000180C8031200C8041280C8051300C806148
:1024B000380C8071480C8013500C8023580C8033EA
:1024C000600C8043680C8053700C8063780C8073C0
:1024D000880C8015900C8025980C8035A00C8045C8
:1024E000A80C8055B00C8065B80C8075C80C80179E
:1024F000D00C8027D80C8037E00C8047E80C805740
:10250000F00C8067F80C8077080D8019100D802979
:10251000180D8039200D8049280D8059300D8069B3
:10252000380D8079480D801B500D802B580D803B55
:10253000600D804B680D805B700D806B780D807B2B
:10254000880D801D900D802D980D803DA00D804D33
:10255000A80D805DB00D806DB80D807DC00D800F21
:10256000C80D801FD00D802FD80D803FE00D804F0B
:10257000E80D805FF00D806FF80D807F080EC011B0
:10258000100EC021180EC031200EC041280EC051BF
:10259000300EC061380EC071480EC013500EC023FB
:1025A000580EC033600EC043680EC053700EC06337
:1025B000780EC073880EC015900EC025980EC035D9
:1025C000A00EC045A80EC055B00EC065B80EC075AF
:1025D000C80EC017D00EC027D80EC037E00EC047B7
:1025E000E80EC057F00EC067F80EC077080FC0198C
:1025F000100FC029180FC039200FC049280FC0592B
:10260000300FC069380FC079480FC01B500FC02B66
:10261000580FC03B600FC04B680FC05B700FC06BA2
:10262000780FC07B880FC01D900FC02D980FC03D44
:10263000A00FC04DA80FC05DB00FC06DB80FC07D1A
:10264000C80FC01FD00FC02FD80FC03FE00FC04F22
:10265000E80FC05FF00FC06FF80FC07F10100820A8
:10266000181008302010084028100850301008605A
:1026700038100870481008125010082258100832FC
:1026800060100842681008527010086278100872D2
:10269000881008149010082498100834A0100844DA
:1026A000A8100854B0100864B8100874C8100816B0
:1026B000D0100826D8100836E0100846E810085652
:1026C000F0100866F810087608110818101108288C
:1026D00018110838201108482811085830110868C6
:1026E000381108784811081A5011082A5811083A68
:1026F0006011084A6811085A7011086A7811087A3E
:102700008811081C9011082C9811083CA011084C45
:10271000A811085CB011086CB811087CC811081E1B
:10272000D011082ED811083EE011084EE811085EBD
:10273000F011086EF811087E101248201812483067
:102740002012484028124850301248603812487011
:1027500050124822581248326012484268124852B9
:1027600070124862781248728812481490124824F5
:1027700098124834A0124844A8124854B012486431
:10278000B8124874C8124816D0124826D8124836D3
:10279000E0124846E8124856F0124866F8124876A9
:1027A00008134818101348281813483820134848AD
:1027B0002813485830134868381348784813481A83
:1027C0005013482A5813483A6013484A6813485A25
:1027D0007013486A7813487A8813481C9013482C61
:1027E0009813483CA013484CA813485CB013486C9D
:1027F000B813487CC813481ED013482ED813483E3F
:10280000E013484EE813485EF013486EF813487E14
:1028100010148820181488302014884028148850F8
:102820003014886038148870501488225814883204
:102830006014884268148852701488627814887210
:102840009014882498148834A0148844A8148854B8
:10285000B0148864B8148874C8148816D0148826F4
:10286000D8148836E0148846E8148856F014886630
:10287000F8148876081588181015882818158838CF
:1028800020158848281588583015886838158878A4
:102890004815881A5015882A5815883A6015884AAC
:1028A0006815885A7015886A7815887A8815881C82
:1028B0009015882C9815883CA015884CA815885C24
:1028C000B015886CB815887CC815881ED015882E60
:1028D000D815883EE015884EE815885EF015886E9C
:1028E000F815887E1016C8201816C8302016C84063
:1028F0002816C8503016C8603816C8705016C8223E
:102900005816C8326016C8426816C8527016C86297
:102910007816C8729016C8249816C834A016C844F1
:10292000A816C854B016C864B816C874D016C826FD
:10293000D816C836E016C846E816C856F016C86657
:10294000F816C8760817C8181017C8281817C838F6
:102950002017C8482817C8583017C8683817C878CB
:102960004817C81A5017C82A5817C83A6017C84AD3
:102970006817C85A7017C86A7817C87A8817C81CA9
:102980009017C82C9817C83CA017C84CA817C85C4B
:10299000B017C86CB817C87CC817C81ED017C82E87
:1029A000D817C83EE017C84EE817C85EF017C86EC3
:1029B000F817C87E10180821181808312018084187
:1029C0002818085130180861381808715018082361
:1029D00058180833601808436818085370180863BB
:1029E000781808739018082598180835A018084515
:1029F000A8180855B0180865B8180875D018082721
:102A0000D8180837E0180847E8180857F01808677A
:102A1000F8180877101908291819083920190849D1
:102A20002819085930190869381908794819081BF4
:102A30005019082B5819083B6019084B6819085B96
:102A40007019086B7819087B8819081D9019082DD2
:102A50009819083DA019084DA819085DB019086D0E
:102A6000B819087DC819081FD019082FD819083FB0
:102A7000E019084FE819085FF019086FF819087F86
:102A8000101A4821181A4831201A4841281A48516A
:102A9000301A4861381A4871501A4823581A483376
:102AA000601A4843681A4853701A4863781A487382
:102AB000901A4825981A4835A01A4845A81A48552A
:102AC000B01A4865B81A4875D01A4827D81A483736
:102AD000E01A4847E81A4857F01A4867F81A487742
:102AE000101B4829181B4839201B4849281B4859E6
:102AF000301B4869381B4879501B482B581B483BF2
:102B0000601B484B681B485B701B486B781B487BFD
:102B1000881B481D901B482D981B483DA01B484D05
:102B2000A81B485DB01B486DB81B487DC81B481FDB
:102B3000D01B482FD81B483FE01B484FE81B485F7D
:102B4000F01B486FF81B487F101C8821181C883127
:102B5000201C8841281C8851301C8861381C8871D1
:102B6000501C8823581C8833601C8843681C885379
:102B7000701C8863781C8873901C8825981C883585
:102B8000A01C8845A81C8855B01C8865B81C887591
:102B9000D01C8827D81C8837E01C8847E81C885739
:102BA000F01C8867F81C8877101D8829181D883943
:102BB000201D8849281D8859301D8869381D88794D
:102BC000501D882B581D883B601D884B681D885BF5
:102BD000701D886B781D887B901D882D981D883D01
:102BE000A01D884DA81D885DB01D886DB81D887D0D
:102BF000C81D881FD01D882FD81D883FE01D884F15
:102C0000E81D885FF01D886FF81D887F101EC821A1
:102C1000181EC831201EC841281EC851301EC86168
:102C2000381EC871501EC823581EC833601EC843C2
:102C3000681EC853701EC863781EC873901EC825CE
:102C4000981EC835A01EC845A81EC855B01EC86528
:102C5000B81EC875D01EC827D81EC837E01EC84782
:102C6000E81EC857F01EC867F81EC877101FC8298D
:102C7000181FC839201FC849281FC859301FC869E4
:102C8000381FC879501FC82B581FC83B601FC84B3E
:102C9000681FC85B701FC86B781FC87B901FC82D4A
:102CA000981FC83DA01FC84DA81FC85DB01FC86DA4
:102CB000B81FC87DD01FC82FD81FC83FE01FC84FFE
:102CC000E81FC85FF01FC86FF81FC87F18201030BA
:102CD0002020104028201050302010603820107024
:102CE00050201022582010326020104268201052CC
:102CF00070201062782010729020102498201034D8
:102D0000A0201044A8201054B0201064B8201074E3
:102D1000D0201026D8201036E0201046E82010568B
:102D2000F0201066F8201076102110281821103895
:102D3000202110482821105830211068382110789F
:102D40005021102A5821103A6021104A6821105A47
:102D50007021106A7821107A9021102C9821103C53
:102D6000A021104CA821105CB021106CB821107C5F
:102D7000D021102ED821103EE021104EE821105E07
:102D8000F021106EF821107E182250302022504081
:102D90002822505030225060382250705822503231
:102DA0006022504268225052702250627822507243
:102DB0009022502498225034A0225044A8225054EB
:102DC000B0225064B8225074D0225026D8225036F7
:102DD000E0225046E8225056F0225066F822507603
:102DE00010235028182350382023504828235058A7
:102DF00030235068382350785023502A5823503AB3
:102E00006023504A6823505A7023506A7823507ABE
:102E10009023502C9823503CA023504CA823505C66
:102E2000B023506CB823507CD023502ED823503E72
:102E3000E023504EE823505EF023506EF823507E7E
:102E40001824903020249040282490503024906002
:102E50003824907058249032602490426824905214
:102E6000702490627824907298249034A024904426
:102E7000A8249054B0249064B8249074D024902650
:102E8000D8249036E0249046E8249056F0249066AA
:102E9000F824907610259028182590382025904801
:102EA0002825905830259068382590785025902A0C
:102EB0005825903A6025904A6825905A7025906A66
:102EC0007825907A9025902C9825903CA025904CC0
:102ED000A825905CB025906CB825907CD025902ECC
:102EE000D825903EE025904EE825905EF025906E26
:102EF000F825907E1826D0302026D0402826D050A5
:102F00003026D0603826D0705826D0326026D04285
:102F10006826D0527026D0627826D0729826D03497
:102F2000A026D044A826D054B026D064B826D074A9
:102F3000D826D036E026D046E826D056F026D066F1
:102F4000F826D0761027D0281827D0382027D04848
:102F50002827D0583027D0683827D0785027D02A53
:102F60005827D03A6027D04A6827D05A7027D06AAD
:102F70007827D07A9027D02C9827D03CA027D04C07
:102F8000A827D05CB027D06CB827D07CD027D02E13
:102F9000D827D03EE027D04EE827D05EF027D06E6D
:102FA000F827D07E182810312028104128281051E9
:102FB00030281061382810715828103360281043C9
:102FC00068281053702810637828107398281035DB
:102FD000A0281045A8281055B0281065B8281075ED
:102FE000D8281037E0281047E8281057F028106735
:102FF000F828107718291039202910492829105944
:1030000030291069382910795029102B5829103B84
:103010006029104B6829105B7029106B7829107B90
:103020009029102D9829103DA029104DA829105D38
:10303000B029106DB829107DD029102FD829103F44
:10304000E029104FE829105FF029106FF829107F50
:10305000182A5031202A5041282A5051302A5061D4
:10306000382A5071582A5033602A5043682A5053E6
:10307000702A5063782A5073982A5035A02A5045F8
:10308000A82A5055B02A5065B82A5075D82A50370A
:10309000E02A5047E82A5057F02A5067F82A50771C
:1030A000182B5039202B5049282B5059302B506960
:1030B000382B5079582B503B602B504B682B505B72
:1030C000702B506B782B507B902B502D982B503DB4
:1030D000A02B504DA82B505DB02B506DB82B507DC0
:1030E000D02B502FD82B503FE02B504FE82B505F68
:1030F000F02B506FF82B507F182C9031202C9041E2
:10310000282C9051302C9061382C9071582C903391
:10311000602C9043682C9053702C9063782C9073A3
:10312000982C9035A02C9045A82C9055B02C9065EB
:10313000B82C9075D82C9037E02C9047E82C9057FD
:10314000F02C9067F82C9077182D9039202D90490D
:10315000282D9059302D9069382D9079582D903B1D
:10316000602D904B682D905B702D906B782D907B2F
:10317000982D903DA02D904DA82D905DB02D906D77
:10318000B82D907DD02D902FD82D903FE02D904FD1
:10319000E82D905FF02D906FF82D907F182ED03194
:1031A000202ED041282ED051302ED061382ED07113
:1031B000582ED033602ED043682ED053702ED0635B
:1031C000782ED073982ED035A02ED045A82ED0556D
:1031D000B02ED065B82ED075D82ED037E02ED0477F
:1031E000E82ED057F02ED067F82ED077182FD03990
:1031F000202FD049282FD059302FD069382FD0799F
:10320000582FD03B602FD04B682FD05B702FD06BE6
:10321000782FD07B982FD03DA02FD04DA82FD05DF8
:10322000B02FD06DB82FD07DD82FD03FE02FD04F0A
:10323000E82FD05FF02FD06FF82FD07F20301840CC
:103240002830185030301860383018705830183224
:103250006030184268301852703018627830187236
:1032600098301834A0301844A8301854B03018647E
:10327000B8301874D8301836E0301846E830185690
:10328000F0301866F83018761831183820311848A0
:103290002831185830311868383118785831183AB0
:1032A0006031184A6831185A7031186A7831187AC2
:1032B0009831183CA031184CA831185CB031186C0A
:1032C000B831187CD831183EE031184EE831185E1C
:1032D000F031186EF831187E20325840283258509C
:1032E0003032586038325870603258426832585222
:1032F000703258627832587298325834A03258443A
:10330000A8325854B0325864B8325874D83258364B
:10331000E0325846E8325856F0325866F83258765D
:1033200018335838203358482833585830335868A1
:10333000383358785833583A6033584A6833585AB3
:103340007033586A7833587A9833583CA033584CC5
:10335000A833585CB033586CB833587CD833583ED7
:10336000E033584EE833585EF033586EF833587EE9
:10337000203498402834985030349860383498700D
:1033800060349842683498527034986278349872F5
:10339000A0349844A8349854B0349864B8349874DD
:1033A000D8349836E0349846E8349856F034986625
:1033B000F834987618359838203598482835985834
:1033C00030359868383598785835983A6035984A45
:1033D0006835985A7035986A7835987A9835983C57
:1033E000A035984CA835985CB035986CB835987C69
:1033F000D835983EE035984EE835985EF035986EB1
:10340000F835987E2036D8402836D8503036D860E7
:103410003836D8706036D8426836D8527036D8629E
:103420007836D872A036D844A836D854B036D86486
:10343000B836D874E036D846E836D856F036D8666E
:10344000F836D8761837D8382037D8482837D8589B
:103450003037D8683837D8785837D83A6037D84AAC
:103460006837D85A7037D86A7837D87A9837D83CBE
:10347000A037D84CA837D85CB037D86CB837D87CD0
:10348000D837D83EE037D84EE837D85EF037D86E18
:10349000F837D87E2038184128381851303818614C
:1034A0003838187160381843683818537038186302
:1034B00078381873A0381845A8381855B0381865EA
:1034C000B8381875E0381847E8381857F0381867D2
:1034D000F8381877203918492839185930391869B7
:1034E000383918795839183B6039184B6839185BE6
:1034F0007039186B7839187B9839183DA039184DF8
:10350000A839185DB039186DB839187DD839183F09
:10351000E039184FE839185FF039186FF839187F1B
:10352000203A5841283A5851303A5861383A58713F
:10353000603A5843683A5853703A5863783A587327
:10354000A03A5845A83A5855B03A5865B83A58750F
:10355000E03A5847E83A5857F03A5867F83A5877F7
:10356000203B5849283B5859303B5869383B5879DB
:10357000603B584B683B585B703B586B783B587BC3
:10358000983B583DA03B584DA83B585DB03B586D0B
:10359000B83B587DD83B583FE03B584FE83B585F1D
:1035A000F03B586FF83B587F203C9841283C98519D
:1035B000303C9861383C9871603C9843683C985323
:1035C000703C9863783C9873A03C9845A83C98550B
:1035D000B03C9865B83C9875E03C9847E83C9857F3
:1035E000F03C9867F83C9877203D9849283D9859D9
:1035F000303D9869383D9879603D984B683D985BBF
:10360000703D986B783D987BA03D984DA83D985DA6
:10361000B03D986DB83D987DD83D983FE03D984FBE
:10362000E83D985FF03D986FF83D987F203ED84187
:10363000283ED851303ED861383ED871603ED843DC
:10364000683ED853703ED863783ED873A03ED845C4
:10365000A83ED855B03ED865B83ED875E03ED847AC
:10366000E83ED857F03ED867F83ED877203FD84993
:10367000283FD859303FD869383FD879603FD84B78
:10368000683FD85B703FD86B783FD87BA03FD84D60
:10369000A83FD85DB03FD86DB83FD87DE03FD84F48
:1036A000E83FD85FF03FD86FF83FD87F28402050E0
:1036B00030402060384020706040204268402052F6
:1036C0007040206278402072A0402044A8402054DE
:1036D000B0402064B8402074E0402046E8402056C6
:1036E000F0402066F84020762041204828412058AC
:1036F00030412068384120786041204A6841205A92
:103700007041206A7841207AA041204CA841205C79
:10371000B041206CB841207CE041204EE841205E61
:10372000F041206EF841207E2842605030426060B7
:1037300038426070684260527042606278426072E3
:10374000A0426044A8426054B0426064B8426074D1
:10375000E0426046E8426056F0426066F8426076B9
:10376000204360482843605830436068384360789D
:103770006043604A6843605A7043606A7843607A85
:10378000A043604CA843605CB043606CB843607C6D
:10379000E043604EE843605EF043606EF843607E55
:1037A0002844A0503044A0603844A0706844A0521F
:1037B0007044A0627844A072A844A054B044A064AD
:1037C000B844A074E044A046E844A056F044A06683
:1037D000F844A0762045A0482845A0583045A06868
:1037E0003845A0786045A04A6845A05A7045A06A4F
:1037F0007845A07AA045A04CA845A05CB045A06C37
:10380000B845A07CE045A04EE845A05EF045A06E1E
:10381000F845A07E2846E0503046E0603846E0702B
:103820006846E0527046E0627846E072A846E0548E
:10383000B046E064B846E074E846E056F046E0661C
:10384000F846E0762047E0482847E0583047E068EF
:103850003847E0786047E04A6847E05A7047E06AD6
:103860007847E07AA047E04CA847E05CB047E06CBE
:10387000B847E07CE047E04EE847E05EF047E06EA6
:10388000F847E07E284820513048206138482071B0
:10389000684820537048206378482073A848205512
:1038A000B0482065B8482075E8482057F0482067A0
:1038B000F84820772849205930492069384920792B
:1038C0006049204B6849205B7049206B7849207B18
:1038D000A049204DA849205DB049206DB849207D00
:1038E000E049204FE849205FF049206FF849207FE8
:1038F000284A6051304A6061384A6071684A6053B2
:10390000704A6063784A6073A84A6055B04A60653F
:10391000B84A6075E84A6057F04A6067F84A6077CD
:10392000284B6059304B6069384B6079684B605B5D
:10393000704B606B784B607BA04B604DA84B605D1B
:10394000B04B606DB84B607DE04B604FE84B605F03
:10395000F04B606FF84B607F284CA051304CA06159
:10396000384CA071684CA053704CA063784CA07385
:10397000A84CA055B04CA065B84CA075E84CA05719
:10398000F04CA067F84CA077284DA059304DA069A5
:10399000384DA079684DA05B704DA06B784DA07B31
:1039A000A84DA05DB04DA06DB84DA07DE04DA04FDD
:1039B000E84DA05FF04DA06FF84DA07F284EE0517C
:1039C000304EE061384EE071684EE053704EE06377
:1039D000784EE073A84EE055B04EE065B84EE07505
:1039E000E84EE057F04EE067F84EE077284FE05998
:1039F000304FE069384FE079684FE05B704FE06B23
:103A0000784FE07BA84FE05DB04FE06DB84FE07DB0
:103A1000E84FE05FF04FE06FF84FE07F30502860F4
:103A20003850287068502852705028627850287298
:103A3000A8502854B0502864B8502874E85028562C
:103A4000F0502866F85028762851285830512868B8
:103A5000385128786851285A7051286A7851287A44
:103A6000A851285CB051286CB851287CE851285ED8
:103A7000F051286EF851287E3052686038526870D4
:103A80007052686278526872A8526854B052686482
:103A9000B8526874E8526856F0526866F852687610
:103AA0002853685830536868385368786853685AA0
:103AB0007053686A7853687AA853685CB053686C2E
:103AC000B853687CE853685EF053686EF853687EBC
:103AD0003054A8603854A8707054A8627854A87202
:103AE000B054A864B854A874E854A856F054A86612
:103AF000F854A8762855A8583055A8683855A8789D
:103B00006855A85A7055A86A7855A87AA855A85C2F
:103B1000B055A86CB855A87CE855A85EF055A86EBD
:103B2000F855A87E3056E8603856E8707056E8625E
:103B30007856E872B056E864B856E874F056E8660D
:103B4000F856E8762857E8583057E8683857E87844
:103B50006857E85A7057E86A7857E87AA857E85CD7
:103B6000B057E86CB857E87CE857E85EF057E86E65
:103B7000F857E87E30582861385828717058286303
:103B800078582873B0582865B8582875F0582867B1
:103B9000F858287730592869385928796859285BA6
:103BA0007059286B7859287BA859285DB059286D21
:103BB000B859287DE859285FF059286FF859287FAF
:103BC000305A6861385A6871705A6863785A6873F5
:103BD000B05A6865B85A6875F05A6867F85A6877D5
:103BE000305B6869385B6879705B686B785B687BB1
:103BF000A85B685DB05B686DB85B687DE85B685F1B
:103C0000F05B686FF85B687F305CA861385CA87116
:103C1000705CA863785CA873B05CA865B85CA87594
:103C2000F05CA867F85CA877305DA869385DA87972
:103C3000705DA86B785DA87BB05DA86DB85DA87D50
:103C4000E85DA85FF05DA86FF85DA87F305EE86171
:103C5000385EE871705EE863785EE873B05EE865D0
:103C6000B85EE875F05EE867F85EE877305FE869AF
:103C7000385FE879705FE86B785FE87BB05FE86D8C
:103C8000B85FE87DF05FE86FF85FE87F386030701C
:103C90007060306278603072B0603064B8603074E8
:103CA000F0603066F86030763061306838613078C6
:103CB0007061306A7861307AB061306CB861307CA4
:103CC000F061306EF861307E3862707078627072C8
:103CD000B0627064B8627074F0627066F862707698
:103CE00030637068386370787063706A7863707A74
:103CF000B063706CB863707CF063706EF863707E54
:103D00003864B0707864B072B864B074F064B0664F
:103D1000F864B0763065B0683865B0787065B06AC0
:103D20007865B07AB065B06CB865B07CF065B06E9F
:103D3000F865B07E3866F0707866F072B866F07438
:103D4000F866F0763067F0683867F0787067F06A88
:103D50007867F07AB067F06CB867F07CF067F06E67
:103D6000F867F07E3868307178683073B8683075FD
:103D7000F8683077386930797069306B7869307BF2
:103D8000B069306DB869307DF069306FF869307FA7
:103D9000386A7071786A7073B86A7075F86A70778B
:103DA000386B7079786B707BB06B706DB86B707DB1
:103DB000F06B706FF86B707F386CB071786CB073AB
:103DC000B86CB075F86CB077386DB079786DB07B41
:103DD000B86DB07DF06DB06FF86DB07F386EF0717A
:103DE000786EF073B86EF075F86EF077386FF07922
:103DF000786FF07BB86FF07DF86FF07F7870387275
:103E0000B8703874F8703876387138787871387AD4
:103E1000B871387CF871387EB8727874F872787638
:103E2000387378787873787AB873787CF873787E9A
:103E3000F874B8763875B8787875B87AB875B87C8B
:103E4000F875B87E3877F8787877F87AB877F87CAC
:103E5000F877F87E7879387BB879387DF879387FCB
:103E6000B87B787DF87B787FF87DB87F080000020A
:103E70001000000418000006200000082800000AB6
:103E80003000000C3800000E480040025000400492
:103E900058004006600040086800400A7000400C6E
:103EA0007800400E88008002900080049800800610
:103EB000A0008008A800800AB000800CB800800E26
:103EC000C800C002D000C004D800C006E000C0088E
:103ED000E800C00AF000C00CF800C00E08010003A2
:103EE0001001000518010007200100092801000B3E
:103EF0003001000D3801000F48014003500140051A
:103F000058014007600140096801400B7001400DF5
:103F10007801400F88018003900180059801800797
:103F2000A0018009A801800BB001800DB801800FAD
:103F3000C801C003D001C005D801C007E001C00915
:103F4000E801C00BF001C00DF801C00F1002080419
:103F500018020806200208082802080A3002080C85
:103F60003802080E50024804580248066002480809
:103F70006802480A7002480C7802480E90028804D1
:103F800098028806A0028808A802880AB002880C55
:103F9000B802880ED002C804D802C806E002C808D9
:103FA000E802C80AF002C80CF802C80E100308059F
:103FB00018030807200308092803080B3003080D1D
:103FC0003803080F500348055803480760034809A1
:103FD0006803480B7003480D7803480F9003880569
:103FE00098038807A0038809A803880BB003880DED
:103FF000B803880FD003C805D803C807E003C80971
:10400000E803C80BF003C80DF803C80F1804100626
:10401000200410082804100A3004100C3804100E74
:1040200058045006600450086804500A7004500C8C
:104030007804500E98049006A0049008A804900AF2
:10404000B004900CB804900ED804D006E004D00858
:10405000E804D00AF004D00CF804D00E18051007BC
:10406000200510092805100B3005100D3805100F1C
:1040700058055007600550096805500B7005500D34
:104080007805500F98059007A0059009A805900B9A
:10409000B005900DB805900FD805D007E005D00900
:1040A000E805D00BF005D00DF805D00F2006180854
:1040B0002806180A3006180C3806180E600658082C
:1040C0006806580A7006580C7806580EA00698081C
:1040D000A806980AB006980CB806980EE006D8080C
:1040E000E806D80AF006D80CF806D80E20071809FA
:1040F0002807180B3007180D3807180F60075809E4
:104100006807580B7007580D7807580FA0079809D3
:10411000A807980BB007980DB807980FE007D809C3
:10412000E807D80BF007D80DF807D80F2808200AA1
:104130003008200C3808200E6808600A7008600CEF
:104140007808600EA808A00AB008A00CB808A00E55
:10415000E808E00AF008E00CF808E00E2809200B57
:104160003009200D3809200F6809600B7009600DB7
:104170007809600FA809A00BB009A00DB809A00F1D
:10418000E809E00BF009E00DF809E00F300A280C0F
:10419000380A280E700A680C780A680EB00AA80C53
:1041A000B80AA80EF00AE80CF80AE80E300B280D41
:1041B000380B280F700B680D780B680FB00BA80D2B
:1041C000B80BA80FF00BE80DF80BE80F380C300E09
:1041D000780C700EB80CB00EF80CF00E380D300FD5
:1041E000780D700FB80DB00FF80DF00F08004000FB
:1041F000100080001800C0002000000128004001CD
:10420000300080013800C001500088005800C8000C
:104210006000080168004801700088017800C8014A
:104220009800D000A0001001A8005001B00090013B
:10423000B800D001E0001801E8005801F000980132
:10424000F800D801280160013001A0013801E00127
:104250007001A8017801E801B801F0010004000034
:10426000CC51010884ED0008080700008000000020
:10427000CC71010894FB0008D00000001000000081
:10428000CC75010834FD000814000000000800008F
:104290004C7601085CFD0008E00E00000001000003
:1042A0004CB601081C1B0108B801000020000000EA
:1042B0004CBE01088C1E01083000000000100000F8
:1042C0004CBF0108EC1E0108C00F000000020000F6
:1042D0004C3F02086C3E0108C00100004000000095
:1042E0004C4F0208EC4101083800000000401C4619
:1042F00005000000D536C3440000C841C7624445EC
:1043000000004842A8FF924500009642CC38C445C0
:104310000000C842618AF5450000FA4200409C4610
:1043200005000000A677C5440000C8416428454543
:1043300000004842544D934500009642CF4EC4457C
:104340000000C842BA64F5450000FA420060EA463F
:10435000050000001436C6440000C8410EC34445A1
:104360000000484243FC92450000964257D4C345A2
:104370000000C8426F58F5450000FA4200401C4753
:10438000050000009CA8C5440000C841A8EF4345B3
:1043900000004842473A9345000096424C52C445BB
:1043A0000000C8426850F5450000FA4200504347FB
:1043B00005000000E9CCC4440000C841BCB4444539
:1043C000000048426A2A934500009642ED9BC4458E
:1043D0000000C842F2C2F5450000FA4200606A4798
:1043E00005000000DB63C3440000C841EC584445AD
:1043F00000004842FA899345000096426EC1C445C8
:104400000000C842FF0CF6450000FA4200B8884799
:104410000500000058FDC4440000C84110FD44459B
:1044200000004842C1BF93450000964204E6C445DF
:104430000000C8421F31F6450000FA4200409C4788
:10444000050000000EF1C4440000C84114EB4445CF
:10445000000048421FE0934500009642E82CC54505
:104460000000C8429C8FF6450000FA4200C8AF47E2
:1044700005000000F071C4440000C84135FF444508
:104480000000484216099445000096421A71C5453D
:104490000000C842F0C4F6450000FA420050C3478D
:1044A0000500000062FCC5440000C8413B6745456B
:1044B00000004842774A944500009642BA8AC545B2
:1044C0000000C8428EEEF6450000FA4200D8D647FA
:1044D000050000005469C5440000C841C3AE45450D
:1044E00000004842BA5B94450000964258CAC54550
:1044F0000000C842CE37F7450000FA420060EA47A4
:1045000005000000272FC6440000C84162B8454599
:1045100000004842A7619445000096420CF4C5454E
:104520000000C842A83EF7450000FA4200E8FD47F7
:10453000050000003DD4C5440000C8415A764545F9
:1045400000004842C8829445000096424DDCC545B3
:104550000000C842695BF7450000FA4200B808480D
:104560000500000046BEC6440000C841AC89454570
:1045700000004842CB72944500009642F1DBC545ED
:104580000000C842125BF7450000FA42007C124866
:1045900005000000BC40C6440000C841ACA8454529
:1045A00000004842247494450000964249D6C5450F
:1045B0000000C842413EF7450000FA4200401C4856
:1045C000050000005A2CC6440000C8410291454530
:1045D00000004842634994450000964286AFC545B5
:1045E0000000C8427E0EF7450000FA42000426484B
:1045F000050000009CA4C5440000C841FE344545A8
:1046000000004842553A9445000096426562C5450F
:104610000000C842DFC8F6450000FA4200C82F4833
:1046200005000000F405C5440000C841E7D3444537
:1046300000004842C4FB934500009642D73DC54563
:104640000000C8428B6EF6450000FA42008C3948E3
:10465000050000006A92C5440000C841BA71444593
:10466000000048423CC79345000096423DE2C445E5
:104670000000C8425316F6450000FA420050434875
:1046800005000000A68DC4440000C84154454445BF
:1046900000004842CE739345000096423B98C445C3
:1046A0000000C84290A8F5450000FA4200144D48A9
:1046B00005000000B25DC4440000C841F6D5434582
:1046C000000048427E46934500009642E22CC445D5
:1046D0000000C842991FF5450000FA4200D856482C
:1046E00005000000B235C4440000C8411D864345A2
:1046F000000048427BED92450000964258AEC3450B
:104700000000C842A7A1F4450000FA42009C60489E
:10471000050000000C3AC3440000C84148E242458D
:10472000000048423199924500009642D349C34562
:104730000000C842A40EF4450000FA4200606A4836
:1047400005000000F68CC3440000C8414A7342458E
:1047500000004842B94B9245000096422EDEC24509
:104760000000C8428D7DF3450000FA4200247448E1
:1047700005000000DB09C3440000C8411243424564
:1047800000004842D6EE9145000096424980C2455D
:104790000000C842200DF3450000FA4200E87D48C1
:1047A000050000007F3CC2440000C841C1B941453A
:1047B000000048425BB99145000096429720C245EF
:1047C0000000C842B68BF2450000FA4200D683488A
:1047D0000500000075FFC1440000C8412382414527
:1047E0000000484203789145000096422ED1C14511
:1047F0000000C842A123F2450000FA4200B88848F0
:1048000005000000B06AC1440000C8412F56414570
:1048100000004842064A914500009642E67EC145A6
:104820000000C84280DFF1450000FA42009A8D483E
:10483000050000004823C2440000C8414E0841451D
:10484000000048429A2D914500009642CE53C14542
:104850000000C8421D92F1450000FA42007C9248D7
:1048600005000000B4C4C1440000C84146E540450D
:10487000000048427814914500009642DD4DC14544
:104880000000C842D56FF1450000FA42005E97482B
:1048900005000000F24EC1440000C841FADC40456A
:1048A00000004842BB10914500009642262CC145AD
:1048B0000000C8425467F1450000FA4200409C489D
:1048C00005000000E97EC1440000C841D5F3404521
:1048D00000004842AC21914500009642C136C145D6
:1048E0000000C8429B6FF1450000FA420022A14837
:1048F000050000002BC9C1440000C84150134145C8
:1049000000004842022F914500009642255AC145B9
:104910000000C842E685F1450000FA420004A648BE
:10492000050000006DD3C1440000C841DFF64045DA
:10493000000048423B37914500009642D66AC14587
:104940000000C842AC9DF1450000FA4200E6AA48CA
:104950000500000046B0C1440000C841B4174145FD
:104960000000484225479145000096428D7FC14591
:104970000000C8421EB5F1450000FA4200C8AF4829
:10498000050000008147C2440000C841354641454A
:1049900000004842984E9145000096429F7CC145D8
:1049A0000000C84258C2F1450000FA4200AAB448CB
:1049B00005000000C512C2440000C84171264145EF
:1049C000000048423544914500009642E26AC145E4
:1049D0000000C84275BBF1450000FA42008CB9489E
:1049E000050000009C66C1440000C841F2FC40453F
:1049F00000004842310E914500009642EF43C14508
:104A00000000C842EA79F1450000FA42006EBE4853
:104A100005000000C3BFC1440000C841B470404558
:104A20000000484209D99045000096429EF0C045DA
:104A30000000C842B90AF1450000FA420050C348DC
:104A40000500000075B3C0440000C841DD48404582
:104A500000004842AB869045000096421A73C0455C
:104A60000000C842416DF0450000FA420032C848DB
:104A700005000000F061C0440000C84158513F45A6
:104A80000000484233F78F450000964276C8BF4584
:104A90000000C842A48EEF450000FA420014CD4841
:104AA000050000008766BF440000C8413DB13E4597
:104AB00000004842B2718F45000096429CFFBE45FF
:104AC0000000C842638FEE450000FA4200F6D1486C
:104AD00005000000255EBE440000C841CBA53D4551
:104AE000000048423FC98E4500009642FE1FBE4569
:104AF0000000C842487EED450000FA4200D8D64882
:104B000005000000B0B8BD440000C84191113D450A
:104B10000000484285338E45000096429374BD459F
:104B20000000C842849FEC450000FA4200BADB480E
:104B300005000000F6C4BC440000C841EE7B3C45C3
:104B40000000484281E18D4500009642A3F1BC453A
:104B50000000C842F709EC450000FA42009CE0481A
:104B600005000000CD3CBD440000C841D36D3C456C
:104B70000000484259C48D450000964267CBBC45B1
:104B80000000C84262D0EB450000FA42007EE548D2
:104B900005000000DB63BD440000C841FABA3C4593
:104BA00000004842221A8E4500009642E924BD4585
:104BB0000000C8425347EC450000FA420060EA4852
:104BC00005000000C9FABD440000C8414E313D4512
:104BD00000004842636C8E450000964269A6BD45C0
:104BE0000000C8427EEAEC450000FA420042EF486D
:104BF000050000007519BE440000C841DF4E3D4568
:104C000000004842D55C8E4500009642BE99BD45E5
:104C10000000C842B3E6EC450000FA420024F44824
:104C200005000000D56CBB440000C84179C53A4579
:104C300000004842DE958C4500009642882CBB451A
:104C40000000C842E2C2E9450000FA42644C010893
:104C50000A000000B44C010832000000EC420108D8
:104C60003200000000401C46A158023D005043475E
:104C7000C63B023D0050C347ABD1013D0050434805
:104C8000422F023D00247448083C033D007C9248BA
:104C9000CE48043D00E6AA48C881043D0050C34800
:104CA000C3BA043D00BADB482A91063D0024F4480B
:104CB0009267083D00401C460000008000409C4672
:104CC000D870BEBA0060EA46CBCF5CBB00401C4740
:104CD000034CBABB0050434707550CBC00606A4701
:104CE000B0AC3ABC00B88847782479BC00409C47F7
:104CF0002C079FBC00C8AF47D925C4BC0050C34790
:104D00004DF6F0BC00D8D647BFEA0BBD0060EA47BD
:104D100076982ABD00E8FD4770FC47BD00B80848FA
:104D2000238966BD007C12483EE986BD00401C48D0
:104D300050EC99BD000426481C53ACBD00C82F4858
:104D400096A2C1BD008C394896B9D9BD00504348E0
:104D500012EFF0BD00144D48263705BE00D8564866
:104D6000C3EA12BE009C6048632622BE00606A4807
:104D7000756930BE002474483EDF3FBE00E87D48C0
:104D8000B01452BE00D6834867F363BE00B88848AB
:104D9000573277BE009A8D48CD3787BE007C924847
:104DA00092CC93BE005E9748704EA0BE00409C48D7
:104DB0009BFAADBE0022A148460EBEBE0004A64826
:104DC00004F8CEBE00E6AA48FF2EE1BE00C8AF48F8
:104DD000239FF5BE00AAB4483D0006BF008CB94829
:104DE000746B12BF006EBE48265320BF0050C348EC
:104DF000008C2FBF0032C8486D023FBF0014CD4861
:104E0000BD684FBF00F6D148407161BF00D8D64899
:104E1000525E75BF00BADB4827B985BF009CE048E9
:104E2000F1FC91BF007EE5481628A0BF0060EA486B
:104E3000629DB0BF0042EF48A7BFC3BF0024F44843
:104E4000CC73DCBF475F53545245414D2C636D64B6
:104E50003D433A73746172745F636F6E74696E750B
:104E60006F75732C533A73746F702C626175643D67
:104E70003932313630302C666F726D61743D384E88
:104E8000310D0A00475F464C4F572C626F6F742CF0
:104E900069643D30782530386C582C6F6E6C696EC3
:104EA000653D25752C66733D313235303030302C00
:104EB0006E3D343039360D0A00475F484D492C6548
:104EC00076656E743D74696D652C71756575656484
:104ED0003D61667465725F73747265616D5F667261
:104EE000616D650D0A00475F484D492C6576656E1A
:104EF000743D6672657175656E63792C7175657543
:104F000065643D61667465725F73747265616D5F3F
:104F10006672616D650D0A00475F484D492C6576E4
:104F2000656E743D74696D650D0A00475F434F4DB2
:104F3000502C7365713D256C752C683D25752C666C
:104F40003D2573487A2C636F6465733D25732C6B24
:104F50003D25736D562F636F64652C616D703D2523
:104F6000736D562C70686173655F73696E3D257350
:104F70006465672C72656C3D25736465670D0A0076
:104F8000475F53545245414D2C73746174653D72B3
:104F9000756E6E696E672C6D6F64653D63616C69DB
:104FA00062726174696F6E0D0A00475F484D492C4B
:104FB0006576656E743D72616E67652C68616C66BE
:104FC0005F6D763D25730D0A00475F484D492C659E
:104FD00076656E743D6379636C65732C76616C7570
:104FE000653D25752C6170706C793D25730D0A0047
:104FF000475F484D492C6576656E743D66726571F4
:1050000075656E63790D0A00475F484D492C6576DA
:10501000656E743D74696D652C69676E6F72656449
:105020003D627573790D0A00475F484D492C6576DE
:10503000656E743D6672657175656E63792C69671E
:105040006E6F7265643D627573790D0A00C6B5C2F4
:10505000CA46A3BA2D2D00B7E5B7E5D6B556707090
:10506000A3BA2D2D00D3D0D0A7D6B556726D73A399
:10507000BA2D2D00726566207330007430004831FF
:105080000072656620733100743100743200434150
:105090004C4320455252004944204552520046524A
:1050A000414D4520455252005741564520455252E8
:1050B000004C454E20455252005354415420455215
:1050C00052005354415254204552520054494D45C8
:1050D0004F555400D0B3B2A8482575A3BA256C75B6
:1050E000487A2025736D5600717565756564007387
:1050F000302E69640073312E6964006672616D65DB
:10510000006E6F6E65006C656E677468007761761F
:1051100065666F726D00737065637472756D007291
:1051200065665F7374617200737461747573006D8A
:105130006561737572656D656E7400776176655F24
:1051400073746172740074696D656F75740074783E
:105150007400475F464C4F572C7365713D256C7545
:105160002C66303D256C75487A2C6E3D25752C7269
:105170006D733D256C752C7670703D256C752C74A7
:105180005F6D733D256C752C756E64657232733D71
:105190002575002563256C752E2530326C7500252C
:1051A0006C752E2530336C750025732E25733D22CA
:1051B000257322005245414459004255535900631A
:1051C0006C652025732C2564000000000000803FE2
:1051D00000000000C4FE7F3F890FC93B11FB7F3FE9
:1051E000900E493CE6F47F3FB6C9963C43EC7F3FC6
:1051F000B00AC93C29E17F3FB949FB3C98D37F3FC6
:105200002CC3163D8FC37F3F07E02F3D0FB17F3F7B
:105210002FFB483D189C7F3F6814623DAB847F3F65
:10522000742B7B3DC76A7F3F0A208A3D6D4E7F3FCE
:1052300005A9963D9D2F7F3F8C30A33D580E7F3FA3
:1052400080B6AF3D9DEA7E3FC33ABC3D6DC47E3F14
:1052500036BDC83DC99B7E3FB93DD53DB0707E3F50
:105260002EBCE13D23437E3F7638EE3D24137E3F46
:1052700073B2FA3DB1E07D3F0295033ECCAB7D3F7A
:1052800086CF093E74747D3FB708103EAC3A7D3F2F
:105290008340163E73FE7C3FDE761C3EC9BF7C3FDA
:1052A000B6AB223EB07E7C3FFCDE283E283B7C3FF6
:1052B000A2102F3E31F57B3F9840353ECDAC7B3F71
:1052C000CF6E3B3EFC617B3F379B413EBE147B3F34
:1052D000C2C5473E16C57A3F60EE4D3E02737A3F27
:1052E0000115543E841E7A3F97395A3E9DC7793F37
:1052F000135C603E4E6E793F667C663E9812793F45
:105300007F9A6C3E7BB4783F51B6723EF853783F3B
:10531000CCCF783E10F1773FE1E67E3EC58B773FFC
:10532000C07D823E1724773FCE86853E07BA763F02
:10533000938E883E974D763F07958B3EC6DE753F30
:10534000229A8E3E976D753FDD9D913E0BFA743F1C
:1053500031A0943E2284743F17A1973EDD0B743F29
:1053600086A09A3E3F91733F789E9D3E4714733FBF
:10537000E59AA03EF894723FC595A33E5213723F42
:10538000128FA63E578F713FC486A93E0809713F10
:10539000D47CAC3E6680703F3A71AF3E73F56F3F90
:1053A000EF63B23E30686F3FEC54B53E9ED86E3F1F
:1053B0002A44B83EBE466E3FA031BB3E93B26D3F1D
:1053C0004A1DBE3E1D1C6D3F1E07C13E5E836C3FE5
:1053D00015EFC33E58E86B3F29D5C63E0C4B6B3FDB
:1053E00053B9C93E7BAB6A3F8B9BCC3EA7096A3F52
:1053F000CA7BCF3E9165693F095AD23E3CBF683FA8
:105400004136D53EA816683F6B10D83ED86B673F33
:1054100080E8DA3ECCBE663F79BEDD3E880F663F4F
:105420004F92E03E0B5E653FFA63E33E59AA643F4C
:105430007533E63E73F4633FB700E93E5A3C633F81
:10544000BBCBEB3E1082623F7994EE3E98C5613F44
:10545000EA5AF13EF206613F071FF43E2146603FE3
:10546000CBE0F63E27835F3F2DA0F93E05BE5E3FB1
:10547000275DFC3EBEF65D3FB217FF3E532D5D3FFC
:10548000E4E7003FC7615C3FB142023F1A945B3FD3
:105490003D9C033F50C45A3F84F4043F6AF2593F95
:1054A000824B063F6A1E593F36A1073F5348583F7B
:1054B0009BF5083F2670573FAD480A3FE595563F9C
:1054C0006B9A0B3F93B9553FD0EA0C3F31DB543F09
:1054D000DA390E3FC3FA533F84870F3F4918533FD1
:1054E000CDD3103FC633523FB01E123F3D4D513F0A
:1054F0002A68133FAF64503F39B0143F1F7A4F3FC3
:10550000D9F6153F908D4E3F073C173F029F4D3F08
:10551000C07F183F79AE4C3F00C2193FF8BB4B3FEC
:10552000C6021B3F7FC74A3F0C421C3F12D1493F76
:10553000D17F1D3FB3D8483F12BC1E3F65DE473FB9
:10554000CBF61F3F2AE2463FF92F213F03E4453FB8
:105550009967223FF5E3443FA99D233F00E2433F83
:1055600025D2243F29DE423F0A05263F70D8413F1D
:105570005636273FDAD0403F0566283F67C73F3F92
:105580001594293F1BBC3E3F82C02A3FF9AE3D3FE8
:105590004AEB2B3F03A03C3F69142D3F3B8F3B3F21
:1055A000DE3B2E3FA47C3A3FA5612F3F4268393F46
:1055B000BB85303F1652383F1DA8313F233A373F55
:1055C000C9C8323F6C20363FBCE7333FF304353F58
:1055D000F304353FBCE7333F6C20363FC9C8323F48
:1055E000233A373F1DA8313F1652383FBB85303F25
:1055F0004268393FA5612F3FA47C3A3FDE3B2E3FF6
:105600003B8F3B3F69142D3F03A03C3F4AEB2B3FB0
:10561000F9AE3D3F82C02A3F1BBC3E3F1594293F57
:1056200067C73F3F0566283FDAD0403F5636273FE1
:1056300070D8413F0A05263F29DE423F25D2243F4C
:1056400000E2433FA99D233FF5E3443F9967223F92
:1056500003E4453FF92F213F2AE2463FCBF61F3FA7
:1056600065DE473F12BC1E3FB3D8483FD17F1D3F88
:1056700012D1493F0C421C3F7FC74A3FC6021B3F25
:10568000F8BB4B3F00C2193F79AE4C3FC07F183F7B
:10569000029F4D3F073C173F908D4E3FD9F6153F77
:1056A0001F7A4F3F39B0143FAF64503F2A68133F11
:1056B0003D4D513FB01E123FC633523FCDD3103F38
:1056C0004918533F84870F3FC3FA533FDA390E3FDF
:1056D00031DB543FD0EA0C3F93B9553F6B9A0B3FF7
:1056E000E595563FAD480A3F2670573F9BF5083F6A
:1056F0005348583F36A1073F6A1E593F824B063F29
:105700006AF2593F84F4043F50C45A3F3D9C033F22
:105710001A945B3FB142023FC7615C3FE4E7003F40
:10572000532D5D3FB217FF3EBEF65D3F275DFC3E49
:1057300005BE5E3F2DA0F93E27835F3FCBE0F63EDE
:105740002146603F071FF43EF206613FEA5AF13EF0
:1057500098C5613F7994EE3E1082623FBBCBEB3E31
:105760005A3C633FB700E93E73F4633F7533E63E4E
:1057700059AA643FFA63E33E0B5E653F4F92E03EF9
:10578000880F663F79BEDD3ECCBE663F80E8DA3EDC
:10579000D86B673F6B10D83EA816683F4136D53EA0
:1057A0003CBF683F095AD23E9165693FCA7BCF3EF4
:1057B000A7096A3F8B9BCC3E7BAB6A3F53B9C93E7E
:1057C0000C4B6B3F29D5C63E58E86B3F15EFC33EE7
:1057D0005E836C3F1E07C13E1D1C6D3F4A1DBE3ED1
:1057E00093B26D3FA031BB3EBE466E3F2A44B83EE9
:1057F0009ED86E3FEC54B53E30686F3FEF63B23ECB
:1058000073F56F3F3A71AF3E6680703FD47CAC3E1B
:105810000809713FC486A93E578F713F128FA63E7B
:105820005213723FC595A33EF894723FE59AA03E8D
:105830004714733F789E9D3E3F91733F86A09A3EEA
:10584000DD0B743F17A1973E2284743F31A0943E34
:105850000BFA743FDD9D913E976D753F229A8E3E07
:10586000C6DE753F07958B3E974D763F938E883EFB
:1058700007BA763FCE86853E1724773FC07D823EAD
:10588000C58B773FE1E67E3E10F1773FCCCF783E87
:10589000F853783F51B6723E7BB4783F7F9A6C3EA6
:1058A0009812793F667C663E4E6E793F135C603E8F
:1058B0009DC7793F97395A3E841E7A3F0115543E61
:1058C00002737A3F60EE4D3E16C57A3FC2C5473E31
:1058D000BE147B3F379B413EFC617B3FCF6E3B3E1E
:1058E000CDAC7B3F9840353E31F57B3FA2102F3E3B
:1058F000283B7C3FFCDE283EB07E7C3FB6AB223EA0
:10590000C9BF7C3FDE761C3E73FE7C3F8340163E63
:10591000AC3A7D3FB708103E74747D3F86CF093E98
:10592000CCAB7D3F0295033EB1E07D3F73B2FA3DC3
:1059300024137E3F7638EE3D23437E3F2EBCE13D6F
:10594000B0707E3FB93DD53DC99B7E3F36BDC83D59
:105950006DC47E3FC33ABC3D9DEA7E3F80B6AF3DFD
:10596000580E7F3F8C30A33D9D2F7F3F05A9963D6C
:105970006D4E7F3F0A208A3DC76A7F3F742B7B3D77
:10598000AB847F3F6814623D189C7F3F2FFB483DEE
:105990000FB17F3F07E02F3D8FC37F3F2CC3163DE4
:1059A00098D37F3FB949FB3C29E17F3FB00AC93C0E
:1059B00043EC7F3FB6C9963CE6F47F3F900E493CEE
:1059C00011FB7F3F890FC93BC4FE7F3F00000000F1
:1059D0000000803F890FC9BBC4FE7F3F900E49BCC9
:1059E00011FB7F3FB6C996BCE6F47F3FB00AC9BC45
:1059F00043EC7F3FB949FBBC29E17F3F2CC316BD77
:105A000098D37F3F07E02FBD8FC37F3F2FFB48BD5B
:105A10000FB17F3F681462BD189C7F3F742B7BBD24
:105A2000AB847F3F0A208ABDC76A7F3F05A996BD28
:105A30006D4E7F3F8C30A3BD9D2F7F3F80B6AFBDA5
:105A4000580E7F3FC33ABCBD9DEA7E3F36BDC8BD00
:105A50006DC47E3FB93DD5BDC99B7E3F2EBCE1BD27
:105A6000B0707E3F7638EEBD23437E3F73B2FABD01
:105A700024137E3F029503BEB1E07D3F86CF09BE71
:105A8000CCAB7D3FB70810BE74747D3F834016BE1B
:105A9000AC3A7D3FDE761CBE73FE7C3FB6AB22BEC9
:105AA000C9BF7C3FFCDE28BEB07E7C3FA2102FBE6B
:105AB000283B7C3F984035BE31F57B3FCF6E3BBEE7
:105AC000CDAC7B3F379B41BEFC617B3FC2C547BE2F
:105AD000BE147B3F60EE4DBE16C57A3F011554BE25
:105AE00002737A3F97395ABE841E7A3F135C60BEB8
:105AF0009DC7793F667C66BE4E6E793F7F9A6CBECD
:105B00009812793F51B672BE7BB4783FCCCF78BE45
:105B1000F853783FE1E67EBE10F1773FC07D82BE4C
:105B2000C58B773FCE8685BE1724773F938E88BE80
:105B300007BA763F07958BBE974D763F229A8EBE69
:105B4000C6DE753FDD9D91BE976D753F31A094BE59
:105B50000BFA743F17A197BE2284743F86A09ABEA9
:105B6000DD0B743F789E9DBE3F91733FE59AA0BECA
:105B70004714733FC595A3BEF894723F128FA6BE1B
:105B80005213723FC486A9BE578F713FD47CACBEFE
:105B90000809713F3A71AFBE6680703FEF63B2BED5
:105BA00073F56F3FEC54B5BE30686F3F2A44B8BE02
:105BB0009ED86E3FA031BBBEBE466E3F4A1DBEBEE4
:105BC00093B26D3F1E07C1BE1D1C6D3F15EFC3BED6
:105BD0005E836C3F29D5C6BE58E86B3F53B9C9BE3A
:105BE0000C4B6B3F8B9BCCBE7BAB6A3FCA7BCFBE63
:105BF000A7096A3F095AD2BE9165693F4136D5BEB1
:105C00003CBF683F6B10D8BEA816683F80E8DABE7C
:105C1000D86B673F79BEDDBECCBE663F4F92E0BE1B
:105C2000880F663FFA63E3BE0B5E653F7533E6BEE1
:105C300059AA643FB700E9BE73F4633FBBCBEBBE28
:105C40005A3C633F7994EEBE1082623FEA5AF1BE3D
:105C500098C5613F071FF4BEF206613FCBE0F6BE78
:105C60002146603F2DA0F9BE27835F3F275DFCBE24
:105C700005BE5E3FB217FFBEBEF65D3FE4E700BF64
:105C8000532D5D3FB14202BFC7615C3F3D9C03BFE6
:105C90001A945B3F84F404BF50C45A3F824B06BF42
:105CA0006AF2593F36A107BF6A1E593F9BF508BFEC
:105CB0005348583FAD480ABF2670573F6B9A0BBFF9
:105CC000E595563FD0EA0CBF93B9553FDA390EBF80
:105CD00031DB543F84870FBFC3FA533FCDD310BF8E
:105CE0004918533FB01E12BFC633523F2A6813BF34
:105CF0003D4D513F39B014BFAF64503FD9F615BF89
:105D00001F7A4F3F073C17BF908D4E3FC07F18BF93
:105D1000029F4D3F00C219BF79AE4C3FC6021BBF68
:105D2000F8BB4B3F0C421CBF7FC74A3FD17F1DBF12
:105D300012D1493F12BC1EBFB3D8483FCBF61FBF9C
:105D400065DE473FF92F21BF2AE2463F996722BF10
:105D500003E4453FA99D23BFF5E3443F25D224BF7B
:105D600000E2433F0A0526BF29DE423F563627BFE1
:105D700070D8413F056628BFDAD0403F159429BF4F
:105D800067C73F3F82C02ABF1BBC3E3F4AEB2BBFC9
:105D9000F9AE3D3F69142DBF03A03C3FDE3B2EBF53
:105DA0003B8F3B3FA5612FBFA47C3A3FBB8530BFF3
:105DB0004268393F1DA831BF1652383FC9C832BFAB
:105DC000233A373FBCE733BF6C20363FF30435BF7F
:105DD000F304353F6C2036BFBCE7333F233A37BF6F
:105DE000C9C8323F165238BF1DA8313F426839BF7B
:105DF000BB85303FA47C3ABFA5612F3F3B8F3BBFA3
:105E0000DE3B2E3F03A03CBF69142D3FF9AE3DBFE2
:105E10004AEB2B3F1BBC3EBF82C02A3F67C73FBF38
:105E20001594293FDAD040BF0566283F70D841BF9E
:105E30005636273F29DE42BF0A05263F00E243BF10
:105E400025D2243FF5E344BFA99D233F03E445BF8A
:105E50009967223F2AE246BFF92F213F65DE47BFFF
:105E6000CBF61F3FB3D848BF12BC1E3F12D149BF6B
:105E7000D17F1D3F7FC74ABF0C421C3FF8BB4BBFC1
:105E8000C6021B3F79AE4CBF00C2193F029F4DBFF7
:105E9000C07F183F908D4EBF073C173F1F7A4FBF02
:105EA000D9F6153FAF6450BF39B0143F3D4D51BFD7
:105EB0002A68133FC63352BFB01E123F491853BF62
:105EC000CDD3103FC3FA53BF84870F3F31DB54BF9C
:105ED000DA390E3F93B955BFD0EA0C3FE59556BF6E
:105EE0006B9A0B3F267057BFAD480A3F534858BFC7
:105EF0009BF5083F6A1E59BF36A1073F6AF259BF9A
:105F0000824B063F50C45ABF84F4043F1A945BBFCF
:105F10003D9C033FC7615CBFB142023F532D5DBF53
:105F2000E4E7003FBEF65DBFB217FF3E05BE5EBFB1
:105F3000275DFC3E27835FBF2DA0F93E214660BF51
:105F4000CBE0F63EF20661BF071FF43E98C561BF85
:105F5000EA5AF13E108262BF7994EE3E5A3C63BF2A
:105F6000BBCBEB3E73F463BFB700E93E59AA64BFF5
:105F70007533E63E0B5E65BFFA63E33E880F66BF8E
:105F80004F92E03ECCBE66BF79BEDD3ED86B67BFA8
:105F900080E8DA3EA81668BF6B10D83E3CBF68BFE9
:105FA0004136D53E916569BF095AD23EA7096ABFFD
:105FB000CA7BCF3E7BAB6ABF8B9BCC3E0C4B6BBF8F
:105FC00053B9C93E58E86BBF29D5C63E5E836CBF46
:105FD00015EFC33E1D1C6DBF1E07C13E93B26DBFC2
:105FE0004A1DBE3EBE466EBFA031BB3E9ED86EBFB0
:105FF0002A44B83E30686FBFEC54B53E73F56FBFAE
:10600000EF63B23E668070BF3A71AF3E080971BF60
:10601000D47CAC3E578F71BFC486A93E521372BF69
:10602000128FA63EF89472BFC595A33E471473BF66
:10603000E59AA03E3F9173BF789E9D3EDD0B74BFF5
:1060400086A09A3E228474BF17A1973E0BFA74BFB4
:1060500031A0943E976D75BFDD9D913EC6DE75BF44
:10606000229A8E3E974D76BF07958B3E07BA76BF34
:10607000938E883E172477BFCE86853EC58B77BF2B
:10608000C07D823E10F177BFE1E67E3EF85378BFD7
:10609000CCCF783E7BB478BF51B6723E981279BFB0
:1060A0007F9A6C3E4E6E79BF667C663E9DC779BF17
:1060B000135C603E841E7ABF97395A3E02737ABFE2
:1060C0000115543E16C57ABF60EE4D3EBE147BBF2F
:1060D000C2C5473EFC617BBF379B413ECDAC7BBF19
:1060E000CF6E3B3E31F57BBF9840353E283B7CBFB1
:1060F000A2102F3EB07E7CBFFCDE283EC9BF7CBF15
:10610000B6AB223E73FE7CBFDE761C3EAC3A7DBF52
:106110008340163E74747DBFB708103ECCAB7DBF84
:1061200086CF093EB1E07DBF0295033E24137EBFBA
:1061300073B2FA3D23437EBF7638EE3DB0707EBF2A
:106140002EBCE13DC99B7EBFB93DD53D6DC47EBF30
:1061500036BDC83D9DEA7EBFC33ABC3D580E7FBFE9
:1061600080B6AF3D9D2F7FBF8C30A33D6D4E7FBF6E
:1061700005A9963DC76A7FBF0A208A3DAB847FBFD1
:10618000742B7B3D189C7FBF6814623D0FB17FBFAD
:106190002FFB483D8FC37FBF07E02F3D98D37FBFC4
:1061A0002CC3163D29E17FBFB949FB3C43EC7FBFBF
:1061B000B00AC93CE6F47FBFB6C9963C11FB7FBF6D
:1061C000900E493CC4FE7FBF890FC93B000080BFD1
:1061D00000000000C4FE7FBF890FC9BB11FB7FBF59
:1061E000900E49BCE6F47FBFB6C996BC43EC7FBFB6
:1061F000B00AC9BC29E17FBFB949FBBC98D37FBFB6
:106200002CC316BD8FC37FBF07E02FBD0FB17FBF6B
:106210002FFB48BD189C7FBF681462BDAB847FBF55
:10622000742B7BBDC76A7FBF0A208ABD6D4E7FBFBE
:1062300005A996BD9D2F7FBF8C30A3BD580E7FBF93
:1062400080B6AFBD9DEA7EBFC33ABCBD6DC47EBF04
:1062500036BDC8BDC99B7EBFB93DD5BDB0707EBF40
:106260002EBCE1BD23437EBF7638EEBD24137EBF36
:1062700073B2FABDB1E07DBF029503BECCAB7DBF6A
:1062800086CF09BE74747DBFB70810BEAC3A7DBF1F
:10629000834016BE73FE7CBFDE761CBEC9BF7CBFCA
:1062A000B6AB22BEB07E7CBFFCDE28BE283B7CBFE6
:1062B000A2102FBE31F57BBF984035BECDAC7BBF61
:1062C000CF6E3BBEFC617BBF379B41BEBE147BBF24
:1062D000C2C547BE16C57ABF60EE4DBE02737ABF17
:1062E000011554BE841E7ABF97395ABE9DC779BF27
:1062F000135C60BE4E6E79BF667C66BE981279BF35
:106300007F9A6CBE7BB478BF51B672BEF85378BF2B
:10631000CCCF78BE10F177BFE1E67EBEC58B77BFEC
:10632000C07D82BE172477BFCE8685BE07BA76BFF2
:10633000938E88BE974D76BF07958BBEC6DE75BF20
:10634000229A8EBE976D75BFDD9D91BE0BFA74BF0C
:1063500031A094BE228474BF17A197BEDD0B74BF19
:1063600086A09ABE3F9173BF789E9DBE471473BFAF
:10637000E59AA0BEF89472BFC595A3BE521372BF32
:10638000128FA6BE578F71BFC486A9BE080971BF00
:10639000D47CACBE668070BF3A71AFBE73F56FBF80
:1063A000EF63B2BE30686FBFEC54B5BE9ED86EBF0F
:1063B0002A44B8BEBE466EBFA031BBBE93B26DBF0D
:1063C0004A1DBEBE1D1C6DBF1E07C1BE5E836CBFD5
:1063D00015EFC3BE58E86BBF29D5C6BE0C4B6BBFCB
:1063E00053B9C9BE7BAB6ABF8B9BCCBEA7096ABF42
:1063F000CA7BCFBE916569BF095AD2BE3CBF68BF98
:106400004136D5BEA81668BF6B10D8BED86B67BF23
:1064100080E8DABECCBE66BF79BEDDBE880F66BF3F
:106420004F92E0BE0B5E65BFFA63E3BE59AA64BF3C
:106430007533E6BE73F463BFB700E9BE5A3C63BF71
:10644000BBCBEBBE108262BF7994EEBE98C561BF34
:10645000EA5AF1BEF20661BF071FF4BE214660BFD3
:10646000CBE0F6BE27835FBF2DA0F9BE05BE5EBFA1
:10647000275DFCBEBEF65DBFB217FFBE532D5DBFEC
:10648000E4E700BFC7615CBFB14202BF1A945BBFC3
:106490003D9C03BF50C45ABF84F404BF6AF259BF85
:1064A000824B06BF6A1E59BF36A107BF534858BF6B
:1064B0009BF508BF267057BFAD480ABFE59556BF8C
:1064C0006B9A0BBF93B955BFD0EA0CBF31DB54BFF9
:1064D000DA390EBFC3FA53BF84870FBF491853BFC1
:1064E000CDD310BFC63352BFB01E12BF3D4D51BFFA
:1064F0002A6813BFAF6450BF39B014BF1F7A4FBFB3
:10650000D9F615BF908D4EBF073C17BF029F4DBFF8
:10651000C07F18BF79AE4CBF00C219BFF8BB4BBFDC
:10652000C6021BBF7FC74ABF0C421CBF12D149BF66
:10653000D17F1DBFB3D848BF12BC1EBF65DE47BFA9
:10654000CBF61FBF2AE246BFF92F21BF03E445BFA8
:10655000996722BFF5E344BFA99D23BF00E243BF73
:1065600025D224BF29DE42BF0A0526BF70D841BF0D
:10657000563627BFDAD040BF056628BF67C73FBF82
:10658000159429BF1BBC3EBF82C02ABFF9AE3DBFD8
:106590004AEB2BBF03A03CBF69142DBF3B8F3BBF11
:1065A000DE3B2EBFA47C3ABFA5612FBF426839BF36
:1065B000BB8530BF165238BF1DA831BF233A37BF45
:1065C000C9C832BF6C2036BFBCE733BFF30435BF48
:1065D000F30435BFBCE733BF6C2036BFC9C832BF38
:1065E000233A37BF1DA831BF165238BFBB8530BF15
:1065F000426839BFA5612FBFA47C3ABFDE3B2EBFE6
:106600003B8F3BBF69142DBF03A03CBF4AEB2BBFA0
:10661000F9AE3DBF82C02ABF1BBC3EBF159429BF47
:1066200067C73FBF056628BFDAD040BF563627BFD1
:1066300070D841BF0A0526BF29DE42BF25D224BF3C
:1066400000E243BFA99D23BFF5E344BF996722BF82
:1066500003E445BFF92F21BF2AE246BFCBF61FBF97
:1066600065DE47BF12BC1EBFB3D848BFD17F1DBF78
:1066700012D149BF0C421CBF7FC74ABFC6021BBF15
:10668000F8BB4BBF00C219BF79AE4CBFC07F18BF6B
:10669000029F4DBF073C17BF908D4EBFD9F615BF67
:1066A0001F7A4FBF39B014BFAF6450BF2A6813BF01
:1066B0003D4D51BFB01E12BFC63352BFCDD310BF28
:1066C000491853BF84870FBFC3FA53BFDA390EBFCF
:1066D00031DB54BFD0EA0CBF93B955BF6B9A0BBFE7
:1066E000E59556BFAD480ABF267057BF9BF508BF5A
:1066F000534858BF36A107BF6A1E59BF824B06BF19
:106700006AF259BF84F404BF50C45ABF3D9C03BF12
:106710001A945BBFB14202BFC7615CBFE4E700BF30
:10672000532D5DBFB217FFBEBEF65DBF275DFCBE39
:1067300005BE5EBF2DA0F9BE27835FBFCBE0F6BECE
:10674000214660BF071FF4BEF20661BFEA5AF1BEE0
:1067500098C561BF7994EEBE108262BFBBCBEBBE21
:106760005A3C63BFB700E9BE73F463BF7533E6BE3E
:1067700059AA64BFFA63E3BE0B5E65BF4F92E0BEE9
:10678000880F66BF79BEDDBECCBE66BF80E8DABECC
:10679000D86B67BF6B10D8BEA81668BF4136D5BE90
:1067A0003CBF68BF095AD2BE916569BFCA7BCFBEE4
:1067B000A7096ABF8B9BCCBE7BAB6ABF53B9C9BE6E
:1067C0000C4B6BBF29D5C6BE58E86BBF15EFC3BED7
:1067D0005E836CBF1E07C1BE1D1C6DBF4A1DBEBEC1
:1067E00093B26DBFA031BBBEBE466EBF2A44B8BED9
:1067F0009ED86EBFEC54B5BE30686FBFEF63B2BEBB
:1068000073F56FBF3A71AFBE668070BFD47CACBE0B
:10681000080971BFC486A9BE578F71BF128FA6BE6B
:10682000521372BFC595A3BEF89472BFE59AA0BE7D
:10683000471473BF789E9DBE3F9173BF86A09ABEDA
:10684000DD0B74BF17A197BE228474BF31A094BE24
:106850000BFA74BFDD9D91BE976D75BF229A8EBEF7
:10686000C6DE75BF07958BBE974D76BF938E88BEEB
:1068700007BA76BFCE8685BE172477BFC07D82BE9D
:10688000C58B77BFE1E67EBE10F177BFCCCF78BE77
:10689000F85378BF51B672BE7BB478BF7F9A6CBE96
:1068A000981279BF667C66BE4E6E79BF135C60BE7F
:1068B0009DC779BF97395ABE841E7ABF011554BE51
:1068C00002737ABF60EE4DBE16C57ABFC2C547BE21
:1068D000BE147BBF379B41BEFC617BBFCF6E3BBE0E
:1068E000CDAC7BBF984035BE31F57BBFA2102FBE2B
:1068F000283B7CBFFCDE28BEB07E7CBFB6AB22BE90
:10690000C9BF7CBFDE761CBE73FE7CBF834016BE53
:10691000AC3A7DBFB70810BE74747DBF86CF09BE88
:10692000CCAB7DBF029503BEB1E07DBF73B2FABDB3
:1069300024137EBF7638EEBD23437EBF2EBCE1BD5F
:10694000B0707EBFB93DD5BDC99B7EBF36BDC8BD49
:106950006DC47EBFC33ABCBD9DEA7EBF80B6AFBDED
:10696000580E7FBF8C30A3BD9D2F7FBF05A996BD5C
:106970006D4E7FBF0A208ABDC76A7FBF742B7BBD67
:10698000AB847FBF681462BD189C7FBF2FFB48BDDE
:106990000FB17FBF07E02FBD8FC37FBF2CC316BDD4
:1069A00098D37FBFB949FBBC29E17FBFB00AC9BCFE
:1069B00043EC7FBFB6C996BCE6F47FBF900E49BCDE
:1069C00011FB7FBF890FC9BBC4FE7FBF00000080E1
:1069D000000080BF890FC93BC4FE7FBF900E493CB9
:1069E00011FB7FBFB6C9963CE6F47FBFB00AC93C35
:1069F00043EC7FBFB949FB3C29E17FBF2CC3163D67
:106A000098D37FBF07E02F3D8FC37FBF2FFB483D4B
:106A10000FB17FBF6814623D189C7FBF742B7B3D14
:106A2000AB847FBF0A208A3DC76A7FBF05A9963D18
:106A30006D4E7FBF8C30A33D9D2F7FBF80B6AF3D95
:106A4000580E7FBFC33ABC3D9DEA7EBF36BDC83DF0
:106A50006DC47EBFB93DD53DC99B7EBF2EBCE13D17
:106A6000B0707EBF7638EE3D23437EBF73B2FA3DF1
:106A700024137EBF0295033EB1E07DBF86CF093E61
:106A8000CCAB7DBFB708103E74747DBF8340163E0B
:106A9000AC3A7DBFDE761C3E73FE7CBFB6AB223EB9
:106AA000C9BF7CBFFCDE283EB07E7CBFA2102F3E5B
:106AB000283B7CBF9840353E31F57BBFCF6E3B3ED7
:106AC000CDAC7BBF379B413EFC617BBFC2C5473E1F
:106AD000BE147BBF60EE4D3E16C57ABF0115543E15
:106AE00002737ABF97395A3E841E7ABF135C603EA8
:106AF0009DC779BF667C663E4E6E79BF7F9A6C3EBD
:106B0000981279BF51B6723E7BB478BFCCCF783E35
:106B1000F85378BFE1E67E3E10F177BFC07D823E3C
:106B2000C58B77BFCE86853E172477BF938E883E70
:106B300007BA76BF07958B3E974D76BF229A8E3E59
:106B4000C6DE75BFDD9D913E976D75BF31A0943E49
:106B50000BFA74BF17A1973E228474BF86A09A3E99
:106B6000DD0B74BF789E9D3E3F9173BFE59AA03EBA
:106B7000471473BFC595A33EF89472BF128FA63E0B
:106B8000521372BFC486A93E578F71BFD47CAC3EEE
:106B9000080971BF3A71AF3E668070BFEF63B23EC5
:106BA00073F56FBFEC54B53E30686FBF2A44B83EF2
:106BB0009ED86EBFA031BB3EBE466EBF4A1DBE3ED4
:106BC00093B26DBF1E07C13E1D1C6DBF15EFC33EC6
:106BD0005E836CBF29D5C63E58E86BBF53B9C93E2A
:106BE0000C4B6BBF8B9BCC3E7BAB6ABFCA7BCF3E53
:106BF000A7096ABF095AD23E916569BF4136D53EA1
:106C00003CBF68BF6B10D83EA81668BF80E8DA3E6C
:106C1000D86B67BF79BEDD3ECCBE66BF4F92E03E0B
:106C2000880F66BFFA63E33E0B5E65BF7533E63ED1
:106C300059AA64BFB700E93E73F463BFBBCBEB3E18
:106C40005A3C63BF7994EE3E108262BFEA5AF13E2D
:106C500098C561BF071FF43EF20661BFCBE0F63E68
:106C6000214660BF2DA0F93E27835FBF275DFC3E14
:106C700005BE5EBFB217FF3EBEF65DBFE4E7003F54
:106C8000532D5DBFB142023FC7615CBF3D9C033FD6
:106C90001A945BBF84F4043F50C45ABF824B063F32
:106CA0006AF259BF36A1073F6A1E59BF9BF5083FDC
:106CB000534858BFAD480A3F267057BF6B9A0B3FE9
:106CC000E59556BFD0EA0C3F93B955BFDA390E3F70
:106CD00031DB54BF84870F3FC3FA53BFCDD3103F7E
:106CE000491853BFB01E123FC63352BF2A68133F24
:106CF0003D4D51BF39B0143FAF6450BFD9F6153F79
:106D00001F7A4FBF073C173F908D4EBFC07F183F83
:106D1000029F4DBF00C2193F79AE4CBFC6021B3F58
:106D2000F8BB4BBF0C421C3F7FC74ABFD17F1D3F02
:106D300012D149BF12BC1E3FB3D848BFCBF61F3F8C
:106D400065DE47BFF92F213F2AE246BF9967223F00
:106D500003E445BFA99D233FF5E344BF25D2243F6B
:106D600000E243BF0A05263F29DE42BF5636273FD1
:106D700070D841BF0566283FDAD040BF1594293F3F
:106D800067C73FBF82C02A3F1BBC3EBF4AEB2B3FB9
:106D9000F9AE3DBF69142D3F03A03CBFDE3B2E3F43
:106DA0003B8F3BBFA5612F3FA47C3ABFBB85303FE3
:106DB000426839BF1DA8313F165238BFC9C8323F9B
:106DC000233A37BFBCE7333F6C2036BFF304353F6F
:106DD000F30435BF6C20363FBCE733BF233A373F5F
:106DE000C9C832BF1652383F1DA831BF4268393F6B
:106DF000BB8530BFA47C3A3FA5612FBF3B8F3B3F93
:106E0000DE3B2EBF03A03C3F69142DBFF9AE3D3FD2
:106E10004AEB2BBF1BBC3E3F82C02ABF67C73F3F28
:106E2000159429BFDAD0403F056628BF70D8413F8E
:106E3000563627BF29DE423F0A0526BF00E2433F00
:106E400025D224BFF5E3443FA99D23BF03E4453F7A
:106E5000996722BF2AE2463FF92F21BF65DE473FEF
:106E6000CBF61FBFB3D8483F12BC1EBF12D1493F5B
:106E7000D17F1DBF7FC74A3F0C421CBFF8BB4B3FB1
:106E8000C6021BBF79AE4C3F00C219BF029F4D3FE7
:106E9000C07F18BF908D4E3F073C17BF1F7A4F3FF2
:106EA000D9F615BFAF64503F39B014BF3D4D513FC7
:106EB0002A6813BFC633523FB01E12BF4918533F52
:106EC000CDD310BFC3FA533F84870FBF31DB543F8C
:106ED000DA390EBF93B9553FD0EA0CBFE595563F5E
:106EE0006B9A0BBF2670573FAD480ABF5348583FB7
:106EF0009BF508BF6A1E593F36A107BF6AF2593F8A
:106F0000824B06BF50C45A3F84F404BF1A945B3FBF
:106F10003D9C03BFC7615C3FB14202BF532D5D3F43
:106F2000E4E700BFBEF65D3FB217FFBE05BE5E3FA1
:106F3000275DFCBE27835F3F2DA0F9BE2146603F41
:106F4000CBE0F6BEF206613F071FF4BE98C5613F75
:106F5000EA5AF1BE1082623F7994EEBE5A3C633F1A
:106F6000BBCBEBBE73F4633FB700E9BE59AA643FE5
:106F70007533E6BE0B5E653FFA63E3BE880F663F7E
:106F80004F92E0BECCBE663F79BEDDBED86B673F98
:106F900080E8DABEA816683F6B10D8BE3CBF683FD9
:106FA0004136D5BE9165693F095AD2BEA7096A3FED
:106FB000CA7BCFBE7BAB6A3F8B9BCCBE0C4B6B3F7F
:106FC00053B9C9BE58E86B3F29D5C6BE5E836C3F36
:106FD00015EFC3BE1D1C6D3F1E07C1BE93B26D3FB2
:106FE0004A1DBEBEBE466E3FA031BBBE9ED86E3FA0
:106FF0002A44B8BE30686F3FEC54B5BE73F56F3F9E
:10700000EF63B2BE6680703F3A71AFBE0809713F50
:10701000D47CACBE578F713FC486A9BE5213723F59
:10702000128FA6BEF894723FC595A3BE4714733F56
:10703000E59AA0BE3F91733F789E9DBEDD0B743FE5
:1070400086A09ABE2284743F17A197BE0BFA743FA4
:1070500031A094BE976D753FDD9D91BEC6DE753F34
:10706000229A8EBE974D763F07958BBE07BA763F24
:10707000938E88BE1724773FCE8685BEC58B773F1B
:10708000C07D82BE10F1773FE1E67EBEF853783FC7
:10709000CCCF78BE7BB4783F51B672BE9812793FA0
:1070A0007F9A6CBE4E6E793F667C66BE9DC7793F07
:1070B000135C60BE841E7A3F97395ABE02737A3FD2
:1070C000011554BE16C57A3F60EE4DBEBE147B3F1F
:1070D000C2C547BEFC617B3F379B41BECDAC7B3F09
:1070E000CF6E3BBE31F57B3F984035BE283B7C3FA1
:1070F000A2102FBEB07E7C3FFCDE28BEC9BF7C3F05
:10710000B6AB22BE73FE7C3FDE761CBEAC3A7D3F42
:10711000834016BE74747D3FB70810BECCAB7D3F74
:1071200086CF09BEB1E07D3F029503BE24137E3FAA
:1071300073B2FABD23437E3F7638EEBDB0707E3F1A
:107140002EBCE1BDC99B7E3FB93DD5BD6DC47E3F20
:1071500036BDC8BD9DEA7E3FC33ABCBD580E7F3FD9
:1071600080B6AFBD9D2F7F3F8C30A3BD6D4E7F3F5E
:1071700005A996BDC76A7F3F0A208ABDAB847F3FC1
:10718000742B7BBD189C7F3F681462BD0FB17F3F9D
:107190002FFB48BD8FC37F3F07E02FBD98D37F3FB4
:1071A0002CC316BD29E17F3FB949FBBC43EC7F3FAF
:1071B000B00AC9BCE6F47F3FB6C996BC11FB7F3F5D
:1071C000900E49BCC4FE7F3F890FC9BB0000803FC1
:1071D000000000000FB17F3F2FFB483D6DC47E3F94
:1071E00036BDC83DAC3A7D3F8340163EBE147B3F62
:1071F000C2C5473EF853783FCCCF783E0BFA743F78
:1072000031A0943E0809713FD47CAC3E5E836C3F54
:1072100015EFC33ED86B673F80E8DA3E98C5613F03
:10722000EA5AF13E1A945B3F3D9C033F31DB543FE9
:10723000DA390E3F029F4D3FC07F183F03E4453FC0
:107240009967223FF9AE3D3F4AEB2B3FF304353FB0
:10725000F304353F4AEB2B3FF9AE3D3F9967223FA0
:1072600003E4453FC07F183F029F4D3FDA390E3F90
:1072700031DB543F3D9C033F1A945B3FEA5AF13E99
:1072800098C5613F80E8DA3ED86B673F15EFC33E93
:107290005E836C3FD47CAC3E0809713F31A0943EC4
:1072A0000BFA743FCCCF783EF853783FC2C5473EC7
:1072B000BE147B3F8340163EAC3A7D3F36BDC83D91
:1072C0006DC47E3F2FFB483D0FB17F3F00000000A3
:1072D0000000803F2FFB48BD0FB17F3F36BDC8BDCA
:1072E0006DC47E3F834016BEAC3A7D3FC2C547BEEB
:1072F000BE147B3FCCCF78BEF853783F31A094BE0C
:107300000BFA743FD47CACBE0809713F15EFC3BEC5
:107310005E836C3F80E8DABED86B673FEA5AF1BE05
:1073200098C5613F3D9C03BF1A945B3FDA390EBF9D
:1073300031DB543FC07F18BF029F4D3F996722BF8A
:1073400003E4453F4AEB2BBFF9AE3D3FF30435BFA5
:10735000F304353FF9AE3DBF4AEB2B3F03E445BF95
:107360009967223F029F4DBFC07F183F31DB54BF5A
:10737000DA390E3F1A945BBF3D9C033F98C561BF4D
:10738000EA5AF13ED86B67BF80E8DA3E5E836CBF95
:1073900015EFC33E080971BFD47CAC3E0BFA74BF35
:1073A00031A0943EF85378BFCCCF783EBE147BBF5B
:1073B000C2C5473EAC3A7DBF8340163E6DC47EBF1A
:1073C00036BDC83D0FB17FBF2FFB483D000080BFD9
:1073D000000000000FB17FBF2FFB48BD6DC47EBF12
:1073E00036BDC8BDAC3A7DBF834016BEBE147BBF60
:1073F000C2C547BEF85378BFCCCF78BE0BFA74BF76
:1074000031A094BE080971BFD47CACBE5E836CBF52
:1074100015EFC3BED86B67BF80E8DABE98C561BF01
:10742000EA5AF1BE1A945BBF3D9C03BF31DB54BFE7
:10743000DA390EBF029F4DBFC07F18BF03E445BFBE
:10744000996722BFF9AE3DBF4AEB2BBFF30435BFAE
:10745000F30435BF4AEB2BBFF9AE3DBF996722BF9E
:1074600003E445BFC07F18BF029F4DBFDA390EBF8E
:1074700031DB54BF3D9C03BF1A945BBFEA5AF1BE97
:1074800098C561BF80E8DABED86B67BF15EFC3BE91
:107490005E836CBFD47CACBE080971BF31A094BEC2
:1074A0000BFA74BFCCCF78BEF85378BFC2C547BEC5
:1074B000BE147BBF834016BEAC3A7DBF36BDC8BD8F
:1074C0006DC47EBF2FFB48BD0FB17FBF00000080A1
:1074D000000080BF2FFB483D0FB17FBF36BDC83DC8
:1074E0006DC47EBF8340163EAC3A7DBFC2C5473EE9
:1074F000BE147BBFCCCF783EF85378BF31A0943E0A
:107500000BFA74BFD47CAC3E080971BF15EFC33EC3
:107510005E836CBF80E8DA3ED86B67BFEA5AF13E03
:1075200098C561BF3D9C033F1A945BBFDA390E3F9B
:1075300031DB54BFC07F183F029F4DBF9967223F88
:1075400003E445BF4AEB2B3FF9AE3DBFF304353FA3
:10755000F30435BFF9AE3D3F4AEB2BBF03E4453F93
:10756000996722BF029F4D3FC07F18BF31DB543F58
:10757000DA390EBF1A945B3F3D9C03BF98C5613F4B
:10758000EA5AF1BED86B673F80E8DABE5E836C3F93
:1075900015EFC3BE0809713FD47CACBE0BFA743F33
:1075A00031A094BEF853783FCCCF78BEBE147B3F59
:1075B000C2C547BEAC3A7D3F834016BE6DC47E3F18
:1075C00036BDC8BD0FB17F3F2FFB48BD0000803FD7
:1075D000000000005E836C3F15EFC33EF304353FAF
:1075E000F304353F15EFC33E5E836C3F000000009F
:1075F0000000803F15EFC3BE5E836C3FF30435BFD0
:10760000F304353F5E836CBF15EFC33E000080BFBF
:10761000000000005E836CBF15EFC3BEF30435BFEE
:10762000F30435BF15EFC3BE5E836CBF000000805E
:10763000000080BF15EFC33E5E836CBFF304353F8F
:10764000F30435BF5E836C3F15EFC3BE0000803F7F
:1076500000000000B1FF7F3FC70F493BC4FE7F3FE2
:10766000890FC93B39FD7F3F59CB163C11FB7F3F4A
:10767000900E493C4AF87F3F4B517B3CE6F47F3FFC
:10768000B6C9963CE3F07F3F69EAAF3C43EC7F3FED
:10769000B00AC93C05E77F3F7B2AE23C29E17F3FF6
:1076A000B949FB3CAFDA7F3F2F340A3D98D37F3F87
:1076B0002CC3163DE2CB7F3FCC51233D8FC37F3F90
:1076C00007E02F3D9EBA7F3FD56D3C3D0FB17F3F18
:1076D0002FFB483DE3A67F3F0E88553D189C7F3F1A
:1076E0006814623DB1907F3F38A06E3DAB847F3F10
:1076F000742B7B3D08787F3F0ADB833DC76A7F3F61
:107700000A208A3DE95C7F3FB464903D6D4E7F3F27
:1077100005A9963D543F7F3FF9EC9C3D9D2F7F3F4F
:107720008C30A33D491F7F3FBA73A93D580E7F3F60
:1077300080B6AF3DC9FC7E3FDAF8B53D9DEA7E3F9D
:10774000C33ABC3DD4D77E3F397CC23D6DC47E3F39
:1077500036BDC83D69B07E3FB7FDCE3DC99B7E3F7B
:10776000B93DD53D8B867E3F377DDB3DB0707E3F9A
:107770002EBCE13D385A7E3F9AFAE73D23437E3FD7
:107780007638EE3D722B7E3FC075F43D24137E3F6C
:1077900073B2FA3D38FA7D3F4577003EB1E07D3F58
:1077A0000295033E8CC67D3F6EB2063ECCAB7D3F5C
:1077B00086CF093E6E907D3F4AEC0C3E74747D3F4F
:1077C000B708103EDE577D3FCA24133EAC3A7D3FDA
:1077D0008340163EDD1C7D3FE05B193E73FE7C3F1F
:1077E000DE761C3E6CDF7C3F7B911F3EC9BF7C3F39
:1077F000B6AB223E8A9F7C3F8CC5253EB07E7C3F47
:10780000FCDE283E3A5D7C3F04F82B3E283B7C3F63
:10781000A2102F3E7A187C3FD428323E31F57B3FB0
:107820009840353E4DD17B3FEC57383ECDAC7B3F49
:10783000CF6E3B3EB2877B3F3E853E3EFC617B3F49
:10784000379B413EAB3B7B3FB9B0443EBE147B3FD0
:10785000C2C5473E37ED7A3F4FDA4A3E16C57A3FFA
:1078600060EE4D3E599C7A3FF101513E02737A3FE2
:107870000115543E10497A3F8F27573E841E7A3FA8
:1078800097395A3E5EF3793F1A4B5D3E9DC7793F6B
:10789000135C603E439B793F836C633E4E6E793F41
:1078A000667C663EC040793FBA8B693E9812793F4C
:1078B0007F9A6C3ED6E3783FB2A86F3E7BB4783FA8
:1078C00051B6723E8684783F5AC3753EF853783F6E
:1078D000CCCF783ED122783FA4DB7B3E10F1773FBE
:1078E000E1E67E3EB7BE773FC0F8803EC58B773F6E
:1078F000C07D823E3A58773F7002843E1724773F1E
:10790000CE86853E5BEF763FDA0A873E07BA763F42
:10791000938E883E1B84763FF8118A3E974D763FC2
:1079200007958B3E7A16763FC0178D3EC6DE753FB3
:10793000229A8E3E7BA6753F2C1C903E976D753F1C
:10794000DD9D913E1D34753F351F933E0BFA743F0C
:1079500031A0943E62BF743FD220963E2284743F91
:1079600017A1973E4B48743FFE20993EDD0B743FB4
:1079700086A09A3ED9CE733FAF1F9C3E3F91733F86
:10798000789E9D3E0E53733FDF1C9F3E4714733F0E
:10799000E59AA03EEBD4723F8718A23EF894723F5E
:1079A000C595A33E7054723F9F12A53E5213723F7D
:1079B000128FA63E9FD1713F1F0BA83E578F713F7C
:1079C000C486A93E7A4C713F0102AB3E0809713F63
:1079D000D47CAC3E02C5703F3CF7AD3E6680703F44
:1079E0003A71AF3E373B703FCBEAB03E73F56F3F25
:1079F000EF63B23E1BAF6F3FA5DCB33E30686F3F15
:107A0000EC54B53EB0206F3FC3CCB63E9ED86E3F1F
:107A10002A44B83EF88F6E3F1EBBB93EBE466E3F4D
:107A2000A031BB3EF2FC6D3FAFA7BC3E93B26D3FB1
:107A30004A1DBE3EA1676D3F6F92BF3E1D1C6D3F4C
:107A40001E07C13E07D06C3F557BC23E5E836C3F34
:107A500015EFC33E24366C3F5C62C53E58E86B3F71
:107A600029D5C63EFB996B3F7C47C83E0C4B6B3F0C
:107A700053B9C93E8CFB6A3FAE2ACB3E7BAB6A3F13
:107A80008B9BCC3ED95A6A3FEA0BCE3EA7096A3F90
:107A9000CA7BCF3EE4B7693F2AEBD03E9165693F90
:107AA000095AD23EAE12693F67C8D33E3CBF683F19
:107AB0004136D53E396B683F99A3D63EA816683F3C
:107AC0006B10D83E87C1673FB97CD93ED86B673F02
:107AD00080E8DA3E9915673FC153DC3ECCBE663F75
:107AE00079BEDD3E7167663FA928DF3E880F663F9D
:107AF0004F92E03E10B7653F6AFBE13E0B5E653F8B
:107B0000FA63E33E7904653FFECBE43E59AA643F45
:107B10007533E63EAC4F643F5D9AE73E73F4633FD6
:107B2000B700E93EAC98633F8166EA3E5A3C633F4A
:107B3000BBCBEB3E7BDF623F6330ED3E1082623FAA
:107B40007994EE3E1A24623FFBF7EF3E98C5613F01
:107B5000EA5AF13E8A66613F43BDF23EF206613F5A
:107B6000071FF43ECFA6603F3580F53E2146603FBB
:107B7000CBE0F63EE9E45F3FC840F83E27835F3F35
:107B80002DA0F93EDB205F3FF7FEFA3E05BE5E3FCB
:107B9000275DFC3EA65A5E3FBBBAFD3EBEF65D3F8A
:107BA000B217FF3E4D925D3F063A003F532D5D3FB9
:107BB000E4E7003FD1C75C3F7395013FC7615C3F7D
:107BC000B142023F34FB5B3F9FEF023F1A945B3FA1
:107BD0003D9C033F792C5B3F8948043F50C45A3F8A
:107BE00084F4043FA05B5A3F2CA0053F6AF2593F42
:107BF000824B063FAD88593F86F6063F6A1E593FC5
:107C000036A1073FA1B3583F924B083F5348583F16
:107C10009BF5083F7FDC573F4E9F093F2670573F3B
:107C2000AD480A3F4803573FB7F10A3FE595563F35
:107C30006B9A0B3FFE27563FC9420C3F93B9553F05
:107C4000D0EA0C3FA44A553F81920D3F31DB543FAF
:107C5000DA390E3F3B6B543FDBE00E3FC3FA533F34
:107C600084870F3FC789533FD52D103F4918533F95
:107C7000CDD3103F49A6523F6B79113FC633523FD7
:107C8000B01E123FC2C0513F9AC3123F3D4D513FFB
:107C90002A68133F37D9503F5F0C143FAF64503F01
:107CA00039B0143FA8EF4F3FB753153F1F7A4F3FEE
:107CB000D9F6153F17044F3F9F99163F908D4E3FC1
:107CC000073C173F89164E3F12DE173F029F4D3F7C
:107CD000C07F183FFD264D3F0F21193F79AE4C3F25
:107CE00000C2193F78354C3F93621A3FF8BB4B3FB7
:107CF000C6021B3FFA414B3F99A21B3F7FC74A3F39
:107D00000C421C3F874C4A3F1FE11C3F12D1493FA8
:107D1000D17F1D3F2155493F221E1E3FB3D8483F0A
:107D200012BC1E3FCA5B483F9F591F3F65DE473F5D
:107D3000CBF61F3F8560473F9393203F2AE2463FA3
:107D4000F92F213F5463463FFBCB213F03E4453FDE
:107D50009967223F3964453FD302233FF5E3443F0F
:107D6000A99D233F3763443F1A38243F00E2433F35
:107D700025D2243F5160433FCB6B253F29DE423F54
:107D80000A05263F895B423FE39D263F70D8413F6D
:107D90005636273FE154413F61CE273FDAD0403F7E
:107DA0000566283F5C4C403F41FD283F67C73F3F89
:107DB0001594293FFC413F3F802A2A3F1BBC3E3F90
:107DC00082C02A3FC5353E3F1B562B3FF9AE3D3F93
:107DD0004AEB2B3FB8273D3F0F802C3F03A03C3F91
:107DE00069142D3FD9173C3F59A82D3F3B8F3B3F8E
:107DF000DE3B2E3F29063B3FF7CE2E3FA47C3A3F89
:107E0000A5612F3FACF2393FE6F32F3F4268393F7F
:107E1000BB85303F65DD383F2217313F1652383F72
:107E20001DA8313F55C6373FAA38323F233A373F66
:107E3000C9C8323F7FAD363F7A58333F6C20363F5A
:107E4000BCE7333FE792353F8F76343FF304353F4D
:107E5000F304353F8F76343FE792353FBCE7333F3D
:107E60006C20363F7A58333F7FAD363FC9C8323F2A
:107E7000233A373FAA38323F55C6373F1DA8313F16
:107E80001652383F2217313F65DD383FBB85303F02
:107E90004268393FE6F32F3FACF2393FA5612F3FEF
:107EA000A47C3A3FF7CE2E3F29063B3FDE3B2E3FD8
:107EB0003B8F3B3F59A82D3FD9173C3F69142D3FBD
:107EC00003A03C3F0F802C3FB8273D3F4AEB2B3FA0
:107ED000F9AE3D3F1B562B3FC5353E3F82C02A3F82
:107EE0001BBC3E3F802A2A3FFC413F3F1594293F5F
:107EF00067C73F3F41FD283F5C4C403F0566283F38
:107F0000DAD0403F61CE273FE154413F5636273F0C
:107F100070D8413FE39D263F895B423F0A05263FDB
:107F200029DE423FCB6B253F5160433F25D2243FA2
:107F300000E2433F1A38243F3763443FA99D233F63
:107F4000F5E3443FD302233F3964453F9967223F1D
:107F500003E4453FFBCB213F5463463FF92F213FCC
:107F60002AE2463F9393203F8560473FCBF61F3F71
:107F700065DE473F9F591F3FCA5B483F12BC1E3F0B
:107F8000B3D8483F221E1E3F2155493FD17F1D3F98
:107F900012D1493F1FE11C3F874C4A3F0C421C3F16
:107FA0007FC74A3F99A21B3FFA414B3FC6021B3F86
:107FB000F8BB4B3F93621A3F78354C3F00C2193FE4
:107FC00079AE4C3F0F21193FFD264D3FC07F183F32
:107FD000029F4D3F12DE173F89164E3F073C173F69
:107FE000908D4E3F9F99163F17044F3FD9F6153F8E
:107FF0001F7A4F3FB753153FA8EF4F3F39B0143F9B
:10800000AF64503F5F0C143F37D9503F2A68133F8D
:108010003D4D513F9AC3123FC2C0513FB01E123F67
:10802000C633523F6B79113F49A6523FCDD3103F23
:108030004918533FD52D103FC789533F84870F3FC1
:10804000C3FA533FDBE00E3F3B6B543FDA390E3F40
:1080500031DB543F81920D3FA44A553FD0EA0C3F9B
:1080600093B9553FC9420C3FFE27563F6B9A0B3FD1
:10807000E595563FB7F10A3F4803573FAD480A3FE1
:108080002670573F4E9F093F7FDC573F9BF5083FC7
:108090005348583F924B083FA1B3583F36A1073F82
:1080A0006A1E593F86F6063FAD88593F824B063F10
:1080B0006AF2593F2CA0053FA05B5A3F84F4043F6D
:1080C00050C45A3F8948043F792C5B3F3D9C033F95
:1080D0001A945B3F9FEF023F34FB5B3FB142023F8C
:1080E000C7615C3F7395013FD1C75C3FE4E7003F48
:1080F000532D5D3F063A003F4D925D3FB217FF3E64
:10810000BEF65D3FBBBAFD3EA65A5E3F275DFC3E14
:1081100005BE5E3FF7FEFA3EDB205F3F2DA0F93E35
:1081200027835F3FC840F83EE9E45F3FCBE0F63E7F
:108130002146603F3580F53ECFA6603F071FF43EE5
:10814000F206613F43BDF23E8A66613FEA5AF13E64
:1081500098C5613FFBF7EF3E1A24623F7994EE3EEB
:108160001082623F6330ED3E7BDF623FBBCBEB3E74
:108170005A3C633F8166EA3EAC98633FB700E93EF4
:1081800073F4633F5D9AE73EAC4F643F7533E63E60
:1081900059AA643FFECBE43E7904653FFA63E33EAF
:1081A0000B5E653F6AFBE13E10B7653F4F92E03ED4
:1081B000880F663FA928DF3E7167663F79BEDD3EC6
:1081C000CCBE663FC153DC3E9915673F80E8DA3E7E
:1081D000D86B673FB97CD93E87C1673F6B10D83EEB
:1081E000A816683F99A3D63E396B683F4136D53E05
:1081F0003CBF683F67C8D33EAE12693F095AD23EC2
:108200009165693F2AEBD03EE4B7693FCA7BCF3E18
:10821000A7096A3FEA0BCE3ED95A6A3F8B9BCC3EF8
:108220007BAB6A3FAE2ACB3E8CFB6A3F53B9C93E5B
:108230000C4B6B3F7C47C83EFB996B3F29D5C63E34
:1082400058E86B3F5C62C53E24366C3F15EFC33E79
:108250005E836C3F557BC23E07D06C3F1E07C13E1C
:108260001D1C6D3F6F92BF3EA1676D3F4A1DBE3E14
:1082700093B26D3FAFA7BC3EF2FC6D3FA031BB3E59
:10828000BE466E3F1EBBB93EF88F6E3F2A44B83ED5
:108290009ED86E3FC3CCB63EB0206F3FEC54B53E87
:1082A00030686F3FA5DCB33E1BAF6F3FEF63B23E5C
:1082B00073F56F3FCBEAB03E373B703F3A71AF3E4C
:1082C0006680703F3CF7AD3E02C5703FD47CAC3E4B
:1082D0000809713F0102AB3E7A4C713FC486A93E4A
:1082E000578F713F1F0BA83E9FD1713F128FA63E43
:1082F0005213723F9F12A53E7054723FC595A33E24
:10830000F894723F8718A23EEBD4723FE59AA03EE4
:108310004714733FDF1C9F3E0E53733F789E9D3E74
:108320003F91733FAF1F9C3ED9CE733F86A09A3ECC
:10833000DD0B743FFE20993E4B48743F17A1973EDA
:108340002284743FD220963E62BF743F31A0943E97
:108350000BFA743F351F933E1D34753FDD9D913EF2
:10836000976D753F2C1C903E7BA6753F229A8E3EE2
:10837000C6DE753FC0178D3E7A16763F07958B3E59
:10838000974D763FF8118A3E1B84763F938E883E48
:1083900007BA763FDA0A873E5BEF763FCE86853EA8
:1083A0001724773F7002843E3A58773FC07D823E63
:1083B000C58B773FC0F8803EB7BE773FE1E67E3E93
:1083C00010F1773FA4DB7B3ED122783FCCCF783EC3
:1083D000F853783F5AC3753E8684783F51B6723E53
:1083E0007BB4783FB2A86F3ED6E3783F7F9A6C3E6D
:1083F0009812793FBA8B693EC040793F667C663EF1
:108400004E6E793F836C633E439B793F135C603EC5
:108410009DC7793F1A4B5D3E5EF3793F97395A3ECF
:10842000841E7A3F8F27573E10497A3F0115543EEC
:1084300002737A3FF101513E599C7A3F60EE4D3E06
:1084400016C57A3F4FDA4A3E37ED7A3FC2C5473EFE
:10845000BE147B3FB9B0443EAB3B7B3F379B413EB4
:10846000FC617B3F3E853E3EB2877B3FCF6E3B3E0D
:10847000CDAC7B3FEC57383E4DD17B3F9840353EED
:1084800031F57B3FD428323E7A187C3FA2102F3E34
:10849000283B7C3F04F82B3E3A5D7C3FFCDE283EC7
:1084A000B07E7C3F8CC5253E8A9F7C3FB6AB223E8A
:1084B000C9BF7C3F7B911F3E6CDF7C3FDE761C3E5C
:1084C00073FE7C3FE05B193EDD1C7D3F8340163E22
:1084D000AC3A7D3FCA24133EDE577D3FB708103EBD
:1084E00074747D3F4AEC0C3E6E907D3F86CF093E12
:1084F000CCAB7D3F6EB2063E8CC67D3F0295033EFF
:10850000B1E07D3F4577003E38FA7D3F73B2FA3DDA
:1085100024137E3FC075F43D722B7E3F7638EE3DCE
:1085200023437E3F9AFAE73D385A7E3F2EBCE13D19
:10853000B0707E3F377DDB3D8B867E3FB93DD53DBC
:10854000C99B7E3FB7FDCE3D69B07E3F36BDC83D7D
:108550006DC47E3F397CC23DD4D77E3FC33ABC3D1B
:108560009DEA7E3FDAF8B53DC9FC7E3F80B6AF3D5F
:10857000580E7F3FBA73A93D491F7F3F8C30A33D02
:108580009D2F7F3FF9EC9C3D543F7F3F05A9963DD1
:108590006D4E7F3FB464903DE95C7F3F0A208A3D89
:1085A000C76A7F3F0ADB833D08787F3F742B7B3DA2
:1085B000AB847F3F38A06E3DB1907F3F6814623D31
:1085C000189C7F3F0E88553DE3A67F3F2FFB483D1B
:1085D0000FB17F3FD56D3C3D9EBA7F3F07E02F3DF9
:1085E0008FC37F3FCC51233DE2CB7F3F2CC3163D51
:1085F00098D37F3F2F340A3DAFDA7F3FB949FB3C28
:1086000029E17F3F7B2AE23C05E77F3FB00AC93C76
:1086100043EC7F3F69EAAF3CE3F07F3FB6C9963C4D
:10862000E6F47F3F4B517B3C4AF87F3F900E493C3C
:1086300011FB7F3F59CB163C39FD7F3F890FC93B6A
:10864000C4FE7F3FC70F493BB1FF7F3F00000000E2
:108650000000803FC70F49BBB1FF7F3F890FC9BBF7
:10866000C4FE7F3F59CB16BC39FD7F3F900E49BCFD
:1086700011FB7F3F4B517BBC4AF87F3FB6C996BC8C
:10868000E6F47F3F69EAAFBCE3F07F3FB00AC9BCC4
:1086900043EC7F3F7B2AE2BC05E77F3FB949FBBC47
:1086A00029E17F3F2F340ABDAFDA7F3F2CC316BDCF
:1086B00098D37F3FCC5123BDE2CB7F3F07E02FBD56
:1086C0008FC37F3FD56D3CBD9EBA7F3F2FFB48BD1A
:1086D0000FB17F3F0E8855BDE3A67F3F681462BD92
:1086E000189C7F3F38A06EBDB1907F3F742B7BBD3F
:1086F000AB847F3F0ADB83BD08787F3F0A208ABDB9
:10870000C76A7F3FB46490BDE95C7F3F05A996BD11
:108710006D4E7F3FF9EC9CBD543F7F3F8C30A3BD35
:108720009D2F7F3FBA73A9BD491F7F3F80B6AFBD64
:10873000580E7F3FDAF8B5BDC9FC7E3FC33ABCBDD9
:108740009DEA7E3F397CC2BDD4D77E3F36BDC8BDD1
:108750006DC47E3FB7FDCEBD69B07E3FB93DD5BD8E
:10876000C99B7E3F377DDBBD8B867E3F2EBCE1BD46
:10877000B0707E3F9AFAE7BD385A7E3F7638EEBD3C
:1087800023437E3FC075F4BD722B7E3F73B2FABDAA
:1087900024137E3F457700BE38FA7D3F029503BE25
:1087A000B1E07D3F6EB206BE8CC67D3F86CF09BE6E
:1087B000CCAB7D3F4AEC0CBE6E907D3FB70810BE3F
:1087C00074747D3FCA2413BEDE577D3F834016BEBE
:1087D000AC3A7D3FE05B19BEDD1C7D3FDE761CBE02
:1087E00073FE7C3F7B911FBE6CDF7C3FB6AB22BE2D
:1087F000C9BF7C3F8CC525BE8A9F7C3FFCDE28BE5E
:10880000B07E7C3F04F82BBE3A5D7C3FA2102FBEA9
:10881000283B7C3FD42832BE7A187C3F984035BE36
:1088200031F57B3FEC5738BE4DD17B3FCF6E3BBE21
:10883000CDAC7B3F3E853EBEB2877B3F379B41BE82
:10884000FC617B3FB9B044BEAB3B7B3FC2C547BE7A
:10885000BE147B3F4FDA4ABE37ED7A3F60EE4DBE25
:1088600016C57A3FF10151BE599C7A3F011554BE9D
:1088700002737A3F8F2757BE10497A3F97395ABE05
:10888000841E7A3F1A4B5DBE5EF3793F135C60BE77
:108890009DC7793F836C63BE439B793F667C66BE10
:1088A0004E6E793FBA8B69BEC040793F7F9A6CBEED
:1088B0009812793FB2A86FBED6E3783F51B672BE28
:1088C0007BB4783F5AC375BE8684783FCCCF78BEE0
:1088D000F853783FA4DB7BBED122783FE1E67EBE31
:1088E00010F1773FC0F880BEB7BE773FC07D82BE33
:1088F000C58B773F700284BE3A58773FCE8685BEDF
:108900001724773FDA0A87BE5BEF763F938E88BEE7
:1089100007BA763FF8118ABE1B84763F07958BBE57
:10892000974D763FC0178DBE7A16763F229A8EBE3F
:10893000C6DE753F2C1C90BE7BA6753FDD9D91BEAB
:10894000976D753F351F93BE1D34753F31A094BEA2
:108950000BFA743FD22096BE62BF743F17A197BE38
:108960002284743FFE2099BE4B48743F86A09ABE75
:10897000DD0B743FAF1F9CBED9CE733F789E9DBE6A
:108980003F91733FDF1C9FBE0E53733FE59AA0BE1D
:108990004714733F8718A2BEEBD4723FC595A3BEA0
:1089A000F894723F9F12A5BE7054723F128FA6BEFC
:1089B0005213723F1F0BA8BE9FD1713FC486A9BE40
:1089C000578F713F0102ABBE7A4C713FD47CACBE75
:1089D0000809713F3CF7ADBE02C5703F3A71AFBEAA
:1089E0006680703FCBEAB0BE373B703FEF63B2BEEC
:1089F00073F56F3FA5DCB3BE1BAF6F3FEC54B5BE44
:108A000030686F3FC3CCB6BEB0206F3F2A44B8BEBB
:108A10009ED86E3F1EBBB9BEF88F6E3FA031BBBE65
:108A2000BE466E3FAFA7BCBEF2FC6D3F4A1DBEBE48
:108A300093B26D3F6F92BFBEA1676D3F1E07C1BE6F
:108A40001D1C6D3F557BC2BE07D06C3F15EFC3BEEA
:108A50005E836C3F5C62C5BE24366C3F29D5C6BEC2
:108A600058E86B3F7C47C8BEFB996B3F53B9C9BE02
:108A70000C4B6B3FAE2ACBBE8CFB6A3F8B9BCCBEB4
:108A80007BAB6A3FEA0BCEBED95A6A3FCA7BCFBEE8
:108A9000A7096A3F2AEBD0BEE4B7693F095AD2BEA4
:108AA0009165693F67C8D3BEAE12693F4136D5BEF6
:108AB0003CBF683F99A3D6BE396B683F6B10D8BEE8
:108AC000A816683FB97CD9BE87C1673F80E8DABE87
:108AD000D86B673FC153DCBE9915673F79BEDDBED9
:108AE000CCBE663FA928DFBE7167663F4F92E0BEED
:108AF000880F663F6AFBE1BE10B7653FFA63E3BECD
:108B00000B5E653FFECBE4BE7904653F7533E6BE80
:108B100059AA643F5D9AE7BEAC4F643FB700E9BE17
:108B200073F4633F8166EABEAC98633FBBCBEBBE98
:108B30005A3C633F6330EDBE7BDF623F7994EEBE0B
:108B40001082623FFBF7EFBE1A24623FEA5AF1BE81
:108B500098C5613F43BDF2BE8A66613F071FF4BE00
:108B6000F206613F3580F5BECFA6603FCBE0F6BE92
:108B70002146603FC840F8BEE9E45F3F2DA0F9BE42
:108B800027835F3FF7FEFABEDB205F3F275DFCBE19
:108B900005BE5E3FBBBAFDBEA65A5E3FB217FFBE22
:108BA000BEF65D3F063A00BF4D925D3FE4E700BF71
:108BB000532D5D3F739501BFD1C75C3FB14202BFEA
:108BC000C7615C3F9FEF02BF34FB5B3F3D9C03BF2F
:108BD0001A945B3F894804BF792C5B3F84F404BF3F
:108BE00050C45A3F2CA005BFA05B5A3F824B06BF22
:108BF0006AF2593F86F606BFAD88593F36A107BFD6
:108C00006A1E593F924B08BFA1B3583F9BF508BF5E
:108C10005348583F4E9F09BF7FDC573FAD480ABFBE
:108C20002670573FB7F10ABF4803573F6B9A0BBFF7
:108C3000E595563FC9420CBFFE27563FD0EA0CBF10
:108C400093B9553F81920DBFA44A553FDA390EBF03
:108C500031DB543FDBE00EBF3B6B543F84870FBFDB
:108C6000C3FA533FD52D10BFC789533FCDD310BF93
:108C70004918533F6B7911BF49A6523FB01E12BF2E
:108C8000C633523F9AC312BFC2C0513F2A6813BFB6
:108C90003D4D513F5F0C14BF37D9503F39B014BF21
:108CA000AF64503FB75315BFA8EF4F3FD9F615BF7C
:108CB0001F7A4F3F9F9916BF17044F3F073C17BFBE
:108CC000908D4E3F12DE17BF89164E3FC07F18BFF2
:108CD000029F4D3F0F2119BFFD264D3F00C219BF16
:108CE00079AE4C3F93621ABF78354C3FC6021BBF2A
:108CF000F8BB4B3F99A21BBFFA414B3F0C421CBF34
:108D00007FC74A3F1FE11CBF874C4A3FD17F1DBF31
:108D100012D1493F221E1EBF2155493F12BC1EBF22
:108D2000B3D8483F9F591FBFCA5B483FCBF61FBF10
:108D300065DE473F939320BF8560473FF92F21BFF2
:108D40002AE2463FFBCB21BF5463463F996722BFCF
:108D500003E4453FD30223BF3964453FA99D23BFA8
:108D6000F5E3443F1A3824BF3763443F25D224BF7C
:108D700000E2433FCB6B25BF5160433F0A0526BF4E
:108D800029DE423FE39D26BF895B423F563627BF1F
:108D900070D8413F61CE27BFE154413F056628BFEF
:108DA000DAD0403F41FD28BF5C4C403F159429BFBD
:108DB00067C73F3F802A2ABFFC413F3F82C02ABF8E
:108DC0001BBC3E3F1B562BBFC5353E3F4AEB2BBF5E
:108DD000F9AE3D3F0F802CBFB8273D3F69142DBF32
:108DE00003A03C3F59A82DBFD9173C3FDE3B2EBF07
:108DF0003B8F3B3FF7CE2EBF29063B3FA5612FBFE0
:108E0000A47C3A3FE6F32FBFACF2393FBB8530BFBD
:108E10004268393F221731BF65DD383F1DA831BF99
:108E20001652383FAA3832BF55C6373FC9C832BF7D
:108E3000233A373F7A5833BF7FAD363FBCE733BF65
:108E40006C20363F8F7634BFE792353FF30435BF51
:108E5000F304353FE79235BF8F76343F6C2036BF41
:108E6000BCE7333F7FAD36BF7A58333F233A37BF35
:108E7000C9C8323F55C637BFAA38323F165238BF2D
:108E80001DA8313F65DD38BF2217313F426839BF29
:108E9000BB85303FACF239BFE6F32F3FA47C3ABF2D
:108EA000A5612F3F29063BBFF7CE2E3F3B8F3BBF2F
:108EB000DE3B2E3FD9173CBF59A82D3F03A03CBF36
:108EC00069142D3FB8273DBF0F802C3FF9AE3DBF41
:108ED0004AEB2B3FC5353EBF1B562B3F1BBC3EBF4D
:108EE00082C02A3FFC413FBF802A2A3F67C73FBF5D
:108EF0001594293F5C4C40BF41FD283FDAD040BF6C
:108F00000566283FE15441BF61CE273F70D841BF7D
:108F10005636273F895B42BFE39D263F29DE42BF8D
:108F20000A05263F516043BFCB6B253F00E243BF9C
:108F300025D2243F376344BF1A38243FF5E344BFAA
:108F4000A99D233F396445BFD302233F03E445BFB6
:108F50009967223F546346BFFBCB213F2AE246BFBD
:108F6000F92F213F856047BF9393203F65DE47BFC0
:108F7000CBF61F3FCA5B48BF9F591F3FB3D848BFBE
:108F800012BC1E3F215549BF221E1E3F12D149BFB0
:108F9000D17F1D3F874C4ABF1FE11C3F7FC74ABF9F
:108FA0000C421C3FFA414BBF99A21B3FF8BB4BBF81
:108FB000C6021B3F78354CBF93621A3F79AE4CBF57
:108FC00000C2193FFD264DBF0F21193F029F4DBF23
:108FD000C07F183F89164EBF12DE173F908D4EBFDF
:108FE000073C173F17044FBF9F99163F1F7A4FBF8B
:108FF000D9F6153FA8EF4FBFB753153FAF6450BF29
:1090000039B0143F37D950BF5F0C143F3D4D51BFAD
:109010002A68133FC2C051BF9AC3123FC63352BF22
:10902000B01E123F49A652BF6B79113F491853BF7A
:10903000CDD3103FC78953BFD52D103FC3FA53BFBF
:1090400084870F3F3B6B54BFDBE00E3F31DB54BFE7
:10905000DA390E3FA44A55BF81920D3F93B955BFEF
:10906000D0EA0C3FFE2756BFC9420C3FE59556BFDC
:109070006B9A0B3F480357BFB7F10A3F267057BFA3
:10908000AD480A3F7FDC57BF4E9F093F534858BF4A
:109090009BF5083FA1B358BF924B083F6A1E59BFCA
:1090A00036A1073FAD8859BF86F6063F6AF259BF21
:1090B000824B063FA05B5ABF2CA0053F50C45ABF4D
:1090C00084F4043F792C5BBF8948043F1A945BBF4A
:1090D0003D9C033F34FB5BBF9FEF023FC7615CBF1A
:1090E000B142023FD1C75CBF7395013F532D5DBFB5
:1090F000E4E7003F4D925DBF063A003FBEF65DBF1C
:10910000B217FF3EA65A5EBFBBBAFD3E05BE5EBFAC
:10911000275DFC3EDB205FBFF7FEFA3E27835FBF83
:109120002DA0F93EE9E45FBFC840F83E214660BF8C
:10913000CBE0F63ECFA660BF3580F53EF20661BFBC
:10914000071FF43E8A6661BF43BDF23E98C561BF0A
:10915000EA5AF13E1A2462BFFBF7EF3E108262BF6B
:109160007994EE3E7BDF62BF6330ED3E5A3C63BFD5
:10917000BBCBEB3EAC9863BF8166EA3E73F463BF42
:10918000B700E93EAC4F64BF5D9AE73E59AA64BFA1
:109190007533E63E790465BFFECBE43E0B5E65BFEA
:1091A000FA63E33E10B765BF6AFBE13E880F66BF16
:1091B0004F92E03E716766BFA928DF3ECCBE66BF16
:1091C00079BEDD3E991567BFC153DC3ED86B67BFE2
:1091D00080E8DA3E87C167BFB97CD93EA81668BF70
:1091E0006B10D83E396B68BF99A3D63E3CBF68BFB1
:1091F0004136D53EAE1269BF67C8D33E916569BF9F
:10920000095AD23EE4B769BF2AEBD03EA7096ABF2C
:10921000CA7BCF3ED95A6ABFEA0BCE3E7BAB6ABF50
:109220008B9BCC3E8CFB6ABFAE2ACB3E0C4B6BBFFC
:1092300053B9C93EFB996BBF7C47C83E58E86BBF2A
:1092400029D5C63E24366CBF5C62C53E5E836CBFCA
:1092500015EFC33E07D06CBF557BC23E1D1C6DBFD2
:109260001E07C13EA1676DBF6F92BF3E93B26DBF37
:109270004A1DBE3EF2FC6DBFAFA7BC3EBE466EBFF0
:10928000A031BB3EF88F6EBF1EBBB93E9ED86EBFED
:109290002A44B83EB0206FBFC3CCB63E30686FBF23
:1092A000EC54B53E1BAF6FBFA5DCB33E73F56FBF8B
:1092B000EF63B23E373B70BFCBEAB03E668070BF13
:1092C0003A71AF3E02C570BF3CF7AD3E080971BFB1
:1092D000D47CAC3E7A4C71BF0102AB3E578F71BF5C
:1092E000C486A93E9FD171BF1F0BA83E521372BF07
:1092F000128FA63E705472BF9F12A53EF89472BFA3
:10930000C595A33EEBD472BF8718A23E471473BF26
:10931000E59AA03E0E5373BFDF1C9F3E3F9173BF83
:10932000789E9D3ED9CE73BFAF1F9C3EDD0B74BFB0
:1093300086A09A3E4B4874BFFE20993E228474BF9B
:1093400017A1973E62BF74BFD220963E0BFA74BF3E
:1093500031A0943E1D3475BF351F933E976D75BF88
:10936000DD9D913E7BA675BF2C1C903EC6DE75BF71
:10937000229A8E3E7A1676BFC0178D3E974D76BFE5
:1093800007958B3E1B8476BFF8118A3E07BA76BFDD
:10939000938E883E5BEF76BFDA0A873E172477BF4D
:1093A000CE86853E3A5877BF7002843EC58B77BF24
:1093B000C07D823EB7BE77BFC0F8803E10F177BF58
:1093C000E1E67E3ED12278BFA4DB7B3EF85378BF36
:1093D000CCCF783E868478BF5AC3753E7BB478BFC5
:1093E00051B6723ED6E378BFB2A86F3E981279BFED
:1093F0007F9A6C3EC04079BFBA8B693E4E6E79BF92
:10940000667C663E439B79BF836C633E9DC779BF94
:10941000135C603E5EF379BF1A4B5D3E841E7ABFDB
:1094200097395A3E10497ABF8F27573E02737ABF49
:109430000115543E599C7ABFF101513E16C57ABFC1
:1094400060EE4D3E37ED7ABF4FDA4A3EBE147BBF29
:10945000C2C5473EAB3B7BBFB9B0443EFC617BBF5E
:10946000379B413EB2877BBF3E853E3ECDAC7BBF46
:10947000CF6E3B3E4DD17BBFEC57383E31F57BBFC5
:109480009840353E7A187CBFD428323E283B7CBFBA
:10949000A2102F3E3A5D7CBF04F82B3EB07E7CBF0D
:1094A000FCDE283E8A9F7CBF8CC5253EC9BF7CBFA1
:1094B000B6AB223E6CDF7CBF7B911F3E73FE7CBF50
:1094C000DE761C3EDD1C7DBFE05B193EAC3A7DBF05
:1094D0008340163EDE577DBFCA24133E74747DBFA1
:1094E000B708103E6E907DBF4AEC0C3ECCAB7DBF02
:1094F00086CF093E8CC67DBF6EB2063EB1E07DBF11
:109500000295033E38FA7DBF4577003E24137EBFA7
:1095100073B2FA3D722B7EBFC075F43D23437EBF0C
:109520007638EE3D385A7EBF9AFAE73DB0707EBF7E
:109530002EBCE13D8B867EBF377DDB3DC99B7EBF68
:10954000B93DD53D69B07EBFB7FDCE3D6DC47EBF90
:1095500036BDC83DD4D77EBF397CC23D9DEA7EBFB3
:10956000C33ABC3DC9FC7EBFDAF8B53D580E7FBF9B
:1095700080B6AF3D491F7FBFBA73A93D9D2F7FBF06
:109580008C30A33D543F7FBFF9EC9C3D6D4E7FBFB7
:1095900005A9963DE95C7FBFB464903DC76A7FBF73
:1095A0000A208A3D08787FBF0ADB833DAB847FBFFA
:1095B000742B7B3DB1907FBF38A06E3D189C7FBF60
:1095C0006814623DE3A67FBF0E88553D0FB17FBF93
:1095D0002FFB483D9EBA7FBFD56D3C3D8FC37FBFFB
:1095E00007E02F3DE2CB7FBFCC51233D98D37FBF17
:1095F0002CC3163DAFDA7FBF2F340A3D29E17FBF70
:10960000B949FB3C05E77FBF7B2AE23C43EC7FBFC7
:10961000B00AC93CE3F07FBF69EAAF3CE6F47FBF24
:10962000B6C9963C4AF87FBF4B517B3C11FB7FBFCC
:10963000900E493C39FD7FBF59CB163CC4FE7FBF1D
:10964000890FC93BB1FF7FBFC70F493B000080BFF7
:1096500000000000B1FF7FBFC70F49BBC4FE7FBF42
:10966000890FC9BB39FD7FBF59CB16BC11FB7FBF2A
:10967000900E49BC4AF87FBF4B517BBCE6F47FBFDC
:10968000B6C996BCE3F07FBF69EAAFBC43EC7FBFCD
:10969000B00AC9BC05E77FBF7B2AE2BC29E17FBFD6
:1096A000B949FBBCAFDA7FBF2F340ABD98D37FBF67
:1096B0002CC316BDE2CB7FBFCC5123BD8FC37FBF70
:1096C00007E02FBD9EBA7FBFD56D3CBD0FB17FBFF8
:1096D0002FFB48BDE3A67FBF0E8855BD189C7FBFFA
:1096E000681462BDB1907FBF38A06EBDAB847FBFF0
:1096F000742B7BBD08787FBF0ADB83BDC76A7FBF41
:109700000A208ABDE95C7FBFB46490BD6D4E7FBF07
:1097100005A996BD543F7FBFF9EC9CBD9D2F7FBF2F
:109720008C30A3BD491F7FBFBA73A9BD580E7FBF40
:1097300080B6AFBDC9FC7EBFDAF8B5BD9DEA7EBF7D
:10974000C33ABCBDD4D77EBF397CC2BD6DC47EBF19
:1097500036BDC8BD69B07EBFB7FDCEBDC99B7EBF5B
:10976000B93DD5BD8B867EBF377DDBBDB0707EBF7A
:109770002EBCE1BD385A7EBF9AFAE7BD23437EBFB7
:109780007638EEBD722B7EBFC075F4BD24137EBF4C
:1097900073B2FABD38FA7DBF457700BEB1E07DBF38
:1097A000029503BE8CC67DBF6EB206BECCAB7DBF3C
:1097B00086CF09BE6E907DBF4AEC0CBE74747DBF2F
:1097C000B70810BEDE577DBFCA2413BEAC3A7DBFBA
:1097D000834016BEDD1C7DBFE05B19BE73FE7CBFFF
:1097E000DE761CBE6CDF7CBF7B911FBEC9BF7CBF19
:1097F000B6AB22BE8A9F7CBF8CC525BEB07E7CBF27
:10980000FCDE28BE3A5D7CBF04F82BBE283B7CBF43
:10981000A2102FBE7A187CBFD42832BE31F57BBF90
:10982000984035BE4DD17BBFEC5738BECDAC7BBF29
:10983000CF6E3BBEB2877BBF3E853EBEFC617BBF29
:10984000379B41BEAB3B7BBFB9B044BEBE147BBFB0
:10985000C2C547BE37ED7ABF4FDA4ABE16C57ABFDA
:1098600060EE4DBE599C7ABFF10151BE02737ABFC2
:10987000011554BE10497ABF8F2757BE841E7ABF88
:1098800097395ABE5EF379BF1A4B5DBE9DC779BF4B
:10989000135C60BE439B79BF836C63BE4E6E79BF21
:1098A000667C66BEC04079BFBA8B69BE981279BF2C
:1098B0007F9A6CBED6E378BFB2A86FBE7BB478BF88
:1098C00051B672BE868478BF5AC375BEF85378BF4E
:1098D000CCCF78BED12278BFA4DB7BBE10F177BF9E
:1098E000E1E67EBEB7BE77BFC0F880BEC58B77BF4E
:1098F000C07D82BE3A5877BF700284BE172477BFFE
:10990000CE8685BE5BEF76BFDA0A87BE07BA76BF22
:10991000938E88BE1B8476BFF8118ABE974D76BFA2
:1099200007958BBE7A1676BFC0178DBEC6DE75BF93
:10993000229A8EBE7BA675BF2C1C90BE976D75BFFC
:10994000DD9D91BE1D3475BF351F93BE0BFA74BFEC
:1099500031A094BE62BF74BFD22096BE228474BF71
:1099600017A197BE4B4874BFFE2099BEDD0B74BF94
:1099700086A09ABED9CE73BFAF1F9CBE3F9173BF66
:10998000789E9DBE0E5373BFDF1C9FBE471473BFEE
:10999000E59AA0BEEBD472BF8718A2BEF89472BF3E
:1099A000C595A3BE705472BF9F12A5BE521372BF5D
:1099B000128FA6BE9FD171BF1F0BA8BE578F71BF5C
:1099C000C486A9BE7A4C71BF0102ABBE080971BF43
:1099D000D47CACBE02C570BF3CF7ADBE668070BF24
:1099E0003A71AFBE373B70BFCBEAB0BE73F56FBF05
:1099F000EF63B2BE1BAF6FBFA5DCB3BE30686FBFF5
:109A0000EC54B5BEB0206FBFC3CCB6BE9ED86EBFFF
:109A10002A44B8BEF88F6EBF1EBBB9BEBE466EBF2D
:109A2000A031BBBEF2FC6DBFAFA7BCBE93B26DBF91
:109A30004A1DBEBEA1676DBF6F92BFBE1D1C6DBF2C
:109A40001E07C1BE07D06CBF557BC2BE5E836CBF14
:109A500015EFC3BE24366CBF5C62C5BE58E86BBF51
:109A600029D5C6BEFB996BBF7C47C8BE0C4B6BBFEC
:109A700053B9C9BE8CFB6ABFAE2ACBBE7BAB6ABFF3
:109A80008B9BCCBED95A6ABFEA0BCEBEA7096ABF70
:109A9000CA7BCFBEE4B769BF2AEBD0BE916569BF70
:109AA000095AD2BEAE1269BF67C8D3BE3CBF68BFF9
:109AB0004136D5BE396B68BF99A3D6BEA81668BF1C
:109AC0006B10D8BE87C167BFB97CD9BED86B67BFE2
:109AD00080E8DABE991567BFC153DCBECCBE66BF55
:109AE00079BEDDBE716766BFA928DFBE880F66BF7D
:109AF0004F92E0BE10B765BF6AFBE1BE0B5E65BF6B
:109B0000FA63E3BE790465BFFECBE4BE59AA64BF25
:109B10007533E6BEAC4F64BF5D9AE7BE73F463BFB6
:109B2000B700E9BEAC9863BF8166EABE5A3C63BF2A
:109B3000BBCBEBBE7BDF62BF6330EDBE108262BF8A
:109B40007994EEBE1A2462BFFBF7EFBE98C561BFE1
:109B5000EA5AF1BE8A6661BF43BDF2BEF20661BF3A
:109B6000071FF4BECFA660BF3580F5BE214660BF9B
:109B7000CBE0F6BEE9E45FBFC840F8BE27835FBF15
:109B80002DA0F9BEDB205FBFF7FEFABE05BE5EBFAB
:109B9000275DFCBEA65A5EBFBBBAFDBEBEF65DBF6A
:109BA000B217FFBE4D925DBF063A00BF532D5DBF99
:109BB000E4E700BFD1C75CBF739501BFC7615CBF5D
:109BC000B14202BF34FB5BBF9FEF02BF1A945BBF81
:109BD0003D9C03BF792C5BBF894804BF50C45ABF6A
:109BE00084F404BFA05B5ABF2CA005BF6AF259BF22
:109BF000824B06BFAD8859BF86F606BF6A1E59BFA5
:109C000036A107BFA1B358BF924B08BF534858BFF6
:109C10009BF508BF7FDC57BF4E9F09BF267057BF1B
:109C2000AD480ABF480357BFB7F10ABFE59556BF15
:109C30006B9A0BBFFE2756BFC9420CBF93B955BFE5
:109C4000D0EA0CBFA44A55BF81920DBF31DB54BF8F
:109C5000DA390EBF3B6B54BFDBE00EBFC3FA53BF14
:109C600084870FBFC78953BFD52D10BF491853BF75
:109C7000CDD310BF49A652BF6B7911BFC63352BFB7
:109C8000B01E12BFC2C051BF9AC312BF3D4D51BFDB
:109C90002A6813BF37D950BF5F0C14BFAF6450BFE1
:109CA00039B014BFA8EF4FBFB75315BF1F7A4FBFCE
:109CB000D9F615BF17044FBF9F9916BF908D4EBFA1
:109CC000073C17BF89164EBF12DE17BF029F4DBF5C
:109CD000C07F18BFFD264DBF0F2119BF79AE4CBF05
:109CE00000C219BF78354CBF93621ABFF8BB4BBF97
:109CF000C6021BBFFA414BBF99A21BBF7FC74ABF19
:109D00000C421CBF874C4ABF1FE11CBF12D149BF88
:109D1000D17F1DBF215549BF221E1EBFB3D848BFEA
:109D200012BC1EBFCA5B48BF9F591FBF65DE47BF3D
:109D3000CBF61FBF856047BF939320BF2AE246BF83
:109D4000F92F21BF546346BFFBCB21BF03E445BFBE
:109D5000996722BF396445BFD30223BFF5E344BFEF
:109D6000A99D23BF376344BF1A3824BF00E243BF15
:109D700025D224BF516043BFCB6B25BF29DE42BF34
:109D80000A0526BF895B42BFE39D26BF70D841BF4D
:109D9000563627BFE15441BF61CE27BFDAD040BF5E
:109DA000056628BF5C4C40BF41FD28BF67C73FBF69
:109DB000159429BFFC413FBF802A2ABF1BBC3EBF70
:109DC00082C02ABFC5353EBF1B562BBFF9AE3DBF73
:109DD0004AEB2BBFB8273DBF0F802CBF03A03CBF71
:109DE00069142DBFD9173CBF59A82DBF3B8F3BBF6E
:109DF000DE3B2EBF29063BBFF7CE2EBFA47C3ABF69
:109E0000A5612FBFACF239BFE6F32FBF426839BF5F
:109E1000BB8530BF65DD38BF221731BF165238BF52
:109E20001DA831BF55C637BFAA3832BF233A37BF46
:109E3000C9C832BF7FAD36BF7A5833BF6C2036BF3A
:109E4000BCE733BFE79235BF8F7634BFF30435BF2D
:109E5000F30435BF8F7634BFE79235BFBCE733BF1D
:109E60006C2036BF7A5833BF7FAD36BFC9C832BF0A
:109E7000233A37BFAA3832BF55C637BF1DA831BFF6
:109E8000165238BF221731BF65DD38BFBB8530BFE2
:109E9000426839BFE6F32FBFACF239BFA5612FBFCF
:109EA000A47C3ABFF7CE2EBF29063BBFDE3B2EBFB8
:109EB0003B8F3BBF59A82DBFD9173CBF69142DBF9D
:109EC00003A03CBF0F802CBFB8273DBF4AEB2BBF80
:109ED000F9AE3DBF1B562BBFC5353EBF82C02ABF62
:109EE0001BBC3EBF802A2ABFFC413FBF159429BF3F
:109EF00067C73FBF41FD28BF5C4C40BF056628BF18
:109F0000DAD040BF61CE27BFE15441BF563627BFEC
:109F100070D841BFE39D26BF895B42BF0A0526BFBB
:109F200029DE42BFCB6B25BF516043BF25D224BF82
:109F300000E243BF1A3824BF376344BFA99D23BF43
:109F4000F5E344BFD30223BF396445BF996722BFFD
:109F500003E445BFFBCB21BF546346BFF92F21BFAC
:109F60002AE246BF939320BF856047BFCBF61FBF51
:109F700065DE47BF9F591FBFCA5B48BF12BC1EBFEB
:109F8000B3D848BF221E1EBF215549BFD17F1DBF78
:109F900012D149BF1FE11CBF874C4ABF0C421CBFF6
:109FA0007FC74ABF99A21BBFFA414BBFC6021BBF66
:109FB000F8BB4BBF93621ABF78354CBF00C219BFC4
:109FC00079AE4CBF0F2119BFFD264DBFC07F18BF12
:109FD000029F4DBF12DE17BF89164EBF073C17BF49
:109FE000908D4EBF9F9916BF17044FBFD9F615BF6E
:109FF0001F7A4FBFB75315BFA8EF4FBF39B014BF7B
:10A00000AF6450BF5F0C14BF37D950BF2A6813BF6D
:10A010003D4D51BF9AC312BFC2C051BFB01E12BF47
:10A02000C63352BF6B7911BF49A652BFCDD310BF03
:10A03000491853BFD52D10BFC78953BF84870FBFA1
:10A04000C3FA53BFDBE00EBF3B6B54BFDA390EBF20
:10A0500031DB54BF81920DBFA44A55BFD0EA0CBF7B
:10A0600093B955BFC9420CBFFE2756BF6B9A0BBFB1
:10A07000E59556BFB7F10ABF480357BFAD480ABFC1
:10A08000267057BF4E9F09BF7FDC57BF9BF508BFA7
:10A09000534858BF924B08BFA1B358BF36A107BF62
:10A0A0006A1E59BF86F606BFAD8859BF824B06BFF0
:10A0B0006AF259BF2CA005BFA05B5ABF84F404BF4D
:10A0C00050C45ABF894804BF792C5BBF3D9C03BF75
:10A0D0001A945BBF9FEF02BF34FB5BBFB14202BF6C
:10A0E000C7615CBF739501BFD1C75CBFE4E700BF28
:10A0F000532D5DBF063A00BF4D925DBFB217FFBE44
:10A10000BEF65DBFBBBAFDBEA65A5EBF275DFCBEF4
:10A1100005BE5EBFF7FEFABEDB205FBF2DA0F9BE15
:10A1200027835FBFC840F8BEE9E45FBFCBE0F6BE5F
:10A13000214660BF3580F5BECFA660BF071FF4BEC5
:10A14000F20661BF43BDF2BE8A6661BFEA5AF1BE44
:10A1500098C561BFFBF7EFBE1A2462BF7994EEBECB
:10A16000108262BF6330EDBE7BDF62BFBBCBEBBE54
:10A170005A3C63BF8166EABEAC9863BFB700E9BED4
:10A1800073F463BF5D9AE7BEAC4F64BF7533E6BE40
:10A1900059AA64BFFECBE4BE790465BFFA63E3BE8F
:10A1A0000B5E65BF6AFBE1BE10B765BF4F92E0BEB4
:10A1B000880F66BFA928DFBE716766BF79BEDDBEA6
:10A1C000CCBE66BFC153DCBE991567BF80E8DABE5E
:10A1D000D86B67BFB97CD9BE87C167BF6B10D8BECB
:10A1E000A81668BF99A3D6BE396B68BF4136D5BEE5
:10A1F0003CBF68BF67C8D3BEAE1269BF095AD2BEA2
:10A20000916569BF2AEBD0BEE4B769BFCA7BCFBEF8
:10A21000A7096ABFEA0BCEBED95A6ABF8B9BCCBED8
:10A220007BAB6ABFAE2ACBBE8CFB6ABF53B9C9BE3B
:10A230000C4B6BBF7C47C8BEFB996BBF29D5C6BE14
:10A2400058E86BBF5C62C5BE24366CBF15EFC3BE59
:10A250005E836CBF557BC2BE07D06CBF1E07C1BEFC
:10A260001D1C6DBF6F92BFBEA1676DBF4A1DBEBEF4
:10A2700093B26DBFAFA7BCBEF2FC6DBFA031BBBE39
:10A28000BE466EBF1EBBB9BEF88F6EBF2A44B8BEB5
:10A290009ED86EBFC3CCB6BEB0206FBFEC54B5BE67
:10A2A00030686FBFA5DCB3BE1BAF6FBFEF63B2BE3C
:10A2B00073F56FBFCBEAB0BE373B70BF3A71AFBE2C
:10A2C000668070BF3CF7ADBE02C570BFD47CACBE2B
:10A2D000080971BF0102ABBE7A4C71BFC486A9BE2A
:10A2E000578F71BF1F0BA8BE9FD171BF128FA6BE23
:10A2F000521372BF9F12A5BE705472BFC595A3BE04
:10A30000F89472BF8718A2BEEBD472BFE59AA0BEC4
:10A31000471473BFDF1C9FBE0E5373BF789E9DBE54
:10A320003F9173BFAF1F9CBED9CE73BF86A09ABEAC
:10A33000DD0B74BFFE2099BE4B4874BF17A197BEBA
:10A34000228474BFD22096BE62BF74BF31A094BE77
:10A350000BFA74BF351F93BE1D3475BFDD9D91BED2
:10A36000976D75BF2C1C90BE7BA675BF229A8EBEC2
:10A37000C6DE75BFC0178DBE7A1676BF07958BBE39
:10A38000974D76BFF8118ABE1B8476BF938E88BE28
:10A3900007BA76BFDA0A87BE5BEF76BFCE8685BE88
:10A3A000172477BF700284BE3A5877BFC07D82BE43
:10A3B000C58B77BFC0F880BEB7BE77BFE1E67EBE73
:10A3C00010F177BFA4DB7BBED12278BFCCCF78BEA3
:10A3D000F85378BF5AC375BE868478BF51B672BE33
:10A3E0007BB478BFB2A86FBED6E378BF7F9A6CBE4D
:10A3F000981279BFBA8B69BEC04079BF667C66BED1
:10A400004E6E79BF836C63BE439B79BF135C60BEA5
:10A410009DC779BF1A4B5DBE5EF379BF97395ABEAF
:10A42000841E7ABF8F2757BE10497ABF011554BECC
:10A4300002737ABFF10151BE599C7ABF60EE4DBEE6
:10A4400016C57ABF4FDA4ABE37ED7ABFC2C547BEDE
:10A45000BE147BBFB9B044BEAB3B7BBF379B41BE94
:10A46000FC617BBF3E853EBEB2877BBFCF6E3BBEED
:10A47000CDAC7BBFEC5738BE4DD17BBF984035BECD
:10A4800031F57BBFD42832BE7A187CBFA2102FBE14
:10A49000283B7CBF04F82BBE3A5D7CBFFCDE28BEA7
:10A4A000B07E7CBF8CC525BE8A9F7CBFB6AB22BE6A
:10A4B000C9BF7CBF7B911FBE6CDF7CBFDE761CBE3C
:10A4C00073FE7CBFE05B19BEDD1C7DBF834016BE02
:10A4D000AC3A7DBFCA2413BEDE577DBFB70810BE9D
:10A4E00074747DBF4AEC0CBE6E907DBF86CF09BEF2
:10A4F000CCAB7DBF6EB206BE8CC67DBF029503BEDF
:10A50000B1E07DBF457700BE38FA7DBF73B2FABDBA
:10A5100024137EBFC075F4BD722B7EBF7638EEBDAE
:10A5200023437EBF9AFAE7BD385A7EBF2EBCE1BDF9
:10A53000B0707EBF377DDBBD8B867EBFB93DD5BD9C
:10A54000C99B7EBFB7FDCEBD69B07EBF36BDC8BD5D
:10A550006DC47EBF397CC2BDD4D77EBFC33ABCBDFB
:10A560009DEA7EBFDAF8B5BDC9FC7EBF80B6AFBD3F
:10A57000580E7FBFBA73A9BD491F7FBF8C30A3BDE2
:10A580009D2F7FBFF9EC9CBD543F7FBF05A996BDB1
:10A590006D4E7FBFB46490BDE95C7FBF0A208ABD69
:10A5A000C76A7FBF0ADB83BD08787FBF742B7BBD82
:10A5B000AB847FBF38A06EBDB1907FBF681462BD11
:10A5C000189C7FBF0E8855BDE3A67FBF2FFB48BDFB
:10A5D0000FB17FBFD56D3CBD9EBA7FBF07E02FBDD9
:10A5E0008FC37FBFCC5123BDE2CB7FBF2CC316BD31
:10A5F00098D37FBF2F340ABDAFDA7FBFB949FBBC08
:10A6000029E17FBF7B2AE2BC05E77FBFB00AC9BC56
:10A6100043EC7FBF69EAAFBCE3F07FBFB6C996BC2D
:10A62000E6F47FBF4B517BBC4AF87FBF900E49BC1C
:10A6300011FB7FBF59CB16BC39FD7FBF890FC9BB4A
:10A64000C4FE7FBFC70F49BBB1FF7FBF00000080C2
:10A65000000080BFC70F493BB1FF7FBF890FC93BD7
:10A66000C4FE7FBF59CB163C39FD7FBF900E493CDD
:10A6700011FB7FBF4B517B3C4AF87FBFB6C9963C6C
:10A68000E6F47FBF69EAAF3CE3F07FBFB00AC93CA4
:10A6900043EC7FBF7B2AE23C05E77FBFB949FB3C27
:10A6A00029E17FBF2F340A3DAFDA7FBF2CC3163DAF
:10A6B00098D37FBFCC51233DE2CB7FBF07E02F3D36
:10A6C0008FC37FBFD56D3C3D9EBA7FBF2FFB483DFA
:10A6D0000FB17FBF0E88553DE3A67FBF6814623D72
:10A6E000189C7FBF38A06E3DB1907FBF742B7B3D1F
:10A6F000AB847FBF0ADB833D08787FBF0A208A3D99
:10A70000C76A7FBFB464903DE95C7FBF05A9963DF1
:10A710006D4E7FBFF9EC9C3D543F7FBF8C30A33D15
:10A720009D2F7FBFBA73A93D491F7FBF80B6AF3D44
:10A73000580E7FBFDAF8B53DC9FC7EBFC33ABC3DB9
:10A740009DEA7EBF397CC23DD4D77EBF36BDC83DB1
:10A750006DC47EBFB7FDCE3D69B07EBFB93DD53D6E
:10A76000C99B7EBF377DDB3D8B867EBF2EBCE13D26
:10A77000B0707EBF9AFAE73D385A7EBF7638EE3D1C
:10A7800023437EBFC075F43D722B7EBF73B2FA3D8A
:10A7900024137EBF4577003E38FA7DBF0295033E05
:10A7A000B1E07DBF6EB2063E8CC67DBF86CF093E4E
:10A7B000CCAB7DBF4AEC0C3E6E907DBFB708103E1F
:10A7C00074747DBFCA24133EDE577DBF8340163E9E
:10A7D000AC3A7DBFE05B193EDD1C7DBFDE761C3EE2
:10A7E00073FE7CBF7B911F3E6CDF7CBFB6AB223E0D
:10A7F000C9BF7CBF8CC5253E8A9F7CBFFCDE283E3E
:10A80000B07E7CBF04F82B3E3A5D7CBFA2102F3E89
:10A81000283B7CBFD428323E7A187CBF9840353E16
:10A8200031F57BBFEC57383E4DD17BBFCF6E3B3E01
:10A83000CDAC7BBF3E853E3EB2877BBF379B413E62
:10A84000FC617BBFB9B0443EAB3B7BBFC2C5473E5A
:10A85000BE147BBF4FDA4A3E37ED7ABF60EE4D3E05
:10A8600016C57ABFF101513E599C7ABF0115543E7D
:10A8700002737ABF8F27573E10497ABF97395A3EE5
:10A88000841E7ABF1A4B5D3E5EF379BF135C603E57
:10A890009DC779BF836C633E439B79BF667C663EF0
:10A8A0004E6E79BFBA8B693EC04079BF7F9A6C3ECD
:10A8B000981279BFB2A86F3ED6E378BF51B6723E08
:10A8C0007BB478BF5AC3753E868478BFCCCF783EC0
:10A8D000F85378BFA4DB7B3ED12278BFE1E67E3E11
:10A8E00010F177BFC0F8803EB7BE77BFC07D823E13
:10A8F000C58B77BF7002843E3A5877BFCE86853EBF
:10A90000172477BFDA0A873E5BEF76BF938E883EC7
:10A9100007BA76BFF8118A3E1B8476BF07958B3E37
:10A92000974D76BFC0178D3E7A1676BF229A8E3E1F
:10A93000C6DE75BF2C1C903E7BA675BFDD9D913E8B
:10A94000976D75BF351F933E1D3475BF31A0943E82
:10A950000BFA74BFD220963E62BF74BF17A1973E18
:10A96000228474BFFE20993E4B4874BF86A09A3E55
:10A97000DD0B74BFAF1F9C3ED9CE73BF789E9D3E4A
:10A980003F9173BFDF1C9F3E0E5373BFE59AA03EFD
:10A99000471473BF8718A23EEBD472BFC595A33E80
:10A9A000F89472BF9F12A53E705472BF128FA63EDC
:10A9B000521372BF1F0BA83E9FD171BFC486A93E20
:10A9C000578F71BF0102AB3E7A4C71BFD47CAC3E55
:10A9D000080971BF3CF7AD3E02C570BF3A71AF3E8A
:10A9E000668070BFCBEAB03E373B70BFEF63B23ECC
:10A9F00073F56FBFA5DCB33E1BAF6FBFEC54B53E24
:10AA000030686FBFC3CCB63EB0206FBF2A44B83E9B
:10AA10009ED86EBF1EBBB93EF88F6EBFA031BB3E45
:10AA2000BE466EBFAFA7BC3EF2FC6DBF4A1DBE3E28
:10AA300093B26DBF6F92BF3EA1676DBF1E07C13E4F
:10AA40001D1C6DBF557BC23E07D06CBF15EFC33ECA
:10AA50005E836CBF5C62C53E24366CBF29D5C63EA2
:10AA600058E86BBF7C47C83EFB996BBF53B9C93EE2
:10AA70000C4B6BBFAE2ACB3E8CFB6ABF8B9BCC3E94
:10AA80007BAB6ABFEA0BCE3ED95A6ABFCA7BCF3EC8
:10AA9000A7096ABF2AEBD03EE4B769BF095AD23E84
:10AAA000916569BF67C8D33EAE1269BF4136D53ED6
:10AAB0003CBF68BF99A3D63E396B68BF6B10D83EC8
:10AAC000A81668BFB97CD93E87C167BF80E8DA3E67
:10AAD000D86B67BFC153DC3E991567BF79BEDD3EB9
:10AAE000CCBE66BFA928DF3E716766BF4F92E03ECD
:10AAF000880F66BF6AFBE13E10B765BFFA63E33EAD
:10AB00000B5E65BFFECBE43E790465BF7533E63E60
:10AB100059AA64BF5D9AE73EAC4F64BFB700E93EF7
:10AB200073F463BF8166EA3EAC9863BFBBCBEB3E78
:10AB30005A3C63BF6330ED3E7BDF62BF7994EE3EEB
:10AB4000108262BFFBF7EF3E1A2462BFEA5AF13E61
:10AB500098C561BF43BDF23E8A6661BF071FF43EE0
:10AB6000F20661BF3580F53ECFA660BFCBE0F63E72
:10AB7000214660BFC840F83EE9E45FBF2DA0F93E22
:10AB800027835FBFF7FEFA3EDB205FBF275DFC3EF9
:10AB900005BE5EBFBBBAFD3EA65A5EBFB217FF3E02
:10ABA000BEF65DBF063A003F4D925DBFE4E7003F51
:10ABB000532D5DBF7395013FD1C75CBFB142023FCA
:10ABC000C7615CBF9FEF023F34FB5BBF3D9C033F0F
:10ABD0001A945BBF8948043F792C5BBF84F4043F1F
:10ABE00050C45ABF2CA0053FA05B5ABF824B063F02
:10ABF0006AF259BF86F6063FAD8859BF36A1073FB6
:10AC00006A1E59BF924B083FA1B358BF9BF5083F3E
:10AC1000534858BF4E9F093F7FDC57BFAD480A3F9E
:10AC2000267057BFB7F10A3F480357BF6B9A0B3FD7
:10AC3000E59556BFC9420C3FFE2756BFD0EA0C3FF0
:10AC400093B955BF81920D3FA44A55BFDA390E3FE3
:10AC500031DB54BFDBE00E3F3B6B54BF84870F3FBB
:10AC6000C3FA53BFD52D103FC78953BFCDD3103F73
:10AC7000491853BF6B79113F49A652BFB01E123F0E
:10AC8000C63352BF9AC3123FC2C051BF2A68133F96
:10AC90003D4D51BF5F0C143F37D950BF39B0143F01
:10ACA000AF6450BFB753153FA8EF4FBFD9F6153F5C
:10ACB0001F7A4FBF9F99163F17044FBF073C173F9E
:10ACC000908D4EBF12DE173F89164EBFC07F183FD2
:10ACD000029F4DBF0F21193FFD264DBF00C2193FF6
:10ACE00079AE4CBF93621A3F78354CBFC6021B3F0A
:10ACF000F8BB4BBF99A21B3FFA414BBF0C421C3F14
:10AD00007FC74ABF1FE11C3F874C4ABFD17F1D3F11
:10AD100012D149BF221E1E3F215549BF12BC1E3F02
:10AD2000B3D848BF9F591F3FCA5B48BFCBF61F3FF0
:10AD300065DE47BF9393203F856047BFF92F213FD2
:10AD40002AE246BFFBCB213F546346BF9967223FAF
:10AD500003E445BFD302233F396445BFA99D233F88
:10AD6000F5E344BF1A38243F376344BF25D2243F5C
:10AD700000E243BFCB6B253F516043BF0A05263F2E
:10AD800029DE42BFE39D263F895B42BF5636273FFF
:10AD900070D841BF61CE273FE15441BF0566283FCF
:10ADA000DAD040BF41FD283F5C4C40BF1594293F9D
:10ADB00067C73FBF802A2A3FFC413FBF82C02A3F6E
:10ADC0001BBC3EBF1B562B3FC5353EBF4AEB2B3F3E
:10ADD000F9AE3DBF0F802C3FB8273DBF69142D3F12
:10ADE00003A03CBF59A82D3FD9173CBFDE3B2E3FE7
:10ADF0003B8F3BBFF7CE2E3F29063BBFA5612F3FC0
:10AE0000A47C3ABFE6F32F3FACF239BFBB85303F9D
:10AE1000426839BF2217313F65DD38BF1DA8313F79
:10AE2000165238BFAA38323F55C637BFC9C8323F5D
:10AE3000233A37BF7A58333F7FAD36BFBCE7333F45
:10AE40006C2036BF8F76343FE79235BFF304353F31
:10AE5000F30435BFE792353F8F7634BF6C20363F21
:10AE6000BCE733BF7FAD363F7A5833BF233A373F15
:10AE7000C9C832BF55C6373FAA3832BF1652383F0D
:10AE80001DA831BF65DD383F221731BF4268393F09
:10AE9000BB8530BFACF2393FE6F32FBFA47C3A3F0D
:10AEA000A5612FBF29063B3FF7CE2EBF3B8F3B3F0F
:10AEB000DE3B2EBFD9173C3F59A82DBF03A03C3F16
:10AEC00069142DBFB8273D3F0F802CBFF9AE3D3F21
:10AED0004AEB2BBFC5353E3F1B562BBF1BBC3E3F2D
:10AEE00082C02ABFFC413F3F802A2ABF67C73F3F3D
:10AEF000159429BF5C4C403F41FD28BFDAD0403F4C
:10AF0000056628BFE154413F61CE27BF70D8413F5D
:10AF1000563627BF895B423FE39D26BF29DE423F6D
:10AF20000A0526BF5160433FCB6B25BF00E2433F7C
:10AF300025D224BF3763443F1A3824BFF5E3443F8A
:10AF4000A99D23BF3964453FD30223BF03E4453F96
:10AF5000996722BF5463463FFBCB21BF2AE2463F9D
:10AF6000F92F21BF8560473F939320BF65DE473FA0
:10AF7000CBF61FBFCA5B483F9F591FBFB3D8483F9E
:10AF800012BC1EBF2155493F221E1EBF12D1493F90
:10AF9000D17F1DBF874C4A3F1FE11CBF7FC74A3F7F
:10AFA0000C421CBFFA414B3F99A21BBFF8BB4B3F61
:10AFB000C6021BBF78354C3F93621ABF79AE4C3F37
:10AFC00000C219BFFD264D3F0F2119BF029F4D3F03
:10AFD000C07F18BF89164E3F12DE17BF908D4E3FBF
:10AFE000073C17BF17044F3F9F9916BF1F7A4F3F6B
:10AFF000D9F615BFA8EF4F3FB75315BFAF64503F09
:10B0000039B014BF37D9503F5F0C14BF3D4D513F8D
:10B010002A6813BFC2C0513F9AC312BFC633523F02
:10B02000B01E12BF49A6523F6B7911BF4918533F5A
:10B03000CDD310BFC789533FD52D10BFC3FA533F9F
:10B0400084870FBF3B6B543FDBE00EBF31DB543FC7
:10B05000DA390EBFA44A553F81920DBF93B9553FCF
:10B06000D0EA0CBFFE27563FC9420CBFE595563FBC
:10B070006B9A0BBF4803573FB7F10ABF2670573F83
:10B08000AD480ABF7FDC573F4E9F09BF5348583F2A
:10B090009BF508BFA1B3583F924B08BF6A1E593FAA
:10B0A00036A107BFAD88593F86F606BF6AF2593F01
:10B0B000824B06BFA05B5A3F2CA005BF50C45A3F2D
:10B0C00084F404BF792C5B3F894804BF1A945B3F2A
:10B0D0003D9C03BF34FB5B3F9FEF02BFC7615C3FFA
:10B0E000B14202BFD1C75C3F739501BF532D5D3F95
:10B0F000E4E700BF4D925D3F063A00BFBEF65D3FFC
:10B10000B217FFBEA65A5E3FBBBAFDBE05BE5E3F8C
:10B11000275DFCBEDB205F3FF7FEFABE27835F3F63
:10B120002DA0F9BEE9E45F3FC840F8BE2146603F6C
:10B13000CBE0F6BECFA6603F3580F5BEF206613F9C
:10B14000071FF4BE8A66613F43BDF2BE98C5613FEA
:10B15000EA5AF1BE1A24623FFBF7EFBE1082623F4B
:10B160007994EEBE7BDF623F6330EDBE5A3C633FB5
:10B17000BBCBEBBEAC98633F8166EABE73F4633F22
:10B18000B700E9BEAC4F643F5D9AE7BE59AA643F81
:10B190007533E6BE7904653FFECBE4BE0B5E653FCA
:10B1A000FA63E3BE10B7653F6AFBE1BE880F663FF6
:10B1B0004F92E0BE7167663FA928DFBECCBE663FF6
:10B1C00079BEDDBE9915673FC153DCBED86B673FC2
:10B1D00080E8DABE87C1673FB97CD9BEA816683F50
:10B1E0006B10D8BE396B683F99A3D6BE3CBF683F91
:10B1F0004136D5BEAE12693F67C8D3BE9165693F7F
:10B20000095AD2BEE4B7693F2AEBD0BEA7096A3F0C
:10B21000CA7BCFBED95A6A3FEA0BCEBE7BAB6A3F30
:10B220008B9BCCBE8CFB6A3FAE2ACBBE0C4B6B3FDC
:10B2300053B9C9BEFB996B3F7C47C8BE58E86B3F0A
:10B2400029D5C6BE24366C3F5C62C5BE5E836C3FAA
:10B2500015EFC3BE07D06C3F557BC2BE1D1C6D3FB2
:10B260001E07C1BEA1676D3F6F92BFBE93B26D3F17
:10B270004A1DBEBEF2FC6D3FAFA7BCBEBE466E3FD0
:10B28000A031BBBEF88F6E3F1EBBB9BE9ED86E3FCD
:10B290002A44B8BEB0206F3FC3CCB6BE30686F3F03
:10B2A000EC54B5BE1BAF6F3FA5DCB3BE73F56F3F6B
:10B2B000EF63B2BE373B703FCBEAB0BE6680703FF3
:10B2C0003A71AFBE02C5703F3CF7ADBE0809713F91
:10B2D000D47CACBE7A4C713F0102ABBE578F713F3C
:10B2E000C486A9BE9FD1713F1F0BA8BE5213723FE7
:10B2F000128FA6BE7054723F9F12A5BEF894723F83
:10B30000C595A3BEEBD4723F8718A2BE4714733F06
:10B31000E59AA0BE0E53733FDF1C9FBE3F91733F63
:10B32000789E9DBED9CE733FAF1F9CBEDD0B743F90
:10B3300086A09ABE4B48743FFE2099BE2284743F7B
:10B3400017A197BE62BF743FD22096BE0BFA743F1E
:10B3500031A094BE1D34753F351F93BE976D753F68
:10B36000DD9D91BE7BA6753F2C1C90BEC6DE753F51
:10B37000229A8EBE7A16763FC0178DBE974D763FC5
:10B3800007958BBE1B84763FF8118ABE07BA763FBD
:10B39000938E88BE5BEF763FDA0A87BE1724773F2D
:10B3A000CE8685BE3A58773F700284BEC58B773F04
:10B3B000C07D82BEB7BE773FC0F880BE10F1773F38
:10B3C000E1E67EBED122783FA4DB7BBEF853783F16
:10B3D000CCCF78BE8684783F5AC375BE7BB4783FA5
:10B3E00051B672BED6E3783FB2A86FBE9812793FCD
:10B3F0007F9A6CBEC040793FBA8B69BE4E6E793F72
:10B40000667C66BE439B793F836C63BE9DC7793F74
:10B41000135C60BE5EF3793F1A4B5DBE841E7A3FBB
:10B4200097395ABE10497A3F8F2757BE02737A3F29
:10B43000011554BE599C7A3FF10151BE16C57A3FA1
:10B4400060EE4DBE37ED7A3F4FDA4ABEBE147B3F09
:10B45000C2C547BEAB3B7B3FB9B044BEFC617B3F3E
:10B46000379B41BEB2877B3F3E853EBECDAC7B3F26
:10B47000CF6E3BBE4DD17B3FEC5738BE31F57B3FA5
:10B48000984035BE7A187C3FD42832BE283B7C3F9A
:10B49000A2102FBE3A5D7C3F04F82BBEB07E7C3FED
:10B4A000FCDE28BE8A9F7C3F8CC525BEC9BF7C3F81
:10B4B000B6AB22BE6CDF7C3F7B911FBE73FE7C3F30
:10B4C000DE761CBEDD1C7D3FE05B19BEAC3A7D3FE5
:10B4D000834016BEDE577D3FCA2413BE74747D3F81
:10B4E000B70810BE6E907D3F4AEC0CBECCAB7D3FE2
:10B4F00086CF09BE8CC67D3F6EB206BEB1E07D3FF1
:10B50000029503BE38FA7D3F457700BE24137E3F87
:10B5100073B2FABD722B7E3FC075F4BD23437E3FEC
:10B520007638EEBD385A7E3F9AFAE7BDB0707E3F5E
:10B530002EBCE1BD8B867E3F377DDBBDC99B7E3F48
:10B54000B93DD5BD69B07E3FB7FDCEBD6DC47E3F70
:10B5500036BDC8BDD4D77E3F397CC2BD9DEA7E3F93
:10B56000C33ABCBDC9FC7E3FDAF8B5BD580E7F3F7B
:10B5700080B6AFBD491F7F3FBA73A9BD9D2F7F3FE6
:10B580008C30A3BD543F7F3FF9EC9CBD6D4E7F3F97
:10B5900005A996BDE95C7F3FB46490BDC76A7F3F53
:10B5A0000A208ABD08787F3F0ADB83BDAB847F3FDA
:10B5B000742B7BBDB1907F3F38A06EBD189C7F3F40
:10B5C000681462BDE3A67F3F0E8855BD0FB17F3F73
:10B5D0002FFB48BD9EBA7F3FD56D3CBD8FC37F3FDB
:10B5E00007E02FBDE2CB7F3FCC5123BD98D37F3FF7
:10B5F0002CC316BDAFDA7F3F2F340ABD29E17F3F50
:10B60000B949FBBC05E77F3F7B2AE2BC43EC7F3FA7
:10B61000B00AC9BCE3F07F3F69EAAFBCE6F47F3F04
:10B62000B6C996BC4AF87F3F4B517BBC11FB7F3FAC
:10B63000900E49BC39FD7F3F59CB16BCC4FE7F3FFD
:10B64000890FC9BBB1FF7F3FC70F49BB0000803FD7
:10B650000000000043EC7F3FB00AC93C0FB17F3FC0
:10B660002FFB483D6D4E7F3F05A9963D6DC47E3F43
:10B6700036BDC83D24137E3F73B2FA3DAC3A7D3FE0
:10B680008340163E283B7C3FA2102F3EBE147B3FDA
:10B69000C2C5473E9DC7793F135C603EF853783F73
:10B6A000CCCF783E07BA763F938E883E0BFA743F34
:10B6B00031A0943E4714733FE59AA03E0809713FBC
:10B6C000D47CAC3E9ED86E3F2A44B83E5E836C3F2D
:10B6D00015EFC33EA7096A3FCA7BCF3ED86B673FD1
:10B6E00080E8DA3E59AA643F7533E63E98C5613F6B
:10B6F000EA5AF13E05BE5E3F275DFC3E1A945B3F71
:10B700003D9C033F5348583F9BF5083F31DB543F76
:10B71000DA390E3F3D4D513F2A68133F029F4D3F9E
:10B72000C07F183F12D1493FD17F1D3F03E4453F01
:10B730009967223F70D8413F5636273FF9AE3D3FCB
:10B740004AEB2B3F4268393FBB85303FF304353F1E
:10B75000F304353FBB85303F4268393F4AEB2B3F0E
:10B76000F9AE3D3F5636273F70D8413F9967223F9B
:10B7700003E4453FD17F1D3F12D1493FC07F183FB1
:10B78000029F4D3F2A68133F3D4D513FDA390E3F2E
:10B7900031DB543F9BF5083F5348583F3D9C033FE6
:10B7A0001A945B3F275DFC3E05BE5E3FEA5AF13EC0
:10B7B00098C5613F7533E63E59AA643F80E8DA3E9A
:10B7C000D86B673FCA7BCF3EA7096A3F15EFC33EE0
:10B7D0005E836C3F2A44B83E9ED86E3FD47CAC3E1C
:10B7E0000809713FE59AA03E4714733F31A0943E8B
:10B7F0000BFA743F938E883E07BA763FCCCF783EE3
:10B80000F853783F135C603E9DC7793FC2C5473E01
:10B81000BE147B3FA2102F3E283B7C3F8340163E48
:10B82000AC3A7D3F73B2FA3D24137E3F36BDC83D2E
:10B830006DC47E3F05A9963D6D4E7F3F2FFB483D71
:10B840000FB17F3FB00AC93C43EC7F3F00000000CE
:10B850000000803FB00AC9BC43EC7F3F2FFB48BDCE
:10B860000FB17F3F05A996BD6D4E7F3F36BDC8BD68
:10B870006DC47E3F73B2FABD24137E3F834016BE73
:10B88000AC3A7D3FA2102FBE283B7C3FC2C547BECD
:10B89000BE147B3F135C60BE9DC7793FCCCF78BEA2
:10B8A000F853783F938E88BE07BA763F31A094BE96
:10B8B0000BFA743FE59AA0BE4714733FD47CACBE2C
:10B8C0000809713F2A44B8BE9ED86E3F15EFC3BE2B
:10B8D0005E836C3FCA7BCFBEA7096A3F80E8DABEB1
:10B8E000D86B673F7533E6BE59AA643FEA5AF1BE8A
:10B8F00098C5613F275DFCBE05BE5E3F3D9C03BF12
:10B900001A945B3F9BF508BF5348583FDA390EBF86
:10B9100031DB543F2A6813BF3D4D513FC07F18BFF4
:10B92000029F4D3FD17F1DBF12D1493F996722BF72
:10B9300003E4453F563627BF70D8413F4AEB2BBF43
:10B94000F9AE3D3FBB8530BF4268393FF30435BF98
:10B95000F304353F426839BFBB85303FF9AE3DBF88
:10B960004AEB2B3F70D841BF5636273F03E445BF13
:10B970009967223F12D149BFD17F1D3F029F4DBF22
:10B98000C07F183F3D4D51BF2A68133F31DB54BF84
:10B99000DA390E3F534858BF9BF5083F1A945BBFF6
:10B9A0003D9C033F05BE5EBF275DFC3E98C561BF61
:10B9B000EA5AF13E59AA64BF7533E63ED86B67BFB9
:10B9C00080E8DA3EA7096ABFCA7BCF3E5E836CBFC0
:10B9D00015EFC33E9ED86EBF2A44B83E080971BF1A
:10B9E000D47CAC3E471473BFE59AA03E0BFA74BFFB
:10B9F00031A0943E07BA76BF938E883EF85378BF45
:10BA0000CCCF783E9DC779BF135C603EBE147BBF30
:10BA1000C2C5473E283B7CBFA2102F3EAC3A7DBF3B
:10BA20008340163E24137EBF73B2FA3D6DC47EBFC1
:10BA300036BDC83D6D4E7FBF05A9963D0FB17FBF96
:10BA40002FFB483D43EC7FBFB00AC93C000080BFDC
:10BA50000000000043EC7FBFB00AC9BC0FB17FBF3C
:10BA60002FFB48BD6D4E7FBF05A996BD6DC47EBF3F
:10BA700036BDC8BD24137EBF73B2FABDAC3A7DBFDC
:10BA8000834016BE283B7CBFA2102FBEBE147BBFD6
:10BA9000C2C547BE9DC779BF135C60BEF85378BF6F
:10BAA000CCCF78BE07BA76BF938E88BE0BFA74BF30
:10BAB00031A094BE471473BFE59AA0BE080971BFB8
:10BAC000D47CACBE9ED86EBF2A44B8BE5E836CBF29
:10BAD00015EFC3BEA7096ABFCA7BCFBED86B67BFCD
:10BAE00080E8DABE59AA64BF7533E6BE98C561BF67
:10BAF000EA5AF1BE05BE5EBF275DFCBE1A945BBF6D
:10BB00003D9C03BF534858BF9BF508BF31DB54BF72
:10BB1000DA390EBF3D4D51BF2A6813BF029F4DBF9A
:10BB2000C07F18BF12D149BFD17F1DBF03E445BFFD
:10BB3000996722BF70D841BF563627BFF9AE3DBFC7
:10BB40004AEB2BBF426839BFBB8530BFF30435BF1A
:10BB5000F30435BFBB8530BF426839BF4AEB2BBF0A
:10BB6000F9AE3DBF563627BF70D841BF996722BF97
:10BB700003E445BFD17F1DBF12D149BFC07F18BFAD
:10BB8000029F4DBF2A6813BF3D4D51BFDA390EBF2A
:10BB900031DB54BF9BF508BF534858BF3D9C03BFE2
:10BBA0001A945BBF275DFCBE05BE5EBFEA5AF1BEBC
:10BBB00098C561BF7533E6BE59AA64BF80E8DABE96
:10BBC000D86B67BFCA7BCFBEA7096ABF15EFC3BEDC
:10BBD0005E836CBF2A44B8BE9ED86EBFD47CACBE18
:10BBE000080971BFE59AA0BE471473BF31A094BE87
:10BBF0000BFA74BF938E88BE07BA76BFCCCF78BEDF
:10BC0000F85378BF135C60BE9DC779BFC2C547BEFD
:10BC1000BE147BBFA2102FBE283B7CBF834016BE44
:10BC2000AC3A7DBF73B2FABD24137EBF36BDC8BD2A
:10BC30006DC47EBF05A996BD6D4E7FBF2FFB48BD6D
:10BC40000FB17FBFB00AC9BC43EC7FBF00000080CA
:10BC5000000080BFB00AC93C43EC7FBF2FFB483DCA
:10BC60000FB17FBF05A9963D6D4E7FBF36BDC83D64
:10BC70006DC47EBF73B2FA3D24137EBF8340163E6F
:10BC8000AC3A7DBFA2102F3E283B7CBFC2C5473EC9
:10BC9000BE147BBF135C603E9DC779BFCCCF783E9E
:10BCA000F85378BF938E883E07BA76BF31A0943E92
:10BCB0000BFA74BFE59AA03E471473BFD47CAC3E28
:10BCC000080971BF2A44B83E9ED86EBF15EFC33E27
:10BCD0005E836CBFCA7BCF3EA7096ABF80E8DA3EAD
:10BCE000D86B67BF7533E63E59AA64BFEA5AF13E86
:10BCF00098C561BF275DFC3E05BE5EBF3D9C033F0E
:10BD00001A945BBF9BF5083F534858BFDA390E3F82
:10BD100031DB54BF2A68133F3D4D51BFC07F183FF0
:10BD2000029F4DBFD17F1D3F12D149BF9967223F6E
:10BD300003E445BF5636273F70D841BF4AEB2B3F3F
:10BD4000F9AE3DBFBB85303F426839BFF304353F94
:10BD5000F30435BF4268393FBB8530BFF9AE3D3F84
:10BD60004AEB2BBF70D8413F563627BF03E4453F0F
:10BD7000996722BF12D1493FD17F1DBF029F4D3F1E
:10BD8000C07F18BF3D4D513F2A6813BF31DB543F80
:10BD9000DA390EBF5348583F9BF508BF1A945B3FF2
:10BDA0003D9C03BF05BE5E3F275DFCBE98C5613F5D
:10BDB000EA5AF1BE59AA643F7533E6BED86B673FB5
:10BDC00080E8DABEA7096A3FCA7BCFBE5E836C3FBC
:10BDD00015EFC3BE9ED86E3F2A44B8BE0809713F16
:10BDE000D47CACBE4714733FE59AA0BE0BFA743FF7
:10BDF00031A094BE07BA763F938E88BEF853783F41
:10BE0000CCCF78BE9DC7793F135C60BEBE147B3F2C
:10BE1000C2C547BE283B7C3FA2102FBEAC3A7D3F37
:10BE2000834016BE24137E3F73B2FABD6DC47E3FBD
:10BE300036BDC8BD6D4E7F3F05A996BD0FB17F3F92
:10BE40002FFB48BD43EC7F3FB00AC9BC0000803FD8
:10BE500000000000BE147B3FC2C5473E5E836C3FBE
:10BE600015EFC33E31DB543FDA390E3FF304353F63
:10BE7000F304353FDA390E3F31DB543F15EFC33E53
:10BE80005E836C3FC2C5473EBE147B3F000000008E
:10BE90000000803FC2C547BEBE147B3F15EFC3BE46
:10BEA0005E836C3FDA390EBF31DB543FF30435BF9C
:10BEB000F304353F31DB54BFDA390E3F5E836CBF8C
:10BEC00015EFC33EBE147BBFC2C5473E000080BF16
:10BED00000000000BE147BBFC2C547BE5E836CBFBE
:10BEE00015EFC3BE31DB54BFDA390EBFF30435BFE3
:10BEF000F30435BFDA390EBF31DB54BF15EFC3BED3
:10BF00005E836CBFC2C547BEBE147BBF000000800D
:10BF1000000080BFC2C5473EBE147BBF15EFC33EC5
:10BF20005E836CBFDA390E3F31DB54BFF304353F1B
:10BF3000F30435BF31DB543FDA390EBF5E836C3F0B
:10BF400015EFC3BEBE147B3FC2C547BE0000803F95
:10BF500000000000ECFF7F3FD40FC93AB1FF7F3FE4
:10BF6000C70F493B4EFF7F3FC1CB963BC4FE7F3F8F
:10BF7000890FC93B13FE7F3F3053FB3B39FD7F3FA9
:10BF800059CB163C39FC7F3F02ED2F3C11FB7F3F24
:10BF9000900E493CC1F97F3F0030623C4AF87F3F38
:10BFA0004B517B3CACF67F3F38398A3CE6F47F3F0F
:10BFB000B6C9963CF8F27F3F1C5AA33CE3F07F3FA2
:10BFC00069EAAF3CA7EE7F3F9B7ABC3C43EC7F3FE6
:10BFD000B00AC93CB8E97F3FA69AD53C05E77F3F48
:10BFE0007B2AE23C2BE47F3F2DBAEE3C29E17F3FE8
:10BFF000B949FB3C00DE7F3F90EC033DAFDA7F3F69
:10C000002F340A3D37D77F3FB87B103D98D37F3F11
:10C010002CC3163DD1CF7F3F880A1D3DE2CB7F3F29
:10C02000CC51233DCCC77F3FF698293D8FC37F3F3E
:10C0300007E02F3D2ABF7F3FFC26363D9EBA7F3F5B
:10C04000D56D3C3DEAB57F3F91B4423D0FB17F3F96
:10C050002FFB483D0DAC7F3FAF414F3DE3A67F3FF7
:10C060000E88553D91A17F3F4CCE5B3D189C7F3F94
:10C070006814623D78967F3F625A683DB1907F3F79
:10C0800038A06E3DC28A7F3FE9E5743DAB847F3FB7
:10C09000742B7B3D6D7E7F3F6CB8803D08787F3F81
:10C0A0000ADB833D7B717F3F94FD863DC76A7F3FFE
:10C0B0000A208A3DEC637F3F6A428D3DE95C7F3F09
:10C0C000B464903DBF557F3FE786933D6D4E7F3F03
:10C0D00005A9963DF4467F3F0ACB993D543F7F3FEB
:10C0E000F9EC9C3D8D377F3FCF0EA03D9D2F7F3FCC
:10C0F0008C30A33D87277F3F3052A63D491F7F3FAD
:10C10000BA73A93DE4167F3F2B95AC3D580E7F3F97
:10C1100080B6AF3DA4057F3FBBD7B23DC9FC7E3F93
:10C12000DAF8B53DC7F37E3FDD19B93D9DEA7E3FA4
:10C13000C33ABC3D4CE17E3F8D5BBF3DD4D77E3FD3
:10C14000397CC23D34CE7E3FC69CC53D6DC47E3F2A
:10C1500036BDC83D7FBA7E3F86DDCB3D69B07E3FB0
:10C16000B7FDCE3D2DA67E3FC81DD23DC99B7E3F6B
:10C17000B93DD53D3D917E3F895DD83D8B867E3F63
:10C18000377DDB3DB17B7E3FC49CDE3DB0707E3FA2
:10C190002EBCE13D88657E3F76DBE43D385A7E3F2C
:10C1A0009AFAE73DC14E7E3F9A19EB3D23437E3F0D
:10C1B0007638EE3D5E377E3F2E57F13D722B7E3F47
:10C1C000C075F43D5E1F7E3F2C94F73D24137E3FE7
:10C1D00073B2FA3DC2067E3F92D0FD3D38FA7D3FF4
:10C1E0004577003E88ED7D3F2E06023EB1E07D3F63
:10C1F0000295033EB2D37D3FC223053E8CC67D3FF0
:10C200006EB2063E40B97D3F0541083ECCAB7D3F56
:10C2100086CF093E309E7D3FF35D0B3E6E907D3FA5
:10C220004AEC0C3E85827D3F8B7A0E3E74747D3FD6
:10C23000B708103E3D667D3FCC96113EDE577D3FF0
:10C24000CA24133E59497D3FB2B2143EAC3A7D3FF9
:10C250008340163ED82B7D3F3DCE173EDD1C7D3FF3
:10C26000E05B193EBC0D7D3F6BE91A3E73FE7C3FDF
:10C27000DE761C3E03EF7C3F38041E3E6CDF7C3FC5
:10C280007B911F3EAECF7C3FA51E213EC9BF7C3FA8
:10C29000B6AB223EBDAF7C3FAD38243E8A9F7C3F8B
:10C2A0008CC5253E318F7C3F5152273EB07E7C3F6E
:10C2B000FCDE283E086E7C3F8D6B2A3E3A5D7C3F5B
:10C2C00004F82B3E444C7C3F61842D3E283B7C3F50
:10C2D000A2102F3EE5297C3FC99C303E7A187C3F56
:10C2E000D428323EE9067C3FC4B4333E31F57B3F6F
:10C2F0009840353E53E37B3F50CC363E4DD17B3F9B
:10C30000EC57383E20BF7B3F6CE3393ECDAC7B3FE2
:10C31000CF6E3B3E539A7B3F15FA3C3EB2877B3F44
:10C320003E853E3EEA747B3F4910403EFC617B3FC8
:10C33000379B413EE74E7B3F0726433EAB3B7B3F6F
:10C34000B9B0443E48287B3F4D3B463EBE147B3F40
:10C35000C2C5473E0E017B3F1850493E37ED7A3F3C
:10C360004FDA4A3E3AD97A3F67644C3E16C57A3F67
:10C3700060EE4D3ECBB07A3F38784F3E599C7A3FC5
:10C38000F101513EC1877A3F898B523E02737A3F59
:10C390000115543E1C5E7A3F589E553E10497A3F27
:10C3A0008F27573EDD337A3FA4B0583E841E7A3F34
:10C3B00097395A3E04097A3F6AC25B3E5EF3793F81
:10C3C0001A4B5D3E91DD793FA8D35E3E9DC7793F14
:10C3D000135C603E83B1793F5CE4613E439B793FEF
:10C3E000836C633EDC84793F86F4643E4E6E793F15
:10C3F000667C663E9A57793F2204683EC040793F8A
:10C40000BA8B693EBF29793F2F136B3E9812793F53
:10C410007F9A6C3E4AFB783FAB216E3ED6E3783F75
:10C42000B2A86F3E3BCC783F942F713E7BB4783FEF
:10C4300051B6723E939C783FE83C743E8684783FC8
:10C440005AC3753E526C783FA649773EF853783F01
:10C45000CCCF783E773B783FCB557A3ED122783FA0
:10C46000A4DB7B3E040A783F56617D3E10F1773FA6
:10C47000E1E67E3EF7D7773F2236803EB7BE773F74
:10C48000C0F8803E51A5773F4ABB813EC58B773FC0
:10C49000C07D823E1372773F2240833E3A58773FF9
:10C4A0007002843E3C3E773FAAC4843E1724773F07
:10C4B000CE86853ECC09773FDF48863E5BEF763FF0
:10C4C000DA0A873EC4D4763FC1CC873E07BA763FAE
:10C4D000938E883E249F763F5050893E1B84763F42
:10C4E000F8118A3EEC68763F8AD38A3E974D763FB4
:10C4F00007958B3E1B32763F6E568C3E7A16763F02
:10C50000C0178D3EB3FA753FFCD88D3EC6DE753F31
:10C51000229A8E3EB3C2753F325B8F3E7BA6753F3B
:10C520002C1C903E1C8A753F10DD903E976D753F28
:10C53000DD9D913EED50753F945E923E1D34753FFA
:10C54000351F933E2717753FBFDF933E0BFA743FAD
:10C5500031A0943EC9DC743F8D60953E62BF743F4C
:10C56000D220963ED5A1743F00E1963E2284743FCE
:10C5700017A1973E4966743F1661983E4B48743F39
:10C58000FE20993E272A743FCEE0993EDD0B743F92
:10C5900086A09A3E6EED733F27609B3ED9CE733FD7
:10C5A000AF1F9C3E1FB0733F20DF9C3E3F91733F07
:10C5B000789E9D3E3972733FB85D9E3E0E53733F29
:10C5C000DF1C9F3EBE33733FEEDB9F3E4714733F3D
:10C5D000E59AA03EACF4723FC259A13EEBD4723F43
:10C5E0008718A23E04B5723F33D7A23EF894723F3B
:10C5F000C595A33EC774723F3F54A43E7054723F2A
:10C600009F12A53EF433723FE5D0A53E5213723F10
:10C61000128FA63E8CF2713F254DA73E9FD1713FF0
:10C620001F0BA83E8EB0713FFEC8A83E578F713FCA
:10C63000C486A93EFB6D713F6F44AA3E7A4C713FA0
:10C640000102AB3ED42A713F77BFAB3E0809713F70
:10C65000D47CAC3E17E7703F153AAD3E02C5703F43
:10C660003CF7AD3EC6A2703F49B4AE3E6680703F17
:10C670003A71AF3EE15D703F102EB03E373B703FE8
:10C68000CBEAB03E6718703F6BA7B13E73F56F3FC2
:10C69000EF63B23E5AD26F3F5820B33E1BAF6F3F9D
:10C6A000A5DCB33EB88B6F3FD698B43E30686F3F81
:10C6B000EC54B53E83446F3FE610B63EB0206F3F6A
:10C6C000C3CCB63EBAFC6E3F8488B73E9ED86E3F60
:10C6D0002A44B83E5DB46E3FB2FFB83EF88F6E3F5D
:10C6E0001EBBB93E6D6B6E3F6E76BA3EBE466E3F68
:10C6F000A031BB3EEB216E3FB6ECBB3EF2FC6D3F82
:10C70000AFA7BC3ED5D76D3F8B62BD3E93B26D3FA8
:10C710004A1DBE3E2D8D6D3FEBD7BE3EA1676D3FDE
:10C720006F92BF3EF2416D3FD54CC03E1D1C6D3F28
:10C730001E07C13E24F66C3F48C1C13E07D06C3F86
:10C74000557BC23EC5A96C3F4435C33E5E836C3FFA
:10C7500015EFC33ED45C6C3FC8A8C43E24366C3F82
:10C760005C62C53E500F6C3FD21BC63E58E86B3F23
:10C7700029D5C63E3BC16B3F628EC73EFB996B3FDE
:10C780007C47C83E95726B3F7700C93E0C4B6B3FB0
:10C7900053B9C93E5E236B3F1072CA3E8CFB6A3FA1
:10C7A000AE2ACB3E95D36A3F2CE3CB3E7BAB6A3FB0
:10C7B0008B9BCC3E3C836A3FCA53CD3ED95A6A3FDD
:10C7C000EA0BCE3E52326A3FEAC3CE3EA7096A3F29
:10C7D000CA7BCF3ED7E0693F8A33D03EE4B7693F9A
:10C7E0002AEBD03ECC8E693FAAA2D13E9165693F2B
:10C7F000095AD23E323C693F4811D33EAE12693FDE
:10C8000067C8D33E07E9683F647FD43E3CBF683FBA
:10C810004136D53E4C95683FFDECD53E396B683FBF
:10C8200099A3D63E0341683F135AD73EA816683FE6
:10C830006B10D83E2AEC673FA3C6D83E87C1673F3E
:10C84000B97CD93EC196673FAD32DA3ED86B673FBF
:10C8500080E8DA3ECA40673F319EDB3E9915673F6C
:10C86000C153DC3E45EA663F2E09DD3ECCBE663F45
:10C8700079BEDD3E3093663FA273DE3E7167663F50
:10C88000A928DF3E8E3B663F8DDDDF3E880F663F89
:10C890004F92E03E5EE3653FEE46E13E10B7653FF6
:10C8A0006AFBE13EA08A653FC4AFE23E0B5E653F96
:10C8B000FA63E33E5431653F0E18E43E7904653F68
:10C8C000FECBE43E7BD7643FCB7FE53E59AA643F75
:10C8D0007533E63E147D643FFBE6E63EAC4F643FB5
:10C8E0005D9AE73E2122643F9C4DE83E73F4633F2E
:10C8F000B700E93EA1C6633FAEB3E93EAC98633FE3
:10C900008166EA3E956A633F3019EB3E5A3C633FCD
:10C91000BBCBEB3EFC0D633F217EEC3E7BDF623FF9
:10C920006330ED3ED7B0623F80E2ED3E1082623F61
:10C930007994EE3E2653623F4C46EF3E1A24623F06
:10C94000FBF7EF3EEAF4613F85A9F03E98C5613FF1
:10C95000EA5AF13E2296613F290CF23E8A66613F17
:10C9600043BDF23ED036613F386EF33EF206613F82
:10C97000071FF43EF2D6603FB1CFF43ECFA6603F32
:10C980003580F53E8976603F9330F63E2146603F24
:10C99000CBE0F63E9615603FDC90F73EE9E45F3F62
:10C9A000C840F83E19B45F3F8EF0F83E27835F3FE2
:10C9B0002DA0F93E12525F3FA54FFA3EDB205F3FAC
:10C9C000F7FEFA3E81EF5E3F22AEFB3E05BE5E3FC4
:10C9D000275DFC3E678C5E3F040CFD3EA65A5E3F21
:10C9E000BBBAFD3EC3285E3F4A69FE3EBEF65D3FD0
:10C9F000B217FF3E97C45D3FF3C5FF3E4D925D3FCA
:10CA0000063A003FE15F5D3FFF90003F532D5D3FE1
:10CA1000E4E7003FA3FA5C3FB53E013FD1C75C3F6E
:10CA20007395013FDD945C3F1CEC013FC7615C3FA7
:10CA3000B142023F8E2E5C3F3299023F34FB5B3F96
:10CA40009FEF023FB8C75B3FF845033F1A945B3F37
:10CA50003D9C033F5A605B3F6DF2033F792C5B3F87
:10CA60008948043F75F85A3F919E043F50C45A3F8D
:10CA700084F4043F09905A3F624A053FA05B5A3F45
:10CA80002CA0053F16275A3FE2F5053F6AF2593FB1
:10CA9000824B063F9CBD593F0EA1063FAD88593FD2
:10CAA00086F6063F9C53593FE84B073F6A1E593FA5
:10CAB00036A1073F17E9583F6FF6073FA1B3583F2C
:10CAC000924B083F0B7E583FA1A0083F5348583F68
:10CAD0009BF5083F7912583F7F4A093F7FDC573F5B
:10CAE0004E9F093F63A6573F09F4093F2670573F01
:10CAF000AD480A3FC739573F3D9D0A3F4803573F5E
:10CB0000B7F10A3FA7CC563F1C460B3FE595563F71
:10CB10006B9A0B3F025F563FA5EE0B3FFE27563F39
:10CB2000C9420C3FD9F0553FD7960C3F93B9553FBA
:10CB3000D0EA0C3F2C82553FB33E0D3FA44A553FEF
:10CB400081920D3FFB12553F38E60D3F31DB543FDC
:10CB5000DA390E3F47A3543F658D0E3F3B6B543F80
:10CB6000DBE00E3F0F33543F3B340F3FC3FA533FDC
:10CB700084870F3F55C2533FB8DA0F3FC789533FF1
:10CB8000D52D103F1851533FDC80103F4918533FBB
:10CB9000CDD3103F59DF523FA726113F49A6523F40
:10CBA0006B79113F186D523F19CC113FC633523F7C
:10CBB000B01E123F54FA513F3071123FC2C0513F74
:10CBC0009AC3123F1087513FEE15133F3D4D513F21
:10CBD0002A68133F4A13513F50BA133F37D9503F89
:10CBE0005F0C143F039F503F585E143FAF64503FAB
:10CBF00039B0143F3B2A503F0402153FA8EF4F3F86
:10CC0000B753153FF4B44F3F54A5153F1F7A4F3F1C
:10CC1000D9F6153F2B3F4F3F4748163F17044F3F6C
:10CC20009F99163FE4C84E3FDFEA163F908D4E3F76
:10CC3000073C173F1C524E3F188D173F89164E3F39
:10CC400012DE173FD5DA4D3FF52E183F029F4D3FBC
:10CC5000C07F183F10634D3F73D0183FFD264D3FF6
:10CC60000F21193FCBEA4C3F9471193F79AE4C3FED
:10CC700000C2193F08724C3F55121A3F78354C3F9D
:10CC800093621A3FC7F84B3FB8B21A3FF8BB4B3F0D
:10CC9000C6021B3F097F4B3FBB521B3FFA414B3F34
:10CCA00099A21B3FCC044B3F5FF21B3F7FC74A3F1B
:10CCB0000C421C3F138A4A3FA2911C3F874C4A3FBB
:10CCC0001FE11C3FDC0E4A3F84301D3F12D1493F1B
:10CCD000D17F1D3F2993493F06CF1D3F2155493F35
:10CCE000221E1E3FFA16493F266D1E3FB3D8483F0D
:10CCF00012BC1E3F4E9A483FE50A1F3FCA5B483FA1
:10CD00009F591F3F271D483F41A81F3F65DE473FF2
:10CD1000CBF61F3F849F473F3B45203F8560473F01
:10CD20009393203F6721473FD2E1203F2AE2463FCD
:10CD3000F92F213FCEA2463F067E213F5463463F56
:10CD4000FBCB213FBB23463FD719223F03E4453F9E
:10CD50009967223F2DA4453F43B5223F3964453FA3
:10CD6000D302233F2624453F4B50233FF5E3443F66
:10CD7000A99D233FA5A3443FEEEA233F3763443FE9
:10CD80001A38243FAB22443F2C85243F00E2433F26
:10CD900025D2243F38A1433F041F253F5160433F24
:10CDA000CB6B253F4C1F433F77B8253F29DE423FE1
:10CDB0000A05263FE89C423F8451263F895B423F5B
:10CDC000E39D263F0B1A423F2AEA263F70D8413F97
:10CDD0005636273FB796413F6882273FE154413F8F
:10CDE00061CE273FEC12413F401A283FDAD0403F46
:10CDF0000566283FA98E403FB0B1283F5C4C403FBC
:10CE000041FD283FF009403FB848293F67C73F3FF1
:10CE10001594293FC0843F3F57DF293FFC413F3FE6
:10CE2000802A2A3F1BFF3E3F8E752A3F1BBC3E3F98
:10CE300082C02A3FFF783E3F5B0B2B3FC5353E3F0C
:10CE40001B562B3F6EF23D3FBFA02B3FF9AE3D3F3F
:10CE50004AEB2B3F676B3D3FB9352C3FB8273D3F31
:10CE60000F802C3FECE33C3F49CA2C3F03A03C3FE2
:10CE700069142D3FFC5B3C3F6F5E2D3FD9173C3F53
:10CE800059A82D3F98D33B3F29F22D3F3B8F3B3F85
:10CE9000DE3B2E3FC14A3B3F78852E3F29063B3F74
:10CEA000F7CE2E3F75C13A3F5B182F3FA47C3A3F27
:10CEB000A5612F3FB7373A3FD3AA2F3FACF2393F96
:10CEC000E6F32F3F85AD393FDE3C303F4268393FC6
:10CED000BB85303FE122393F7CCE303F65DD383FB6
:10CEE0002217313FCB97383FAD5F313F1652383F65
:10CEF0001DA8313F430C383F71F0313F55C6373FD5
:10CF0000AA38323F4A80373FC780323F233A373F03
:10CF1000C9C8323FDFF3363FAF10333F7FAD363FF6
:10CF20007A58333F0467363F29A0333F6C20363FA1
:10CF3000BCE7333FB8D9353F342F343FE792353F14
:10CF40008F76343FFB4B353FCFBD343FF304353F45
:10CF5000F304353FCFBD343FFB4B353F8F76343F35
:10CF6000E792353F342F343FB8D9353FBCE7333FE4
:10CF70006C20363F29A0333F0467363F7A58333F51
:10CF80007FAD363FAF10333FDFF3363FC9C8323F86
:10CF9000233A373FC780323F4A80373FAA38323F73
:10CFA00055C6373F71F0313F430C383F1DA8313F24
:10CFB0001652383FAD5F313FCB97383F2217313F94
:10CFC00065DD383F7CCE303FE122393FBB85303FC5
:10CFD0004268393FDE3C303F85AD393FE6F32F3FB5
:10CFE000ACF2393FD3AA2F3FB7373A3FA5612F3F65
:10CFF000A47C3A3F5B182F3F75C13A3FF7CE2E3FD6
:10D0000029063B3F78852E3FC14A3B3FDE3B2E3F02
:10D010003B8F3B3F29F22D3F98D33B3F59A82D3FF3
:10D02000D9173C3F6F5E2D3FFC5B3C3F69142D3FA1
:10D0300003A03C3F49CA2C3FECE33C3F0F802C3F10
:10D04000B8273D3FB9352C3F676B3D3F4AEB2B3F3F
:10D05000F9AE3D3FBFA02B3F6EF23D3F1B562B3F2D
:10D06000C5353E3F5B0B2B3FFF783E3F82C02A3FDA
:10D070001BBC3E3F8E752A3F1BFF3E3F802A2A3F46
:10D08000FC413F3F57DF293FC0843F3F1594293F74
:10D0900067C73F3FB848293FF009403F41FD283F5F
:10D0A0005C4C403FB0B1283FA98E403F0566283F09
:10D0B000DAD0403F401A283FEC12413F61CE273F73
:10D0C000E154413F6882273FB796413F5636273F9C
:10D0D00070D8413F2AEA263F0B1A423FE39D263F84
:10D0E000895B423F8451263FE89C423F0A05263F28
:10D0F00029DE423F77B8253F4C1F433FCB6B253F8E
:10D100005160433F041F253F38A1433F25D2243FB0
:10D1100000E2433F2C85243FAB22443F1A38243F92
:10D120003763443FEEEA233FA5A3443FA99D233F35
:10D13000F5E3443F4B50233F2624453FD302233F92
:10D140003964453F43B5223F2DA4453F9967223FAF
:10D1500003E4453FD719223FBB23463FFBCB213F8A
:10D160005463463F067E213FCEA2463FF92F213F22
:10D170002AE2463FD2E1203F6721473F9393203F79
:10D180008560473F3B45203F849F473FCBF61F3F8D
:10D1900065DE473F41A81F3F271D483F9F591F3F5E
:10D1A000CA5B483FE50A1F3F4E9A483F12BC1E3FEC
:10D1B000B3D8483F266D1E3FFA16493F221E1E3F38
:10D1C0002155493F06CF1D3F2993493FD17F1D3F40
:10D1D00012D1493F84301D3FDC0E4A3F1FE11C3F06
:10D1E000874C4A3FA2911C3F138A4A3F0C421C3F86
:10D1F0007FC74A3F5FF21B3FCC044B3F99A21B3FC6
:10D20000FA414B3FBB521B3F097F4B3FC6021B3FBE
:10D21000F8BB4B3FB8B21A3FC7F84B3F93621A3F77
:10D2200078354C3F55121A3F08724C3F00C2193FE7
:10D2300079AE4C3F9471193FCBEA4C3F0F21193F17
:10D24000FD264D3F73D0183F10634D3FC07F183F00
:10D25000029F4D3FF52E183FD5DA4D3F12DE173FA6
:10D2600089164E3F188D173F1C524E3F073C173F03
:10D27000908D4E3FDFEA163FE4C84E3F9F99163F20
:10D2800017044F3F4748163F2B3F4F3FD9F6153FF6
:10D290001F7A4F3F54A5153FF4B44F3FB753153F86
:10D2A000A8EF4F3F0402153F3B2A503F39B0143FCF
:10D2B000AF64503F585E143F039F503F5F0C143FD4
:10D2C00037D9503F50BA133F4A13513F2A68133F92
:10D2D0003D4D513FEE15133F1087513F9AC3123F0A
:10D2E000C2C0513F3071123F54FA513FB01E123F3D
:10D2F000C633523F19CC113F186D523F6B79113F25
:10D3000049A6523FA726113F59DF523FCDD3103FC8
:10D310004918533FDC80103F1851533FD52D103F23
:10D32000C789533FB8DA0F3F55C2533F84870F3F39
:10D33000C3FA533F3B340F3F0F33543FDBE00E3F04
:10D340003B6B543F658D0E3F47A3543FDA390E3F88
:10D3500031DB543F38E60D3FFB12553F81920D3FC4
:10D36000A44A553FB33E0D3F2C82553FD0EA0C3FB7
:10D3700093B9553FD7960C3FD9F0553FC9420C3F62
:10D38000FE27563FA5EE0B3F025F563F6B9A0B3FC1
:10D39000E595563F1C460B3FA7CC563FB7F10A3FD9
:10D3A0004803573F3D9D0A3FC739573FAD480A3FA5
:10D3B0002670573F09F4093F63A6573F4E9F093F28
:10D3C0007FDC573F7F4A093F7912583F9BF5083F62
:10D3D0005348583FA1A0083F0B7E583F924B083F4F
:10D3E000A1B3583F6FF6073F17E9583F36A1073FF3
:10D3F0006A1E593FE84B073F9C53593F86F6063F4C
:10D40000AD88593F0EA1063F9CBD593F824B063F58
:10D410006AF2593FE2F5053F16275A3F2CA0053F17
:10D42000A05B5A3F624A053F09905A3F84F4043F8B
:10D4300050C45A3F919E043F75F85A3F8948043FB3
:10D44000792C5B3F6DF2033F5A605B3F3D9C033F8D
:10D450001A945B3FF845033FB8C75B3F9FEF023F1D
:10D4600034FB5B3F3299023F8E2E5C3FB142023F5C
:10D47000C7615C3F1CEC013FDD945C3F7395013F4D
:10D48000D1C75C3FB53E013FA3FA5C3FE4E7003FF4
:10D49000532D5D3FFF90003FE15F5D3F063A003F47
:10D4A0004D925D3FF3C5FF3E97C45D3FB217FF3E0F
:10D4B000BEF65D3F4A69FE3EC3285E3FBBBAFD3EF5
:10D4C000A65A5E3F040CFD3E678C5E3F275DFC3E26
:10D4D00005BE5E3F22AEFB3E81EF5E3FF7FEFA3EA9
:10D4E000DB205F3FA54FFA3E12525F3F2DA0F93E71
:10D4F00027835F3F8EF0F83E19B45F3FC840F83E87
:10D50000E9E45F3FDC90F73E9615603FCBE0F63EE6
:10D510002146603F9330F63E8976603F3580F53E88
:10D52000CFA6603FB1CFF43EF2D6603F071FF43E76
:10D53000F206613F386EF33ED036613F43BDF23EA6
:10D540008A66613F290CF23E2296613FEA5AF13E1B
:10D5500098C5613F85A9F03EEAF4613FFBF7EF3ED5
:10D560001A24623F4C46EF3E2653623F7994EE3ECA
:10D570001082623F80E2ED3ED7B0623F6330ED3E05
:10D580007BDF623F217EEC3EFC0D633FBBCBEB3E7D
:10D590005A3C633F3019EB3E956A633F8166EA3E31
:10D5A000AC98633FAEB3E93EA1C6633FB700E93E26
:10D5B00073F4633F9C4DE83E2122643F5D9AE73E51
:10D5C000AC4F643FFBE6E63E147D643F7533E63EB8
:10D5D00059AA643FCB7FE53E7BD7643FFECBE43E58
:10D5E0007904653F0E18E43E5431653FFA63E33E2B
:10D5F0000B5E653FC4AFE23EA08A653F6AFBE13E39
:10D6000010B7653FEE46E13E5EE3653F4F92E03E78
:10D61000880F663F8DDDDF3E8E3B663FA928DF3EEB
:10D620007167663FA273DE3E3093663F79BEDD3E92
:10D63000CCBE663F2E09DD3E45EA663FC153DC3E67
:10D640009915673F319EDB3ECA40673F80E8DA3E6E
:10D65000D86B673FAD32DA3EC196673FB97CD93EA1
:10D6600087C1673FA3C6D83E2AEC673F6B10D83E00
:10D67000A816683F135AD73E0341683F99A3D63E88
:10D68000396B683FFDECD53E4C95683F4136D53E41
:10D690003CBF683F647FD43E07E9683F67C8D33E1C
:10D6A000AE12693F4811D33E323C693F095AD23E1F
:10D6B0009165693FAAA2D13ECC8E693F2AEBD03E4C
:10D6C000E4B7693F8A33D03ED7E0693FCA7BCF3E9B
:10D6D000A7096A3FEAC3CE3E52326A3FEA0BCE3E0A
:10D6E000D95A6A3FCA53CD3E3C836A3F8B9BCC3E9E
:10D6F0007BAB6A3F2CE3CB3E95D36A3FAE2ACB3E51
:10D700008CFB6A3F1072CA3E5E236B3F53B9C93E21
:10D710000C4B6B3F7700C93E95726B3F7C47C83E10
:10D72000FB996B3F628EC73E3BC16B3F29D5C63E1E
:10D7300058E86B3FD21BC63E500F6C3F5C62C53E43
:10D7400024366C3FC8A8C43ED45C6C3F15EFC33E82
:10D750005E836C3F4435C33EC5A96C3F557BC23EDA
:10D7600007D06C3F48C1C13E24F66C3F1E07C13E46
:10D770001D1C6D3FD54CC03EF2416D3F6F92BF3EC8
:10D78000A1676D3FEBD7BE3E2D8D6D3F4A1DBE3E5E
:10D7900093B26D3F8B62BD3ED5D76D3FAFA7BC3E08
:10D7A000F2FC6D3FB6ECBB3EEB216E3FA031BB3EC1
:10D7B000BE466E3F6E76BA3E6D6B6E3F1EBBB93E87
:10D7C000F88F6E3FB2FFB83E5DB46E3F2A44B83E5C
:10D7D0009ED86E3F8488B73EBAFC6E3FC3CCB63E3F
:10D7E000B0206F3FE610B63E83446F3FEC54B53E29
:10D7F00030686F3FD698B43EB88B6F3FA5DCB33E20
:10D800001BAF6F3F5820B33E5AD26F3FEF63B23E1B
:10D8100073F56F3F6BA7B13E6718703FCBEAB03E20
:10D82000373B703F102EB03EE15D703F3A71AF3E26
:10D830006680703F49B4AE3EC6A2703F3CF7AD3E35
:10D8400002C5703F153AAD3E17E7703FD47CAC3E41
:10D850000809713F77BFAB3ED42A713F0102AB3E4E
:10D860007A4C713F6F44AA3EFB6D713FC486A93E5E
:10D87000578F713FFEC8A83E8EB0713F1F0BA83E68
:10D880009FD1713F254DA73E8CF2713F128FA63E6E
:10D890005213723FE5D0A53EF433723F9F12A53E6E
:10D8A0007054723F3F54A43EC774723FC595A33E67
:10D8B000F894723F33D7A23E04B5723F8718A23E58
:10D8C000EBD4723FC259A13EACF4723FE59AA03E40
:10D8D0004714733FEEDB9F3EBE33733FDF1C9F3E1A
:10D8E0000E53733FB85D9E3E3972733F789E9D3EE6
:10D8F0003F91733F20DF9C3E1FB0733FAF1F9C3EA4
:10D90000D9CE733F27609B3E6EED733F86A09A3E53
:10D91000DD0B743FCEE0993E272A743FFE20993EEE
:10D920004B48743F1661983E4966743F17A1973E75
:10D930002284743F00E1963ED5A1743FD220963EEA
:10D9400062BF743F8D60953EC9DC743F31A0943E48
:10D950000BFA743FBFDF933E2717753F351F933E89
:10D960001D34753F945E923EED50753FDD9D913EB6
:10D97000976D753F10DD903E1C8A753F2C1C903EC4
:10D980007BA6753F325B8F3EB3C2753F229A8E3EB7
:10D99000C6DE753FFCD88D3EB3FA753FC0178D3E8D
:10D9A0007A16763F6E568C3E1B32763F07958B3E3D
:10D9B000974D763F8AD38A3EEC68763FF8118A3ECF
:10D9C0001B84763F5050893E249F763F938E883E3D
:10D9D00007BA763FC1CC873EC4D4763FDA0A873E89
:10D9E0005BEF763FDF48863ECC09773FCE86853EAB
:10D9F0001724773FAAC4843E3C3E773F7002843EA2
:10DA00003A58773F2240833E1372773FC07D823E73
:10DA1000C58B773F4ABB813E51A5773FC0F8803E1A
:10DA2000B7BE773F2236803EF7D7773FE1E67E3EAE
:10DA300010F1773F56617D3E040A783FA4DB7B3EC0
:10DA4000D122783FCB557A3E773B783FCCCF783E9A
:10DA5000F853783FA649773E526C783F5AC3753EDB
:10DA60008684783FE83C743E939C783F51B6723E82
:10DA70007BB4783F942F713E3BCC783FB2A86F3E89
:10DA8000D6E3783FAB216E3E4AFB783F7F9A6C3EEF
:10DA90009812793F2F136B3EBF29793FBA8B693EAD
:10DAA000C040793F2204683E9A57793F667C663EC3
:10DAB0004E6E793F86F4643EDC84793F836C633E2E
:10DAC000439B793F5CE4613E83B1793F135C603EE8
:10DAD0009DC7793FA8D35E3E91DD793F1A4B5D3EED
:10DAE0005EF3793F6AC25B3E04097A3F97395A3E3A
:10DAF000841E7A3FA4B0583EDD337A3F8F27573ECD
:10DB000010497A3F589E553E1C5E7A3F0115543E9F
:10DB100002737A3F898B523EC1877A3FF101513EB1
:10DB2000599C7A3F38784F3ECBB07A3F60EE4D3EFD
:10DB300016C57A3F67644C3E3AD97A3F4FDA4A3E7F
:10DB400037ED7A3F1850493E0E017B3FC2C5473E34
:10DB5000BE147B3F4D3B463E48287B3FB9B0443E18
:10DB6000AB3B7B3F0726433EE74E7B3F379B413E27
:10DB7000FC617B3F4910403EEA747B3F3E853E3E60
:10DB8000B2877B3F15FA3C3E539A7B3FCF6E3B3EBC
:10DB9000CDAC7B3F6CE3393E20BF7B3FEC57383E3A
:10DBA0004DD17B3F50CC363E53E37B3F9840353ED2
:10DBB00031F57B3FC4B4333EE9067C3FD428323E86
:10DBC0007A187C3FC99C303EE5297C3FA2102F3E4D
:10DBD000283B7C3F61842D3E444C7C3F04F82B3E27
:10DBE0003A5D7C3F8D6B2A3E086E7C3FFCDE283E12
:10DBF000B07E7C3F5152273E318F7C3F8CC5253E05
:10DC00008A9F7C3FAD38243EBDAF7C3FB6AB223E01
:10DC1000C9BF7C3FA51E213EAECF7C3F7B911F3EFE
:10DC20006CDF7C3F38041E3E03EF7C3FDE761C3EFB
:10DC300073FE7C3F6BE91A3EBC0D7D3FE05B193EF5
:10DC4000DD1C7D3F3DCE173ED82B7D3F8340163EE9
:10DC5000AC3A7D3FB2B2143E59497D3FCA24133ECF
:10DC6000DE577D3FCC96113E3D667D3FB708103EA6
:10DC700074747D3F8B7A0E3E85827D3F4AEC0C3E6C
:10DC80006E907D3FF35D0B3E309E7D3F86CF093E1B
:10DC9000CCAB7D3F0541083E40B97D3F6EB2063EAC
:10DCA0008CC67D3FC223053EB2D37D3F0295033E25
:10DCB000B1E07D3F2E06023E88ED7D3F4577003E78
:10DCC00038FA7D3F92D0FD3DC2067E3F73B2FA3DE9
:10DCD00024137E3F2C94F73D5E1F7E3FC075F43DBC
:10DCE000722B7E3F2E57F13D5E377E3F7638EE3DFC
:10DCF00023437E3F9A19EB3DC14E7E3F9AFAE73DA2
:10DD0000385A7E3F76DBE43D88657E3F2EBCE13DA0
:10DD1000B0707E3FC49CDE3DB17B7E3F377DDB3DF6
:10DD20008B867E3F895DD83D3D917E3FB93DD53D97
:10DD3000C99B7E3FC81DD23D2DA67E3FB7FDCE3D7F
:10DD400069B07E3F86DDCB3D7FBA7E3F36BDC83DA4
:10DD50006DC47E3FC69CC53D34CE7E3F397CC23DFE
:10DD6000D4D77E3F8D5BBF3D4CE17E3FC33ABC3D87
:10DD70009DEA7E3FDD19B93DC7F37E3FDAF8B53D38
:10DD8000C9FC7E3FBBD7B23DA4057F3F80B6AF3D07
:10DD9000580E7F3F2B95AC3DE4167F3FBA73A93DEB
:10DDA000491F7F3F3052A63D87277F3F8C30A33DE0
:10DDB0009D2F7F3FCF0EA03D8D377F3FF9EC9C3DDF
:10DDC000543F7F3F0ACB993DF4467F3F05A9963DDE
:10DDD0006D4E7F3FE786933DBF557F3FB464903DD6
:10DDE000E95C7F3F6A428D3DEC637F3F0A208A3DBC
:10DDF000C76A7F3F94FD863D7B717F3F0ADB833D91
:10DE000008787F3F6CB8803D6D7E7F3F742B7B3DF3
:10DE1000AB847F3FE9E5743DC28A7F3F38A06E3D09
:10DE2000B1907F3F625A683D78967F3F6814623DAB
:10DE3000189C7F3F4CCE5B3D91A17F3F0E88553DA6
:10DE4000E3A67F3FAF414F3D0DAC7F3F2FFB483DE9
:10DE50000FB17F3F91B4423DEAB57F3FD56D3C3D68
:10DE60009EBA7F3FFC26363D2ABF7F3F07E02F3D0D
:10DE70008FC37F3FF698293DCCC77F3FCC51233DD0
:10DE8000E2CB7F3F880A1D3DD1CF7F3F2CC3163D9B
:10DE900098D37F3FB87B103D37D77F3F2F340A3D63
:10DEA000AFDA7F3F90EC033D00DE7F3FB949FB3C9A
:10DEB00029E17F3F2DBAEE3C2BE47F3F7B2AE23CF9
:10DEC00005E77F3FA69AD53CB8E97F3FB00AC93C39
:10DED00043EC7F3F9B7ABC3CA7EE7F3F69EAAF3CB7
:10DEE000E3F07F3F1C5AA33CF8F27F3FB6C9963C53
:10DEF000E6F47F3F38398A3CACF67F3F4B517B3CA0
:10DF00004AF87F3F0030623CC1F97F3F900E493CA8
:10DF100011FB7F3F02ED2F3C39FC7F3F59CB163C74
:10DF200039FD7F3F3053FB3B13FE7F3F890FC93BD9
:10DF3000C4FE7F3FC1CB963B4EFF7F3FC70F493B9F
:10DF4000B1FF7F3FD40FC93AECFF7F3F00000000D4
:10DF50000000803FD40FC9BAECFF7F3FC70F49BB19
:10DF6000B1FF7F3FC1CB96BB4EFF7F3F890FC9BB3F
:10DF7000C4FE7F3F3053FBBB13FE7F3F59CB16BC23
:10DF800039FD7F3F02ED2FBC39FC7F3F900E49BC2D
:10DF900011FB7F3F003062BCC1F97F3F4B517BBC1E
:10DFA0004AF87F3F38398ABCACF67F3FB6C996BC89
:10DFB000E6F47F3F1C5AA3BCF8F27F3F69EAAFBC8E
:10DFC000E3F07F3F9B7ABCBCA7EE7F3FB00AC9BCA1
:10DFD00043EC7F3FA69AD5BCB8E97F3F7B2AE2BCE1
:10DFE00005E77F3F2DBAEEBC2BE47F3FB949FBBC70
:10DFF00029E17F3F90EC03BD00DE7F3F2F340ABD57
:10E00000AFDA7F3FB87B10BD37D77F3F2CC316BD3B
:10E0100098D37F3F880A1DBDD1CF7F3FCC5123BD10
:10E02000E2CB7F3FF69829BDCCC77F3F07E02FBDED
:10E030008FC37F3FFC2636BD2ABF7F3FD56D3CBDD9
:10E040009EBA7F3F91B442BDEAB57F3F2FFB48BDEA
:10E050000FB17F3FAF414FBD0DAC7F3F0E8855BD27
:10E06000E3A67F3F4CCE5BBD91A17F3F681462BDAC
:10E07000189C7F3F625A68BD78967F3F38A06EBD7E
:10E08000B1907F3FE9E574BDC28A7F3F742B7BBDB1
:10E09000AB847F3F6CB880BD6D7E7F3F0ADB83BD64
:10E0A00008787F3F94FD86BD7B717F3F0A208ABD43
:10E0B000C76A7F3F6A428DBDEC637F3FB46490BD09
:10E0C000E95C7F3FE78693BDBF557F3F05A996BDBD
:10E0D0006D4E7F3F0ACB99BDF4467F3FF9EC9CBD66
:10E0E000543F7F3FCF0EA0BD8D377F3F8C30A3BD07
:10E0F0009D2F7F3F3052A6BD87277F3FBA73A9BDB2
:10E10000491F7F3F2B95ACBDE4167F3F80B6AFBD66
:10E11000580E7F3FBBD7B2BDA4057F3FDAF8B5BD2F
:10E12000C9FC7E3FDD19B9BDC7F37E3FC33ABCBD14
:10E130009DEA7E3F8D5BBFBD4CE17E3F397CC2BD19
:10E14000D4D77E3FC69CC5BD34CE7E3F36BDC8BD4C
:10E150006DC47E3F86DDCBBD7FBA7E3FB7FDCEBDB1
:10E1600069B07E3FC81DD2BD2DA67E3FB93DD5BD4D
:10E17000C99B7E3F895DD8BD3D917E3F377DDBBD2C
:10E180008B867E3FC49CDEBDB17B7E3F2EBCE1BD55
:10E19000B0707E3F76DBE4BD88657E3F9AFAE7BDCE
:10E1A000385A7E3F9A19EBBDC14E7E3F7638EEBDA0
:10E1B00023437E3F2E57F1BD5E377E3FC075F4BDD1
:10E1C000722B7E3F2C94F7BD5E1F7E3F73B2FABD6B
:10E1D00024137E3F92D0FDBDC2067E3F457700BE30
:10E1E00038FA7D3F2E0602BE88ED7D3F029503BEC4
:10E1F000B1E07D3FC22305BEB2D37D3F6EB206BE05
:10E200008CC67D3F054108BE40B97D3F86CF09BE23
:10E21000CCAB7D3FF35D0BBE309E7D3F4AEC0CBE28
:10E220006E907D3F8B7A0EBE85827D3FB70810BE13
:10E2300074747D3FCC9611BE3D667D3FCA2413BEEB
:10E24000DE577D3FB2B214BE59497D3F834016BEB2
:10E25000AC3A7D3F3DCE17BED82B7D3FE05B19BE6B
:10E26000DD1C7D3F6BE91ABEBC0D7D3FDE761CBE1A
:10E2700073FE7C3F38041EBE03EF7C3F7B911FBEC4
:10E280006CDF7C3FA51E21BEAECF7C3FB6AB22BE6D
:10E29000C9BF7C3FAD3824BEBDAF7C3F8CC525BE19
:10E2A0008A9F7C3F515227BE318F7C3FFCDE28BEC7
:10E2B000B07E7C3F8D6B2ABE086E7C3F04F82BBE7F
:10E2C0003A5D7C3F61842DBE444C7C3FA2102FBE42
:10E2D000283B7C3FC99C30BEE5297C3FD42832BE18
:10E2E0007A187C3FC4B433BEE9067C3F984035BE03
:10E2F00031F57B3F50CC36BE53E37B3FEC5738BE05
:10E300004DD17B3F6CE339BE20BF7B3FCF6E3BBE20
:10E31000CDAC7B3F15FA3CBE539A7B3F3E853EBE5B
:10E32000B2877B3F491040BEEA747B3F379B41BEBA
:10E33000FC617B3F072643BEE74E7B3FB9B044BE3E
:10E34000AB3B7B3F4D3B46BE48287B3FC2C547BEEB
:10E35000BE147B3F185049BE0E017B3F4FDA4ABEC8
:10E3600037ED7A3F67644CBE3AD97A3F60EE4DBED6
:10E3700016C57A3F38784FBECBB07A3FF10151BE17
:10E38000599C7A3F898B52BEC1877A3F011554BE92
:10E3900002737A3F589E55BE1C5E7A3F8F2757BE48
:10E3A00010497A3FA4B058BEDD337A3F97395ABE40
:10E3B000841E7A3F6AC25BBE04097A3F1A4B5DBE77
:10E3C0005EF3793FA8D35EBE91DD793F135C60BEFA
:10E3D0009DC7793F5CE461BE83B1793F836C63BEC6
:10E3E000439B793F86F464BEDC84793F667C66BEDD
:10E3F0004E6E793F220468BE9A57793FBA8B69BE48
:10E40000C040793F2F136BBEBF29793F7F9A6CBE06
:10E410009812793FAB216EBE4AFB783FB2A86FBE1F
:10E42000D6E3783F942F71BE3BCC783F51B672BE95
:10E430007BB4783FE83C74BE939C783F5AC375BE6A
:10E440008684783FA64977BE526C783FCCCF78BEA1
:10E45000F853783FCB557ABE773B783FA4DB7BBE41
:10E46000D122783F56617DBE040A783FE1E67EBE48
:10E4700010F1773F223680BEF7D7773FC0F880BED5
:10E48000B7BE773F4ABB81BE51A5773FC07D82BEF4
:10E49000C58B773F224083BE1372773F700284BEE4
:10E4A0003A58773FAAC484BE3C3E773FCE8685BEAD
:10E4B0001724773FDF4886BECC09773FDA0A87BE4C
:10E4C0005BEF763FC1CC87BEC4D4763F938E88BEC7
:10E4D00007BA763F505089BE249F763FF8118ABE16
:10E4E0001B84763F8AD38ABEEC68763F07958BBE45
:10E4F000974D763F6E568CBE1B32763FC0178DBE51
:10E500007A16763FFCD88DBEB3FA753F229A8EBE3E
:10E51000C6DE753F325B8FBEB3C2753F2C1C90BE0A
:10E520007BA6753F10DD90BE1C8A753FDD9D91BEB8
:10E53000976D753F945E92BEED50753F351F93BE4B
:10E540001D34753FBFDF93BE2717753F31A094BEC2
:10E550000BFA743F8D6095BEC9DC743FD22096BE25
:10E5600062BF743F00E196BED5A1743F17A197BE6C
:10E570002284743F166198BE4966743FFE2099BE9E
:10E580004B48743FCEE099BE272A743F86A09ABEBE
:10E59000DD0B743F27609BBE6EED733FAF1F9CBECB
:10E5A000D9CE733F20DF9CBE1FB0733F789E9DBEC7
:10E5B0003F91733FB85D9EBE3972733FDF1C9FBEB3
:10E5C0000E53733FEEDB9FBEBE33733FE59AA0BE92
:10E5D0004714733FC259A1BEACF4723F8718A2BE64
:10E5E000EBD4723F33D7A2BE04B5723FC595A3BE2C
:10E5F000F894723F3F54A4BEC774723F9F12A5BEE9
:10E600007054723FE5D0A5BEF433723F128FA6BEA0
:10E610005213723F254DA7BE8CF2713F1F0BA8BE4F
:10E620009FD1713FFEC8A8BE8EB0713FC486A9BEFF
:10E63000578F713F6F44AABEFB6D713F0102ABBEA5
:10E640007A4C713F77BFABBED42A713FD47CACBE4D
:10E650000809713F153AADBE17E7703F3CF7ADBEF4
:10E6600002C5703F49B4AEBEC6A2703F3A71AFBE9C
:10E670006680703F102EB0BEE15D703FCBEAB0BE49
:10E68000373B703F6BA7B1BE6718703FEF63B2BEF8
:10E6900073F56F3F5820B3BE5AD26F3FA5DCB3BEAF
:10E6A0001BAF6F3FD698B4BEB88B6F3FEC54B5BE6E
:10E6B00030686F3FE610B6BE83446F3FC3CCB6BE32
:10E6C000B0206F3F8488B7BEBAFC6E3F2A44B8BE04
:10E6D0009ED86E3FB2FFB8BE5DB46E3F1EBBB9BEE2
:10E6E000F88F6E3F6E76BABE6D6B6E3FA031BBBECB
:10E6F000BE466E3FB6ECBBBEEB216E3FAFA7BCBEC5
:10E70000F2FC6D3F8B62BDBED5D76D3F4A1DBEBECC
:10E7100093B26D3FEBD7BEBE2D8D6D3F6F92BFBEE6
:10E72000A1676D3FD54CC0BEF2416D3F1E07C1BE13
:10E730001D1C6D3F48C1C1BE24F66C3F557BC2BE57
:10E7400007D06C3F4435C3BEC5A96C3F15EFC3BEAF
:10E750005E836C3FC8A8C4BED45C6C3F5C62C5BE1F
:10E7600024366C3FD21BC6BE500F6C3F29D5C6BEA7
:10E7700058E86B3F628EC7BE3BC16B3F7C47C8BE4B
:10E78000FB996B3F7700C9BE95726B3F53B9C9BE09
:10E790000C4B6B3F1072CABE5E236B3FAE2ACBBEE2
:10E7A0008CFB6A3F2CE3CBBE95D36A3F8B9BCCBEE0
:10E7B0007BAB6A3FCA53CDBE3C836A3FEA0BCEBEF9
:10E7C000D95A6A3FEAC3CEBE52326A3FCA7BCFBE35
:10E7D000A7096A3F8A33D0BED7E0693F2AEBD0BE93
:10E7E000E4B7693FAAA2D1BECC8E693F095AD2BE16
:10E7F0009165693F4811D3BE323C693F67C8D3BEBB
:10E80000AE12693F647FD4BE07E9683F4136D5BE8A
:10E810003CBF683FFDECD5BE4C95683F99A3D6BE82
:10E82000396B683F135AD7BE0341683F6B10D8BE9F
:10E83000A816683FA3C6D8BE2AEC673FB97CD9BEEC
:10E8400087C1673FAD32DABEC196673F80E8DABE66
:10E85000D86B673F319EDBBECA40673FC153DCBE09
:10E860009915673F2E09DDBE45EA663F79BEDDBEDC
:10E87000CCBE663FA273DEBE3093663FA928DFBEE2
:10E880007167663F8DDDDFBE8E3B663F4F92E0BE17
:10E89000880F663FEE46E1BE5EE3653F6AFBE1BE80
:10E8A00010B7653FC4AFE2BEA08A653FFA63E3BE1E
:10E8B0000B5E653F0E18E4BE5431653FFECBE4BEEF
:10E8C0007904653FCB7FE5BE7BD7643F7533E6BEF9
:10E8D00059AA643FFBE6E6BE147D643F5D9AE7BE3D
:10E8E000AC4F643F9C4DE8BE2122643FB700E9BEB7
:10E8F00073F4633FAEB3E9BEA1C6633F8166EABE6F
:10E90000AC98633F3019EBBE956A633FBBCBEBBE5F
:10E910005A3C633F217EECBEFC0D633F6330EDBE8D
:10E920007BDF623F80E2EDBED7B0623F7994EEBEFE
:10E930001082623F4C46EFBE2653623FFBF7EFBEAC
:10E940001A24623F85A9F0BEEAF4613FEA5AF1BE9B
:10E9500098C5613F290CF2BE2296613F43BDF2BECD
:10E960008A66613F386EF3BED036613F071FF4BE42
:10E97000F206613FB1CFF4BEF2D6603F3580F5BEFE
:10E98000CFA6603F9330F6BE8976603FCBE0F6BEFF
:10E990002146603FDC90F7BE9615603FC840F8BE48
:10E9A000E9E45F3F8EF0F8BE19B45F3F2DA0F9BED9
:10E9B00027835F3FA54FFABE12525F3FF7FEFABEB4
:10E9C000DB205F3F22AEFBBE81EF5E3F275DFCBEDA
:10E9D00005BE5E3F040CFDBE678C5E3FBBBAFDBE4C
:10E9E000A65A5E3F4A69FEBEC3285E3FB217FFBE0D
:10E9F000BEF65D3FF3C5FFBE97C45D3F063A00BF5C
:10EA00004D925D3FFF9000BFE15F5D3FE4E700BFD7
:10EA1000532D5D3FB53E01BFA3FA5C3F739501BF27
:10EA2000D1C75C3F1CEC01BFDD945C3FB14202BF2B
:10EA3000C7615C3F329902BF8E2E5C3F9FEF02BFE1
:10EA400034FB5B3FF84503BFB8C75B3F3D9C03BF4A
:10EA50001A945B3F6DF203BF5A605B3F894804BF65
:10EA6000792C5B3F919E04BF75F85A3F84F404BF34
:10EA700050C45A3F624A05BF09905A3F2CA005BFB7
:10EA8000A05B5A3FE2F505BF16275A3F824B06BFEF
:10EA90006AF2593F0EA106BF9CBD593F86F606BFDC
:10EAA000AD88593FE84B07BF9C53593F36A107BF7C
:10EAB0006A1E593F6FF607BF17E9583F924B08BFD0
:10EAC000A1B3583FA1A008BF0B7E583F9BF508BFDC
:10EAD0005348583F7F4A09BF7912583F4E9F09BF9C
:10EAE0007FDC573F09F409BF63A6573FAD480ABF13
:10EAF0002670573F3D9D0ABFC739573FB7F10ABF40
:10EB00004803573F1C460BBFA7CC563F6B9A0BBF21
:10EB1000E595563FA5EE0BBF025F563FC9420CBFBD
:10EB2000FE27563FD7960CBFD9F0553FD0EA0CBF11
:10EB300093B9553FB33E0DBF2C82553F81920DBF17
:10EB4000A44A553F38E60DBFFB12553FDA390EBFD8
:10EB500031DB543F658D0EBF47A3543FDBE00EBF52
:10EB60003B6B543F3B340FBF0F33543F84870FBF81
:10EB7000C3FA533FB8DA0FBF55C2533FD52D10BF6C
:10EB8000C789533FDC8010BF1851533FCDD310BF0E
:10EB90004918533FA72611BF59DF523F6B7911BF68
:10EBA00049A6523F19CC11BF186D523FB01E12BF7B
:10EBB000C633523F307112BF54FA513F9AC312BF4D
:10EBC000C2C0513FEE1513BF1087513F2A6813BFD3
:10EBD0003D4D513F50BA13BF4A13513F5F0C14BF14
:10EBE00037D9503F585E14BF039F503F39B014BF10
:10EBF000AF64503F040215BF3B2A503FB75315BFC7
:10EC0000A8EF4F3F54A515BFF4B44F3FD9F615BF39
:10EC10001F7A4F3F474816BF2B3F4F3F9F9916BF64
:10EC200017044F3FDFEA16BFE4C84E3F073C17BF4B
:10EC3000908D4E3F188D17BF1C524E3F12DE17BFEE
:10EC400089164E3FF52E18BFD5DA4D3FC07F18BF4D
:10EC5000029F4D3F73D018BF10634D3F0F2119BF66
:10EC6000FD264D3F947119BFCBEA4C3F00C219BF3E
:10EC700079AE4C3F55121ABF08724C3F93621ABFCF
:10EC800078354C3FB8B21ABFC7F84B3FC6021BBF1E
:10EC9000F8BB4B3FBB521BBF097F4B3F99A21BBF29
:10ECA000FA414B3F5FF21BBFCC044B3F0C421CBFF1
:10ECB0007FC74A3FA2911CBF138A4A3F1FE11CBF76
:10ECC000874C4A3F84301DBFDC0E4A3FD17F1DBFB9
:10ECD00012D1493F06CF1DBF2993493F221E1EBFB7
:10ECE0002155493F266D1EBFFA16493F12BC1EBF73
:10ECF000B3D8483FE50A1FBF4E9A483F9F591FBFF0
:10ED0000CA5B483F41A81FBF271D483FCBF61FBF26
:10ED100065DE473F3B4520BF849F473F939320BF1D
:10ED20008560473FD2E120BF6721473FF92F21BFD0
:10ED30002AE2463F067E21BFCEA2463FFBCB21BF43
:10ED40005463463FD71922BFBB23463F996722BF72
:10ED500003E4453F43B522BF2DA4453FD30223BF63
:10ED60003964453F4B5023BF2624453FA99D23BF0F
:10ED7000F5E3443FEEEA23BFA5A3443F1A3824BF7E
:10ED80003763443F2C8524BFAB22443F25D224BFA8
:10ED900000E2433F041F25BF38A1433FCB6B25BF93
:10EDA0005160433F77B825BF4C1F433F0A0526BF3C
:10EDB00029DE423F845126BFE89C423FE39D26BFA7
:10EDC000895B423F2AEA26BF0B1A423F563627BFCD
:10EDD00070D8413F688227BFB796413F61CE27BFB9
:10EDE000E154413F401A28BFEC12413F056628BF5D
:10EDF000DAD0403FB0B128BFA98E403F41FD28BFC7
:10EE00005C4C403FB84829BFF009403F159429BFEA
:10EE100067C73F3F57DF29BFC0843F3F802A2ABFD3
:10EE2000FC413F3F8E752ABF1BFF3E3F82C02ABF79
:10EE30001BBC3E3F5B0B2BBFFF783E3F1B562BBFDF
:10EE4000C5353E3FBFA02BBF6EF23D3F4AEB2BBF07
:10EE5000F9AE3D3FB9352CBF676B3D3F0F802CBFEE
:10EE6000B8273D3F49CA2CBFECE33C3F69142DBF96
:10EE700003A03C3F6F5E2DBFFC5B3C3F59A82DBFFC
:10EE8000D9173C3F29F22DBF98D33B3FDE3B2EBF25
:10EE90003B8F3B3F78852EBFC14A3B3FF7CE2EBF0D
:10EEA00029063B3F5B182FBF75C13A3FA5612FBFB5
:10EEB000A47C3A3FD3AA2FBFB7373A3FE6F32FBF20
:10EEC000ACF2393FDE3C30BF85AD393FBB8530BF4A
:10EED0004268393F7CCE30BFE122393F221731BF33
:10EEE00065DD383FAD5F31BFCB97383F1DA831BFDF
:10EEF0001652383F71F031BF430C383FAA3832BF49
:10EF000055C6373FC78032BF4A80373FC9C832BF76
:10EF1000233A373FAF1033BFDFF3363F7A5833BF62
:10EF20007FAD363F29A033BF0467363FBCE733BF10
:10EF30006C20363F342F34BFB8D9353F8F7634BF7D
:10EF4000E792353FCFBD34BFFB4B353FF30435BFB0
:10EF5000F304353FFB4B35BFCFBD343FE79235BFA0
:10EF60008F76343FB8D935BF342F343F6C2036BF4D
:10EF7000BCE7333F046736BF29A0333F7FAD36BFC0
:10EF80007A58333FDFF336BFAF10333F233A37BFF2
:10EF9000C9C8323F4A8037BFC780323F55C637BFE6
:10EFA000AA38323F430C38BF71F0313F165238BF98
:10EFB0001DA8313FCB9738BFAD5F313F65DD38BF0E
:10EFC0002217313FE12239BF7CCE303F426839BF42
:10EFD000BB85303F85AD39BFDE3C303FACF239BF39
:10EFE000E6F32F3FB7373ABFD3AA2F3FA47C3ABFEF
:10EFF000A5612F3F75C13ABF5B182F3F29063BBF64
:10F00000F7CE2E3FC14A3BBF78852E3F3B8F3BBF9B
:10F01000DE3B2E3F98D33BBF29F22D3FD9173CBF93
:10F0200059A82D3FFC5B3CBF6F5E2D3F03A03CBF4A
:10F0300069142D3FECE33CBF49CA2C3FB8273DBFC4
:10F040000F802C3F676B3DBFB9352C3FF9AE3DBFFC
:10F050004AEB2B3F6EF23DBFBFA02B3FC5353EBFF5
:10F060001B562B3FFF783EBF5B0B2B3F1BBC3EBFAD
:10F0700082C02A3F1BFF3EBF8E752A3FFC413FBF27
:10F08000802A2A3FC0843FBF57DF293F67C73FBF61
:10F090001594293FF00940BFB848293F5C4C40BF58
:10F0A00041FD283FA98E40BFB0B1283FDAD040BF14
:10F0B0000566283FEC1241BF401A283FE15441BF8A
:10F0C00061CE273FB79641BF6882273F70D841BFC6
:10F0D0005636273F0B1A42BF2AEA263F895B42BFBA
:10F0E000E39D263FE89C42BF8451263F29DE42BF74
:10F0F0000A05263F4C1F43BF77B8253F516043BFE9
:10F10000CB6B253F38A143BF041F253F00E243BF1F
:10F1100025D2243FAB2244BF2C85243F376344BF14
:10F120001A38243FA5A344BFEEEA233FF5E344BFCA
:10F13000A99D233F262445BF4B50233F396445BF3B
:10F14000D302233F2DA445BF43B5223F03E445BF6F
:10F150009967223FBB2346BFD719223F546346BF5E
:10F16000FBCB213FCEA246BF067E213F2AE246BF0F
:10F17000F92F213F672147BFD2E1203F856047BF7C
:10F180009393203F849F47BF3B45203F65DE47BFA9
:10F19000CBF61F3F271D48BF41A81F3FCA5B48BF92
:10F1A0009F591F3F4E9A48BFE50A1F3FB3D848BF3B
:10F1B00012BC1E3FFA1649BF266D1E3F215549BF9E
:10F1C000221E1E3F299349BF06CF1D3F12D149BFC2
:10F1D000D17F1D3FDC0E4ABF84301D3F874C4ABFA4
:10F1E0001FE11C3F138A4ABFA2911C3F7FC74ABF41
:10F1F0000C421C3FCC044BBF5FF21B3FFA414BBF9C
:10F2000099A21B3F097F4BBFBB521B3FF8BB4BBFB3
:10F21000C6021B3FC7F84BBFB8B21A3F78354CBF88
:10F2200093621A3F08724CBF55121A3F79AE4CBF19
:10F2300000C2193FCBEA4CBF9471193FFD264DBF68
:10F240000F21193F10634DBF73D0183F029F4DBF70
:10F25000C07F183FD5DA4DBFF52E183F89164EBF37
:10F2600012DE173F1C524EBF188D173F908D4EBFB8
:10F27000073C173FE4C84EBFDFEA163F17044FBFF5
:10F280009F99163F2B3F4FBF4748163F1F7A4FBFEE
:10F29000D9F6153FF4B44FBF54A5153FA8EF4FBFA3
:10F2A000B753153F3B2A50BF0402153FAF6450BF10
:10F2B00039B0143F039F50BF585E143F37D950BF39
:10F2C0005F0C143F4A1351BF50BA133F3D4D51BF1D
:10F2D0002A68133F108751BFEE15133FC2C051BFBC
:10F2E0009AC3123F54FA51BF3071123FC63352BF16
:10F2F000B01E123F186D52BF19CC113F49A652BF24
:10F300006B79113F59DF52BFA726113F491853BFF0
:10F31000CDD3103F185153BFDC80103FC78953BF76
:10F32000D52D103F55C253BFB8DA0F3FC3FA53BFB4
:10F3300084870F3F0F3354BF3B340F3F3B6B54BFA9
:10F34000DBE00E3F47A354BF658D0E3F31DB54BF5A
:10F35000DA390E3FFB1255BF38E60D3FA44A55BFC0
:10F3600081920D3F2C8255BFB33E0D3F93B955BFDF
:10F37000D0EA0C3FD9F055BFD7960C3FFE2756BFB9
:10F38000C9420C3F025F56BFA5EE0B3FE59556BF45
:10F390006B9A0B3FA7CC56BF1C460B3F480357BF89
:10F3A000B7F10A3FC73957BF3D9D0A3F267057BF87
:10F3B000AD480A3F63A657BF09F4093F7FDC57BF3A
:10F3C0004E9F093F791258BF7F4A093F534858BFA3
:10F3D0009BF5083F0B7E58BFA1A0083FA1B358BFC3
:10F3E000924B083F17E958BF6FF6073F6A1E59BF97
:10F3F00036A1073F9C5359BFE84B073FAD8859BF23
:10F4000086F6063F9CBD59BF0EA1063F6AF259BF62
:10F41000824B063F16275ABFE2F5053FA05B5ABF55
:10F420002CA0053F09905ABF624A053F50C45ABFFD
:10F4300084F4043F75F85ABF919E043F792C5BBF5A
:10F440008948043F5A605BBF6DF2033F1A945BBF6B
:10F450003D9C033FB8C75BBFF845033F34FB5BBF30
:10F460009FEF023F8E2E5CBF3299023FC7615CBFA7
:10F47000B142023FDD945CBF1CEC013FD1C75CBFD1
:10F480007395013FA3FA5CBFB53E013F532D5DBFAD
:10F49000E4E7003FE15F5DBFFF90003F4D925DBF3D
:10F4A000063A003F97C45DBFF3C5FF3EBEF65DBFA1
:10F4B000B217FF3EC3285EBF4A69FE3EA65A5EBF32
:10F4C000BBBAFD3E678C5EBF040CFD3E05BE5EBF51
:10F4D000275DFC3E81EF5EBF22AEFB3EDB205FBFBF
:10F4E000F7FEFA3E12525FBFA54FFA3E27835FBF79
:10F4F0002DA0F93E19B45FBF8EF0F83EE9E45FBF7E
:10F50000C840F83E961560BFDC90F73E214660BFCC
:10F51000CBE0F63E897660BF9330F63ECFA660BF63
:10F520003580F53EF2D660BFB1CFF43EF20661BF42
:10F53000071FF43ED03661BF386EF33E8A6661BF66
:10F5400043BDF23E229661BF290CF23E98C561BFD1
:10F55000EA5AF13EEAF461BF85A9F03E1A2462BF7F
:10F56000FBF7EF3E265362BF4C46EF3E108262BF70
:10F570007994EE3ED7B062BF80E2ED3E7BDF62BFA2
:10F580006330ED3EFC0D63BF217EEC3E5A3C63BF11
:10F59000BBCBEB3E956A63BF3019EB3EAC9863BFC3
:10F5A0008166EA3EA1C663BFAEB3E93E73F463BFB2
:10F5B000B700E93E212264BF9C4DE83EAC4F64BFDA
:10F5C0005D9AE73E147D64BFFBE6E63E59AA64BF40
:10F5D0007533E63E7BD764BFCB7FE53E790465BFDC
:10F5E000FECBE43E543165BF0E18E43E0B5E65BFB2
:10F5F000FA63E33EA08A65BFC4AFE23E10B765BFC1
:10F600006AFBE13E5EE365BFEE46E13E880F66BF02
:10F610004F92E03E8E3B66BF8DDDDF3E716766BF79
:10F62000A928DF3E309366BFA273DE3ECCBE66BF24
:10F6300079BEDD3E45EA66BF2E09DD3E991567BFFE
:10F64000C153DC3ECA4067BF319EDB3ED86B67BF0B
:10F6500080E8DA3EC19667BFAD32DA3E87C167BF48
:10F66000B97CD93E2AEC67BFA3C6D83EA81668BFAE
:10F670006B10D83E034168BF135AD73E396B68BF41
:10F6800099A3D63E4C9568BFFDECD53E3CBF68BF04
:10F690004136D53E07E968BF647FD43EAE1269BFEC
:10F6A00067C8D33E323C69BF4811D33E916569BFFC
:10F6B000095AD23ECC8E69BFAAA2D13EE4B769BF37
:10F6C0002AEBD03ED7E069BF8A33D03EA7096ABF94
:10F6D000CA7BCF3E52326ABFEAC3CE3ED95A6ABF16
:10F6E000EA0BCE3E3C836ABFCA53CD3E7BAB6ABFBA
:10F6F0008B9BCC3E95D36ABF2CE3CB3E8CFB6ABF81
:10F70000AE2ACB3E5E236BBF1072CA3E0C4B6BBF62
:10F7100053B9C93E95726BBF7700C93EFB996BBF69
:10F720007C47C83E3BC16BBF628EC73E58E86BBF8B
:10F7300029D5C63E500F6CBFD21BC63E24366CBFC7
:10F740005C62C53ED45C6CBFC8A8C43E5E836CBF1F
:10F7500015EFC33EC5A96CBF4435C33E07D06CBF8F
:10F76000557BC23E24F66CBF48C1C13E1D1C6DBF17
:10F770001E07C13EF2416DBFD54CC03EA1676DBFB3
:10F780006F92BF3E2D8D6DBFEBD7BE3E93B26DBF66
:10F790004A1DBE3ED5D76DBF8B62BD3EF2FC6DBF2C
:10F7A000AFA7BC3EEB216EBFB6ECBB3EBE466EBF04
:10F7B000A031BB3E6D6B6EBF6E76BA3EF88F6EBFEA
:10F7C0001EBBB93E5DB46EBFB2FFB83E9ED86EBFE1
:10F7D0002A44B83EBAFC6EBF8488B73EB0206FBFE3
:10F7E000C3CCB63E83446FBFE610B63E30686FBFF1
:10F7F000EC54B53EB88B6FBFD698B43E1BAF6FBF0D
:10F80000A5DCB33E5AD26FBF5820B33E73F56FBF2D
:10F81000EF63B23E671870BF6BA7B13E373B70BF56
:10F82000CBEAB03EE15D70BF102EB03E668070BF87
:10F830003A71AF3EC6A270BF49B4AE3E02C570BFBA
:10F840003CF7AD3E17E770BF153AAD3E080971BFF2
:10F85000D47CAC3ED42A71BF77BFAB3E7A4C71BF2B
:10F860000102AB3EFB6D71BF6F44AA3E578F71BF63
:10F87000C486A93E8EB071BFFEC8A83E9FD171BF9D
:10F880001F0BA83E8CF271BF254DA73E521372BFCD
:10F89000128FA63EF43372BFE5D0A53E705472BFFE
:10F8A0009F12A53EC77472BF3F54A43EF89472BF26
:10F8B000C595A33E04B572BF33D7A23EEBD472BF49
:10F8C0008718A23EACF472BFC259A13E471473BF61
:10F8D000E59AA03EBE3373BFEEDB9F3E0E5373BF6F
:10F8E000DF1C9F3E397273BFB85D9E3E3F9173BF70
:10F8F000789E9D3E1FB073BF20DF9C3ED9CE73BF64
:10F90000AF1F9C3E6EED73BF27609B3EDD0B74BF47
:10F9100086A09A3E272A74BFCEE0993E4B4874BF1A
:10F92000FE20993E496674BF1661983E228474BFDA
:10F9300017A1973ED5A174BF00E1963E62BF74BF88
:10F94000D220963EC9DC74BF8D60953E0BFA74BF21
:10F9500031A0943E271775BFBFDF933E1D3475BF9E
:10F96000351F933EED5075BF945E923E976D75BF07
:10F97000DD9D913E1C8A75BF10DD903E7BA675BF54
:10F980002C1C903EB3C275BF325B8F3EC6DE75BF86
:10F99000229A8E3EB3FA75BFFCD88D3E7A1676BF9A
:10F9A000C0178D3E1B3276BF6E568C3E974D76BF8C
:10F9B00007958B3EEC6876BF8AD38A3E1B8476BF60
:10F9C000F8118A3E249F76BF5050893E07BA76BF11
:10F9D000938E883EC4D476BFC1CC873E5BEF76BFA2
:10F9E000DA0A873ECC0977BFDF48863E172477BF07
:10F9F000CE86853E3C3E77BFAAC4843E3A5877BF48
:10FA00007002843E137277BF2240833EC58B77BF5E
:10FA1000C07D823E51A577BF4ABB813EB7BE77BF4E
:10FA2000C0F8803EF7D777BF2236803E10F177BF0F
:10FA3000E1E67E3E040A78BF56617D3ED12278BF62
:10FA4000A4DB7B3E773B78BFCB557A3EF85378BF3B
:10FA5000CCCF783E526C78BFA649773E868478BF7B
:10FA60005AC3753E939C78BFE83C743E7BB478BF24
:10FA700051B6723E3BCC78BF942F713ED6E378BF2F
:10FA8000B2A86F3E4AFB78BFAB216E3E981279BF99
:10FA90007F9A6C3EBF2979BF2F136B3EC04079BF60
:10FAA000BA8B693E9A5779BF2204683E4E6E79BF81
:10FAB000667C663EDC8479BF86F4643E439B79BFF6
:10FAC000836C633E83B179BF5CE4613E9DC779BFBF
:10FAD000135C603E91DD79BFA8D35E3E5EF379BFD3
:10FAE0001A4B5D3E04097ABF6AC25B3E841E7ABF30
:10FAF00097395A3EDD337ABFA4B0583E10497ABFD9
:10FB00008F27573E1C5E7ABF589E553E02737ABFC0
:10FB10000115543EC1877ABF898B523E599C7ABFEA
:10FB2000F101513ECBB07ABF38784F3E16C57ABF4F
:10FB300060EE4D3E3AD97ABF67644C3E37ED7ABFEE
:10FB40004FDA4A3E0E017BBF1850493EBE147BBFC0
:10FB5000C2C5473E48287BBF4D3B463EAB3B7BBFC3
:10FB6000B9B0443EE74E7BBF0726433EFC617BBFF6
:10FB7000379B413EEA747BBF4910403EB2877BBF52
:10FB80003E853E3E539A7BBF15FA3C3ECDAC7BBFD3
:10FB9000CF6E3B3E20BF7BBF6CE3393E4DD17BBF78
:10FBA000EC57383E53E37BBF50CC363E31F57BBF3C
:10FBB0009840353EE9067CBFC4B4333E7A187CBF1A
:10FBC000D428323EE5297CBFC99C303E283B7CBF0F
:10FBD000A2102F3E444C7CBF61842D3E3A5D7CBF19
:10FBE00004F82B3E086E7CBF8D6B2A3EB07E7CBF36
:10FBF000FCDE283E318F7CBF5152273E8A9F7CBF5E
:10FC00008CC5253EBDAF7CBFAD38243EC9BF7CBF8F
:10FC1000B6AB223EAECF7CBFA51E213E6CDF7CBFC3
:10FC20007B911F3E03EF7CBF38041E3E73FE7CBFFA
:10FC3000DE761C3EBC0D7DBF6BE91A3EDD1C7DBF30
:10FC4000E05B193ED82B7DBF3DCE173EAC3A7DBF61
:10FC50008340163E59497DBFB2B2143EDE577DBF88
:10FC6000CA24133E3D667DBFCC96113E74747DBFA1
:10FC7000B708103E85827DBF8B7A0E3E6E907DBFA9
:10FC80004AEC0C3E309E7DBFF35D0B3ECCAB7DBF9E
:10FC900086CF093E40B97DBF0541083E8CC67DBF79
:10FCA0006EB2063EB2D37DBFC223053EB1E07DBF3A
:10FCB0000295033E88ED7DBF2E06023E38FA7DBFD9
:10FCC0004577003EC2067EBF92D0FD3D24137EBF25
:10FCD00073B2FA3D5E1F7EBF2C94F73D722B7EBF40
:10FCE000C075F43D5E377EBF2E57F13D23437EBF86
:10FCF0007638EE3DC14E7EBF9A19EB3D385A7EBF35
:10FD00009AFAE73D88657EBF76DBE43DB0707EBF42
:10FD10002EBCE13DB17B7EBFC49CDE3D8B867EBFA9
:10FD2000377DDB3D3D917EBF895DD83DC99B7EBF60
:10FD3000B93DD53D2DA67EBFC81DD23D69B07EBF61
:10FD4000B7FDCE3D7FBA7EBF86DDCB3D6DC47EBFA5
:10FD500036BDC83D34CE7EBFC69CC53DD4D77EBF20
:10FD6000397CC23D4CE17EBF8D5BBF3D9DEA7EBFCD
:10FD7000C33ABC3DC7F37EBFDD19B93DC9FC7EBFA8
:10FD8000DAF8B53DA4057FBFBBD7B23D580E7FBFA3
:10FD900080B6AF3DE4167FBF2B95AC3D491F7FBFBA
:10FDA000BA73A93D87277FBF3052A63D9D2F7FBFE5
:10FDB0008C30A33D8D377FBFCF0EA03D543F7FBF1A
:10FDC000F9EC9C3DF4467FBF0ACB993D6D4E7FBF59
:10FDD00005A9963DBF557FBFE786933DE95C7FBF90
:10FDE000B464903DEC637FBF6A428D3DC76A7FBFBC
:10FDF0000A208A3D7B717FBF94FD863D08787FBFD6
:10FE00000ADB833D6D7E7FBF6CB8803DAB847FBFD6
:10FE1000742B7B3DC28A7FBFE9E5743DB1907FBF03
:10FE200038A06E3D78967FBF625A683D189C7FBFB0
:10FE30006814623D91A17FBF4CCE5B3DE3A67FBFBE
:10FE40000E88553D0DAC7FBFAF414F3D0FB17FBF19
:10FE50002FFB483DEAB57FBF91B4423D9EBA7FBFBC
:10FE6000D56D3C3D2ABF7FBFFC26363D8FC37FBF8B
:10FE700007E02F3DCCC77FBFF698293DE2CB7FBF7F
:10FE8000CC51233DD1CF7FBF880A1D3D98D37FBF82
:10FE90002CC3163D37D77FBFB87B103DAFDA7FBF8D
:10FEA0002F340A3D00DE7FBF90EC033D29E17FBF88
:10FEB000B949FB3C2BE47FBF2DBAEE3C05E77FBF81
:10FEC0007B2AE23CB8E97FBFA69AD53C43EC7FBFD2
:10FED000B00AC93CA7EE7FBF9B7ABC3CE3F07FBF72
:10FEE00069EAAF3CF8F27FBF1C5AA33CE6F47FBF3F
:10FEF000B6C9963CACF67FBF38398A3C4AF87FBF1A
:10FF00004B517B3CC1F97FBF0030623C11FB7FBF8E
:10FF1000900E493C39FC7FBF02ED2F3C39FD7FBF7D
:10FF200059CB163C13FE7FBF3053FB3BC4FE7FBF53
:10FF3000890FC93B4EFF7FBFC1CB963BB1FF7FBF4F
:10FF4000C70F493BECFF7FBFD40FC93A000080BF09
:10FF500000000000ECFF7FBFD40FC9BAB1FF7FBF24
:10FF6000C70F49BB4EFF7FBFC1CB96BBC4FE7FBF4F
:10FF7000890FC9BB13FE7FBF3053FBBB39FD7FBF69
:10FF800059CB16BC39FC7FBF02ED2FBC11FB7FBFE4
:10FF9000900E49BCC1F97FBF003062BC4AF87FBFF8
:10FFA0004B517BBCACF67FBF38398ABCE6F47FBFCF
:10FFB000B6C996BCF8F27FBF1C5AA3BCE3F07FBF62
:10FFC00069EAAFBCA7EE7FBF9B7ABCBC43EC7FBFA6
:10FFD000B00AC9BCB8E97FBFA69AD5BC05E77FBF08
:10FFE0007B2AE2BC2BE47FBF2DBAEEBC29E17FBFA8
:10FFF000B949FBBC00DE7FBF90EC03BDAFDA7FBF29
:020000040802F0
:100000002F340ABD37D77FBFB87B10BD98D37FBFD1
:100010002CC316BDD1CF7FBF880A1DBDE2CB7FBFE9
:10002000CC5123BDCCC77FBFF69829BD8FC37FBFFE
:1000300007E02FBD2ABF7FBFFC2636BD9EBA7FBF1B
:10004000D56D3CBDEAB57FBF91B442BD0FB17FBF56
:100050002FFB48BD0DAC7FBFAF414FBDE3A67FBFB7
:100060000E8855BD91A17FBF4CCE5BBD189C7FBF54
:10007000681462BD78967FBF625A68BDB1907FBF39
:1000800038A06EBDC28A7FBFE9E574BDAB847FBF77
:10009000742B7BBD6D7E7FBF6CB880BD08787FBF41
:1000A0000ADB83BD7B717FBF94FD86BDC76A7FBFBE
:1000B0000A208ABDEC637FBF6A428DBDE95C7FBFC9
:1000C000B46490BDBF557FBFE78693BD6D4E7FBFC3
:1000D00005A996BDF4467FBF0ACB99BD543F7FBFAB
:1000E000F9EC9CBD8D377FBFCF0EA0BD9D2F7FBF8C
:1000F0008C30A3BD87277FBF3052A6BD491F7FBF6D
:10010000BA73A9BDE4167FBF2B95ACBD580E7FBF57
:1001100080B6AFBDA4057FBFBBD7B2BDC9FC7EBF53
:10012000DAF8B5BDC7F37EBFDD19B9BD9DEA7EBF64
:10013000C33ABCBD4CE17EBF8D5BBFBDD4D77EBF93
:10014000397CC2BD34CE7EBFC69CC5BD6DC47EBFEA
:1001500036BDC8BD7FBA7EBF86DDCBBD69B07EBF70
:10016000B7FDCEBD2DA67EBFC81DD2BDC99B7EBF2B
:10017000B93DD5BD3D917EBF895DD8BD8B867EBF23
:10018000377DDBBDB17B7EBFC49CDEBDB0707EBF62
:100190002EBCE1BD88657EBF76DBE4BD385A7EBFEC
:1001A0009AFAE7BDC14E7EBF9A19EBBD23437EBFCD
:1001B0007638EEBD5E377EBF2E57F1BD722B7EBF07
:1001C000C075F4BD5E1F7EBF2C94F7BD24137EBFA7
:1001D00073B2FABDC2067EBF92D0FDBD38FA7DBFB4
:1001E000457700BE88ED7DBF2E0602BEB1E07DBF23
:1001F000029503BEB2D37DBFC22305BE8CC67DBFB0
:100200006EB206BE40B97DBF054108BECCAB7DBF16
:1002100086CF09BE309E7DBFF35D0BBE6E907DBF65
:100220004AEC0CBE85827DBF8B7A0EBE74747DBF96
:10023000B70810BE3D667DBFCC9611BEDE577DBFB0
:10024000CA2413BE59497DBFB2B214BEAC3A7DBFB9
:10025000834016BED82B7DBF3DCE17BEDD1C7DBFB3
:10026000E05B19BEBC0D7DBF6BE91ABE73FE7CBF9F
:10027000DE761CBE03EF7CBF38041EBE6CDF7CBF85
:100280007B911FBEAECF7CBFA51E21BEC9BF7CBF68
:10029000B6AB22BEBDAF7CBFAD3824BE8A9F7CBF4B
:1002A0008CC525BE318F7CBF515227BEB07E7CBF2E
:1002B000FCDE28BE086E7CBF8D6B2ABE3A5D7CBF1B
:1002C00004F82BBE444C7CBF61842DBE283B7CBF10
:1002D000A2102FBEE5297CBFC99C30BE7A187CBF16
:1002E000D42832BEE9067CBFC4B433BE31F57BBF2F
:1002F000984035BE53E37BBF50CC36BE4DD17BBF5B
:10030000EC5738BE20BF7BBF6CE339BECDAC7BBFA2
:10031000CF6E3BBE539A7BBF15FA3CBEB2877BBF04
:100320003E853EBEEA747BBF491040BEFC617BBF88
:10033000379B41BEE74E7BBF072643BEAB3B7BBF2F
:10034000B9B044BE48287BBF4D3B46BEBE147BBF00
:10035000C2C547BE0E017BBF185049BE37ED7ABFFC
:100360004FDA4ABE3AD97ABF67644CBE16C57ABF27
:1003700060EE4DBECBB07ABF38784FBE599C7ABF85
:10038000F10151BEC1877ABF898B52BE02737ABF19
:10039000011554BE1C5E7ABF589E55BE10497ABFE7
:1003A0008F2757BEDD337ABFA4B058BE841E7ABFF4
:1003B00097395ABE04097ABF6AC25BBE5EF379BF41
:1003C0001A4B5DBE91DD79BFA8D35EBE9DC779BFD4
:1003D000135C60BE83B179BF5CE461BE439B79BFAF
:1003E000836C63BEDC8479BF86F464BE4E6E79BFD5
:1003F000667C66BE9A5779BF220468BEC04079BF4A
:10040000BA8B69BEBF2979BF2F136BBE981279BF13
:100410007F9A6CBE4AFB78BFAB216EBED6E378BF35
:10042000B2A86FBE3BCC78BF942F71BE7BB478BFAF
:1004300051B672BE939C78BFE83C74BE868478BF88
:100440005AC375BE526C78BFA64977BEF85378BFC1
:10045000CCCF78BE773B78BFCB557ABED12278BF60
:10046000A4DB7BBE040A78BF56617DBE10F177BF66
:10047000E1E67EBEF7D777BF223680BEB7BE77BF34
:10048000C0F880BE51A577BF4ABB81BEC58B77BF80
:10049000C07D82BE137277BF224083BE3A5877BFB9
:1004A000700284BE3C3E77BFAAC484BE172477BFC7
:1004B000CE8685BECC0977BFDF4886BE5BEF76BFB0
:1004C000DA0A87BEC4D476BFC1CC87BE07BA76BF6E
:1004D000938E88BE249F76BF505089BE1B8476BF02
:1004E000F8118ABEEC6876BF8AD38ABE974D76BF74
:1004F00007958BBE1B3276BF6E568CBE7A1676BFC2
:10050000C0178DBEB3FA75BFFCD88DBEC6DE75BFF1
:10051000229A8EBEB3C275BF325B8FBE7BA675BFFB
:100520002C1C90BE1C8A75BF10DD90BE976D75BFE8
:10053000DD9D91BEED5075BF945E92BE1D3475BFBA
:10054000351F93BE271775BFBFDF93BE0BFA74BF6D
:1005500031A094BEC9DC74BF8D6095BE62BF74BF0C
:10056000D22096BED5A174BF00E196BE228474BF8E
:1005700017A197BE496674BF166198BE4B4874BFF9
:10058000FE2099BE272A74BFCEE099BEDD0B74BF52
:1005900086A09ABE6EED73BF27609BBED9CE73BF97
:1005A000AF1F9CBE1FB073BF20DF9CBE3F9173BFC7
:1005B000789E9DBE397273BFB85D9EBE0E5373BFE9
:1005C000DF1C9FBEBE3373BFEEDB9FBE471473BFFD
:1005D000E59AA0BEACF472BFC259A1BEEBD472BF03
:1005E0008718A2BE04B572BF33D7A2BEF89472BFFB
:1005F000C595A3BEC77472BF3F54A4BE705472BFEA
:100600009F12A5BEF43372BFE5D0A5BE521372BFD0
:10061000128FA6BE8CF271BF254DA7BE9FD171BFB0
:100620001F0BA8BE8EB071BFFEC8A8BE578F71BF8A
:10063000C486A9BEFB6D71BF6F44AABE7A4C71BF60
:100640000102ABBED42A71BF77BFABBE080971BF30
:10065000D47CACBE17E770BF153AADBE02C570BF03
:100660003CF7ADBEC6A270BF49B4AEBE668070BFD7
:100670003A71AFBEE15D70BF102EB0BE373B70BFA8
:10068000CBEAB0BE671870BF6BA7B1BE73F56FBF82
:10069000EF63B2BE5AD26FBF5820B3BE1BAF6FBF5D
:1006A000A5DCB3BEB88B6FBFD698B4BE30686FBF41
:1006B000EC54B5BE83446FBFE610B6BEB0206FBF2A
:1006C000C3CCB6BEBAFC6EBF8488B7BE9ED86EBF20
:1006D0002A44B8BE5DB46EBFB2FFB8BEF88F6EBF1D
:1006E0001EBBB9BE6D6B6EBF6E76BABEBE466EBF28
:1006F000A031BBBEEB216EBFB6ECBBBEF2FC6DBF42
:10070000AFA7BCBED5D76DBF8B62BDBE93B26DBF68
:100710004A1DBEBE2D8D6DBFEBD7BEBEA1676DBF9E
:100720006F92BFBEF2416DBFD54CC0BE1D1C6DBFE8
:100730001E07C1BE24F66CBF48C1C1BE07D06CBF46
:10074000557BC2BEC5A96CBF4435C3BE5E836CBFBA
:1007500015EFC3BED45C6CBFC8A8C4BE24366CBF42
:100760005C62C5BE500F6CBFD21BC6BE58E86BBFE3
:1007700029D5C6BE3BC16BBF628EC7BEFB996BBF9E
:100780007C47C8BE95726BBF7700C9BE0C4B6BBF70
:1007900053B9C9BE5E236BBF1072CABE8CFB6ABF61
:1007A000AE2ACBBE95D36ABF2CE3CBBE7BAB6ABF70
:1007B0008B9BCCBE3C836ABFCA53CDBED95A6ABF9D
:1007C000EA0BCEBE52326ABFEAC3CEBEA7096ABFE9
:1007D000CA7BCFBED7E069BF8A33D0BEE4B769BF5A
:1007E0002AEBD0BECC8E69BFAAA2D1BE916569BFEB
:1007F000095AD2BE323C69BF4811D3BEAE1269BF9E
:1008000067C8D3BE07E968BF647FD4BE3CBF68BF7A
:100810004136D5BE4C9568BFFDECD5BE396B68BF7F
:1008200099A3D6BE034168BF135AD7BEA81668BFA6
:100830006B10D8BE2AEC67BFA3C6D8BE87C167BFFE
:10084000B97CD9BEC19667BFAD32DABED86B67BF7F
:1008500080E8DABECA4067BF319EDBBE991567BF2C
:10086000C153DCBE45EA66BF2E09DDBECCBE66BF05
:1008700079BEDDBE309366BFA273DEBE716766BF10
:10088000A928DFBE8E3B66BF8DDDDFBE880F66BF49
:100890004F92E0BE5EE365BFEE46E1BE10B765BFB6
:1008A0006AFBE1BEA08A65BFC4AFE2BE0B5E65BF56
:1008B000FA63E3BE543165BF0E18E4BE790465BF28
:1008C000FECBE4BE7BD764BFCB7FE5BE59AA64BF35
:1008D0007533E6BE147D64BFFBE6E6BEAC4F64BF75
:1008E0005D9AE7BE212264BF9C4DE8BE73F463BFEE
:1008F000B700E9BEA1C663BFAEB3E9BEAC9863BFA3
:100900008166EABE956A63BF3019EBBE5A3C63BF8D
:10091000BBCBEBBEFC0D63BF217EECBE7BDF62BFB9
:100920006330EDBED7B062BF80E2EDBE108262BF21
:100930007994EEBE265362BF4C46EFBE1A2462BFC6
:10094000FBF7EFBEEAF461BF85A9F0BE98C561BFB1
:10095000EA5AF1BE229661BF290CF2BE8A6661BFD7
:1009600043BDF2BED03661BF386EF3BEF20661BF42
:10097000071FF4BEF2D660BFB1CFF4BECFA660BFF2
:100980003580F5BE897660BF9330F6BE214660BFE4
:10099000CBE0F6BE961560BFDC90F7BEE9E45FBF22
:1009A000C840F8BE19B45FBF8EF0F8BE27835FBFA2
:1009B0002DA0F9BE12525FBFA54FFABEDB205FBF6C
:1009C000F7FEFABE81EF5EBF22AEFBBE05BE5EBF84
:1009D000275DFCBE678C5EBF040CFDBEA65A5EBFE1
:1009E000BBBAFDBEC3285EBF4A69FEBEBEF65DBF90
:1009F000B217FFBE97C45DBFF3C5FFBE4D925DBF8A
:100A0000063A00BFE15F5DBFFF9000BF532D5DBFA1
:100A1000E4E700BFA3FA5CBFB53E01BFD1C75CBF2E
:100A2000739501BFDD945CBF1CEC01BFC7615CBF67
:100A3000B14202BF8E2E5CBF329902BF34FB5BBF56
:100A40009FEF02BFB8C75BBFF84503BF1A945BBFF7
:100A50003D9C03BF5A605BBF6DF203BF792C5BBF47
:100A6000894804BF75F85ABF919E04BF50C45ABF4D
:100A700084F404BF09905ABF624A05BFA05B5ABF05
:100A80002CA005BF16275ABFE2F505BF6AF259BF71
:100A9000824B06BF9CBD59BF0EA106BFAD8859BF92
:100AA00086F606BF9C5359BFE84B07BF6A1E59BF65
:100AB00036A107BF17E958BF6FF607BFA1B358BFEC
:100AC000924B08BF0B7E58BFA1A008BF534858BF28
:100AD0009BF508BF791258BF7F4A09BF7FDC57BF1B
:100AE0004E9F09BF63A657BF09F409BF267057BFC1
:100AF000AD480ABFC73957BF3D9D0ABF480357BF1E
:100B0000B7F10ABFA7CC56BF1C460BBFE59556BF31
:100B10006B9A0BBF025F56BFA5EE0BBFFE2756BFF9
:100B2000C9420CBFD9F055BFD7960CBF93B955BF7A
:100B3000D0EA0CBF2C8255BFB33E0DBFA44A55BFAF
:100B400081920DBFFB1255BF38E60DBF31DB54BF9C
:100B5000DA390EBF47A354BF658D0EBF3B6B54BF40
:100B6000DBE00EBF0F3354BF3B340FBFC3FA53BF9C
:100B700084870FBF55C253BFB8DA0FBFC78953BFB1
:100B8000D52D10BF185153BFDC8010BF491853BF7B
:100B9000CDD310BF59DF52BFA72611BF49A652BF00
:100BA0006B7911BF186D52BF19CC11BFC63352BF3C
:100BB000B01E12BF54FA51BF307112BFC2C051BF34
:100BC0009AC312BF108751BFEE1513BF3D4D51BFE1
:100BD0002A6813BF4A1351BF50BA13BF37D950BF49
:100BE0005F0C14BF039F50BF585E14BFAF6450BF6B
:100BF00039B014BF3B2A50BF040215BFA8EF4FBF46
:100C0000B75315BFF4B44FBF54A515BF1F7A4FBFDC
:100C1000D9F615BF2B3F4FBF474816BF17044FBF2C
:100C20009F9916BFE4C84EBFDFEA16BF908D4EBF36
:100C3000073C17BF1C524EBF188D17BF89164EBFF9
:100C400012DE17BFD5DA4DBFF52E18BF029F4DBF7C
:100C5000C07F18BF10634DBF73D018BFFD264DBFB6
:100C60000F2119BFCBEA4CBF947119BF79AE4CBFAD
:100C700000C219BF08724CBF55121ABF78354CBF5D
:100C800093621ABFC7F84BBFB8B21ABFF8BB4BBFCD
:100C9000C6021BBF097F4BBFBB521BBFFA414BBFF4
:100CA00099A21BBFCC044BBF5FF21BBF7FC74ABFDB
:100CB0000C421CBF138A4ABFA2911CBF874C4ABF7B
:100CC0001FE11CBFDC0E4ABF84301DBF12D149BFDB
:100CD000D17F1DBF299349BF06CF1DBF215549BFF5
:100CE000221E1EBFFA1649BF266D1EBFB3D848BFCD
:100CF00012BC1EBF4E9A48BFE50A1FBFCA5B48BF61
:100D00009F591FBF271D48BF41A81FBF65DE47BFB2
:100D1000CBF61FBF849F47BF3B4520BF856047BFC1
:100D2000939320BF672147BFD2E120BF2AE246BF8D
:100D3000F92F21BFCEA246BF067E21BF546346BF16
:100D4000FBCB21BFBB2346BFD71922BF03E445BF5E
:100D5000996722BF2DA445BF43B522BF396445BF63
:100D6000D30223BF262445BF4B5023BFF5E344BF26
:100D7000A99D23BFA5A344BFEEEA23BF376344BFA9
:100D80001A3824BFAB2244BF2C8524BF00E243BFE6
:100D900025D224BF38A143BF041F25BF516043BFE4
:100DA000CB6B25BF4C1F43BF77B825BF29DE42BFA1
:100DB0000A0526BFE89C42BF845126BF895B42BF1B
:100DC000E39D26BF0B1A42BF2AEA26BF70D841BF57
:100DD000563627BFB79641BF688227BFE15441BF4F
:100DE00061CE27BFEC1241BF401A28BFDAD040BF06
:100DF000056628BFA98E40BFB0B128BF5C4C40BF7C
:100E000041FD28BFF00940BFB84829BF67C73FBFB1
:100E1000159429BFC0843FBF57DF29BFFC413FBFA6
:100E2000802A2ABF1BFF3EBF8E752ABF1BBC3EBF58
:100E300082C02ABFFF783EBF5B0B2BBFC5353EBFCC
:100E40001B562BBF6EF23DBFBFA02BBFF9AE3DBFFF
:100E50004AEB2BBF676B3DBFB9352CBFB8273DBFF1
:100E60000F802CBFECE33CBF49CA2CBF03A03CBFA2
:100E700069142DBFFC5B3CBF6F5E2DBFD9173CBF13
:100E800059A82DBF98D33BBF29F22DBF3B8F3BBF45
:100E9000DE3B2EBFC14A3BBF78852EBF29063BBF34
:100EA000F7CE2EBF75C13ABF5B182FBFA47C3ABFE7
:100EB000A5612FBFB7373ABFD3AA2FBFACF239BF56
:100EC000E6F32FBF85AD39BFDE3C30BF426839BF86
:100ED000BB8530BFE12239BF7CCE30BF65DD38BF76
:100EE000221731BFCB9738BFAD5F31BF165238BF25
:100EF0001DA831BF430C38BF71F031BF55C637BF95
:100F0000AA3832BF4A8037BFC78032BF233A37BFC3
:100F1000C9C832BFDFF336BFAF1033BF7FAD36BFB6
:100F20007A5833BF046736BF29A033BF6C2036BF61
:100F3000BCE733BFB8D935BF342F34BFE79235BFD4
:100F40008F7634BFFB4B35BFCFBD34BFF30435BF05
:100F5000F30435BFCFBD34BFFB4B35BF8F7634BFF5
:100F6000E79235BF342F34BFB8D935BFBCE733BFA4
:100F70006C2036BF29A033BF046736BF7A5833BF11
:100F80007FAD36BFAF1033BFDFF336BFC9C832BF46
:100F9000233A37BFC78032BF4A8037BFAA3832BF33
:100FA00055C637BF71F031BF430C38BF1DA831BFE4
:100FB000165238BFAD5F31BFCB9738BF221731BF54
:100FC00065DD38BF7CCE30BFE12239BFBB8530BF85
:100FD000426839BFDE3C30BF85AD39BFE6F32FBF75
:100FE000ACF239BFD3AA2FBFB7373ABFA5612FBF25
:100FF000A47C3ABF5B182FBF75C13ABFF7CE2EBF96
:1010000029063BBF78852EBFC14A3BBFDE3B2EBFC2
:101010003B8F3BBF29F22DBF98D33BBF59A82DBFB3
:10102000D9173CBF6F5E2DBFFC5B3CBF69142DBF61
:1010300003A03CBF49CA2CBFECE33CBF0F802CBFD0
:10104000B8273DBFB9352CBF676B3DBF4AEB2BBFFF
:10105000F9AE3DBFBFA02BBF6EF23DBF1B562BBFED
:10106000C5353EBF5B0B2BBFFF783EBF82C02ABF9A
:101070001BBC3EBF8E752ABF1BFF3EBF802A2ABF06
:10108000FC413FBF57DF29BFC0843FBF159429BF34
:1010900067C73FBFB84829BFF00940BF41FD28BF1F
:1010A0005C4C40BFB0B128BFA98E40BF056628BFC9
:1010B000DAD040BF401A28BFEC1241BF61CE27BF33
:1010C000E15441BF688227BFB79641BF563627BF5C
:1010D00070D841BF2AEA26BF0B1A42BFE39D26BF44
:1010E000895B42BF845126BFE89C42BF0A0526BFE8
:1010F00029DE42BF77B825BF4C1F43BFCB6B25BF4E
:10110000516043BF041F25BF38A143BF25D224BF70
:1011100000E243BF2C8524BFAB2244BF1A3824BF52
:10112000376344BFEEEA23BFA5A344BFA99D23BFF5
:10113000F5E344BF4B5023BF262445BFD30223BF52
:10114000396445BF43B522BF2DA445BF996722BF6F
:1011500003E445BFD71922BFBB2346BFFBCB21BF4A
:10116000546346BF067E21BFCEA246BFF92F21BFE2
:101170002AE246BFD2E120BF672147BF939320BF39
:10118000856047BF3B4520BF849F47BFCBF61FBF4D
:1011900065DE47BF41A81FBF271D48BF9F591FBF1E
:1011A000CA5B48BFE50A1FBF4E9A48BF12BC1EBFAC
:1011B000B3D848BF266D1EBFFA1649BF221E1EBFF8
:1011C000215549BF06CF1DBF299349BFD17F1DBF00
:1011D00012D149BF84301DBFDC0E4ABF1FE11CBFC6
:1011E000874C4ABFA2911CBF138A4ABF0C421CBF46
:1011F0007FC74ABF5FF21BBFCC044BBF99A21BBF86
:10120000FA414BBFBB521BBF097F4BBFC6021BBF7E
:10121000F8BB4BBFB8B21ABFC7F84BBF93621ABF37
:1012200078354CBF55121ABF08724CBF00C219BFA7
:1012300079AE4CBF947119BFCBEA4CBF0F2119BFD7
:10124000FD264DBF73D018BF10634DBFC07F18BFC0
:10125000029F4DBFF52E18BFD5DA4DBF12DE17BF66
:1012600089164EBF188D17BF1C524EBF073C17BFC3
:10127000908D4EBFDFEA16BFE4C84EBF9F9916BFE0
:1012800017044FBF474816BF2B3F4FBFD9F615BFB6
:101290001F7A4FBF54A515BFF4B44FBFB75315BF46
:1012A000A8EF4FBF040215BF3B2A50BF39B014BF8F
:1012B000AF6450BF585E14BF039F50BF5F0C14BF94
:1012C00037D950BF50BA13BF4A1351BF2A6813BF52
:1012D0003D4D51BFEE1513BF108751BF9AC312BFCA
:1012E000C2C051BF307112BF54FA51BFB01E12BFFD
:1012F000C63352BF19CC11BF186D52BF6B7911BFE5
:1013000049A652BFA72611BF59DF52BFCDD310BF88
:10131000491853BFDC8010BF185153BFD52D10BFE3
:10132000C78953BFB8DA0FBF55C253BF84870FBFF9
:10133000C3FA53BF3B340FBF0F3354BFDBE00EBFC4
:101340003B6B54BF658D0EBF47A354BFDA390EBF48
:1013500031DB54BF38E60DBFFB1255BF81920DBF84
:10136000A44A55BFB33E0DBF2C8255BFD0EA0CBF77
:1013700093B955BFD7960CBFD9F055BFC9420CBF22
:10138000FE2756BFA5EE0BBF025F56BF6B9A0BBF81
:10139000E59556BF1C460BBFA7CC56BFB7F10ABF99
:1013A000480357BF3D9D0ABFC73957BFAD480ABF65
:1013B000267057BF09F409BF63A657BF4E9F09BFE8
:1013C0007FDC57BF7F4A09BF791258BF9BF508BF22
:1013D000534858BFA1A008BF0B7E58BF924B08BF0F
:1013E000A1B358BF6FF607BF17E958BF36A107BFB3
:1013F0006A1E59BFE84B07BF9C5359BF86F606BF0C
:10140000AD8859BF0EA106BF9CBD59BF824B06BF18
:101410006AF259BFE2F505BF16275ABF2CA005BFD7
:10142000A05B5ABF624A05BF09905ABF84F404BF4B
:1014300050C45ABF919E04BF75F85ABF894804BF73
:10144000792C5BBF6DF203BF5A605BBF3D9C03BF4D
:101450001A945BBFF84503BFB8C75BBF9FEF02BFDD
:1014600034FB5BBF329902BF8E2E5CBFB14202BF1C
:10147000C7615CBF1CEC01BFDD945CBF739501BF0D
:10148000D1C75CBFB53E01BFA3FA5CBFE4E700BFB4
:10149000532D5DBFFF9000BFE15F5DBF063A00BF07
:1014A0004D925DBFF3C5FFBE97C45DBFB217FFBECF
:1014B000BEF65DBF4A69FEBEC3285EBFBBBAFDBEB5
:1014C000A65A5EBF040CFDBE678C5EBF275DFCBEE6
:1014D00005BE5EBF22AEFBBE81EF5EBFF7FEFABE69
:1014E000DB205FBFA54FFABE12525FBF2DA0F9BE31
:1014F00027835FBF8EF0F8BE19B45FBFC840F8BE47
:10150000E9E45FBFDC90F7BE961560BFCBE0F6BEA6
:10151000214660BF9330F6BE897660BF3580F5BE48
:10152000CFA660BFB1CFF4BEF2D660BF071FF4BE36
:10153000F20661BF386EF3BED03661BF43BDF2BE66
:101540008A6661BF290CF2BE229661BFEA5AF1BEDB
:1015500098C561BF85A9F0BEEAF461BFFBF7EFBE95
:101560001A2462BF4C46EFBE265362BF7994EEBE8A
:10157000108262BF80E2EDBED7B062BF6330EDBEC5
:101580007BDF62BF217EECBEFC0D63BFBBCBEBBE3D
:101590005A3C63BF3019EBBE956A63BF8166EABEF1
:1015A000AC9863BFAEB3E9BEA1C663BFB700E9BEE6
:1015B00073F463BF9C4DE8BE212264BF5D9AE7BE11
:1015C000AC4F64BFFBE6E6BE147D64BF7533E6BE78
:1015D00059AA64BFCB7FE5BE7BD764BFFECBE4BE18
:1015E000790465BF0E18E4BE543165BFFA63E3BEEB
:1015F0000B5E65BFC4AFE2BEA08A65BF6AFBE1BEF9
:1016000010B765BFEE46E1BE5EE365BF4F92E0BE38
:10161000880F66BF8DDDDFBE8E3B66BFA928DFBEAB
:10162000716766BFA273DEBE309366BF79BEDDBE52
:10163000CCBE66BF2E09DDBE45EA66BFC153DCBE27
:10164000991567BF319EDBBECA4067BF80E8DABE2E
:10165000D86B67BFAD32DABEC19667BFB97CD9BE61
:1016600087C167BFA3C6D8BE2AEC67BF6B10D8BEC0
:10167000A81668BF135AD7BE034168BF99A3D6BE48
:10168000396B68BFFDECD5BE4C9568BF4136D5BE01
:101690003CBF68BF647FD4BE07E968BF67C8D3BEDC
:1016A000AE1269BF4811D3BE323C69BF095AD2BEDF
:1016B000916569BFAAA2D1BECC8E69BF2AEBD0BE0C
:1016C000E4B769BF8A33D0BED7E069BFCA7BCFBE5B
:1016D000A7096ABFEAC3CEBE52326ABFEA0BCEBECA
:1016E000D95A6ABFCA53CDBE3C836ABF8B9BCCBE5E
:1016F0007BAB6ABF2CE3CBBE95D36ABFAE2ACBBE11
:101700008CFB6ABF1072CABE5E236BBF53B9C9BEE1
:101710000C4B6BBF7700C9BE95726BBF7C47C8BED0
:10172000FB996BBF628EC7BE3BC16BBF29D5C6BEDE
:1017300058E86BBFD21BC6BE500F6CBF5C62C5BE03
:1017400024366CBFC8A8C4BED45C6CBF15EFC3BE42
:101750005E836CBF4435C3BEC5A96CBF557BC2BE9A
:1017600007D06CBF48C1C1BE24F66CBF1E07C1BE06
:101770001D1C6DBFD54CC0BEF2416DBF6F92BFBE88
:10178000A1676DBFEBD7BEBE2D8D6DBF4A1DBEBE1E
:1017900093B26DBF8B62BDBED5D76DBFAFA7BCBEC8
:1017A000F2FC6DBFB6ECBBBEEB216EBFA031BBBE81
:1017B000BE466EBF6E76BABE6D6B6EBF1EBBB9BE47
:1017C000F88F6EBFB2FFB8BE5DB46EBF2A44B8BE1C
:1017D0009ED86EBF8488B7BEBAFC6EBFC3CCB6BEFF
:1017E000B0206FBFE610B6BE83446FBFEC54B5BEE9
:1017F00030686FBFD698B4BEB88B6FBFA5DCB3BEE0
:101800001BAF6FBF5820B3BE5AD26FBFEF63B2BEDB
:1018100073F56FBF6BA7B1BE671870BFCBEAB0BEE0
:10182000373B70BF102EB0BEE15D70BF3A71AFBEE6
:10183000668070BF49B4AEBEC6A270BF3CF7ADBEF5
:1018400002C570BF153AADBE17E770BFD47CACBE01
:10185000080971BF77BFABBED42A71BF0102ABBE0E
:101860007A4C71BF6F44AABEFB6D71BFC486A9BE1E
:10187000578F71BFFEC8A8BE8EB071BF1F0BA8BE28
:101880009FD171BF254DA7BE8CF271BF128FA6BE2E
:10189000521372BFE5D0A5BEF43372BF9F12A5BE2E
:1018A000705472BF3F54A4BEC77472BFC595A3BE27
:1018B000F89472BF33D7A2BE04B572BF8718A2BE18
:1018C000EBD472BFC259A1BEACF472BFE59AA0BE00
:1018D000471473BFEEDB9FBEBE3373BFDF1C9FBEDA
:1018E0000E5373BFB85D9EBE397273BF789E9DBEA6
:1018F0003F9173BF20DF9CBE1FB073BFAF1F9CBE64
:10190000D9CE73BF27609BBE6EED73BF86A09ABE13
:10191000DD0B74BFCEE099BE272A74BFFE2099BEAE
:101920004B4874BF166198BE496674BF17A197BE35
:10193000228474BF00E196BED5A174BFD22096BEAA
:1019400062BF74BF8D6095BEC9DC74BF31A094BE08
:101950000BFA74BFBFDF93BE271775BF351F93BE49
:101960001D3475BF945E92BEED5075BFDD9D91BE76
:10197000976D75BF10DD90BE1C8A75BF2C1C90BE84
:101980007BA675BF325B8FBEB3C275BF229A8EBE77
:10199000C6DE75BFFCD88DBEB3FA75BFC0178DBE4D
:1019A0007A1676BF6E568CBE1B3276BF07958BBEFD
:1019B000974D76BF8AD38ABEEC6876BFF8118ABE8F
:1019C0001B8476BF505089BE249F76BF938E88BEFD
:1019D00007BA76BFC1CC87BEC4D476BFDA0A87BE49
:1019E0005BEF76BFDF4886BECC0977BFCE8685BE6B
:1019F000172477BFAAC484BE3C3E77BF700284BE62
:101A00003A5877BF224083BE137277BFC07D82BE33
:101A1000C58B77BF4ABB81BE51A577BFC0F880BEDA
:101A2000B7BE77BF223680BEF7D777BFE1E67EBE6E
:101A300010F177BF56617DBE040A78BFA4DB7BBE80
:101A4000D12278BFCB557ABE773B78BFCCCF78BE5A
:101A5000F85378BFA64977BE526C78BF5AC375BE9B
:101A6000868478BFE83C74BE939C78BF51B672BE42
:101A70007BB478BF942F71BE3BCC78BFB2A86FBE49
:101A8000D6E378BFAB216EBE4AFB78BF7F9A6CBEAF
:101A9000981279BF2F136BBEBF2979BFBA8B69BE6D
:101AA000C04079BF220468BE9A5779BF667C66BE83
:101AB0004E6E79BF86F464BEDC8479BF836C63BEEE
:101AC000439B79BF5CE461BE83B179BF135C60BEA8
:101AD0009DC779BFA8D35EBE91DD79BF1A4B5DBEAD
:101AE0005EF379BF6AC25BBE04097ABF97395ABEFA
:101AF000841E7ABFA4B058BEDD337ABF8F2757BE8D
:101B000010497ABF589E55BE1C5E7ABF011554BE5F
:101B100002737ABF898B52BEC1877ABFF10151BE71
:101B2000599C7ABF38784FBECBB07ABF60EE4DBEBD
:101B300016C57ABF67644CBE3AD97ABF4FDA4ABE3F
:101B400037ED7ABF185049BE0E017BBFC2C547BEF4
:101B5000BE147BBF4D3B46BE48287BBFB9B044BED8
:101B6000AB3B7BBF072643BEE74E7BBF379B41BEE7
:101B7000FC617BBF491040BEEA747BBF3E853EBE20
:101B8000B2877BBF15FA3CBE539A7BBFCF6E3BBE7C
:101B9000CDAC7BBF6CE339BE20BF7BBFEC5738BEFA
:101BA0004DD17BBF50CC36BE53E37BBF984035BE92
:101BB00031F57BBFC4B433BEE9067CBFD42832BE46
:101BC0007A187CBFC99C30BEE5297CBFA2102FBE0D
:101BD000283B7CBF61842DBE444C7CBF04F82BBEE7
:101BE0003A5D7CBF8D6B2ABE086E7CBFFCDE28BED2
:101BF000B07E7CBF515227BE318F7CBF8CC525BEC5
:101C00008A9F7CBFAD3824BEBDAF7CBFB6AB22BEC1
:101C1000C9BF7CBFA51E21BEAECF7CBF7B911FBEBE
:101C20006CDF7CBF38041EBE03EF7CBFDE761CBEBB
:101C300073FE7CBF6BE91ABEBC0D7DBFE05B19BEB5
:101C4000DD1C7DBF3DCE17BED82B7DBF834016BEA9
:101C5000AC3A7DBFB2B214BE59497DBFCA2413BE8F
:101C6000DE577DBFCC9611BE3D667DBFB70810BE66
:101C700074747DBF8B7A0EBE85827DBF4AEC0CBE2C
:101C80006E907DBFF35D0BBE309E7DBF86CF09BEDB
:101C9000CCAB7DBF054108BE40B97DBF6EB206BE6C
:101CA0008CC67DBFC22305BEB2D37DBF029503BEE5
:101CB000B1E07DBF2E0602BE88ED7DBF457700BE38
:101CC00038FA7DBF92D0FDBDC2067EBF73B2FABDA9
:101CD00024137EBF2C94F7BD5E1F7EBFC075F4BD7C
:101CE000722B7EBF2E57F1BD5E377EBF7638EEBDBC
:101CF00023437EBF9A19EBBDC14E7EBF9AFAE7BD62
:101D0000385A7EBF76DBE4BD88657EBF2EBCE1BD60
:101D1000B0707EBFC49CDEBDB17B7EBF377DDBBDB6
:101D20008B867EBF895DD8BD3D917EBFB93DD5BD57
:101D3000C99B7EBFC81DD2BD2DA67EBFB7FDCEBD3F
:101D400069B07EBF86DDCBBD7FBA7EBF36BDC8BD64
:101D50006DC47EBFC69CC5BD34CE7EBF397CC2BDBE
:101D6000D4D77EBF8D5BBFBD4CE17EBFC33ABCBD47
:101D70009DEA7EBFDD19B9BDC7F37EBFDAF8B5BDF8
:101D8000C9FC7EBFBBD7B2BDA4057FBF80B6AFBDC7
:101D9000580E7FBF2B95ACBDE4167FBFBA73A9BDAB
:101DA000491F7FBF3052A6BD87277FBF8C30A3BDA0
:101DB0009D2F7FBFCF0EA0BD8D377FBFF9EC9CBD9F
:101DC000543F7FBF0ACB99BDF4467FBF05A996BD9E
:101DD0006D4E7FBFE78693BDBF557FBFB46490BD96
:101DE000E95C7FBF6A428DBDEC637FBF0A208ABD7C
:101DF000C76A7FBF94FD86BD7B717FBF0ADB83BD51
:101E000008787FBF6CB880BD6D7E7FBF742B7BBDB3
:101E1000AB847FBFE9E574BDC28A7FBF38A06EBDC9
:101E2000B1907FBF625A68BD78967FBF681462BD6B
:101E3000189C7FBF4CCE5BBD91A17FBF0E8855BD66
:101E4000E3A67FBFAF414FBD0DAC7FBF2FFB48BDA9
:101E50000FB17FBF91B442BDEAB57FBFD56D3CBD28
:101E60009EBA7FBFFC2636BD2ABF7FBF07E02FBDCD
:101E70008FC37FBFF69829BDCCC77FBFCC5123BD90
:101E8000E2CB7FBF880A1DBDD1CF7FBF2CC316BD5B
:101E900098D37FBFB87B10BD37D77FBF2F340ABD23
:101EA000AFDA7FBF90EC03BD00DE7FBFB949FBBC5A
:101EB00029E17FBF2DBAEEBC2BE47FBF7B2AE2BCB9
:101EC00005E77FBFA69AD5BCB8E97FBFB00AC9BCF9
:101ED00043EC7FBF9B7ABCBCA7EE7FBF69EAAFBC77
:101EE000E3F07FBF1C5AA3BCF8F27FBFB6C996BC13
:101EF000E6F47FBF38398ABCACF67FBF4B517BBC60
:101F00004AF87FBF003062BCC1F97FBF900E49BC68
:101F100011FB7FBF02ED2FBC39FC7FBF59CB16BC34
:101F200039FD7FBF3053FBBB13FE7FBF890FC9BB99
:101F3000C4FE7FBFC1CB96BB4EFF7FBFC70F49BB5F
:101F4000B1FF7FBFD40FC9BAECFF7FBF0000008094
:101F5000000080BFD40FC93AECFF7FBFC70F493BD9
:101F6000B1FF7FBFC1CB963B4EFF7FBF890FC93BFF
:101F7000C4FE7FBF3053FB3B13FE7FBF59CB163CE3
:101F800039FD7FBF02ED2F3C39FC7FBF900E493CED
:101F900011FB7FBF0030623CC1F97FBF4B517B3CDE
:101FA0004AF87FBF38398A3CACF67FBFB6C9963C49
:101FB000E6F47FBF1C5AA33CF8F27FBF69EAAF3C4E
:101FC000E3F07FBF9B7ABC3CA7EE7FBFB00AC93C61
:101FD00043EC7FBFA69AD53CB8E97FBF7B2AE23CA1
:101FE00005E77FBF2DBAEE3C2BE47FBFB949FB3C30
:101FF00029E17FBF90EC033D00DE7FBF2F340A3D17
:10200000AFDA7FBFB87B103D37D77FBF2CC3163DFB
:1020100098D37FBF880A1D3DD1CF7FBFCC51233DD0
:10202000E2CB7FBFF698293DCCC77FBF07E02F3DAD
:102030008FC37FBFFC26363D2ABF7FBFD56D3C3D99
:102040009EBA7FBF91B4423DEAB57FBF2FFB483DAA
:102050000FB17FBFAF414F3D0DAC7FBF0E88553DE7
:10206000E3A67FBF4CCE5B3D91A17FBF6814623D6C
:10207000189C7FBF625A683D78967FBF38A06E3D3E
:10208000B1907FBFE9E5743DC28A7FBF742B7B3D71
:10209000AB847FBF6CB8803D6D7E7FBF0ADB833D24
:1020A00008787FBF94FD863D7B717FBF0A208A3D03
:1020B000C76A7FBF6A428D3DEC637FBFB464903DC9
:1020C000E95C7FBFE786933DBF557FBF05A9963D7D
:1020D0006D4E7FBF0ACB993DF4467FBFF9EC9C3D26
:1020E000543F7FBFCF0EA03D8D377FBF8C30A33DC7
:1020F0009D2F7FBF3052A63D87277FBFBA73A93D72
:10210000491F7FBF2B95AC3DE4167FBF80B6AF3D26
:10211000580E7FBFBBD7B23DA4057FBFDAF8B53DEF
:10212000C9FC7EBFDD19B93DC7F37EBFC33ABC3DD4
:102130009DEA7EBF8D5BBF3D4CE17EBF397CC23DD9
:10214000D4D77EBFC69CC53D34CE7EBF36BDC83D0C
:102150006DC47EBF86DDCB3D7FBA7EBFB7FDCE3D71
:1021600069B07EBFC81DD23D2DA67EBFB93DD53D0D
:10217000C99B7EBF895DD83D3D917EBF377DDB3DEC
:102180008B867EBFC49CDE3DB17B7EBF2EBCE13D15
:10219000B0707EBF76DBE43D88657EBF9AFAE73D8E
:1021A000385A7EBF9A19EB3DC14E7EBF7638EE3D60
:1021B00023437EBF2E57F13D5E377EBFC075F43D91
:1021C000722B7EBF2C94F73D5E1F7EBF73B2FA3D2B
:1021D00024137EBF92D0FD3DC2067EBF4577003EF0
:1021E00038FA7DBF2E06023E88ED7DBF0295033E84
:1021F000B1E07DBFC223053EB2D37DBF6EB2063EC5
:102200008CC67DBF0541083E40B97DBF86CF093EE3
:10221000CCAB7DBFF35D0B3E309E7DBF4AEC0C3EE8
:102220006E907DBF8B7A0E3E85827DBFB708103ED3
:1022300074747DBFCC96113E3D667DBFCA24133EAB
:10224000DE577DBFB2B2143E59497DBF8340163E72
:10225000AC3A7DBF3DCE173ED82B7DBFE05B193E2B
:10226000DD1C7DBF6BE91A3EBC0D7DBFDE761C3EDA
:1022700073FE7CBF38041E3E03EF7CBF7B911F3E84
:102280006CDF7CBFA51E213EAECF7CBFB6AB223E2D
:10229000C9BF7CBFAD38243EBDAF7CBF8CC5253ED9
:1022A0008A9F7CBF5152273E318F7CBFFCDE283E87
:1022B000B07E7CBF8D6B2A3E086E7CBF04F82B3E3F
:1022C0003A5D7CBF61842D3E444C7CBFA2102F3E02
:1022D000283B7CBFC99C303EE5297CBFD428323ED8
:1022E0007A187CBFC4B4333EE9067CBF9840353EC3
:1022F00031F57BBF50CC363E53E37BBFEC57383EC5
:102300004DD17BBF6CE3393E20BF7BBFCF6E3B3EE0
:10231000CDAC7BBF15FA3C3E539A7BBF3E853E3E1B
:10232000B2877BBF4910403EEA747BBF379B413E7A
:10233000FC617BBF0726433EE74E7BBFB9B0443EFE
:10234000AB3B7BBF4D3B463E48287BBFC2C5473EAB
:10235000BE147BBF1850493E0E017BBF4FDA4A3E88
:1023600037ED7ABF67644C3E3AD97ABF60EE4D3E96
:1023700016C57ABF38784F3ECBB07ABFF101513ED7
:10238000599C7ABF898B523EC1877ABF0115543E52
:1023900002737ABF589E553E1C5E7ABF8F27573E08
:1023A00010497ABFA4B0583EDD337ABF97395A3E00
:1023B000841E7ABF6AC25B3E04097ABF1A4B5D3E37
:1023C0005EF379BFA8D35E3E91DD79BF135C603EBA
:1023D0009DC779BF5CE4613E83B179BF836C633E86
:1023E000439B79BF86F4643EDC8479BF667C663E9D
:1023F0004E6E79BF2204683E9A5779BFBA8B693E08
:10240000C04079BF2F136B3EBF2979BF7F9A6C3EC6
:10241000981279BFAB216E3E4AFB78BFB2A86F3EDF
:10242000D6E378BF942F713E3BCC78BF51B6723E55
:102430007BB478BFE83C743E939C78BF5AC3753E2A
:10244000868478BFA649773E526C78BFCCCF783E61
:10245000F85378BFCB557A3E773B78BFA4DB7B3E01
:10246000D12278BF56617D3E040A78BFE1E67E3E08
:1024700010F177BF2236803EF7D777BFC0F8803E95
:10248000B7BE77BF4ABB813E51A577BFC07D823EB4
:10249000C58B77BF2240833E137277BF7002843EA4
:1024A0003A5877BFAAC4843E3C3E77BFCE86853E6D
:1024B000172477BFDF48863ECC0977BFDA0A873E0C
:1024C0005BEF76BFC1CC873EC4D476BF938E883E87
:1024D00007BA76BF5050893E249F76BFF8118A3ED6
:1024E0001B8476BF8AD38A3EEC6876BF07958B3E05
:1024F000974D76BF6E568C3E1B3276BFC0178D3E11
:102500007A1676BFFCD88D3EB3FA75BF229A8E3EFE
:10251000C6DE75BF325B8F3EB3C275BF2C1C903ECA
:102520007BA675BF10DD903E1C8A75BFDD9D913E78
:10253000976D75BF945E923EED5075BF351F933E0B
:102540001D3475BFBFDF933E271775BF31A0943E82
:102550000BFA74BF8D60953EC9DC74BFD220963EE5
:1025600062BF74BF00E1963ED5A174BF17A1973E2C
:10257000228474BF1661983E496674BFFE20993E5E
:102580004B4874BFCEE0993E272A74BF86A09A3E7E
:10259000DD0B74BF27609B3E6EED73BFAF1F9C3E8B
:1025A000D9CE73BF20DF9C3E1FB073BF789E9D3E87
:1025B0003F9173BFB85D9E3E397273BFDF1C9F3E73
:1025C0000E5373BFEEDB9F3EBE3373BFE59AA03E52
:1025D000471473BFC259A13EACF472BF8718A23E24
:1025E000EBD472BF33D7A23E04B572BFC595A33EEC
:1025F000F89472BF3F54A43EC77472BF9F12A53EA9
:10260000705472BFE5D0A53EF43372BF128FA63E60
:10261000521372BF254DA73E8CF271BF1F0BA83E0F
:102620009FD171BFFEC8A83E8EB071BFC486A93EBF
:10263000578F71BF6F44AA3EFB6D71BF0102AB3E65
:102640007A4C71BF77BFAB3ED42A71BFD47CAC3E0D
:10265000080971BF153AAD3E17E770BF3CF7AD3EB4
:1026600002C570BF49B4AE3EC6A270BF3A71AF3E5C
:10267000668070BF102EB03EE15D70BFCBEAB03E09
:10268000373B70BF6BA7B13E671870BFEF63B23EB8
:1026900073F56FBF5820B33E5AD26FBFA5DCB33E6F
:1026A0001BAF6FBFD698B43EB88B6FBFEC54B53E2E
:1026B00030686FBFE610B63E83446FBFC3CCB63EF2
:1026C000B0206FBF8488B73EBAFC6EBF2A44B83EC4
:1026D0009ED86EBFB2FFB83E5DB46EBF1EBBB93EA2
:1026E000F88F6EBF6E76BA3E6D6B6EBFA031BB3E8B
:1026F000BE466EBFB6ECBB3EEB216EBFAFA7BC3E85
:10270000F2FC6DBF8B62BD3ED5D76DBF4A1DBE3E8C
:1027100093B26DBFEBD7BE3E2D8D6DBF6F92BF3EA6
:10272000A1676DBFD54CC03EF2416DBF1E07C13ED3
:102730001D1C6DBF48C1C13E24F66CBF557BC23E17
:1027400007D06CBF4435C33EC5A96CBF15EFC33E6F
:102750005E836CBFC8A8C43ED45C6CBF5C62C53EDF
:1027600024366CBFD21BC63E500F6CBF29D5C63E67
:1027700058E86BBF628EC73E3BC16BBF7C47C83E0B
:10278000FB996BBF7700C93E95726BBF53B9C93EC9
:102790000C4B6BBF1072CA3E5E236BBFAE2ACB3EA2
:1027A0008CFB6ABF2CE3CB3E95D36ABF8B9BCC3EA0
:1027B0007BAB6ABFCA53CD3E3C836ABFEA0BCE3EB9
:1027C000D95A6ABFEAC3CE3E52326ABFCA7BCF3EF5
:1027D000A7096ABF8A33D03ED7E069BF2AEBD03E53
:1027E000E4B769BFAAA2D13ECC8E69BF095AD23ED6
:1027F000916569BF4811D33E323C69BF67C8D33E7B
:10280000AE1269BF647FD43E07E968BF4136D53E4A
:102810003CBF68BFFDECD53E4C9568BF99A3D63E42
:10282000396B68BF135AD73E034168BF6B10D83E5F
:10283000A81668BFA3C6D83E2AEC67BFB97CD93EAC
:1028400087C167BFAD32DA3EC19667BF80E8DA3E26
:10285000D86B67BF319EDB3ECA4067BFC153DC3EC9
:10286000991567BF2E09DD3E45EA66BF79BEDD3E9C
:10287000CCBE66BFA273DE3E309366BFA928DF3EA2
:10288000716766BF8DDDDF3E8E3B66BF4F92E03ED7
:10289000880F66BFEE46E13E5EE365BF6AFBE13E40
:1028A00010B765BFC4AFE23EA08A65BFFA63E33EDE
:1028B0000B5E65BF0E18E43E543165BFFECBE43EAF
:1028C000790465BFCB7FE53E7BD764BF7533E63EB9
:1028D00059AA64BFFBE6E63E147D64BF5D9AE73EFD
:1028E000AC4F64BF9C4DE83E212264BFB700E93E77
:1028F00073F463BFAEB3E93EA1C663BF8166EA3E2F
:10290000AC9863BF3019EB3E956A63BFBBCBEB3E1F
:102910005A3C63BF217EEC3EFC0D63BF6330ED3E4D
:102920007BDF62BF80E2ED3ED7B062BF7994EE3EBE
:10293000108262BF4C46EF3E265362BFFBF7EF3E6C
:102940001A2462BF85A9F03EEAF461BFEA5AF13E5B
:1029500098C561BF290CF23E229661BF43BDF23E8D
:102960008A6661BF386EF33ED03661BF071FF43E02
:10297000F20661BFB1CFF43EF2D660BF3580F53EBE
:10298000CFA660BF9330F63E897660BFCBE0F63EBF
:10299000214660BFDC90F73E961560BFC840F83E08
:1029A000E9E45FBF8EF0F83E19B45FBF2DA0F93E99
:1029B00027835FBFA54FFA3E12525FBFF7FEFA3E74
:1029C000DB205FBF22AEFB3E81EF5EBF275DFC3E9A
:1029D00005BE5EBF040CFD3E678C5EBFBBBAFD3E0C
:1029E000A65A5EBF4A69FE3EC3285EBFB217FF3ECD
:1029F000BEF65DBFF3C5FF3E97C45DBF063A003F1C
:102A00004D925DBFFF90003FE15F5DBFE4E7003F97
:102A1000532D5DBFB53E013FA3FA5CBF7395013FE7
:102A2000D1C75CBF1CEC013FDD945CBFB142023FEB
:102A3000C7615CBF3299023F8E2E5CBF9FEF023FA1
:102A400034FB5BBFF845033FB8C75BBF3D9C033F0A
:102A50001A945BBF6DF2033F5A605BBF8948043F25
:102A6000792C5BBF919E043F75F85ABF84F4043FF4
:102A700050C45ABF624A053F09905ABF2CA0053F77
:102A8000A05B5ABFE2F5053F16275ABF824B063FAF
:102A90006AF259BF0EA1063F9CBD59BF86F6063F9C
:102AA000AD8859BFE84B073F9C5359BF36A1073F3C
:102AB0006A1E59BF6FF6073F17E958BF924B083F90
:102AC000A1B358BFA1A0083F0B7E58BF9BF5083F9C
:102AD000534858BF7F4A093F791258BF4E9F093F5C
:102AE0007FDC57BF09F4093F63A657BFAD480A3FD3
:102AF000267057BF3D9D0A3FC73957BFB7F10A3F00
:102B0000480357BF1C460B3FA7CC56BF6B9A0B3FE1
:102B1000E59556BFA5EE0B3F025F56BFC9420C3F7D
:102B2000FE2756BFD7960C3FD9F055BFD0EA0C3FD1
:102B300093B955BFB33E0D3F2C8255BF81920D3FD7
:102B4000A44A55BF38E60D3FFB1255BFDA390E3F98
:102B500031DB54BF658D0E3F47A354BFDBE00E3F12
:102B60003B6B54BF3B340F3F0F3354BF84870F3F41
:102B7000C3FA53BFB8DA0F3F55C253BFD52D103F2C
:102B8000C78953BFDC80103F185153BFCDD3103FCE
:102B9000491853BFA726113F59DF52BF6B79113F28
:102BA00049A652BF19CC113F186D52BFB01E123F3B
:102BB000C63352BF3071123F54FA51BF9AC3123F0D
:102BC000C2C051BFEE15133F108751BF2A68133F93
:102BD0003D4D51BF50BA133F4A1351BF5F0C143FD4
:102BE00037D950BF585E143F039F50BF39B0143FD0
:102BF000AF6450BF0402153F3B2A50BFB753153F87
:102C0000A8EF4FBF54A5153FF4B44FBFD9F6153FF9
:102C10001F7A4FBF4748163F2B3F4FBF9F99163F24
:102C200017044FBFDFEA163FE4C84EBF073C173F0B
:102C3000908D4EBF188D173F1C524EBF12DE173FAE
:102C400089164EBFF52E183FD5DA4DBFC07F183F0D
:102C5000029F4DBF73D0183F10634DBF0F21193F26
:102C6000FD264DBF9471193FCBEA4CBF00C2193FFE
:102C700079AE4CBF55121A3F08724CBF93621A3F8F
:102C800078354CBFB8B21A3FC7F84BBFC6021B3FDE
:102C9000F8BB4BBFBB521B3F097F4BBF99A21B3FE9
:102CA000FA414BBF5FF21B3FCC044BBF0C421C3FB1
:102CB0007FC74ABFA2911C3F138A4ABF1FE11C3F36
:102CC000874C4ABF84301D3FDC0E4ABFD17F1D3F79
:102CD00012D149BF06CF1D3F299349BF221E1E3F77
:102CE000215549BF266D1E3FFA1649BF12BC1E3F33
:102CF000B3D848BFE50A1F3F4E9A48BF9F591F3FB0
:102D0000CA5B48BF41A81F3F271D48BFCBF61F3FE6
:102D100065DE47BF3B45203F849F47BF9393203FDD
:102D2000856047BFD2E1203F672147BFF92F213F90
:102D30002AE246BF067E213FCEA246BFFBCB213F03
:102D4000546346BFD719223FBB2346BF9967223F32
:102D500003E445BF43B5223F2DA445BFD302233F23
:102D6000396445BF4B50233F262445BFA99D233FCF
:102D7000F5E344BFEEEA233FA5A344BF1A38243F3E
:102D8000376344BF2C85243FAB2244BF25D2243F68
:102D900000E243BF041F253F38A143BFCB6B253F53
:102DA000516043BF77B8253F4C1F43BF0A05263FFC
:102DB00029DE42BF8451263FE89C42BFE39D263F67
:102DC000895B42BF2AEA263F0B1A42BF5636273F8D
:102DD00070D841BF6882273FB79641BF61CE273F79
:102DE000E15441BF401A283FEC1241BF0566283F1D
:102DF000DAD040BFB0B1283FA98E40BF41FD283F87
:102E00005C4C40BFB848293FF00940BF1594293FAA
:102E100067C73FBF57DF293FC0843FBF802A2A3F93
:102E2000FC413FBF8E752A3F1BFF3EBF82C02A3F39
:102E30001BBC3EBF5B0B2B3FFF783EBF1B562B3F9F
:102E4000C5353EBFBFA02B3F6EF23DBF4AEB2B3FC7
:102E5000F9AE3DBFB9352C3F676B3DBF0F802C3FAE
:102E6000B8273DBF49CA2C3FECE33CBF69142D3F56
:102E700003A03CBF6F5E2D3FFC5B3CBF59A82D3FBC
:102E8000D9173CBF29F22D3F98D33BBFDE3B2E3FE5
:102E90003B8F3BBF78852E3FC14A3BBFF7CE2E3FCD
:102EA00029063BBF5B182F3F75C13ABFA5612F3F75
:102EB000A47C3ABFD3AA2F3FB7373ABFE6F32F3FE0
:102EC000ACF239BFDE3C303F85AD39BFBB85303F0A
:102ED000426839BF7CCE303FE12239BF2217313FF3
:102EE00065DD38BFAD5F313FCB9738BF1DA8313F9F
:102EF000165238BF71F0313F430C38BFAA38323F09
:102F000055C637BFC780323F4A8037BFC9C8323F36
:102F1000233A37BFAF10333FDFF336BF7A58333F22
:102F20007FAD36BF29A0333F046736BFBCE7333FD0
:102F30006C2036BF342F343FB8D935BF8F76343F3D
:102F4000E79235BFCFBD343FFB4B35BFF304353F70
:102F5000F30435BFFB4B353FCFBD34BFE792353F60
:102F60008F7634BFB8D9353F342F34BF6C20363F0D
:102F7000BCE733BF0467363F29A033BF7FAD363F80
:102F80007A5833BFDFF3363FAF1033BF233A373FB2
:102F9000C9C832BF4A80373FC78032BF55C6373FA6
:102FA000AA3832BF430C383F71F031BF1652383F58
:102FB0001DA831BFCB97383FAD5F31BF65DD383FCE
:102FC000221731BFE122393F7CCE30BF4268393F02
:102FD000BB8530BF85AD393FDE3C30BFACF2393FF9
:102FE000E6F32FBFB7373A3FD3AA2FBFA47C3A3FAF
:102FF000A5612FBF75C13A3F5B182FBF29063B3F24
:10300000F7CE2EBFC14A3B3F78852EBF3B8F3B3F5B
:10301000DE3B2EBF98D33B3F29F22DBFD9173C3F53
:1030200059A82DBFFC5B3C3F6F5E2DBF03A03C3F0A
:1030300069142DBFECE33C3F49CA2CBFB8273D3F84
:103040000F802CBF676B3D3FB9352CBFF9AE3D3FBC
:103050004AEB2BBF6EF23D3FBFA02BBFC5353E3FB5
:103060001B562BBFFF783E3F5B0B2BBF1BBC3E3F6D
:1030700082C02ABF1BFF3E3F8E752ABFFC413F3FE7
:10308000802A2ABFC0843F3F57DF29BF67C73F3F21
:10309000159429BFF009403FB84829BF5C4C403F18
:1030A00041FD28BFA98E403FB0B128BFDAD0403FD4
:1030B000056628BFEC12413F401A28BFE154413F4A
:1030C00061CE27BFB796413F688227BF70D8413F86
:1030D000563627BF0B1A423F2AEA26BF895B423F7A
:1030E000E39D26BFE89C423F845126BF29DE423F34
:1030F0000A0526BF4C1F433F77B825BF5160433FA9
:10310000CB6B25BF38A1433F041F25BF00E2433FDF
:1031100025D224BFAB22443F2C8524BF3763443FD4
:103120001A3824BFA5A3443FEEEA23BFF5E3443F8A
:10313000A99D23BF2624453F4B5023BF3964453FFB
:10314000D30223BF2DA4453F43B522BF03E4453F2F
:10315000996722BFBB23463FD71922BF5463463F1E
:10316000FBCB21BFCEA2463F067E21BF2AE2463FCF
:10317000F92F21BF6721473FD2E120BF8560473F3C
:10318000939320BF849F473F3B4520BF65DE473F69
:10319000CBF61FBF271D483F41A81FBFCA5B483F52
:1031A0009F591FBF4E9A483FE50A1FBFB3D8483FFB
:1031B00012BC1EBFFA16493F266D1EBF2155493F5E
:1031C000221E1EBF2993493F06CF1DBF12D1493F82
:1031D000D17F1DBFDC0E4A3F84301DBF874C4A3F64
:1031E0001FE11CBF138A4A3FA2911CBF7FC74A3F01
:1031F0000C421CBFCC044B3F5FF21BBFFA414B3F5C
:1032000099A21BBF097F4B3FBB521BBFF8BB4B3F73
:10321000C6021BBFC7F84B3FB8B21ABF78354C3F48
:1032200093621ABF08724C3F55121ABF79AE4C3FD9
:1032300000C219BFCBEA4C3F947119BFFD264D3F28
:103240000F2119BF10634D3F73D018BF029F4D3F30
:10325000C07F18BFD5DA4D3FF52E18BF89164E3FF7
:1032600012DE17BF1C524E3F188D17BF908D4E3F78
:10327000073C17BFE4C84E3FDFEA16BF17044F3FB5
:103280009F9916BF2B3F4F3F474816BF1F7A4F3FAE
:10329000D9F615BFF4B44F3F54A515BFA8EF4F3F63
:1032A000B75315BF3B2A503F040215BFAF64503FD0
:1032B00039B014BF039F503F585E14BF37D9503FF9
:1032C0005F0C14BF4A13513F50BA13BF3D4D513FDD
:1032D0002A6813BF1087513FEE1513BFC2C0513F7C
:1032E0009AC312BF54FA513F307112BFC633523FD6
:1032F000B01E12BF186D523F19CC11BF49A6523FE4
:103300006B7911BF59DF523FA72611BF4918533FB0
:10331000CDD310BF1851533FDC8010BFC789533F36
:10332000D52D10BF55C2533FB8DA0FBFC3FA533F74
:1033300084870FBF0F33543F3B340FBF3B6B543F69
:10334000DBE00EBF47A3543F658D0EBF31DB543F1A
:10335000DA390EBFFB12553F38E60DBFA44A553F80
:1033600081920DBF2C82553FB33E0DBF93B9553F9F
:10337000D0EA0CBFD9F0553FD7960CBFFE27563F79
:10338000C9420CBF025F563FA5EE0BBFE595563F05
:103390006B9A0BBFA7CC563F1C460BBF4803573F49
:1033A000B7F10ABFC739573F3D9D0ABF2670573F47
:1033B000AD480ABF63A6573F09F409BF7FDC573FFA
:1033C0004E9F09BF7912583F7F4A09BF5348583F63
:1033D0009BF508BF0B7E583FA1A008BFA1B3583F83
:1033E000924B08BF17E9583F6FF607BF6A1E593F57
:1033F00036A107BF9C53593FE84B07BFAD88593FE3
:1034000086F606BF9CBD593F0EA106BF6AF2593F22
:10341000824B06BF16275A3FE2F505BFA05B5A3F15
:103420002CA005BF09905A3F624A05BF50C45A3FBD
:1034300084F404BF75F85A3F919E04BF792C5B3F1A
:10344000894804BF5A605B3F6DF203BF1A945B3F2B
:103450003D9C03BFB8C75B3FF84503BF34FB5B3FF0
:103460009FEF02BF8E2E5C3F329902BFC7615C3F67
:10347000B14202BFDD945C3F1CEC01BFD1C75C3F91
:10348000739501BFA3FA5C3FB53E01BF532D5D3F6D
:10349000E4E700BFE15F5D3FFF9000BF4D925D3FFD
:1034A000063A00BF97C45D3FF3C5FFBEBEF65D3F61
:1034B000B217FFBEC3285E3F4A69FEBEA65A5E3FF2
:1034C000BBBAFDBE678C5E3F040CFDBE05BE5E3F11
:1034D000275DFCBE81EF5E3F22AEFBBEDB205F3F7F
:1034E000F7FEFABE12525F3FA54FFABE27835F3F39
:1034F0002DA0F9BE19B45F3F8EF0F8BEE9E45F3F3E
:10350000C840F8BE9615603FDC90F7BE2146603F8C
:10351000CBE0F6BE8976603F9330F6BECFA6603F23
:103520003580F5BEF2D6603FB1CFF4BEF206613F02
:10353000071FF4BED036613F386EF3BE8A66613F26
:1035400043BDF2BE2296613F290CF2BE98C5613F91
:10355000EA5AF1BEEAF4613F85A9F0BE1A24623F3F
:10356000FBF7EFBE2653623F4C46EFBE1082623F30
:103570007994EEBED7B0623F80E2EDBE7BDF623F62
:103580006330EDBEFC0D633F217EECBE5A3C633FD1
:10359000BBCBEBBE956A633F3019EBBEAC98633F83
:1035A0008166EABEA1C6633FAEB3E9BE73F4633F72
:1035B000B700E9BE2122643F9C4DE8BEAC4F643F9A
:1035C0005D9AE7BE147D643FFBE6E6BE59AA643F00
:1035D0007533E6BE7BD7643FCB7FE5BE7904653F9C
:1035E000FECBE4BE5431653F0E18E4BE0B5E653F72
:1035F000FA63E3BEA08A653FC4AFE2BE10B7653F81
:103600006AFBE1BE5EE3653FEE46E1BE880F663FC2
:103610004F92E0BE8E3B663F8DDDDFBE7167663F39
:10362000A928DFBE3093663FA273DEBECCBE663FE4
:1036300079BEDDBE45EA663F2E09DDBE9915673FBE
:10364000C153DCBECA40673F319EDBBED86B673FCB
:1036500080E8DABEC196673FAD32DABE87C1673F08
:10366000B97CD9BE2AEC673FA3C6D8BEA816683F6E
:103670006B10D8BE0341683F135AD7BE396B683F01
:1036800099A3D6BE4C95683FFDECD5BE3CBF683FC4
:103690004136D5BE07E9683F647FD4BEAE12693FAC
:1036A00067C8D3BE323C693F4811D3BE9165693FBC
:1036B000095AD2BECC8E693FAAA2D1BEE4B7693FF7
:1036C0002AEBD0BED7E0693F8A33D0BEA7096A3F54
:1036D000CA7BCFBE52326A3FEAC3CEBED95A6A3FD6
:1036E000EA0BCEBE3C836A3FCA53CDBE7BAB6A3F7A
:1036F0008B9BCCBE95D36A3F2CE3CBBE8CFB6A3F41
:10370000AE2ACBBE5E236B3F1072CABE0C4B6B3F22
:1037100053B9C9BE95726B3F7700C9BEFB996B3F29
:103720007C47C8BE3BC16B3F628EC7BE58E86B3F4B
:1037300029D5C6BE500F6C3FD21BC6BE24366C3F87
:103740005C62C5BED45C6C3FC8A8C4BE5E836C3FDF
:1037500015EFC3BEC5A96C3F4435C3BE07D06C3F4F
:10376000557BC2BE24F66C3F48C1C1BE1D1C6D3FD7
:103770001E07C1BEF2416D3FD54CC0BEA1676D3F73
:103780006F92BFBE2D8D6D3FEBD7BEBE93B26D3F26
:103790004A1DBEBED5D76D3F8B62BDBEF2FC6D3FEC
:1037A000AFA7BCBEEB216E3FB6ECBBBEBE466E3FC4
:1037B000A031BBBE6D6B6E3F6E76BABEF88F6E3FAA
:1037C0001EBBB9BE5DB46E3FB2FFB8BE9ED86E3FA1
:1037D0002A44B8BEBAFC6E3F8488B7BEB0206F3FA3
:1037E000C3CCB6BE83446F3FE610B6BE30686F3FB1
:1037F000EC54B5BEB88B6F3FD698B4BE1BAF6F3FCD
:10380000A5DCB3BE5AD26F3F5820B3BE73F56F3FED
:10381000EF63B2BE6718703F6BA7B1BE373B703F16
:10382000CBEAB0BEE15D703F102EB0BE6680703F47
:103830003A71AFBEC6A2703F49B4AEBE02C5703F7A
:103840003CF7ADBE17E7703F153AADBE0809713FB2
:10385000D47CACBED42A713F77BFABBE7A4C713FEB
:103860000102ABBEFB6D713F6F44AABE578F713F23
:10387000C486A9BE8EB0713FFEC8A8BE9FD1713F5D
:103880001F0BA8BE8CF2713F254DA7BE5213723F8D
:10389000128FA6BEF433723FE5D0A5BE7054723FBE
:1038A0009F12A5BEC774723F3F54A4BEF894723FE6
:1038B000C595A3BE04B5723F33D7A2BEEBD4723F09
:1038C0008718A2BEACF4723FC259A1BE4714733F21
:1038D000E59AA0BEBE33733FEEDB9FBE0E53733F2F
:1038E000DF1C9FBE3972733FB85D9EBE3F91733F30
:1038F000789E9DBE1FB0733F20DF9CBED9CE733F24
:10390000AF1F9CBE6EED733F27609BBEDD0B743F07
:1039100086A09ABE272A743FCEE099BE4B48743FDA
:10392000FE2099BE4966743F166198BE2284743F9A
:1039300017A197BED5A1743F00E196BE62BF743F48
:10394000D22096BEC9DC743F8D6095BE0BFA743FE1
:1039500031A094BE2717753FBFDF93BE1D34753F5E
:10396000351F93BEED50753F945E92BE976D753FC7
:10397000DD9D91BE1C8A753F10DD90BE7BA6753F14
:103980002C1C90BEB3C2753F325B8FBEC6DE753F46
:10399000229A8EBEB3FA753FFCD88DBE7A16763F5A
:1039A000C0178DBE1B32763F6E568CBE974D763F4C
:1039B00007958BBEEC68763F8AD38ABE1B84763F20
:1039C000F8118ABE249F763F505089BE07BA763FD1
:1039D000938E88BEC4D4763FC1CC87BE5BEF763F62
:1039E000DA0A87BECC09773FDF4886BE1724773FC7
:1039F000CE8685BE3C3E773FAAC484BE3A58773F08
:103A0000700284BE1372773F224083BEC58B773F1E
:103A1000C07D82BE51A5773F4ABB81BEB7BE773F0E
:103A2000C0F880BEF7D7773F223680BE10F1773FCF
:103A3000E1E67EBE040A783F56617DBED122783F22
:103A4000A4DB7BBE773B783FCB557ABEF853783FFB
:103A5000CCCF78BE526C783FA64977BE8684783F3B
:103A60005AC375BE939C783FE83C74BE7BB4783FE4
:103A700051B672BE3BCC783F942F71BED6E3783FEF
:103A8000B2A86FBE4AFB783FAB216EBE9812793F59
:103A90007F9A6CBEBF29793F2F136BBEC040793F20
:103AA000BA8B69BE9A57793F220468BE4E6E793F41
:103AB000667C66BEDC84793F86F464BE439B793FB6
:103AC000836C63BE83B1793F5CE461BE9DC7793F7F
:103AD000135C60BE91DD793FA8D35EBE5EF3793F93
:103AE0001A4B5DBE04097A3F6AC25BBE841E7A3FF0
:103AF00097395ABEDD337A3FA4B058BE10497A3F99
:103B00008F2757BE1C5E7A3F589E55BE02737A3F80
:103B1000011554BEC1877A3F898B52BE599C7A3FAA
:103B2000F10151BECBB07A3F38784FBE16C57A3F0F
:103B300060EE4DBE3AD97A3F67644CBE37ED7A3FAE
:103B40004FDA4ABE0E017B3F185049BEBE147B3F80
:103B5000C2C547BE48287B3F4D3B46BEAB3B7B3F83
:103B6000B9B044BEE74E7B3F072643BEFC617B3FB6
:103B7000379B41BEEA747B3F491040BEB2877B3F12
:103B80003E853EBE539A7B3F15FA3CBECDAC7B3F93
:103B9000CF6E3BBE20BF7B3F6CE339BE4DD17B3F38
:103BA000EC5738BE53E37B3F50CC36BE31F57B3FFC
:103BB000984035BEE9067C3FC4B433BE7A187C3FDA
:103BC000D42832BEE5297C3FC99C30BE283B7C3FCF
:103BD000A2102FBE444C7C3F61842DBE3A5D7C3FD9
:103BE00004F82BBE086E7C3F8D6B2ABEB07E7C3FF6
:103BF000FCDE28BE318F7C3F515227BE8A9F7C3F1E
:103C00008CC525BEBDAF7C3FAD3824BEC9BF7C3F4F
:103C1000B6AB22BEAECF7C3FA51E21BE6CDF7C3F83
:103C20007B911FBE03EF7C3F38041EBE73FE7C3FBA
:103C3000DE761CBEBC0D7D3F6BE91ABEDD1C7D3FF0
:103C4000E05B19BED82B7D3F3DCE17BEAC3A7D3F21
:103C5000834016BE59497D3FB2B214BEDE577D3F48
:103C6000CA2413BE3D667D3FCC9611BE74747D3F61
:103C7000B70810BE85827D3F8B7A0EBE6E907D3F69
:103C80004AEC0CBE309E7D3FF35D0BBECCAB7D3F5E
:103C900086CF09BE40B97D3F054108BE8CC67D3F39
:103CA0006EB206BEB2D37D3FC22305BEB1E07D3FFA
:103CB000029503BE88ED7D3F2E0602BE38FA7D3F99
:103CC000457700BEC2067E3F92D0FDBD24137E3FE5
:103CD00073B2FABD5E1F7E3F2C94F7BD722B7E3F00
:103CE000C075F4BD5E377E3F2E57F1BD23437E3F46
:103CF0007638EEBDC14E7E3F9A19EBBD385A7E3FF5
:103D00009AFAE7BD88657E3F76DBE4BDB0707E3F02
:103D10002EBCE1BDB17B7E3FC49CDEBD8B867E3F69
:103D2000377DDBBD3D917E3F895DD8BDC99B7E3F20
:103D3000B93DD5BD2DA67E3FC81DD2BD69B07E3F21
:103D4000B7FDCEBD7FBA7E3F86DDCBBD6DC47E3F65
:103D500036BDC8BD34CE7E3FC69CC5BDD4D77E3FE0
:103D6000397CC2BD4CE17E3F8D5BBFBD9DEA7E3F8D
:103D7000C33ABCBDC7F37E3FDD19B9BDC9FC7E3F68
:103D8000DAF8B5BDA4057F3FBBD7B2BD580E7F3F63
:103D900080B6AFBDE4167F3F2B95ACBD491F7F3F7A
:103DA000BA73A9BD87277F3F3052A6BD9D2F7F3FA5
:103DB0008C30A3BD8D377F3FCF0EA0BD543F7F3FDA
:103DC000F9EC9CBDF4467F3F0ACB99BD6D4E7F3F19
:103DD00005A996BDBF557F3FE78693BDE95C7F3F50
:103DE000B46490BDEC637F3F6A428DBDC76A7F3F7C
:103DF0000A208ABD7B717F3F94FD86BD08787F3F96
:103E00000ADB83BD6D7E7F3F6CB880BDAB847F3F96
:103E1000742B7BBDC28A7F3FE9E574BDB1907F3FC3
:103E200038A06EBD78967F3F625A68BD189C7F3F70
:103E3000681462BD91A17F3F4CCE5BBDE3A67F3F7E
:103E40000E8855BD0DAC7F3FAF414FBD0FB17F3FD9
:103E50002FFB48BDEAB57F3F91B442BD9EBA7F3F7C
:103E6000D56D3CBD2ABF7F3FFC2636BD8FC37F3F4B
:103E700007E02FBDCCC77F3FF69829BDE2CB7F3F3F
:103E8000CC5123BDD1CF7F3F880A1DBD98D37F3F42
:103E90002CC316BD37D77F3FB87B10BDAFDA7F3F4D
:103EA0002F340ABD00DE7F3F90EC03BD29E17F3F48
:103EB000B949FBBC2BE47F3F2DBAEEBC05E77F3F41
:103EC0007B2AE2BCB8E97F3FA69AD5BC43EC7F3F92
:103ED000B00AC9BCA7EE7F3F9B7ABCBCE3F07F3F32
:103EE00069EAAFBCF8F27F3F1C5AA3BCE6F47F3FFF
:103EF000B6C996BCACF67F3F38398ABC4AF87F3FDA
:103F00004B517BBCC1F97F3F003062BC11FB7F3F4E
:103F1000900E49BC39FC7F3F02ED2FBC39FD7F3F3D
:103F200059CB16BC13FE7F3F3053FBBBC4FE7F3F13
:103F3000890FC9BB4EFF7F3FC1CB96BBB1FF7F3F0F
:103F4000C70F49BBECFF7F3FD40FC9BA0000803FC9
:103F50000000000011FB7F3F900E493C43EC7F3F87
:103F6000B00AC93C98D37F3F2CC3163D0FB17F3FA9
:103F70002FFB483DAB847F3F742B7B3D6D4E7F3FD5
:103F800005A9963D580E7F3F80B6AF3D6DC47E3F7C
:103F900036BDC83DB0707E3F2EBCE13D24137E3F50
:103FA00073B2FA3DCCAB7D3F86CF093EAC3A7D3F44
:103FB0008340163EC9BF7C3FB6AB223E283B7C3FC8
:103FC000A2102F3ECDAC7B3FCF6E3B3EBE147B3F5D
:103FD000C2C5473E02737A3F0115543E9DC7793FE3
:103FE000135C603E9812793F7F9A6C3EF853783F9D
:103FF000CCCF783EC58B773FC07D823E07BA763FF7
:10400000938E883EC6DE753F229A8E3E0BFA743F31
:1040100031A0943EDD0B743F86A09A3E4714733F57
:10402000E59AA03E5213723F128FA63E0809713FD7
:10403000D47CAC3E73F56F3FEF63B23E9ED86E3FCB
:104040002A44B83E93B26D3F4A1DBE3E5E836C3F2C
:1040500015EFC33E0C4B6B3F53B9C93EA7096A3FEE
:10406000CA7BCF3E3CBF683F4136D53ED86B673FE9
:1040700080E8DA3E880F663F4F92E03E59AA643FDF
:104080007533E63E5A3C633FBBCBEB3E98C5613F80
:10409000EA5AF13E2146603FCBE0F63E05BE5E3F68
:1040A000275DFC3E532D5D3FE4E7003F1A945B3FE4
:1040B0003D9C033F6AF2593F824B063F5348583FAD
:1040C0009BF5083FE595563F6B9A0B3F31DB543F1C
:1040D000DA390E3F4918533FCDD3103F3D4D513F84
:1040E0002A68133F1F7A4F3FD9F6153F029F4D3F75
:1040F000C07F183FF8BB4B3FC6021B3F12D1493F60
:10410000D17F1D3F65DE473FCBF61F3F03E4453FB0
:104110009967223F00E2433F25D2243F70D8413FB8
:104120005636273F67C73F3F1594293FF9AE3D3FBD
:104130004AEB2B3F3B8F3B3FDE3B2E3F4268393FF4
:10414000BB85303F233A373FC9C8323FF304353F80
:10415000F304353FC9C8323F233A373FBB85303F70
:104160004268393FDE3B2E3F3B8F3B3F4AEB2B3FC4
:10417000F9AE3D3F1594293F67C73F3F5636273F6D
:1041800070D8413F25D2243F00E2433F9967223F48
:1041900003E4453FCBF61F3F65DE473FD17F1D3F20
:1041A00012D1493FC6021B3FF8BB4B3FC07F183FAF
:1041B000029F4D3FD9F6153F1F7A4F3F2A68133FA4
:1041C0003D4D513FCDD3103F4918533FDA390E3F93
:1041D00031DB543F6B9A0B3FE595563F9BF5083F0B
:1041E0005348583F824B063F6AF2593F3D9C033F7C
:1041F0001A945B3FE4E7003F532D5D3F275DFC3E93
:1042000005BE5E3FCBE0F63E2146603FEA5AF13EF6
:1042100098C5613FBBCBEB3E5A3C633F7533E63EEE
:1042200059AA643F4F92E03E880F663F80E8DA3E2D
:10423000D86B673F4136D53E3CBF683FCA7BCF3E17
:10424000A7096A3F53B9C93E0C4B6B3F15EFC33EFC
:104250005E836C3F4A1DBE3E93B26D3F2A44B83E1A
:104260009ED86E3FEF63B23E73F56F3FD47CAC3E99
:104270000809713F128FA63E5213723FE59AA03E85
:104280004714733F86A09A3EDD0B743F31A0943EE5
:104290000BFA743F229A8E3EC6DE753F938E883E9F
:1042A00007BA763FC07D823EC58B773FCCCF783E44
:1042B000F853783F7F9A6C3E9812793F135C603ECA
:1042C0009DC7793F0115543E02737A3FC2C5473EF0
:1042D000BE147B3FCF6E3B3ECDAC7B3FA2102F3E4A
:1042E000283B7C3FB6AB223EC9BF7C3F8340163E95
:1042F000AC3A7D3F86CF093ECCAB7D3F73B2FA3DF1
:1043000024137E3F2EBCE13DB0707E3F36BDC83DDC
:104310006DC47E3F80B6AF3D580E7F3F05A9963DE8
:104320006D4E7F3F742B7B3DAB847F3F2FFB483D21
:104330000FB17F3F2CC3163D98D37F3FB00AC93CD5
:1043400043EC7F3F900E493C11FB7F3F0000000093
:104350000000803F900E49BC11FB7F3FB00AC9BCF2
:1043600043EC7F3F2CC316BD98D37F3F2FFB48BD46
:104370000FB17F3F742B7BBDAB847F3F05A996BDFA
:104380006D4E7F3F80B6AFBD580E7F3F36BDC8BD76
:104390006DC47E3F2EBCE1BDB0707E3F73B2FABDEE
:1043A00024137E3F86CF09BECCAB7D3F834016BE33
:1043B000AC3A7D3FB6AB22BEC9BF7C3FA2102FBE38
:1043C000283B7C3FCF6E3BBECDAC7B3FC2C547BEDA
:1043D000BE147B3F011554BE02737A3F135C60BE6E
:1043E0009DC7793F7F9A6CBE9812793FCCCF78BE3B
:1043F000F853783FC07D82BEC58B773F938E88BED1
:1044000007BA763F229A8EBEC6DE753F31A094BEB3
:104410000BFA743F86A09ABEDD0B743FE59AA0BEEE
:104420004714733F128FA6BE5213723FD47CACBEAA
:104430000809713FEF63B2BE73F56F3F2A44B8BEFF
:104440009ED86E3F4A1DBEBE93B26D3F15EFC3BEF0
:104450005E836C3F53B9C9BE0C4B6B3FCA7BCFBE6A
:10446000A7096A3F4136D5BE3CBF683F80E8DABE47
:10447000D86B673F4F92E0BE880F663F7533E6BE4C
:1044800059AA643FBBCBEBBE5A3C633FEA5AF1BE2C
:1044900098C5613FCBE0F6BE2146603F275DFCBE7C
:1044A00005BE5E3FE4E700BF532D5D3F3D9C03BF6B
:1044B0001A945B3F824B06BF6AF2593F9BF508BFD7
:1044C0005348583F6B9A0BBFE595563FDA390EBFFC
:1044D00031DB543FCDD310BF4918533F2A6813BF77
:1044E0003D4D513FD9F615BF1F7A4F3FC07F18BFD2
:1044F000029F4D3FC6021BBFF8BB4B3FD17F1DBF84
:1045000012D1493FCBF61FBF65DE473F996722BFF7
:1045100003E4453F25D224BF00E2433F563627BF80
:1045200070D8413F159429BF67C73F3F4AEB2BBF67
:10453000F9AE3D3FDE3B2EBF3B8F3B3FBB8530BFDF
:104540004268393FC9C832BF233A373FF30435BF09
:10455000F304353F233A37BFC9C8323F426839BFF9
:10456000BB85303F3B8F3BBFDE3B2E3FF9AE3DBFAF
:104570004AEB2B3F67C73FBF1594293F70D841BF17
:104580005636273F00E243BF25D2243F03E445BF10
:104590009967223F65DE47BFCBF61F3F12D149BF67
:1045A000D17F1D3FF8BB4BBFC6021B3F029F4DBFD3
:1045B000C07F183F1F7A4FBFD9F6153F3D4D51BF01
:1045C0002A68133F491853BFCDD3103F31DB54BF86
:1045D000DA390E3FE59556BF6B9A0B3F534858BFEB
:1045E0009BF5083F6AF259BF824B063F1A945BBFA6
:1045F0003D9C033F532D5DBFE4E7003F05BE5EBF1A
:10460000275DFC3E214660BFCBE0F63E98C561BF0A
:10461000EA5AF13E5A3C63BFBBCBEB3E59AA64BF9A
:104620007533E63E880F66BF4F92E03ED86B67BF9A
:1046300080E8DA3E3CBF68BF4136D53EA7096ABF75
:10464000CA7BCF3E0C4B6BBF53B9C93E5E836CBF78
:1046500015EFC33E93B26DBF4A1DBE3E9ED86EBFDE
:104660002A44B83E73F56FBFEF63B23E080971BFCD
:10467000D47CAC3E521372BF128FA63E471473BF58
:10468000E59AA03EDD0B74BF86A09A3E0BFA74BF7C
:1046900031A0943EC6DE75BF229A8E3E07BA76BF21
:1046A000938E883EC58B77BFC07D823EF85378BF1E
:1046B000CCCF783E981279BF7F9A6C3E9DC779BF68
:1046C000135C603E02737ABF0115543EBE147BBF7B
:1046D000C2C5473ECDAC7BBFCF6E3B3E283B7CBFC7
:1046E000A2102F3EC9BF7CBFB6AB223EAC3A7DBF05
:1046F0008340163ECCAB7DBF86CF093E24137EBFE0
:1047000073B2FA3DB0707EBF2EBCE13D6DC47EBF7A
:1047100036BDC83D580E7FBF80B6AF3D6D4E7FBFE2
:1047200005A9963DAB847FBF742B7B3D0FB17FBF46
:104730002FFB483D98D37FBF2CC3163D43EC7FBF72
:10474000B00AC93C11FB7FBF900E493C000080BFFE
:104750000000000011FB7FBF900E49BC43EC7FBFFF
:10476000B00AC9BC98D37FBF2CC316BD0FB17FBFA1
:104770002FFB48BDAB847FBF742B7BBD6D4E7FBFCD
:1047800005A996BD580E7FBF80B6AFBD6DC47EBF74
:1047900036BDC8BDB0707EBF2EBCE1BD24137EBF48
:1047A00073B2FABDCCAB7DBF86CF09BEAC3A7DBF3C
:1047B000834016BEC9BF7CBFB6AB22BE283B7CBFC0
:1047C000A2102FBECDAC7BBFCF6E3BBEBE147BBF55
:1047D000C2C547BE02737ABF011554BE9DC779BFDB
:1047E000135C60BE981279BF7F9A6CBEF85378BF95
:1047F000CCCF78BEC58B77BFC07D82BE07BA76BFEF
:10480000938E88BEC6DE75BF229A8EBE0BFA74BF29
:1048100031A094BEDD0B74BF86A09ABE471473BF4F
:10482000E59AA0BE521372BF128FA6BE080971BFCF
:10483000D47CACBE73F56FBFEF63B2BE9ED86EBFC3
:104840002A44B8BE93B26DBF4A1DBEBE5E836CBF24
:1048500015EFC3BE0C4B6BBF53B9C9BEA7096ABFE6
:10486000CA7BCFBE3CBF68BF4136D5BED86B67BFE1
:1048700080E8DABE880F66BF4F92E0BE59AA64BFD7
:104880007533E6BE5A3C63BFBBCBEBBE98C561BF78
:10489000EA5AF1BE214660BFCBE0F6BE05BE5EBF60
:1048A000275DFCBE532D5DBFE4E700BF1A945BBFDC
:1048B0003D9C03BF6AF259BF824B06BF534858BFA5
:1048C0009BF508BFE59556BF6B9A0BBF31DB54BF14
:1048D000DA390EBF491853BFCDD310BF3D4D51BF7C
:1048E0002A6813BF1F7A4FBFD9F615BF029F4DBF6D
:1048F000C07F18BFF8BB4BBFC6021BBF12D149BF58
:10490000D17F1DBF65DE47BFCBF61FBF03E445BFA8
:10491000996722BF00E243BF25D224BF70D841BFB0
:10492000563627BF67C73FBF159429BFF9AE3DBFB5
:104930004AEB2BBF3B8F3BBFDE3B2EBF426839BFEC
:10494000BB8530BF233A37BFC9C832BFF30435BF78
:10495000F30435BFC9C832BF233A37BFBB8530BF68
:10496000426839BFDE3B2EBF3B8F3BBF4AEB2BBFBC
:10497000F9AE3DBF159429BF67C73FBF563627BF65
:1049800070D841BF25D224BF00E243BF996722BF40
:1049900003E445BFCBF61FBF65DE47BFD17F1DBF18
:1049A00012D149BFC6021BBFF8BB4BBFC07F18BFA7
:1049B000029F4DBFD9F615BF1F7A4FBF2A6813BF9C
:1049C0003D4D51BFCDD310BF491853BFDA390EBF8B
:1049D00031DB54BF6B9A0BBFE59556BF9BF508BF03
:1049E000534858BF824B06BF6AF259BF3D9C03BF74
:1049F0001A945BBFE4E700BF532D5DBF275DFCBE8B
:104A000005BE5EBFCBE0F6BE214660BFEA5AF1BEEE
:104A100098C561BFBBCBEBBE5A3C63BF7533E6BEE6
:104A200059AA64BF4F92E0BE880F66BF80E8DABE25
:104A3000D86B67BF4136D5BE3CBF68BFCA7BCFBE0F
:104A4000A7096ABF53B9C9BE0C4B6BBF15EFC3BEF4
:104A50005E836CBF4A1DBEBE93B26DBF2A44B8BE12
:104A60009ED86EBFEF63B2BE73F56FBFD47CACBE91
:104A7000080971BF128FA6BE521372BFE59AA0BE7D
:104A8000471473BF86A09ABEDD0B74BF31A094BEDD
:104A90000BFA74BF229A8EBEC6DE75BF938E88BE97
:104AA00007BA76BFC07D82BEC58B77BFCCCF78BE3C
:104AB000F85378BF7F9A6CBE981279BF135C60BEC2
:104AC0009DC779BF011554BE02737ABFC2C547BEE8
:104AD000BE147BBFCF6E3BBECDAC7BBFA2102FBE42
:104AE000283B7CBFB6AB22BEC9BF7CBF834016BE8D
:104AF000AC3A7DBF86CF09BECCAB7DBF73B2FABDE9
:104B000024137EBF2EBCE1BDB0707EBF36BDC8BDD4
:104B10006DC47EBF80B6AFBD580E7FBF05A996BDE0
:104B20006D4E7FBF742B7BBDAB847FBF2FFB48BD19
:104B30000FB17FBF2CC316BD98D37FBFB00AC9BCCD
:104B400043EC7FBF900E49BC11FB7FBF000000808B
:104B5000000080BF900E493C11FB7FBFB00AC93CEA
:104B600043EC7FBF2CC3163D98D37FBF2FFB483D3E
:104B70000FB17FBF742B7B3DAB847FBF05A9963DF2
:104B80006D4E7FBF80B6AF3D580E7FBF36BDC83D6E
:104B90006DC47EBF2EBCE13DB0707EBF73B2FA3DE6
:104BA00024137EBF86CF093ECCAB7DBF8340163E2B
:104BB000AC3A7DBFB6AB223EC9BF7CBFA2102F3E30
:104BC000283B7CBFCF6E3B3ECDAC7BBFC2C5473ED2
:104BD000BE147BBF0115543E02737ABF135C603E66
:104BE0009DC779BF7F9A6C3E981279BFCCCF783E33
:104BF000F85378BFC07D823EC58B77BF938E883EC9
:104C000007BA76BF229A8E3EC6DE75BF31A0943EAB
:104C10000BFA74BF86A09A3EDD0B74BFE59AA03EE6
:104C2000471473BF128FA63E521372BFD47CAC3EA2
:104C3000080971BFEF63B23E73F56FBF2A44B83EF7
:104C40009ED86EBF4A1DBE3E93B26DBF15EFC33EE8
:104C50005E836CBF53B9C93E0C4B6BBFCA7BCF3E62
:104C6000A7096ABF4136D53E3CBF68BF80E8DA3E3F
:104C7000D86B67BF4F92E03E880F66BF7533E63E44
:104C800059AA64BFBBCBEB3E5A3C63BFEA5AF13E24
:104C900098C561BFCBE0F63E214660BF275DFC3E74
:104CA00005BE5EBFE4E7003F532D5DBF3D9C033F63
:104CB0001A945BBF824B063F6AF259BF9BF5083FCF
:104CC000534858BF6B9A0B3FE59556BFDA390E3FF4
:104CD00031DB54BFCDD3103F491853BF2A68133F6F
:104CE0003D4D51BFD9F6153F1F7A4FBFC07F183FCA
:104CF000029F4DBFC6021B3FF8BB4BBFD17F1D3F7C
:104D000012D149BFCBF61F3F65DE47BF9967223FEF
:104D100003E445BF25D2243F00E243BF5636273F78
:104D200070D841BF1594293F67C73FBF4AEB2B3F5F
:104D3000F9AE3DBFDE3B2E3F3B8F3BBFBB85303FD7
:104D4000426839BFC9C8323F233A37BFF304353F01
:104D5000F30435BF233A373FC9C832BF4268393FF1
:104D6000BB8530BF3B8F3B3FDE3B2EBFF9AE3D3FA7
:104D70004AEB2BBF67C73F3F159429BF70D8413F0F
:104D8000563627BF00E2433F25D224BF03E4453F08
:104D9000996722BF65DE473FCBF61FBF12D1493F5F
:104DA000D17F1DBFF8BB4B3FC6021BBF029F4D3FCB
:104DB000C07F18BF1F7A4F3FD9F615BF3D4D513FF9
:104DC0002A6813BF4918533FCDD310BF31DB543F7E
:104DD000DA390EBFE595563F6B9A0BBF5348583FE3
:104DE0009BF508BF6AF2593F824B06BF1A945B3F9E
:104DF0003D9C03BF532D5D3FE4E700BF05BE5E3F12
:104E0000275DFCBE2146603FCBE0F6BE98C5613F02
:104E1000EA5AF1BE5A3C633FBBCBEBBE59AA643F92
:104E20007533E6BE880F663F4F92E0BED86B673F92
:104E300080E8DABE3CBF683F4136D5BEA7096A3F6D
:104E4000CA7BCFBE0C4B6B3F53B9C9BE5E836C3F70
:104E500015EFC3BE93B26D3F4A1DBEBE9ED86E3FD6
:104E60002A44B8BE73F56F3FEF63B2BE0809713FC5
:104E7000D47CACBE5213723F128FA6BE4714733F50
:104E8000E59AA0BEDD0B743F86A09ABE0BFA743F74
:104E900031A094BEC6DE753F229A8EBE07BA763F19
:104EA000938E88BEC58B773FC07D82BEF853783F16
:104EB000CCCF78BE9812793F7F9A6CBE9DC7793F60
:104EC000135C60BE02737A3F011554BEBE147B3F73
:104ED000C2C547BECDAC7B3FCF6E3BBE283B7C3FBF
:104EE000A2102FBEC9BF7C3FB6AB22BEAC3A7D3FFD
:104EF000834016BECCAB7D3F86CF09BE24137E3FD8
:104F000073B2FABDB0707E3F2EBCE1BD6DC47E3F72
:104F100036BDC8BD580E7F3F80B6AFBD6D4E7F3FDA
:104F200005A996BDAB847F3F742B7BBD0FB17F3F3E
:104F30002FFB48BD98D37F3F2CC316BD43EC7F3F6A
:104F4000B00AC9BC11FB7F3F900E49BC0000803FF6
:104F5000000000006DC47E3F36BDC83DBE147B3FDF
:104F6000C2C5473E0BFA743F31A0943E5E836C3F4E
:104F700015EFC33E98C5613FEA5AF13E31DB543F1D
:104F8000DA390E3F03E4453F9967223FF304353F8A
:104F9000F304353F9967223F03E4453FDA390E3F7A
:104FA00031DB543FEA5AF13E98C5613F15EFC33EED
:104FB0005E836C3F31A0943E0BFA743FC2C5473EFE
:104FC000BE147B3F36BDC83D6DC47E3F000000006F
:104FD0000000803F36BDC8BD6DC47E3FC2C547BE20
:104FE000BE147B3F31A094BE0BFA743F15EFC3BED5
:104FF0005E836C3FEA5AF1BE98C5613FDA390EBF55
:1050000031DB543F996722BF03E4453FF30435BFCA
:10501000F304353F03E445BF9967223F31DB54BFBA
:10502000DA390E3F98C561BFEA5AF13E5E836CBF24
:1050300015EFC33E0BFA74BF31A0943EBE147BBF84
:10504000C2C5473E6DC47EBF36BDC83D000080BFAF
:10505000000000006DC47EBF36BDC8BDBE147BBF5E
:10506000C2C547BE0BFA74BF31A094BE5E836CBF4D
:1050700015EFC3BE98C561BFEA5AF1BE31DB54BF1C
:10508000DA390EBF03E445BF996722BFF30435BF89
:10509000F30435BF996722BF03E445BFDA390EBF79
:1050A00031DB54BFEA5AF1BE98C561BF15EFC3BEEC
:1050B0005E836CBF31A094BE0BFA74BFC2C547BEFD
:1050C000BE147BBF36BDC8BD6DC47EBF000000806E
:1050D000000080BF36BDC83D6DC47EBFC2C5473E1F
:1050E000BE147BBF31A0943E0BFA74BF15EFC33ED4
:1050F0005E836CBFEA5AF13E98C561BFDA390E3F54
:1051000031DB54BF9967223F03E445BFF304353FC9
:10511000F30435BF03E4453F996722BF31DB543FB9
:10512000DA390EBF98C5613FEA5AF1BE5E836C3F23
:1051300015EFC3BE0BFA743F31A094BEBE147B3F83
:10514000C2C547BE6DC47E3F36BDC8BD000000006D
:105150000000803F890FC93BC4FE7F3F900E493C51
:1051600011FB7F3FB6C9963CE6F47F3FB00AC93CCD
:1051700043EC7F3FB949FB3C29E17F3F2CC3163DFF
:1051800098D37F3F07E02F3D8FC37F3F2FFB483DE4
:105190000FB17F3F6814623D189C7F3F742B7B3DAD
:1051A000AB847F3F0A208A3DC76A7F3F05A9963DB1
:1051B0006D4E7F3F8C30A33D9D2F7F3F80B6AF3D2E
:1051C000580E7F3FC33ABC3D9DEA7E3F36BDC83D89
:1051D0006DC47E3FB93DD53DC99B7E3F2EBCE13DB0
:1051E000B0707E3F7638EE3D23437E3F73B2FA3D8A
:1051F00024137E3F0295033EB1E07D3F86CF093EFA
:10520000CCAB7D3FB708103E74747D3F8340163EA3
:10521000AC3A7D3FDE761C3E73FE7C3FB6AB223E51
:10522000C9BF7C3FFCDE283EB07E7C3FA2102F3EF3
:10523000283B7C3F9840353E31F57B3FCF6E3B3E6F
:10524000CDAC7B3F379B413EFC617B3FC2C5473EB7
:10525000BE147B3F60EE4D3E16C57A3F0115543EAD
:1052600002737A3F97395A3E841E7A3F135C603E40
:105270009DC7793F667C663E4E6E793F7F9A6C3E55
:105280009812793F51B6723E7BB4783FCCCF783ECE
:10529000F853783FE1E67E3E10F1773FC07D823ED5
:1052A000C58B773FCE86853E1724773F938E883E09
:1052B00007BA763F07958B3E974D763F229A8E3EF2
:1052C000C6DE753FDD9D913E976D753F31A0943EE2
:1052D0000BFA743F17A1973E2284743F86A09A3E32
:1052E000DD0B743F789E9D3E3F91733FE59AA03E53
:1052F0004714733FC595A33EF894723F128FA63EA4
:105300005213723FC486A93E578F713FD47CAC3E86
:105310000809713F3A71AF3E6680703FEF63B23E5D
:1053200073F56F3FEC54B53E30686F3F2A44B83E8A
:105330009ED86E3FA031BB3EBE466E3F4A1DBE3E6C
:1053400093B26D3F1E07C13E1D1C6D3F15EFC33E5E
:105350005E836C3F29D5C63E58E86B3F53B9C93EC2
:105360000C4B6B3F8B9BCC3E7BAB6A3FCA7BCF3EEB
:10537000A7096A3F095AD23E9165693F4136D53E39
:105380003CBF683F6B10D83EA816683F80E8DA3E05
:10539000D86B673F79BEDD3ECCBE663F4F92E03EA4
:1053A000880F663FFA63E33E0B5E653F7533E63E6A
:1053B00059AA643FB700E93E73F4633FBBCBEB3EB1
:1053C0005A3C633F7994EE3E1082623FEA5AF13EC6
:1053D00098C5613F071FF43EF206613FCBE0F63E01
:1053E0002146603F2DA0F93E27835F3F275DFC3EAD
:1053F00005BE5E3FB217FF3EBEF65D3FE4E7003FED
:10540000532D5D3FB142023FC7615C3F3D9C033F6E
:105410001A945B3F84F4043F50C45A3F824B063FCA
:105420006AF2593F36A1073F6A1E593F9BF5083F74
:105430005348583FAD480A3F2670573F6B9A0B3F81
:10544000E595563FD0EA0C3F93B9553FDA390E3F08
:1054500031DB543F84870F3FC3FA533FCDD3103F16
:105460004918533FB01E123FC633523F2A68133FBC
:105470003D4D513F39B0143FAF64503FD9F6153F11
:105480001F7A4F3F073C173F908D4E3FC07F183F1C
:10549000029F4D3F00C2193F79AE4C3FC6021B3FF1
:1054A000F8BB4B3F0C421C3F7FC74A3FD17F1D3F9B
:1054B00012D1493F12BC1E3FB3D8483FCBF61F3F25
:1054C00065DE473FF92F213F2AE2463F9967223F99
:1054D00003E4453FA99D233FF5E3443F25D2243F04
:1054E00000E2433F0A05263F29DE423F5636273F6A
:1054F00070D8413F0566283FDAD0403F1594293FD8
:1055000067C73F3F82C02A3F1BBC3E3F4AEB2B3F51
:10551000F9AE3D3F69142D3F03A03C3FDE3B2E3FDB
:105520003B8F3B3FA5612F3FA47C3A3FBB85303F7B
:105530004268393F1DA8313F1652383FC9C8323F33
:10554000233A373FBCE7333F6C20363FF304353F07
:10555000F304353F6C20363FBCE7333F233A373FF7
:10556000C9C8323F1652383F1DA8313F4268393F03
:10557000BB85303FA47C3A3FA5612F3F3B8F3B3F2B
:10558000DE3B2E3F03A03C3F69142D3FF9AE3D3F6B
:105590004AEB2B3F1BBC3E3F82C02A3F67C73F3FC1
:1055A0001594293FDAD0403F0566283F70D8413F27
:1055B0005636273F29DE423F0A05263F00E2433F99
:1055C00025D2243FF5E3443FA99D233F03E4453F13
:1055D0009967223F2AE2463FF92F213F65DE473F88
:1055E000CBF61F3FB3D8483F12BC1E3F12D1493FF4
:1055F000D17F1D3F7FC74A3F0C421C3FF8BB4B3F4A
:10560000C6021B3F79AE4C3F00C2193F029F4D3F7F
:10561000C07F183F908D4E3F073C173F1F7A4F3F8A
:10562000D9F6153FAF64503F39B0143F3D4D513F5F
:105630002A68133FC633523FB01E123F4918533FEA
:10564000CDD3103FC3FA533F84870F3F31DB543F24
:10565000DA390E3F93B9553FD0EA0C3FE595563FF6
:105660006B9A0B3F2670573FAD480A3F5348583F4F
:105670009BF5083F6A1E593F36A1073F6AF2593F22
:10568000824B063F50C45A3F84F4043F1A945B3F58
:105690003D9C033FC7615C3FB142023F532D5D3FDC
:1056A000E4E7003FBEF65D3FB217FF3E05BE5E3F3A
:1056B000275DFC3E27835F3F2DA0F93E2146603FDA
:1056C000CBE0F63EF206613F071FF43E98C5613F0E
:1056D000EA5AF13E1082623F7994EE3E5A3C633FB3
:1056E000BBCBEB3E73F4633FB700E93E59AA643F7E
:1056F0007533E63E0B5E653FFA63E33E880F663F17
:105700004F92E03ECCBE663F79BEDD3ED86B673F30
:1057100080E8DA3EA816683F6B10D83E3CBF683F71
:105720004136D53E9165693F095AD23EA7096A3F85
:10573000CA7BCF3E7BAB6A3F8B9BCC3E0C4B6B3F17
:1057400053B9C93E58E86B3F29D5C63E5E836C3FCE
:1057500015EFC33E1D1C6D3F1E07C13E93B26D3F4A
:105760004A1DBE3EBE466E3FA031BB3E9ED86E3F38
:105770002A44B83E30686F3FEC54B53E73F56F3F36
:10578000EF63B23E6680703F3A71AF3E0809713FE9
:10579000D47CAC3E578F713FC486A93E5213723FF2
:1057A000128FA63EF894723FC595A33E4714733FEF
:1057B000E59AA03E3F91733F789E9D3EDD0B743F7E
:1057C00086A09A3E2284743F17A1973E0BFA743F3D
:1057D00031A0943E976D753FDD9D913EC6DE753FCD
:1057E000229A8E3E974D763F07958B3E07BA763FBD
:1057F000938E883E1724773FCE86853EC58B773FB4
:10580000C07D823E10F1773FE1E67E3EF853783F5F
:10581000CCCF783E7BB4783F51B6723E9812793F38
:105820007F9A6C3E4E6E793F667C663E9DC7793F9F
:10583000135C603E841E7A3F97395A3E02737A3F6A
:105840000115543E16C57A3F60EE4D3EBE147B3FB7
:10585000C2C5473EFC617B3F379B413ECDAC7B3FA1
:10586000CF6E3B3E31F57B3F9840353E283B7C3F39
:10587000A2102F3EB07E7C3FFCDE283EC9BF7C3F9D
:10588000B6AB223E73FE7C3FDE761C3EAC3A7D3FDB
:105890008340163E74747D3FB708103ECCAB7D3F0D
:1058A00086CF093EB1E07D3F0295033E24137E3F43
:1058B00073B2FA3D23437E3F7638EE3DB0707E3FB3
:1058C0002EBCE13DC99B7E3FB93DD53D6DC47E3FB9
:1058D00036BDC83D9DEA7E3FC33ABC3D580E7F3F72
:1058E00080B6AF3D9D2F7F3F8C30A33D6D4E7F3FF7
:1058F00005A9963DC76A7F3F0A208A3DAB847F3F5A
:10590000742B7B3D189C7F3F6814623D0FB17F3F35
:105910002FFB483D8FC37F3F07E02F3D98D37F3F4C
:105920002CC3163D29E17F3FB949FB3C43EC7F3F47
:10593000B00AC93CE6F47F3FB6C9963C11FB7F3FF5
:10594000900E493CC4FE7F3F890FC93B0000803F59
:1059500000000000C4FE7F3F890FC9BB11FB7F3FE1
:10596000900E49BCE6F47F3FB6C996BC43EC7F3F3E
:10597000B00AC9BC29E17F3FB949FBBC98D37F3F3E
:105980002CC316BD8FC37F3F07E02FBD0FB17F3FF4
:105990002FFB48BD189C7F3F681462BDAB847F3FDE
:1059A000742B7BBDC76A7F3F0A208ABD6D4E7F3F47
:1059B00005A996BD9D2F7F3F8C30A3BD580E7F3F1C
:1059C00080B6AFBD9DEA7E3FC33ABCBD6DC47E3F8D
:1059D00036BDC8BDC99B7E3FB93DD5BDB0707E3FC9
:1059E0002EBCE1BD23437E3F7638EEBD24137E3FBF
:1059F00073B2FABDB1E07D3F029503BECCAB7D3FF3
:105A000086CF09BE74747D3FB70810BEAC3A7D3FA7
:105A1000834016BE73FE7C3FDE761CBEC9BF7C3F52
:105A2000B6AB22BEB07E7C3FFCDE28BE283B7C3F6E
:105A3000A2102FBE31F57B3F984035BECDAC7B3FE9
:105A4000CF6E3BBEFC617B3F379B41BEBE147B3FAC
:105A5000C2C547BE16C57A3F60EE4DBE02737A3F9F
:105A6000011554BE841E7A3F97395ABE9DC7793FAF
:105A7000135C60BE4E6E793F667C66BE9812793FBD
:105A80007F9A6CBE7BB4783F51B672BEF853783FB4
:105A9000CCCF78BE10F1773FE1E67EBEC58B773F75
:105AA000C07D82BE1724773FCE8685BE07BA763F7B
:105AB000938E88BE974D763F07958BBEC6DE753FA9
:105AC000229A8EBE976D753FDD9D91BE0BFA743F95
:105AD00031A094BE2284743F17A197BEDD0B743FA2
:105AE00086A09ABE3F91733F789E9DBE4714733F38
:105AF000E59AA0BEF894723FC595A3BE5213723FBB
:105B0000128FA6BE578F713FC486A9BE0809713F88
:105B1000D47CACBE6680703F3A71AFBE73F56F3F08
:105B2000EF63B2BE30686F3FEC54B5BE9ED86E3F97
:105B30002A44B8BEBE466E3FA031BBBE93B26D3F95
:105B40004A1DBEBE1D1C6D3F1E07C1BE5E836C3F5D
:105B500015EFC3BE58E86B3F29D5C6BE0C4B6B3F53
:105B600053B9C9BE7BAB6A3F8B9BCCBEA7096A3FCA
:105B7000CA7BCFBE9165693F095AD2BE3CBF683F20
:105B80004136D5BEA816683F6B10D8BED86B673FAC
:105B900080E8DABECCBE663F79BEDDBE880F663FC8
:105BA0004F92E0BE0B5E653FFA63E3BE59AA643FC5
:105BB0007533E6BE73F4633FB700E9BE5A3C633FFA
:105BC000BBCBEBBE1082623F7994EEBE98C5613FBD
:105BD000EA5AF1BEF206613F071FF4BE2146603F5C
:105BE000CBE0F6BE27835F3F2DA0F9BE05BE5E3F2A
:105BF000275DFCBEBEF65D3FB217FFBE532D5D3F75
:105C0000E4E700BFC7615C3FB14202BF1A945B3F4B
:105C10003D9C03BF50C45A3F84F404BF6AF2593F0D
:105C2000824B06BF6A1E593F36A107BF5348583FF3
:105C30009BF508BF2670573FAD480ABFE595563F14
:105C40006B9A0BBF93B9553FD0EA0CBF31DB543F81
:105C5000DA390EBFC3FA533F84870FBF4918533F49
:105C6000CDD310BFC633523FB01E12BF3D4D513F82
:105C70002A6813BFAF64503F39B014BF1F7A4F3F3B
:105C8000D9F615BF908D4E3F073C17BF029F4D3F81
:105C9000C07F18BF79AE4C3F00C219BFF8BB4B3F65
:105CA000C6021BBF7FC74A3F0C421CBF12D1493FEF
:105CB000D17F1DBFB3D8483F12BC1EBF65DE473F32
:105CC000CBF61FBF2AE2463FF92F21BF03E4453F31
:105CD000996722BFF5E3443FA99D23BF00E2433FFC
:105CE00025D224BF29DE423F0A0526BF70D8413F96
:105CF000563627BFDAD0403F056628BF67C73F3F0B
:105D0000159429BF1BBC3E3F82C02ABFF9AE3D3F60
:105D10004AEB2BBF03A03C3F69142DBF3B8F3B3F99
:105D2000DE3B2EBFA47C3A3FA5612FBF4268393FBE
:105D3000BB8530BF1652383F1DA831BF233A373FCD
:105D4000C9C832BF6C20363FBCE733BFF304353FD0
:105D5000F30435BFBCE7333F6C2036BFC9C8323FC0
:105D6000233A37BF1DA8313F165238BFBB85303F9D
:105D7000426839BFA5612F3FA47C3ABFDE3B2E3F6E
:105D80003B8F3BBF69142D3F03A03CBF4AEB2B3F29
:105D9000F9AE3DBF82C02A3F1BBC3EBF1594293FD0
:105DA00067C73FBF0566283FDAD040BF5636273F5A
:105DB00070D841BF0A05263F29DE42BF25D2243FC5
:105DC00000E243BFA99D233FF5E344BF9967223F0B
:105DD00003E445BFF92F213F2AE246BFCBF61F3F20
:105DE00065DE47BF12BC1E3FB3D848BFD17F1D3F01
:105DF00012D149BF0C421C3F7FC74ABFC6021B3F9E
:105E0000F8BB4BBF00C2193F79AE4CBFC07F183FF3
:105E1000029F4DBF073C173F908D4EBFD9F6153FEF
:105E20001F7A4FBF39B0143FAF6450BF2A68133F89
:105E30003D4D51BFB01E123FC63352BFCDD3103FB0
:105E4000491853BF84870F3FC3FA53BFDA390E3F57
:105E500031DB54BFD0EA0C3F93B955BF6B9A0B3F6F
:105E6000E59556BFAD480A3F267057BF9BF5083FE2
:105E7000534858BF36A1073F6A1E59BF824B063FA1
:105E80006AF259BF84F4043F50C45ABF3D9C033F9B
:105E90001A945BBFB142023FC7615CBFE4E7003FB9
:105EA000532D5DBFB217FF3EBEF65DBF275DFC3EC2
:105EB00005BE5EBF2DA0F93E27835FBFCBE0F63E57
:105EC000214660BF071FF43EF20661BFEA5AF13E69
:105ED00098C561BF7994EE3E108262BFBBCBEB3EAA
:105EE0005A3C63BFB700E93E73F463BF7533E63EC7
:105EF00059AA64BFFA63E33E0B5E65BF4F92E03E72
:105F0000880F66BF79BEDD3ECCBE66BF80E8DA3E54
:105F1000D86B67BF6B10D83EA81668BF4136D53E18
:105F20003CBF68BF095AD23E916569BFCA7BCF3E6C
:105F3000A7096ABF8B9BCC3E7BAB6ABF53B9C93EF6
:105F40000C4B6BBF29D5C63E58E86BBF15EFC33E5F
:105F50005E836CBF1E07C13E1D1C6DBF4A1DBE3E49
:105F600093B26DBFA031BB3EBE466EBF2A44B83E61
:105F70009ED86EBFEC54B53E30686FBFEF63B23E43
:105F800073F56FBF3A71AF3E668070BFD47CAC3E94
:105F9000080971BFC486A93E578F71BF128FA63EF4
:105FA000521372BFC595A33EF89472BFE59AA03E06
:105FB000471473BF789E9D3E3F9173BF86A09A3E63
:105FC000DD0B74BF17A1973E228474BF31A0943EAD
:105FD0000BFA74BFDD9D913E976D75BF229A8E3E80
:105FE000C6DE75BF07958B3E974D76BF938E883E74
:105FF00007BA76BFCE86853E172477BFC07D823E26
:10600000C58B77BFE1E67E3E10F177BFCCCF783EFF
:10601000F85378BF51B6723E7BB478BF7F9A6C3E1E
:10602000981279BF667C663E4E6E79BF135C603E07
:106030009DC779BF97395A3E841E7ABF0115543ED9
:1060400002737ABF60EE4D3E16C57ABFC2C5473EA9
:10605000BE147BBF379B413EFC617BBFCF6E3B3E96
:10606000CDAC7BBF9840353E31F57BBFA2102F3EB3
:10607000283B7CBFFCDE283EB07E7CBFB6AB223E18
:10608000C9BF7CBFDE761C3E73FE7CBF8340163EDC
:10609000AC3A7DBFB708103E74747DBF86CF093E11
:1060A000CCAB7DBF0295033EB1E07DBF73B2FA3D3C
:1060B00024137EBF7638EE3D23437EBF2EBCE13DE8
:1060C000B0707EBFB93DD53DC99B7EBF36BDC83DD2
:1060D0006DC47EBFC33ABC3D9DEA7EBF80B6AF3D76
:1060E000580E7FBF8C30A33D9D2F7FBF05A9963DE5
:1060F0006D4E7FBF0A208A3DC76A7FBF742B7B3DF0
:10610000AB847FBF6814623D189C7FBF2FFB483D66
:106110000FB17FBF07E02F3D8FC37FBF2CC3163D5C
:1061200098D37FBFB949FB3C29E17FBFB00AC93C86
:1061300043EC7FBFB6C9963CE6F47FBF900E493C66
:1061400011FB7FBF890FC93BC4FE7FBF0000000069
:106150000000803F2FFB483D0FB17F3F36BDC83D5B
:106160006DC47E3F8340163EAC3A7D3FC2C5473E7C
:10617000BE147B3FCCCF783EF853783F31A0943E9D
:106180000BFA743FD47CAC3E0809713F15EFC33E57
:106190005E836C3F80E8DA3ED86B673FEA5AF13E97
:1061A00098C5613F3D9C033F1A945B3FDA390E3F2F
:1061B00031DB543FC07F183F029F4D3F9967223F1C
:1061C00003E4453F4AEB2B3FF9AE3D3FF304353F37
:1061D000F304353FF9AE3D3F4AEB2B3F03E4453F27
:1061E0009967223F029F4D3FC07F183F31DB543FEC
:1061F000DA390E3F1A945B3F3D9C033F98C5613FDF
:10620000EA5AF13ED86B673F80E8DA3E5E836C3F26
:1062100015EFC33E0809713FD47CAC3E0BFA743FC6
:1062200031A0943EF853783FCCCF783EBE147B3FEC
:10623000C2C5473EAC3A7D3F8340163E6DC47E3FAB
:1062400036BDC83D0FB17F3F2FFB483D0000803F6A
:10625000000000000FB17F3F2FFB48BD6DC47E3FA3
:1062600036BDC8BDAC3A7D3F834016BEBE147B3FF1
:10627000C2C547BEF853783FCCCF78BE0BFA743F07
:1062800031A094BE0809713FD47CACBE5E836C3FE4
:1062900015EFC3BED86B673F80E8DABE98C5613F93
:1062A000EA5AF1BE1A945B3F3D9C03BF31DB543F79
:1062B000DA390EBF029F4D3FC07F18BF03E4453F50
:1062C000996722BFF9AE3D3F4AEB2BBFF304353F40
:1062D000F30435BF4AEB2B3FF9AE3DBF9967223F30
:1062E00003E445BFC07F183F029F4DBFDA390E3F20
:1062F00031DB54BF3D9C033F1A945BBFEA5AF13E29
:1063000098C561BF80E8DA3ED86B67BF15EFC33E22
:106310005E836CBFD47CAC3E080971BF31A0943E53
:106320000BFA74BFCCCF783EF85378BFC2C5473E56
:10633000BE147BBF8340163EAC3A7DBF36BDC83D20
:106340006DC47EBF2FFB483D0FB17FBF0000000032
:106350000000803FC70F493BB1FF7F3F890FC93B1A
:10636000C4FE7F3F59CB163C39FD7F3F900E493C20
:1063700011FB7F3F4B517B3C4AF87F3FB6C9963CAF
:10638000E6F47F3F69EAAF3CE3F07F3FB00AC93CE7
:1063900043EC7F3F7B2AE23C05E77F3FB949FB3C6A
:1063A00029E17F3F2F340A3DAFDA7F3F2CC3163DF2
:1063B00098D37F3FCC51233DE2CB7F3F07E02F3D79
:1063C0008FC37F3FD56D3C3D9EBA7F3F2FFB483D3D
:1063D0000FB17F3F0E88553DE3A67F3F6814623DB5
:1063E000189C7F3F38A06E3DB1907F3F742B7B3D62
:1063F000AB847F3F0ADB833D08787F3F0A208A3DDC
:10640000C76A7F3FB464903DE95C7F3F05A9963D34
:106410006D4E7F3FF9EC9C3D543F7F3F8C30A33D58
:106420009D2F7F3FBA73A93D491F7F3F80B6AF3D87
:10643000580E7F3FDAF8B53DC9FC7E3FC33ABC3DFC
:106440009DEA7E3F397CC23DD4D77E3F36BDC83DF4
:106450006DC47E3FB7FDCE3D69B07E3FB93DD53DB1
:10646000C99B7E3F377DDB3D8B867E3F2EBCE13D69
:10647000B0707E3F9AFAE73D385A7E3F7638EE3D5F
:1064800023437E3FC075F43D722B7E3F73B2FA3DCD
:1064900024137E3F4577003E38FA7D3F0295033E48
:1064A000B1E07D3F6EB2063E8CC67D3F86CF093E91
:1064B000CCAB7D3F4AEC0C3E6E907D3FB708103E62
:1064C00074747D3FCA24133EDE577D3F8340163EE1
:1064D000AC3A7D3FE05B193EDD1C7D3FDE761C3E25
:1064E00073FE7C3F7B911F3E6CDF7C3FB6AB223E50
:1064F000C9BF7C3F8CC5253E8A9F7C3FFCDE283E81
:10650000B07E7C3F04F82B3E3A5D7C3FA2102F3ECC
:10651000283B7C3FD428323E7A187C3F9840353E59
:1065200031F57B3FEC57383E4DD17B3FCF6E3B3E44
:10653000CDAC7B3F3E853E3EB2877B3F379B413EA5
:10654000FC617B3FB9B0443EAB3B7B3FC2C5473E9D
:10655000BE147B3F4FDA4A3E37ED7A3F60EE4D3E48
:1065600016C57A3FF101513E599C7A3F0115543EC0
:1065700002737A3F8F27573E10497A3F97395A3E28
:10658000841E7A3F1A4B5D3E5EF3793F135C603E9A
:106590009DC7793F836C633E439B793F667C663E33
:1065A0004E6E793FBA8B693EC040793F7F9A6C3E10
:1065B0009812793FB2A86F3ED6E3783F51B6723E4B
:1065C0007BB4783F5AC3753E8684783FCCCF783E03
:1065D000F853783FA4DB7B3ED122783FE1E67E3E54
:1065E00010F1773FC0F8803EB7BE773FC07D823E56
:1065F000C58B773F7002843E3A58773FCE86853E02
:106600001724773FDA0A873E5BEF763F938E883E0A
:1066100007BA763FF8118A3E1B84763F07958B3E7A
:10662000974D763FC0178D3E7A16763F229A8E3E62
:10663000C6DE753F2C1C903E7BA6753FDD9D913ECE
:10664000976D753F351F933E1D34753F31A0943EC5
:106650000BFA743FD220963E62BF743F17A1973E5B
:106660002284743FFE20993E4B48743F86A09A3E98
:10667000DD0B743FAF1F9C3ED9CE733F789E9D3E8D
:106680003F91733FDF1C9F3E0E53733FE59AA03E40
:106690004714733F8718A23EEBD4723FC595A33EC3
:1066A000F894723F9F12A53E7054723F128FA63E1F
:1066B0005213723F1F0BA83E9FD1713FC486A93E63
:1066C000578F713F0102AB3E7A4C713FD47CAC3E98
:1066D0000809713F3CF7AD3E02C5703F3A71AF3ECD
:1066E0006680703FCBEAB03E373B703FEF63B23E0F
:1066F00073F56F3FA5DCB33E1BAF6F3FEC54B53E67
:1067000030686F3FC3CCB63EB0206F3F2A44B83EDE
:106710009ED86E3F1EBBB93EF88F6E3FA031BB3E88
:10672000BE466E3FAFA7BC3EF2FC6D3F4A1DBE3E6B
:1067300093B26D3F6F92BF3EA1676D3F1E07C13E92
:106740001D1C6D3F557BC23E07D06C3F15EFC33E0D
:106750005E836C3F5C62C53E24366C3F29D5C63EE5
:1067600058E86B3F7C47C83EFB996B3F53B9C93E25
:106770000C4B6B3FAE2ACB3E8CFB6A3F8B9BCC3ED7
:106780007BAB6A3FEA0BCE3ED95A6A3FCA7BCF3E0B
:10679000A7096A3F2AEBD03EE4B7693F095AD23EC7
:1067A0009165693F67C8D33EAE12693F4136D53E19
:1067B0003CBF683F99A3D63E396B683F6B10D83E0B
:1067C000A816683FB97CD93E87C1673F80E8DA3EAA
:1067D000D86B673FC153DC3E9915673F79BEDD3EFC
:1067E000CCBE663FA928DF3E7167663F4F92E03E10
:1067F000880F663F6AFBE13E10B7653FFA63E33EF0
:106800000B5E653FFECBE43E7904653F7533E63EA3
:1068100059AA643F5D9AE73EAC4F643FB700E93E3A
:1068200073F4633F8166EA3EAC98633FBBCBEB3EBB
:106830005A3C633F6330ED3E7BDF623F7994EE3E2E
:106840001082623FFBF7EF3E1A24623FEA5AF13EA4
:1068500098C5613F43BDF23E8A66613F071FF43E23
:10686000F206613F3580F53ECFA6603FCBE0F63EB5
:106870002146603FC840F83EE9E45F3F2DA0F93E65
:1068800027835F3FF7FEFA3EDB205F3F275DFC3E3C
:1068900005BE5E3FBBBAFD3EA65A5E3FB217FF3E45
:1068A000BEF65D3F063A003F4D925D3FE4E7003F94
:1068B000532D5D3F7395013FD1C75C3FB142023F0D
:1068C000C7615C3F9FEF023F34FB5B3F3D9C033F52
:1068D0001A945B3F8948043F792C5B3F84F4043F62
:1068E00050C45A3F2CA0053FA05B5A3F824B063F45
:1068F0006AF2593F86F6063FAD88593F36A1073FF9
:106900006A1E593F924B083FA1B3583F9BF5083F81
:106910005348583F4E9F093F7FDC573FAD480A3FE1
:106920002670573FB7F10A3F4803573F6B9A0B3F1A
:10693000E595563FC9420C3FFE27563FD0EA0C3F33
:1069400093B9553F81920D3FA44A553FDA390E3F26
:1069500031DB543FDBE00E3F3B6B543F84870F3FFE
:10696000C3FA533FD52D103FC789533FCDD3103FB6
:106970004918533F6B79113F49A6523FB01E123F51
:10698000C633523F9AC3123FC2C0513F2A68133FD9
:106990003D4D513F5F0C143F37D9503F39B0143F44
:1069A000AF64503FB753153FA8EF4F3FD9F6153F9F
:1069B0001F7A4F3F9F99163F17044F3F073C173FE1
:1069C000908D4E3F12DE173F89164E3FC07F183F15
:1069D000029F4D3F0F21193FFD264D3F00C2193F39
:1069E00079AE4C3F93621A3F78354C3FC6021B3F4D
:1069F000F8BB4B3F99A21B3FFA414B3F0C421C3F57
:106A00007FC74A3F1FE11C3F874C4A3FD17F1D3F54
:106A100012D1493F221E1E3F2155493F12BC1E3F45
:106A2000B3D8483F9F591F3FCA5B483FCBF61F3F33
:106A300065DE473F9393203F8560473FF92F213F15
:106A40002AE2463FFBCB213F5463463F9967223FF2
:106A500003E4453FD302233F3964453FA99D233FCB
:106A6000F5E3443F1A38243F3763443F25D2243F9F
:106A700000E2433FCB6B253F5160433F0A05263F71
:106A800029DE423FE39D263F895B423F5636273F42
:106A900070D8413F61CE273FE154413F0566283F12
:106AA000DAD0403F41FD283F5C4C403F1594293FE0
:106AB00067C73F3F802A2A3FFC413F3F82C02A3FB1
:106AC0001BBC3E3F1B562B3FC5353E3F4AEB2B3F81
:106AD000F9AE3D3F0F802C3FB8273D3F69142D3F55
:106AE00003A03C3F59A82D3FD9173C3FDE3B2E3F2A
:106AF0003B8F3B3FF7CE2E3F29063B3FA5612F3F03
:106B0000A47C3A3FE6F32F3FACF2393FBB85303FE0
:106B10004268393F2217313F65DD383F1DA8313FBC
:106B20001652383FAA38323F55C6373FC9C8323FA0
:106B3000233A373F7A58333F7FAD363FBCE7333F88
:106B40006C20363F8F76343FE792353FF304353F74
:106B5000F304353FE792353F8F76343F6C20363F64
:106B6000BCE7333F7FAD363F7A58333F233A373F58
:106B7000C9C8323F55C6373FAA38323F1652383F50
:106B80001DA8313F65DD383F2217313F4268393F4C
:106B9000BB85303FACF2393FE6F32F3FA47C3A3F50
:106BA000A5612F3F29063B3FF7CE2E3F3B8F3B3F52
:106BB000DE3B2E3FD9173C3F59A82D3F03A03C3F59
:106BC00069142D3FB8273D3F0F802C3FF9AE3D3F64
:106BD0004AEB2B3FC5353E3F1B562B3F1BBC3E3F70
:106BE00082C02A3FFC413F3F802A2A3F67C73F3F80
:106BF0001594293F5C4C403F41FD283FDAD0403F8F
:106C00000566283FE154413F61CE273F70D8413FA0
:106C10005636273F895B423FE39D263F29DE423FB0
:106C20000A05263F5160433FCB6B253F00E2433FBF
:106C300025D2243F3763443F1A38243FF5E3443FCD
:106C4000A99D233F3964453FD302233F03E4453FD9
:106C50009967223F5463463FFBCB213F2AE2463FE0
:106C6000F92F213F8560473F9393203F65DE473FE3
:106C7000CBF61F3FCA5B483F9F591F3FB3D8483FE1
:106C800012BC1E3F2155493F221E1E3F12D1493FD3
:106C9000D17F1D3F874C4A3F1FE11C3F7FC74A3FC2
:106CA0000C421C3FFA414B3F99A21B3FF8BB4B3FA4
:106CB000C6021B3F78354C3F93621A3F79AE4C3F7A
:106CC00000C2193FFD264D3F0F21193F029F4D3F46
:106CD000C07F183F89164E3F12DE173F908D4E3F02
:106CE000073C173F17044F3F9F99163F1F7A4F3FAE
:106CF000D9F6153FA8EF4F3FB753153FAF64503F4C
:106D000039B0143F37D9503F5F0C143F3D4D513FD0
:106D10002A68133FC2C0513F9AC3123FC633523F45
:106D2000B01E123F49A6523F6B79113F4918533F9D
:106D3000CDD3103FC789533FD52D103FC3FA533FE2
:106D400084870F3F3B6B543FDBE00E3F31DB543F0A
:106D5000DA390E3FA44A553F81920D3F93B9553F12
:106D6000D0EA0C3FFE27563FC9420C3FE595563FFF
:106D70006B9A0B3F4803573FB7F10A3F2670573FC6
:106D8000AD480A3F7FDC573F4E9F093F5348583F6D
:106D90009BF5083FA1B3583F924B083F6A1E593FED
:106DA00036A1073FAD88593F86F6063F6AF2593F44
:106DB000824B063FA05B5A3F2CA0053F50C45A3F70
:106DC00084F4043F792C5B3F8948043F1A945B3F6D
:106DD0003D9C033F34FB5B3F9FEF023FC7615C3F3D
:106DE000B142023FD1C75C3F7395013F532D5D3FD8
:106DF000E4E7003F4D925D3F063A003FBEF65D3F3F
:106E0000B217FF3EA65A5E3FBBBAFD3E05BE5E3FCF
:106E1000275DFC3EDB205F3FF7FEFA3E27835F3FA6
:106E20002DA0F93EE9E45F3FC840F83E2146603FAF
:106E3000CBE0F63ECFA6603F3580F53EF206613FDF
:106E4000071FF43E8A66613F43BDF23E98C5613F2D
:106E5000EA5AF13E1A24623FFBF7EF3E1082623F8E
:106E60007994EE3E7BDF623F6330ED3E5A3C633FF8
:106E7000BBCBEB3EAC98633F8166EA3E73F4633F65
:106E8000B700E93EAC4F643F5D9AE73E59AA643FC4
:106E90007533E63E7904653FFECBE43E0B5E653F0D
:106EA000FA63E33E10B7653F6AFBE13E880F663F39
:106EB0004F92E03E7167663FA928DF3ECCBE663F39
:106EC00079BEDD3E9915673FC153DC3ED86B673F05
:106ED00080E8DA3E87C1673FB97CD93EA816683F93
:106EE0006B10D83E396B683F99A3D63E3CBF683FD4
:106EF0004136D53EAE12693F67C8D33E9165693FC2
:106F0000095AD23EE4B7693F2AEBD03EA7096A3F4F
:106F1000CA7BCF3ED95A6A3FEA0BCE3E7BAB6A3F73
:106F20008B9BCC3E8CFB6A3FAE2ACB3E0C4B6B3F1F
:106F300053B9C93EFB996B3F7C47C83E58E86B3F4D
:106F400029D5C63E24366C3F5C62C53E5E836C3FED
:106F500015EFC33E07D06C3F557BC23E1D1C6D3FF5
:106F60001E07C13EA1676D3F6F92BF3E93B26D3F5A
:106F70004A1DBE3EF2FC6D3FAFA7BC3EBE466E3F13
:106F8000A031BB3EF88F6E3F1EBBB93E9ED86E3F10
:106F90002A44B83EB0206F3FC3CCB63E30686F3F46
:106FA000EC54B53E1BAF6F3FA5DCB33E73F56F3FAE
:106FB000EF63B23E373B703FCBEAB03E6680703F36
:106FC0003A71AF3E02C5703F3CF7AD3E0809713FD4
:106FD000D47CAC3E7A4C713F0102AB3E578F713F7F
:106FE000C486A93E9FD1713F1F0BA83E5213723F2A
:106FF000128FA63E7054723F9F12A53EF894723FC6
:10700000C595A33EEBD4723F8718A23E4714733F49
:10701000E59AA03E0E53733FDF1C9F3E3F91733FA6
:10702000789E9D3ED9CE733FAF1F9C3EDD0B743FD3
:1070300086A09A3E4B48743FFE20993E2284743FBE
:1070400017A1973E62BF743FD220963E0BFA743F61
:1070500031A0943E1D34753F351F933E976D753FAB
:10706000DD9D913E7BA6753F2C1C903EC6DE753F94
:10707000229A8E3E7A16763FC0178D3E974D763F08
:1070800007958B3E1B84763FF8118A3E07BA763F00
:10709000938E883E5BEF763FDA0A873E1724773F70
:1070A000CE86853E3A58773F7002843EC58B773F47
:1070B000C07D823EB7BE773FC0F8803E10F1773F7B
:1070C000E1E67E3ED122783FA4DB7B3EF853783F59
:1070D000CCCF783E8684783F5AC3753E7BB4783FE8
:1070E00051B6723ED6E3783FB2A86F3E9812793F10
:1070F0007F9A6C3EC040793FBA8B693E4E6E793FB5
:10710000667C663E439B793F836C633E9DC7793FB7
:10711000135C603E5EF3793F1A4B5D3E841E7A3FFE
:1071200097395A3E10497A3F8F27573E02737A3F6C
:107130000115543E599C7A3FF101513E16C57A3FE4
:1071400060EE4D3E37ED7A3F4FDA4A3EBE147B3F4C
:10715000C2C5473EAB3B7B3FB9B0443EFC617B3F81
:10716000379B413EB2877B3F3E853E3ECDAC7B3F69
:10717000CF6E3B3E4DD17B3FEC57383E31F57B3FE8
:107180009840353E7A187C3FD428323E283B7C3FDD
:10719000A2102F3E3A5D7C3F04F82B3EB07E7C3F30
:1071A000FCDE283E8A9F7C3F8CC5253EC9BF7C3FC4
:1071B000B6AB223E6CDF7C3F7B911F3E73FE7C3F73
:1071C000DE761C3EDD1C7D3FE05B193EAC3A7D3F28
:1071D0008340163EDE577D3FCA24133E74747D3FC4
:1071E000B708103E6E907D3F4AEC0C3ECCAB7D3F25
:1071F00086CF093E8CC67D3F6EB2063EB1E07D3F34
:107200000295033E38FA7D3F4577003E24137E3FCA
:1072100073B2FA3D722B7E3FC075F43D23437E3F2F
:107220007638EE3D385A7E3F9AFAE73DB0707E3FA1
:107230002EBCE13D8B867E3F377DDB3DC99B7E3F8B
:10724000B93DD53D69B07E3FB7FDCE3D6DC47E3FB3
:1072500036BDC83DD4D77E3F397CC23D9DEA7E3FD6
:10726000C33ABC3DC9FC7E3FDAF8B53D580E7F3FBE
:1072700080B6AF3D491F7F3FBA73A93D9D2F7F3F29
:107280008C30A33D543F7F3FF9EC9C3D6D4E7F3FDA
:1072900005A9963DE95C7F3FB464903DC76A7F3F96
:1072A0000A208A3D08787F3F0ADB833DAB847F3F1D
:1072B000742B7B3DB1907F3F38A06E3D189C7F3F83
:1072C0006814623DE3A67F3F0E88553D0FB17F3FB6
:1072D0002FFB483D9EBA7F3FD56D3C3D8FC37F3F1E
:1072E00007E02F3DE2CB7F3FCC51233D98D37F3F3A
:1072F0002CC3163DAFDA7F3F2F340A3D29E17F3F93
:10730000B949FB3C05E77F3F7B2AE23C43EC7F3FEA
:10731000B00AC93CE3F07F3F69EAAF3CE6F47F3F47
:10732000B6C9963C4AF87F3F4B517B3C11FB7F3FEF
:10733000900E493C39FD7F3F59CB163CC4FE7F3F40
:10734000890FC93BB1FF7F3FC70F493B0000803F1A
:1073500000000000B1FF7F3FC70F49BBC4FE7F3F65
:10736000890FC9BB39FD7F3F59CB16BC11FB7F3F4D
:10737000900E49BC4AF87F3F4B517BBCE6F47F3FFF
:10738000B6C996BCE3F07F3F69EAAFBC43EC7F3FF0
:10739000B00AC9BC05E77F3F7B2AE2BC29E17F3FF9
:1073A000B949FBBCAFDA7F3F2F340ABD98D37F3F8A
:1073B0002CC316BDE2CB7F3FCC5123BD8FC37F3F93
:1073C00007E02FBD9EBA7F3FD56D3CBD0FB17F3F1B
:1073D0002FFB48BDE3A67F3F0E8855BD189C7F3F1D
:1073E000681462BDB1907F3F38A06EBDAB847F3F13
:1073F000742B7BBD08787F3F0ADB83BDC76A7F3F64
:107400000A208ABDE95C7F3FB46490BD6D4E7F3F2A
:1074100005A996BD543F7F3FF9EC9CBD9D2F7F3F52
:107420008C30A3BD491F7F3FBA73A9BD580E7F3F63
:1074300080B6AFBDC9FC7E3FDAF8B5BD9DEA7E3FA0
:10744000C33ABCBDD4D77E3F397CC2BD6DC47E3F3C
:1074500036BDC8BD69B07E3FB7FDCEBDC99B7E3F7E
:10746000B93DD5BD8B867E3F377DDBBDB0707E3F9D
:107470002EBCE1BD385A7E3F9AFAE7BD23437E3FDA
:107480007638EEBD722B7E3FC075F4BD24137E3F6F
:1074900073B2FABD38FA7D3F457700BEB1E07D3F5B
:1074A000029503BE8CC67D3F6EB206BECCAB7D3F5F
:1074B00086CF09BE6E907D3F4AEC0CBE74747D3F52
:1074C000B70810BEDE577D3FCA2413BEAC3A7D3FDD
:1074D000834016BEDD1C7D3FE05B19BE73FE7C3F22
:1074E000DE761CBE6CDF7C3F7B911FBEC9BF7C3F3C
:1074F000B6AB22BE8A9F7C3F8CC525BEB07E7C3F4A
:10750000FCDE28BE3A5D7C3F04F82BBE283B7C3F66
:10751000A2102FBE7A187C3FD42832BE31F57B3FB3
:10752000984035BE4DD17B3FEC5738BECDAC7B3F4C
:10753000CF6E3BBEB2877B3F3E853EBEFC617B3F4C
:10754000379B41BEAB3B7B3FB9B044BEBE147B3FD3
:10755000C2C547BE37ED7A3F4FDA4ABE16C57A3FFD
:1075600060EE4DBE599C7A3FF10151BE02737A3FE5
:10757000011554BE10497A3F8F2757BE841E7A3FAB
:1075800097395ABE5EF3793F1A4B5DBE9DC7793F6E
:10759000135C60BE439B793F836C63BE4E6E793F44
:1075A000667C66BEC040793FBA8B69BE9812793F4F
:1075B0007F9A6CBED6E3783FB2A86FBE7BB4783FAB
:1075C00051B672BE8684783F5AC375BEF853783F71
:1075D000CCCF78BED122783FA4DB7BBE10F1773FC1
:1075E000E1E67EBEB7BE773FC0F880BEC58B773F71
:1075F000C07D82BE3A58773F700284BE1724773F21
:10760000CE8685BE5BEF763FDA0A87BE07BA763F45
:10761000938E88BE1B84763FF8118ABE974D763FC5
:1076200007958BBE7A16763FC0178DBEC6DE753FB6
:10763000229A8EBE7BA6753F2C1C90BE976D753F1F
:10764000DD9D91BE1D34753F351F93BE0BFA743F0F
:1076500031A094BE62BF743FD22096BE2284743F94
:1076600017A197BE4B48743FFE2099BEDD0B743FB7
:1076700086A09ABED9CE733FAF1F9CBE3F91733F89
:10768000789E9DBE0E53733FDF1C9FBE4714733F11
:10769000E59AA0BEEBD4723F8718A2BEF894723F61
:1076A000C595A3BE7054723F9F12A5BE5213723F80
:1076B000128FA6BE9FD1713F1F0BA8BE578F713F7F
:1076C000C486A9BE7A4C713F0102ABBE0809713F66
:1076D000D47CACBE02C5703F3CF7ADBE6680703F47
:1076E0003A71AFBE373B703FCBEAB0BE73F56F3F28
:1076F000EF63B2BE1BAF6F3FA5DCB3BE30686F3F18
:10770000EC54B5BEB0206F3FC3CCB6BE9ED86E3F22
:107710002A44B8BEF88F6E3F1EBBB9BEBE466E3F50
:10772000A031BBBEF2FC6D3FAFA7BCBE93B26D3FB4
:107730004A1DBEBEA1676D3F6F92BFBE1D1C6D3F4F
:107740001E07C1BE07D06C3F557BC2BE5E836C3F37
:1077500015EFC3BE24366C3F5C62C5BE58E86B3F74
:1077600029D5C6BEFB996B3F7C47C8BE0C4B6B3F0F
:1077700053B9C9BE8CFB6A3FAE2ACBBE7BAB6A3F16
:107780008B9BCCBED95A6A3FEA0BCEBEA7096A3F93
:10779000CA7BCFBEE4B7693F2AEBD0BE9165693F93
:1077A000095AD2BEAE12693F67C8D3BE3CBF683F1C
:1077B0004136D5BE396B683F99A3D6BEA816683F3F
:1077C0006B10D8BE87C1673FB97CD9BED86B673F05
:1077D00080E8DABE9915673FC153DCBECCBE663F78
:1077E00079BEDDBE7167663FA928DFBE880F663FA0
:1077F0004F92E0BE10B7653F6AFBE1BE0B5E653F8E
:10780000FA63E3BE7904653FFECBE4BE59AA643F48
:107810007533E6BEAC4F643F5D9AE7BE73F4633FD9
:10782000B700E9BEAC98633F8166EABE5A3C633F4D
:10783000BBCBEBBE7BDF623F6330EDBE1082623FAD
:107840007994EEBE1A24623FFBF7EFBE98C5613F04
:10785000EA5AF1BE8A66613F43BDF2BEF206613F5D
:10786000071FF4BECFA6603F3580F5BE2146603FBE
:10787000CBE0F6BEE9E45F3FC840F8BE27835F3F38
:107880002DA0F9BEDB205F3FF7FEFABE05BE5E3FCE
:10789000275DFCBEA65A5E3FBBBAFDBEBEF65D3F8D
:1078A000B217FFBE4D925D3F063A00BF532D5D3FBC
:1078B000E4E700BFD1C75C3F739501BFC7615C3F80
:1078C000B14202BF34FB5B3F9FEF02BF1A945B3FA4
:1078D0003D9C03BF792C5B3F894804BF50C45A3F8D
:1078E00084F404BFA05B5A3F2CA005BF6AF2593F45
:1078F000824B06BFAD88593F86F606BF6A1E593FC8
:1079000036A107BFA1B3583F924B08BF5348583F19
:107910009BF508BF7FDC573F4E9F09BF2670573F3E
:10792000AD480ABF4803573FB7F10ABFE595563F38
:107930006B9A0BBFFE27563FC9420CBF93B9553F08
:10794000D0EA0CBFA44A553F81920DBF31DB543FB2
:10795000DA390EBF3B6B543FDBE00EBFC3FA533F37
:1079600084870FBFC789533FD52D10BF4918533F98
:10797000CDD310BF49A6523F6B7911BFC633523FDA
:10798000B01E12BFC2C0513F9AC312BF3D4D513FFE
:107990002A6813BF37D9503F5F0C14BFAF64503F04
:1079A00039B014BFA8EF4F3FB75315BF1F7A4F3FF1
:1079B000D9F615BF17044F3F9F9916BF908D4E3FC4
:1079C000073C17BF89164E3F12DE17BF029F4D3F7F
:1079D000C07F18BFFD264D3F0F2119BF79AE4C3F28
:1079E00000C219BF78354C3F93621ABFF8BB4B3FBA
:1079F000C6021BBFFA414B3F99A21BBF7FC74A3F3C
:107A00000C421CBF874C4A3F1FE11CBF12D1493FAB
:107A1000D17F1DBF2155493F221E1EBFB3D8483F0D
:107A200012BC1EBFCA5B483F9F591FBF65DE473F60
:107A3000CBF61FBF8560473F939320BF2AE2463FA6
:107A4000F92F21BF5463463FFBCB21BF03E4453FE1
:107A5000996722BF3964453FD30223BFF5E3443F12
:107A6000A99D23BF3763443F1A3824BF00E2433F38
:107A700025D224BF5160433FCB6B25BF29DE423F57
:107A80000A0526BF895B423FE39D26BF70D8413F70
:107A9000563627BFE154413F61CE27BFDAD0403F81
:107AA000056628BF5C4C403F41FD28BF67C73F3F8C
:107AB000159429BFFC413F3F802A2ABF1BBC3E3F93
:107AC00082C02ABFC5353E3F1B562BBFF9AE3D3F96
:107AD0004AEB2BBFB8273D3F0F802CBF03A03C3F94
:107AE00069142DBFD9173C3F59A82DBF3B8F3B3F91
:107AF000DE3B2EBF29063B3FF7CE2EBFA47C3A3F8C
:107B0000A5612FBFACF2393FE6F32FBF4268393F82
:107B1000BB8530BF65DD383F221731BF1652383F75
:107B20001DA831BF55C6373FAA3832BF233A373F69
:107B3000C9C832BF7FAD363F7A5833BF6C20363F5D
:107B4000BCE733BFE792353F8F7634BFF304353F50
:107B5000F30435BF8F76343FE79235BFBCE7333F40
:107B60006C2036BF7A58333F7FAD36BFC9C8323F2D
:107B7000233A37BFAA38323F55C637BF1DA8313F19
:107B8000165238BF2217313F65DD38BFBB85303F05
:107B9000426839BFE6F32F3FACF239BFA5612F3FF2
:107BA000A47C3ABFF7CE2E3F29063BBFDE3B2E3FDB
:107BB0003B8F3BBF59A82D3FD9173CBF69142D3FC0
:107BC00003A03CBF0F802C3FB8273DBF4AEB2B3FA3
:107BD000F9AE3DBF1B562B3FC5353EBF82C02A3F85
:107BE0001BBC3EBF802A2A3FFC413FBF1594293F62
:107BF00067C73FBF41FD283F5C4C40BF0566283F3B
:107C0000DAD040BF61CE273FE15441BF5636273F0F
:107C100070D841BFE39D263F895B42BF0A05263FDE
:107C200029DE42BFCB6B253F516043BF25D2243FA5
:107C300000E243BF1A38243F376344BFA99D233F66
:107C4000F5E344BFD302233F396445BF9967223F20
:107C500003E445BFFBCB213F546346BFF92F213FCF
:107C60002AE246BF9393203F856047BFCBF61F3F74
:107C700065DE47BF9F591F3FCA5B48BF12BC1E3F0E
:107C8000B3D848BF221E1E3F215549BFD17F1D3F9B
:107C900012D149BF1FE11C3F874C4ABF0C421C3F19
:107CA0007FC74ABF99A21B3FFA414BBFC6021B3F89
:107CB000F8BB4BBF93621A3F78354CBF00C2193FE7
:107CC00079AE4CBF0F21193FFD264DBFC07F183F35
:107CD000029F4DBF12DE173F89164EBF073C173F6C
:107CE000908D4EBF9F99163F17044FBFD9F6153F91
:107CF0001F7A4FBFB753153FA8EF4FBF39B0143F9E
:107D0000AF6450BF5F0C143F37D950BF2A68133F90
:107D10003D4D51BF9AC3123FC2C051BFB01E123F6A
:107D2000C63352BF6B79113F49A652BFCDD3103F26
:107D3000491853BFD52D103FC78953BF84870F3FC4
:107D4000C3FA53BFDBE00E3F3B6B54BFDA390E3F43
:107D500031DB54BF81920D3FA44A55BFD0EA0C3F9E
:107D600093B955BFC9420C3FFE2756BF6B9A0B3FD4
:107D7000E59556BFB7F10A3F480357BFAD480A3FE4
:107D8000267057BF4E9F093F7FDC57BF9BF5083FCA
:107D9000534858BF924B083FA1B358BF36A1073F85
:107DA0006A1E59BF86F6063FAD8859BF824B063F13
:107DB0006AF259BF2CA0053FA05B5ABF84F4043F70
:107DC00050C45ABF8948043F792C5BBF3D9C033F98
:107DD0001A945BBF9FEF023F34FB5BBFB142023F8F
:107DE000C7615CBF7395013FD1C75CBFE4E7003F4B
:107DF000532D5DBF063A003F4D925DBFB217FF3E67
:107E0000BEF65DBFBBBAFD3EA65A5EBF275DFC3E17
:107E100005BE5EBFF7FEFA3EDB205FBF2DA0F93E38
:107E200027835FBFC840F83EE9E45FBFCBE0F63E82
:107E3000214660BF3580F53ECFA660BF071FF43EE8
:107E4000F20661BF43BDF23E8A6661BFEA5AF13E67
:107E500098C561BFFBF7EF3E1A2462BF7994EE3EEE
:107E6000108262BF6330ED3E7BDF62BFBBCBEB3E77
:107E70005A3C63BF8166EA3EAC9863BFB700E93EF7
:107E800073F463BF5D9AE73EAC4F64BF7533E63E63
:107E900059AA64BFFECBE43E790465BFFA63E33EB2
:107EA0000B5E65BF6AFBE13E10B765BF4F92E03ED7
:107EB000880F66BFA928DF3E716766BF79BEDD3EC9
:107EC000CCBE66BFC153DC3E991567BF80E8DA3E81
:107ED000D86B67BFB97CD93E87C167BF6B10D83EEE
:107EE000A81668BF99A3D63E396B68BF4136D53E08
:107EF0003CBF68BF67C8D33EAE1269BF095AD23EC5
:107F0000916569BF2AEBD03EE4B769BFCA7BCF3E1B
:107F1000A7096ABFEA0BCE3ED95A6ABF8B9BCC3EFB
:107F20007BAB6ABFAE2ACB3E8CFB6ABF53B9C93E5E
:107F30000C4B6BBF7C47C83EFB996BBF29D5C63E37
:107F400058E86BBF5C62C53E24366CBF15EFC33E7C
:107F50005E836CBF557BC23E07D06CBF1E07C13E1F
:107F60001D1C6DBF6F92BF3EA1676DBF4A1DBE3E17
:107F700093B26DBFAFA7BC3EF2FC6DBFA031BB3E5C
:107F8000BE466EBF1EBBB93EF88F6EBF2A44B83ED8
:107F90009ED86EBFC3CCB63EB0206FBFEC54B53E8A
:107FA00030686FBFA5DCB33E1BAF6FBFEF63B23E5F
:107FB00073F56FBFCBEAB03E373B70BF3A71AF3E4F
:107FC000668070BF3CF7AD3E02C570BFD47CAC3E4E
:107FD000080971BF0102AB3E7A4C71BFC486A93E4D
:107FE000578F71BF1F0BA83E9FD171BF128FA63E46
:107FF000521372BF9F12A53E705472BFC595A33E27
:10800000F89472BF8718A23EEBD472BFE59AA03EE7
:10801000471473BFDF1C9F3E0E5373BF789E9D3E77
:108020003F9173BFAF1F9C3ED9CE73BF86A09A3ECF
:10803000DD0B74BFFE20993E4B4874BF17A1973EDD
:10804000228474BFD220963E62BF74BF31A0943E9A
:108050000BFA74BF351F933E1D3475BFDD9D913EF5
:10806000976D75BF2C1C903E7BA675BF229A8E3EE5
:10807000C6DE75BFC0178D3E7A1676BF07958B3E5C
:10808000974D76BFF8118A3E1B8476BF938E883E4B
:1080900007BA76BFDA0A873E5BEF76BFCE86853EAB
:1080A000172477BF7002843E3A5877BFC07D823E66
:1080B000C58B77BFC0F8803EB7BE77BFE1E67E3E96
:1080C00010F177BFA4DB7B3ED12278BFCCCF783EC6
:1080D000F85378BF5AC3753E868478BF51B6723E56
:1080E0007BB478BFB2A86F3ED6E378BF7F9A6C3E70
:1080F000981279BFBA8B693EC04079BF667C663EF4
:108100004E6E79BF836C633E439B79BF135C603EC8
:108110009DC779BF1A4B5D3E5EF379BF97395A3ED2
:10812000841E7ABF8F27573E10497ABF0115543EEF
:1081300002737ABFF101513E599C7ABF60EE4D3E09
:1081400016C57ABF4FDA4A3E37ED7ABFC2C5473E01
:10815000BE147BBFB9B0443EAB3B7BBF379B413EB7
:10816000FC617BBF3E853E3EB2877BBFCF6E3B3E10
:10817000CDAC7BBFEC57383E4DD17BBF9840353EF0
:1081800031F57BBFD428323E7A187CBFA2102F3E37
:10819000283B7CBF04F82B3E3A5D7CBFFCDE283ECA
:1081A000B07E7CBF8CC5253E8A9F7CBFB6AB223E8D
:1081B000C9BF7CBF7B911F3E6CDF7CBFDE761C3E5F
:1081C00073FE7CBFE05B193EDD1C7DBF8340163E25
:1081D000AC3A7DBFCA24133EDE577DBFB708103EC0
:1081E00074747DBF4AEC0C3E6E907DBF86CF093E15
:1081F000CCAB7DBF6EB2063E8CC67DBF0295033E02
:10820000B1E07DBF4577003E38FA7DBF73B2FA3DDD
:1082100024137EBFC075F43D722B7EBF7638EE3DD1
:1082200023437EBF9AFAE73D385A7EBF2EBCE13D1C
:10823000B0707EBF377DDB3D8B867EBFB93DD53DBF
:10824000C99B7EBFB7FDCE3D69B07EBF36BDC83D80
:108250006DC47EBF397CC23DD4D77EBFC33ABC3D1E
:108260009DEA7EBFDAF8B53DC9FC7EBF80B6AF3D62
:10827000580E7FBFBA73A93D491F7FBF8C30A33D05
:108280009D2F7FBFF9EC9C3D543F7FBF05A9963DD4
:108290006D4E7FBFB464903DE95C7FBF0A208A3D8C
:1082A000C76A7FBF0ADB833D08787FBF742B7B3DA5
:1082B000AB847FBF38A06E3DB1907FBF6814623D34
:1082C000189C7FBF0E88553DE3A67FBF2FFB483D1E
:1082D0000FB17FBFD56D3C3D9EBA7FBF07E02F3DFC
:1082E0008FC37FBFCC51233DE2CB7FBF2CC3163D54
:1082F00098D37FBF2F340A3DAFDA7FBFB949FB3C2B
:1083000029E17FBF7B2AE23C05E77FBFB00AC93C79
:1083100043EC7FBF69EAAF3CE3F07FBFB6C9963C50
:10832000E6F47FBF4B517B3C4AF87FBF900E493C3F
:1083300011FB7FBF59CB163C39FD7FBF890FC93B6D
:10834000C4FE7FBFC70F493BB1FF7FBF00000000E5
:108350000000803FB00AC93C43EC7F3F2FFB483D03
:108360000FB17F3F05A9963D6D4E7F3F36BDC83D9D
:108370006DC47E3F73B2FA3D24137E3F8340163EA8
:10838000AC3A7D3FA2102F3E283B7C3FC2C5473E02
:10839000BE147B3F135C603E9DC7793FCCCF783ED7
:1083A000F853783F938E883E07BA763F31A0943ECB
:1083B0000BFA743FE59AA03E4714733FD47CAC3E61
:1083C0000809713F2A44B83E9ED86E3F15EFC33E60
:1083D0005E836C3FCA7BCF3EA7096A3F80E8DA3EE6
:1083E000D86B673F7533E63E59AA643FEA5AF13EBF
:1083F00098C5613F275DFC3E05BE5E3F3D9C033F47
:108400001A945B3F9BF5083F5348583FDA390E3FBB
:1084100031DB543F2A68133F3D4D513FC07F183F29
:10842000029F4D3FD17F1D3F12D1493F9967223FA7
:1084300003E4453F5636273F70D8413F4AEB2B3F78
:10844000F9AE3D3FBB85303F4268393FF304353FCD
:10845000F304353F4268393FBB85303FF9AE3D3FBD
:108460004AEB2B3F70D8413F5636273F03E4453F48
:108470009967223F12D1493FD17F1D3F029F4D3F57
:10848000C07F183F3D4D513F2A68133F31DB543FB9
:10849000DA390E3F5348583F9BF5083F1A945B3F2B
:1084A0003D9C033F05BE5E3F275DFC3E98C5613F96
:1084B000EA5AF13E59AA643F7533E63ED86B673FEE
:1084C00080E8DA3EA7096A3FCA7BCF3E5E836C3FF5
:1084D00015EFC33E9ED86E3F2A44B83E0809713F4F
:1084E000D47CAC3E4714733FE59AA03E0BFA743F30
:1084F00031A0943E07BA763F938E883EF853783F7A
:10850000CCCF783E9DC7793F135C603EBE147B3F65
:10851000C2C5473E283B7C3FA2102F3EAC3A7D3F70
:108520008340163E24137E3F73B2FA3D6DC47E3FF6
:1085300036BDC83D6D4E7F3F05A9963D0FB17F3FCB
:108540002FFB483D43EC7F3FB00AC93C0000803F11
:108550000000000043EC7F3FB00AC9BC0FB17F3F71
:108560002FFB48BD6D4E7F3F05A996BD6DC47E3F74
:1085700036BDC8BD24137E3F73B2FABDAC3A7D3F11
:10858000834016BE283B7C3FA2102FBEBE147B3F0B
:10859000C2C547BE9DC7793F135C60BEF853783FA4
:1085A000CCCF78BE07BA763F938E88BE0BFA743F65
:1085B00031A094BE4714733FE59AA0BE0809713FED
:1085C000D47CACBE9ED86E3F2A44B8BE5E836C3F5E
:1085D00015EFC3BEA7096A3FCA7BCFBED86B673F02
:1085E00080E8DABE59AA643F7533E6BE98C5613F9C
:1085F000EA5AF1BE05BE5E3F275DFCBE1A945B3FA2
:108600003D9C03BF5348583F9BF508BF31DB543FA7
:10861000DA390EBF3D4D513F2A6813BF029F4D3FCF
:10862000C07F18BF12D1493FD17F1DBF03E4453F32
:10863000996722BF70D8413F563627BFF9AE3D3FFC
:108640004AEB2BBF4268393FBB8530BFF304353F4F
:10865000F30435BFBB85303F426839BF4AEB2B3F3F
:10866000F9AE3DBF5636273F70D841BF9967223FCC
:1086700003E445BFD17F1D3F12D149BFC07F183FE2
:10868000029F4DBF2A68133F3D4D51BFDA390E3F5F
:1086900031DB54BF9BF5083F534858BF3D9C033F17
:1086A0001A945BBF275DFC3E05BE5EBFEA5AF13EF1
:1086B00098C561BF7533E63E59AA64BF80E8DA3ECB
:1086C000D86B67BFCA7BCF3EA7096ABF15EFC33E11
:1086D0005E836CBF2A44B83E9ED86EBFD47CAC3E4D
:1086E000080971BFE59AA03E471473BF31A0943EBC
:1086F0000BFA74BF938E883E07BA76BFCCCF783E14
:10870000F85378BF135C603E9DC779BFC2C5473E32
:10871000BE147BBFA2102F3E283B7CBF8340163E79
:10872000AC3A7DBF73B2FA3D24137EBF36BDC83D5F
:108730006DC47EBF05A9963D6D4E7FBF2FFB483DA2
:108740000FB17FBFB00AC93C43EC7FBF00000000FF
:108750000000803FC2C5473EBE147B3F15EFC33EBD
:108760005E836C3FDA390E3F31DB543FF304353F13
:10877000F304353F31DB543FDA390E3F5E836C3F03
:1087800015EFC33EBE147B3FC2C5473E0000803F8D
:1087900000000000BE147B3FC2C547BE5E836C3F35
:1087A00015EFC3BE31DB543FDA390EBFF304353F5A
:1087B000F30435BFDA390E3F31DB54BF15EFC33E4A
:1087C0005E836CBFC2C5473EBE147BBF0000000085
:1087D0000000803FD40FC93AECFF7F3FC70F493BF1
:1087E000B1FF7F3FC1CB963B4EFF7F3F890FC93B17
:1087F000C4FE7F3F3053FB3B13FE7F3F59CB163CFB
:1088000039FD7F3F02ED2F3C39FC7F3F900E493C04
:1088100011FB7F3F0030623CC1F97F3F4B517B3CF5
:108820004AF87F3F38398A3CACF67F3FB6C9963C60
:10883000E6F47F3F1C5AA33CF8F27F3F69EAAF3C65
:10884000E3F07F3F9B7ABC3CA7EE7F3FB00AC93C78
:1088500043EC7F3FA69AD53CB8E97F3F7B2AE23CB8
:1088600005E77F3F2DBAEE3C2BE47F3FB949FB3C47
:1088700029E17F3F90EC033D00DE7F3F2F340A3D2E
:10888000AFDA7F3FB87B103D37D77F3F2CC3163D13
:1088900098D37F3F880A1D3DD1CF7F3FCC51233DE8
:1088A000E2CB7F3FF698293DCCC77F3F07E02F3DC5
:1088B0008FC37F3FFC26363D2ABF7F3FD56D3C3DB1
:1088C0009EBA7F3F91B4423DEAB57F3F2FFB483DC2
:1088D0000FB17F3FAF414F3D0DAC7F3F0E88553DFF
:1088E000E3A67F3F4CCE5B3D91A17F3F6814623D84
:1088F000189C7F3F625A683D78967F3F38A06E3D56
:10890000B1907F3FE9E5743DC28A7F3F742B7B3D88
:10891000AB847F3F6CB8803D6D7E7F3F0ADB833D3B
:1089200008787F3F94FD863D7B717F3F0A208A3D1A
:10893000C76A7F3F6A428D3DEC637F3FB464903DE0
:10894000E95C7F3FE786933DBF557F3F05A9963D94
:108950006D4E7F3F0ACB993DF4467F3FF9EC9C3D3D
:10896000543F7F3FCF0EA03D8D377F3F8C30A33DDE
:108970009D2F7F3F3052A63D87277F3FBA73A93D89
:10898000491F7F3F2B95AC3DE4167F3F80B6AF3D3E
:10899000580E7F3FBBD7B23DA4057F3FDAF8B53D07
:1089A000C9FC7E3FDD19B93DC7F37E3FC33ABC3DEC
:1089B0009DEA7E3F8D5BBF3D4CE17E3F397CC23DF1
:1089C000D4D77E3FC69CC53D34CE7E3F36BDC83D24
:1089D0006DC47E3F86DDCB3D7FBA7E3FB7FDCE3D89
:1089E00069B07E3FC81DD23D2DA67E3FB93DD53D25
:1089F000C99B7E3F895DD83D3D917E3F377DDB3D04
:108A00008B867E3FC49CDE3DB17B7E3F2EBCE13D2C
:108A1000B0707E3F76DBE43D88657E3F9AFAE73DA5
:108A2000385A7E3F9A19EB3DC14E7E3F7638EE3D77
:108A300023437E3F2E57F13D5E377E3FC075F43DA8
:108A4000722B7E3F2C94F73D5E1F7E3F73B2FA3D42
:108A500024137E3F92D0FD3DC2067E3F4577003E07
:108A600038FA7D3F2E06023E88ED7D3F0295033E9B
:108A7000B1E07D3FC223053EB2D37D3F6EB2063EDC
:108A80008CC67D3F0541083E40B97D3F86CF093EFB
:108A9000CCAB7D3FF35D0B3E309E7D3F4AEC0C3E00
:108AA0006E907D3F8B7A0E3E85827D3FB708103EEB
:108AB00074747D3FCC96113E3D667D3FCA24133EC3
:108AC000DE577D3FB2B2143E59497D3F8340163E8A
:108AD000AC3A7D3F3DCE173ED82B7D3FE05B193E43
:108AE000DD1C7D3F6BE91A3EBC0D7D3FDE761C3EF2
:108AF00073FE7C3F38041E3E03EF7C3F7B911F3E9C
:108B00006CDF7C3FA51E213EAECF7C3FB6AB223E44
:108B1000C9BF7C3FAD38243EBDAF7C3F8CC5253EF0
:108B20008A9F7C3F5152273E318F7C3FFCDE283E9E
:108B3000B07E7C3F8D6B2A3E086E7C3F04F82B3E56
:108B40003A5D7C3F61842D3E444C7C3FA2102F3E19
:108B5000283B7C3FC99C303EE5297C3FD428323EEF
:108B60007A187C3FC4B4333EE9067C3F9840353EDA
:108B700031F57B3F50CC363E53E37B3FEC57383EDC
:108B80004DD17B3F6CE3393E20BF7B3FCF6E3B3EF8
:108B9000CDAC7B3F15FA3C3E539A7B3F3E853E3E33
:108BA000B2877B3F4910403EEA747B3F379B413E92
:108BB000FC617B3F0726433EE74E7B3FB9B0443E16
:108BC000AB3B7B3F4D3B463E48287B3FC2C5473EC3
:108BD000BE147B3F1850493E0E017B3F4FDA4A3EA0
:108BE00037ED7A3F67644C3E3AD97A3F60EE4D3EAE
:108BF00016C57A3F38784F3ECBB07A3FF101513EEF
:108C0000599C7A3F898B523EC1877A3F0115543E69
:108C100002737A3F589E553E1C5E7A3F8F27573E1F
:108C200010497A3FA4B0583EDD337A3F97395A3E17
:108C3000841E7A3F6AC25B3E04097A3F1A4B5D3E4E
:108C40005EF3793FA8D35E3E91DD793F135C603ED1
:108C50009DC7793F5CE4613E83B1793F836C633E9D
:108C6000439B793F86F4643EDC84793F667C663EB4
:108C70004E6E793F2204683E9A57793FBA8B693E1F
:108C8000C040793F2F136B3EBF29793F7F9A6C3EDE
:108C90009812793FAB216E3E4AFB783FB2A86F3EF7
:108CA000D6E3783F942F713E3BCC783F51B6723E6D
:108CB0007BB4783FE83C743E939C783F5AC3753E42
:108CC0008684783FA649773E526C783FCCCF783E79
:108CD000F853783FCB557A3E773B783FA4DB7B3E19
:108CE000D122783F56617D3E040A783FE1E67E3E20
:108CF00010F1773F2236803EF7D7773FC0F8803EAD
:108D0000B7BE773F4ABB813E51A5773FC07D823ECB
:108D1000C58B773F2240833E1372773F7002843EBB
:108D20003A58773FAAC4843E3C3E773FCE86853E84
:108D30001724773FDF48863ECC09773FDA0A873E23
:108D40005BEF763FC1CC873EC4D4763F938E883E9E
:108D500007BA763F5050893E249F763FF8118A3EED
:108D60001B84763F8AD38A3EEC68763F07958B3E1C
:108D7000974D763F6E568C3E1B32763FC0178D3E28
:108D80007A16763FFCD88D3EB3FA753F229A8E3E16
:108D9000C6DE753F325B8F3EB3C2753F2C1C903EE2
:108DA0007BA6753F10DD903E1C8A753FDD9D913E90
:108DB000976D753F945E923EED50753F351F933E23
:108DC0001D34753FBFDF933E2717753F31A0943E9A
:108DD0000BFA743F8D60953EC9DC743FD220963EFD
:108DE00062BF743F00E1963ED5A1743F17A1973E44
:108DF0002284743F1661983E4966743FFE20993E76
:108E00004B48743FCEE0993E272A743F86A09A3E95
:108E1000DD0B743F27609B3E6EED733FAF1F9C3EA2
:108E2000D9CE733F20DF9C3E1FB0733F789E9D3E9E
:108E30003F91733FB85D9E3E3972733FDF1C9F3E8A
:108E40000E53733FEEDB9F3EBE33733FE59AA03E69
:108E50004714733FC259A13EACF4723F8718A23E3B
:108E6000EBD4723F33D7A23E04B5723FC595A33E03
:108E7000F894723F3F54A43EC774723F9F12A53EC0
:108E80007054723FE5D0A53EF433723F128FA63E78
:108E90005213723F254DA73E8CF2713F1F0BA83E27
:108EA0009FD1713FFEC8A83E8EB0713FC486A93ED7
:108EB000578F713F6F44AA3EFB6D713F0102AB3E7D
:108EC0007A4C713F77BFAB3ED42A713FD47CAC3E25
:108ED0000809713F153AAD3E17E7703F3CF7AD3ECC
:108EE00002C5703F49B4AE3EC6A2703F3A71AF3E74
:108EF0006680703F102EB03EE15D703FCBEAB03E21
:108F0000373B703F6BA7B13E6718703FEF63B23ECF
:108F100073F56F3F5820B33E5AD26F3FA5DCB33E86
:108F20001BAF6F3FD698B43EB88B6F3FEC54B53E45
:108F300030686F3FE610B63E83446F3FC3CCB63E09
:108F4000B0206F3F8488B73EBAFC6E3F2A44B83EDB
:108F50009ED86E3FB2FFB83E5DB46E3F1EBBB93EB9
:108F6000F88F6E3F6E76BA3E6D6B6E3FA031BB3EA2
:108F7000BE466E3FB6ECBB3EEB216E3FAFA7BC3E9C
:108F8000F2FC6D3F8B62BD3ED5D76D3F4A1DBE3EA4
:108F900093B26D3FEBD7BE3E2D8D6D3F6F92BF3EBE
:108FA000A1676D3FD54CC03EF2416D3F1E07C13EEB
:108FB0001D1C6D3F48C1C13E24F66C3F557BC23E2F
:108FC00007D06C3F4435C33EC5A96C3F15EFC33E87
:108FD0005E836C3FC8A8C43ED45C6C3F5C62C53EF7
:108FE00024366C3FD21BC63E500F6C3F29D5C63E7F
:108FF00058E86B3F628EC73E3BC16B3F7C47C83E23
:10900000FB996B3F7700C93E95726B3F53B9C93EE0
:109010000C4B6B3F1072CA3E5E236B3FAE2ACB3EB9
:109020008CFB6A3F2CE3CB3E95D36A3F8B9BCC3EB7
:109030007BAB6A3FCA53CD3E3C836A3FEA0BCE3ED0
:10904000D95A6A3FEAC3CE3E52326A3FCA7BCF3E0C
:10905000A7096A3F8A33D03ED7E0693F2AEBD03E6A
:10906000E4B7693FAAA2D13ECC8E693F095AD23EED
:109070009165693F4811D33E323C693F67C8D33E92
:10908000AE12693F647FD43E07E9683F4136D53E62
:109090003CBF683FFDECD53E4C95683F99A3D63E5A
:1090A000396B683F135AD73E0341683F6B10D83E77
:1090B000A816683FA3C6D83E2AEC673FB97CD93EC4
:1090C00087C1673FAD32DA3EC196673F80E8DA3E3E
:1090D000D86B673F319EDB3ECA40673FC153DC3EE1
:1090E0009915673F2E09DD3E45EA663F79BEDD3EB4
:1090F000CCBE663FA273DE3E3093663FA928DF3EBA
:109100007167663F8DDDDF3E8E3B663F4F92E03EEE
:10911000880F663FEE46E13E5EE3653F6AFBE13E57
:1091200010B7653FC4AFE23EA08A653FFA63E33EF5
:109130000B5E653F0E18E43E5431653FFECBE43EC6
:109140007904653FCB7FE53E7BD7643F7533E63ED0
:1091500059AA643FFBE6E63E147D643F5D9AE73E14
:10916000AC4F643F9C4DE83E2122643FB700E93E8E
:1091700073F4633FAEB3E93EA1C6633F8166EA3E46
:10918000AC98633F3019EB3E956A633FBBCBEB3E37
:109190005A3C633F217EEC3EFC0D633F6330ED3E65
:1091A0007BDF623F80E2ED3ED7B0623F7994EE3ED6
:1091B0001082623F4C46EF3E2653623FFBF7EF3E84
:1091C0001A24623F85A9F03EEAF4613FEA5AF13E73
:1091D00098C5613F290CF23E2296613F43BDF23EA5
:1091E0008A66613F386EF33ED036613F071FF43E1A
:1091F000F206613FB1CFF43EF2D6603F3580F53ED6
:10920000CFA6603F9330F63E8976603FCBE0F63ED6
:109210002146603FDC90F73E9615603FC840F83E1F
:10922000E9E45F3F8EF0F83E19B45F3F2DA0F93EB0
:1092300027835F3FA54FFA3E12525F3FF7FEFA3E8B
:10924000DB205F3F22AEFB3E81EF5E3F275DFC3EB1
:1092500005BE5E3F040CFD3E678C5E3FBBBAFD3E23
:10926000A65A5E3F4A69FE3EC3285E3FB217FF3EE4
:10927000BEF65D3FF3C5FF3E97C45D3F063A003F33
:109280004D925D3FFF90003FE15F5D3FE4E7003FAF
:10929000532D5D3FB53E013FA3FA5C3F7395013FFF
:1092A000D1C75C3F1CEC013FDD945C3FB142023F03
:1092B000C7615C3F3299023F8E2E5C3F9FEF023FB9
:1092C00034FB5B3FF845033FB8C75B3F3D9C033F22
:1092D0001A945B3F6DF2033F5A605B3F8948043F3D
:1092E000792C5B3F919E043F75F85A3F84F4043F0C
:1092F00050C45A3F624A053F09905A3F2CA0053F8F
:10930000A05B5A3FE2F5053F16275A3F824B063FC6
:109310006AF2593F0EA1063F9CBD593F86F6063FB3
:10932000AD88593FE84B073F9C53593F36A1073F53
:109330006A1E593F6FF6073F17E9583F924B083FA7
:10934000A1B3583FA1A0083F0B7E583F9BF5083FB3
:109350005348583F7F4A093F7912583F4E9F093F73
:109360007FDC573F09F4093F63A6573FAD480A3FEA
:109370002670573F3D9D0A3FC739573FB7F10A3F17
:109380004803573F1C460B3FA7CC563F6B9A0B3FF9
:10939000E595563FA5EE0B3F025F563FC9420C3F95
:1093A000FE27563FD7960C3FD9F0553FD0EA0C3FE9
:1093B00093B9553FB33E0D3F2C82553F81920D3FEF
:1093C000A44A553F38E60D3FFB12553FDA390E3FB0
:1093D00031DB543F658D0E3F47A3543FDBE00E3F2A
:1093E0003B6B543F3B340F3F0F33543F84870F3F59
:1093F000C3FA533FB8DA0F3F55C2533FD52D103F44
:10940000C789533FDC80103F1851533FCDD3103FE5
:109410004918533FA726113F59DF523F6B79113F3F
:1094200049A6523F19CC113F186D523FB01E123F52
:10943000C633523F3071123F54FA513F9AC3123F24
:10944000C2C0513FEE15133F1087513F2A68133FAA
:109450003D4D513F50BA133F4A13513F5F0C143FEB
:1094600037D9503F585E143F039F503F39B0143FE7
:10947000AF64503F0402153F3B2A503FB753153F9E
:10948000A8EF4F3F54A5153FF4B44F3FD9F6153F11
:109490001F7A4F3F4748163F2B3F4F3F9F99163F3C
:1094A00017044F3FDFEA163FE4C84E3F073C173F23
:1094B000908D4E3F188D173F1C524E3F12DE173FC6
:1094C00089164E3FF52E183FD5DA4D3FC07F183F25
:1094D000029F4D3F73D0183F10634D3F0F21193F3E
:1094E000FD264D3F9471193FCBEA4C3F00C2193F16
:1094F00079AE4C3F55121A3F08724C3F93621A3FA7
:1095000078354C3FB8B21A3FC7F84B3FC6021B3FF5
:10951000F8BB4B3FBB521B3F097F4B3F99A21B3F00
:10952000FA414B3F5FF21B3FCC044B3F0C421C3FC8
:109530007FC74A3FA2911C3F138A4A3F1FE11C3F4D
:10954000874C4A3F84301D3FDC0E4A3FD17F1D3F90
:1095500012D1493F06CF1D3F2993493F221E1E3F8E
:109560002155493F266D1E3FFA16493F12BC1E3F4A
:10957000B3D8483FE50A1F3F4E9A483F9F591F3FC7
:10958000CA5B483F41A81F3F271D483FCBF61F3FFE
:1095900065DE473F3B45203F849F473F9393203FF5
:1095A0008560473FD2E1203F6721473FF92F213FA8
:1095B0002AE2463F067E213FCEA2463FFBCB213F1B
:1095C0005463463FD719223FBB23463F9967223F4A
:1095D00003E4453F43B5223F2DA4453FD302233F3B
:1095E0003964453F4B50233F2624453FA99D233FE7
:1095F000F5E3443FEEEA233FA5A3443F1A38243F56
:109600003763443F2C85243FAB22443F25D2243F7F
:1096100000E2433F041F253F38A1433FCB6B253F6A
:109620005160433F77B8253F4C1F433F0A05263F13
:1096300029DE423F8451263FE89C423FE39D263F7E
:10964000895B423F2AEA263F0B1A423F5636273FA4
:1096500070D8413F6882273FB796413F61CE273F90
:10966000E154413F401A283FEC12413F0566283F34
:10967000DAD0403FB0B1283FA98E403F41FD283F9E
:109680005C4C403FB848293FF009403F1594293FC2
:1096900067C73F3F57DF293FC0843F3F802A2A3FAB
:1096A000FC413F3F8E752A3F1BFF3E3F82C02A3F51
:1096B0001BBC3E3F5B0B2B3FFF783E3F1B562B3FB7
:1096C000C5353E3FBFA02B3F6EF23D3F4AEB2B3FDF
:1096D000F9AE3D3FB9352C3F676B3D3F0F802C3FC6
:1096E000B8273D3F49CA2C3FECE33C3F69142D3F6E
:1096F00003A03C3F6F5E2D3FFC5B3C3F59A82D3FD4
:10970000D9173C3F29F22D3F98D33B3FDE3B2E3FFC
:109710003B8F3B3F78852E3FC14A3B3FF7CE2E3FE4
:1097200029063B3F5B182F3F75C13A3FA5612F3F8C
:10973000A47C3A3FD3AA2F3FB7373A3FE6F32F3FF7
:10974000ACF2393FDE3C303F85AD393FBB85303F21
:109750004268393F7CCE303FE122393F2217313F0A
:1097600065DD383FAD5F313FCB97383F1DA8313FB6
:109770001652383F71F0313F430C383FAA38323F20
:1097800055C6373FC780323F4A80373FC9C8323F4E
:10979000233A373FAF10333FDFF3363F7A58333F3A
:1097A0007FAD363F29A0333F0467363FBCE7333FE8
:1097B0006C20363F342F343FB8D9353F8F76343F55
:1097C000E792353FCFBD343FFB4B353FF304353F88
:1097D000F304353FFB4B353FCFBD343FE792353F78
:1097E0008F76343FB8D9353F342F343F6C20363F25
:1097F000BCE7333F0467363F29A0333F7FAD363F98
:109800007A58333FDFF3363FAF10333F233A373FC9
:10981000C9C8323F4A80373FC780323F55C6373FBD
:10982000AA38323F430C383F71F0313F1652383F6F
:109830001DA8313FCB97383FAD5F313F65DD383FE5
:109840002217313FE122393F7CCE303F4268393F19
:10985000BB85303F85AD393FDE3C303FACF2393F10
:10986000E6F32F3FB7373A3FD3AA2F3FA47C3A3FC6
:10987000A5612F3F75C13A3F5B182F3F29063B3F3B
:10988000F7CE2E3FC14A3B3F78852E3F3B8F3B3F73
:10989000DE3B2E3F98D33B3F29F22D3FD9173C3F6B
:1098A00059A82D3FFC5B3C3F6F5E2D3F03A03C3F22
:1098B00069142D3FECE33C3F49CA2C3FB8273D3F9C
:1098C0000F802C3F676B3D3FB9352C3FF9AE3D3FD4
:1098D0004AEB2B3F6EF23D3FBFA02B3FC5353E3FCD
:1098E0001B562B3FFF783E3F5B0B2B3F1BBC3E3F85
:1098F00082C02A3F1BFF3E3F8E752A3FFC413F3FFF
:10990000802A2A3FC0843F3F57DF293F67C73F3F38
:109910001594293FF009403FB848293F5C4C403F2F
:1099200041FD283FA98E403FB0B1283FDAD0403FEB
:109930000566283FEC12413F401A283FE154413F61
:1099400061CE273FB796413F6882273F70D8413F9D
:109950005636273F0B1A423F2AEA263F895B423F91
:10996000E39D263FE89C423F8451263F29DE423F4B
:109970000A05263F4C1F433F77B8253F5160433FC0
:10998000CB6B253F38A1433F041F253F00E2433FF7
:1099900025D2243FAB22443F2C85243F3763443FEC
:1099A0001A38243FA5A3443FEEEA233FF5E3443FA2
:1099B000A99D233F2624453F4B50233F3964453F13
:1099C000D302233F2DA4453F43B5223F03E4453F47
:1099D0009967223FBB23463FD719223F5463463F36
:1099E000FBCB213FCEA2463F067E213F2AE2463FE7
:1099F000F92F213F6721473FD2E1203F8560473F54
:109A00009393203F849F473F3B45203F65DE473F80
:109A1000CBF61F3F271D483F41A81F3FCA5B483F69
:109A20009F591F3F4E9A483FE50A1F3FB3D8483F12
:109A300012BC1E3FFA16493F266D1E3F2155493F75
:109A4000221E1E3F2993493F06CF1D3F12D1493F99
:109A5000D17F1D3FDC0E4A3F84301D3F874C4A3F7B
:109A60001FE11C3F138A4A3FA2911C3F7FC74A3F18
:109A70000C421C3FCC044B3F5FF21B3FFA414B3F73
:109A800099A21B3F097F4B3FBB521B3FF8BB4B3F8B
:109A9000C6021B3FC7F84B3FB8B21A3F78354C3F60
:109AA00093621A3F08724C3F55121A3F79AE4C3FF1
:109AB00000C2193FCBEA4C3F9471193FFD264D3F40
:109AC0000F21193F10634D3F73D0183F029F4D3F48
:109AD000C07F183FD5DA4D3FF52E183F89164E3F0F
:109AE00012DE173F1C524E3F188D173F908D4E3F90
:109AF000073C173FE4C84E3FDFEA163F17044F3FCD
:109B00009F99163F2B3F4F3F4748163F1F7A4F3FC5
:109B1000D9F6153FF4B44F3F54A5153FA8EF4F3F7A
:109B2000B753153F3B2A503F0402153FAF64503FE7
:109B300039B0143F039F503F585E143F37D9503F10
:109B40005F0C143F4A13513F50BA133F3D4D513FF4
:109B50002A68133F1087513FEE15133FC2C0513F93
:109B60009AC3123F54FA513F3071123FC633523FED
:109B7000B01E123F186D523F19CC113F49A6523FFB
:109B80006B79113F59DF523FA726113F4918533FC8
:109B9000CDD3103F1851533FDC80103FC789533F4E
:109BA000D52D103F55C2533FB8DA0F3FC3FA533F8C
:109BB00084870F3F0F33543F3B340F3F3B6B543F81
:109BC000DBE00E3F47A3543F658D0E3F31DB543F32
:109BD000DA390E3FFB12553F38E60D3FA44A553F98
:109BE00081920D3F2C82553FB33E0D3F93B9553FB7
:109BF000D0EA0C3FD9F0553FD7960C3FFE27563F91
:109C0000C9420C3F025F563FA5EE0B3FE595563F1C
:109C10006B9A0B3FA7CC563F1C460B3F4803573F60
:109C2000B7F10A3FC739573F3D9D0A3F2670573F5E
:109C3000AD480A3F63A6573F09F4093F7FDC573F11
:109C40004E9F093F7912583F7F4A093F5348583F7A
:109C50009BF5083F0B7E583FA1A0083FA1B3583F9A
:109C6000924B083F17E9583F6FF6073F6A1E593F6E
:109C700036A1073F9C53593FE84B073FAD88593FFA
:109C800086F6063F9CBD593F0EA1063F6AF2593F3A
:109C9000824B063F16275A3FE2F5053FA05B5A3F2D
:109CA0002CA0053F09905A3F624A053F50C45A3FD5
:109CB00084F4043F75F85A3F919E043F792C5B3F32
:109CC0008948043F5A605B3F6DF2033F1A945B3F43
:109CD0003D9C033FB8C75B3FF845033F34FB5B3F08
:109CE0009FEF023F8E2E5C3F3299023FC7615C3F7F
:109CF000B142023FDD945C3F1CEC013FD1C75C3FA9
:109D00007395013FA3FA5C3FB53E013F532D5D3F84
:109D1000E4E7003FE15F5D3FFF90003F4D925D3F14
:109D2000063A003F97C45D3FF3C5FF3EBEF65D3F78
:109D3000B217FF3EC3285E3F4A69FE3EA65A5E3F09
:109D4000BBBAFD3E678C5E3F040CFD3E05BE5E3F28
:109D5000275DFC3E81EF5E3F22AEFB3EDB205F3F96
:109D6000F7FEFA3E12525F3FA54FFA3E27835F3F50
:109D70002DA0F93E19B45F3F8EF0F83EE9E45F3F55
:109D8000C840F83E9615603FDC90F73E2146603FA4
:109D9000CBE0F63E8976603F9330F63ECFA6603F3B
:109DA0003580F53EF2D6603FB1CFF43EF206613F1A
:109DB000071FF43ED036613F386EF33E8A66613F3E
:109DC00043BDF23E2296613F290CF23E98C5613FA9
:109DD000EA5AF13EEAF4613F85A9F03E1A24623F57
:109DE000FBF7EF3E2653623F4C46EF3E1082623F48
:109DF0007994EE3ED7B0623F80E2ED3E7BDF623F7A
:109E00006330ED3EFC0D633F217EEC3E5A3C633FE8
:109E1000BBCBEB3E956A633F3019EB3EAC98633F9A
:109E20008166EA3EA1C6633FAEB3E93E73F4633F89
:109E3000B700E93E2122643F9C4DE83EAC4F643FB1
:109E40005D9AE73E147D643FFBE6E63E59AA643F17
:109E50007533E63E7BD7643FCB7FE53E7904653FB3
:109E6000FECBE43E5431653F0E18E43E0B5E653F89
:109E7000FA63E33EA08A653FC4AFE23E10B7653F98
:109E80006AFBE13E5EE3653FEE46E13E880F663FDA
:109E90004F92E03E8E3B663F8DDDDF3E7167663F51
:109EA000A928DF3E3093663FA273DE3ECCBE663FFC
:109EB00079BEDD3E45EA663F2E09DD3E9915673FD6
:109EC000C153DC3ECA40673F319EDB3ED86B673FE3
:109ED00080E8DA3EC196673FAD32DA3E87C1673F20
:109EE000B97CD93E2AEC673FA3C6D83EA816683F86
:109EF0006B10D83E0341683F135AD73E396B683F19
:109F000099A3D63E4C95683FFDECD53E3CBF683FDB
:109F10004136D53E07E9683F647FD43EAE12693FC3
:109F200067C8D33E323C693F4811D33E9165693FD3
:109F3000095AD23ECC8E693FAAA2D13EE4B7693F0E
:109F40002AEBD03ED7E0693F8A33D03EA7096A3F6B
:109F5000CA7BCF3E52326A3FEAC3CE3ED95A6A3FED
:109F6000EA0BCE3E3C836A3FCA53CD3E7BAB6A3F91
:109F70008B9BCC3E95D36A3F2CE3CB3E8CFB6A3F58
:109F8000AE2ACB3E5E236B3F1072CA3E0C4B6B3F3A
:109F900053B9C93E95726B3F7700C93EFB996B3F41
:109FA0007C47C83E3BC16B3F628EC73E58E86B3F63
:109FB00029D5C63E500F6C3FD21BC63E24366C3F9F
:109FC0005C62C53ED45C6C3FC8A8C43E5E836C3FF7
:109FD00015EFC33EC5A96C3F4435C33E07D06C3F67
:109FE000557BC23E24F66C3F48C1C13E1D1C6D3FEF
:109FF0001E07C13EF2416D3FD54CC03EA1676D3F8B
:10A000006F92BF3E2D8D6D3FEBD7BE3E93B26D3F3D
:10A010004A1DBE3ED5D76D3F8B62BD3EF2FC6D3F03
:10A02000AFA7BC3EEB216E3FB6ECBB3EBE466E3FDB
:10A03000A031BB3E6D6B6E3F6E76BA3EF88F6E3FC1
:10A040001EBBB93E5DB46E3FB2FFB83E9ED86E3FB8
:10A050002A44B83EBAFC6E3F8488B73EB0206F3FBA
:10A06000C3CCB63E83446F3FE610B63E30686F3FC8
:10A07000EC54B53EB88B6F3FD698B43E1BAF6F3FE4
:10A08000A5DCB33E5AD26F3F5820B33E73F56F3F05
:10A09000EF63B23E6718703F6BA7B13E373B703F2E
:10A0A000CBEAB03EE15D703F102EB03E6680703F5F
:10A0B0003A71AF3EC6A2703F49B4AE3E02C5703F92
:10A0C0003CF7AD3E17E7703F153AAD3E0809713FCA
:10A0D000D47CAC3ED42A713F77BFAB3E7A4C713F03
:10A0E0000102AB3EFB6D713F6F44AA3E578F713F3B
:10A0F000C486A93E8EB0713FFEC8A83E9FD1713F75
:10A100001F0BA83E8CF2713F254DA73E5213723FA4
:10A11000128FA63EF433723FE5D0A53E7054723FD5
:10A120009F12A53EC774723F3F54A43EF894723FFD
:10A13000C595A33E04B5723F33D7A23EEBD4723F20
:10A140008718A23EACF4723FC259A13E4714733F38
:10A15000E59AA03EBE33733FEEDB9F3E0E53733F46
:10A16000DF1C9F3E3972733FB85D9E3E3F91733F47
:10A17000789E9D3E1FB0733F20DF9C3ED9CE733F3B
:10A18000AF1F9C3E6EED733F27609B3EDD0B743F1F
:10A1900086A09A3E272A743FCEE0993E4B48743FF2
:10A1A000FE20993E4966743F1661983E2284743FB2
:10A1B00017A1973ED5A1743F00E1963E62BF743F60
:10A1C000D220963EC9DC743F8D60953E0BFA743FF9
:10A1D00031A0943E2717753FBFDF933E1D34753F76
:10A1E000351F933EED50753F945E923E976D753FDF
:10A1F000DD9D913E1C8A753F10DD903E7BA6753F2C
:10A200002C1C903EB3C2753F325B8F3EC6DE753F5D
:10A21000229A8E3EB3FA753FFCD88D3E7A16763F71
:10A22000C0178D3E1B32763F6E568C3E974D763F63
:10A2300007958B3EEC68763F8AD38A3E1B84763F37
:10A24000F8118A3E249F763F5050893E07BA763FE8
:10A25000938E883EC4D4763FC1CC873E5BEF763F79
:10A26000DA0A873ECC09773FDF48863E1724773FDE
:10A27000CE86853E3C3E773FAAC4843E3A58773F1F
:10A280007002843E1372773F2240833EC58B773F36
:10A29000C07D823E51A5773F4ABB813EB7BE773F26
:10A2A000C0F8803EF7D7773F2236803E10F1773FE7
:10A2B000E1E67E3E040A783F56617D3ED122783F3A
:10A2C000A4DB7B3E773B783FCB557A3EF853783F13
:10A2D000CCCF783E526C783FA649773E8684783F53
:10A2E0005AC3753E939C783FE83C743E7BB4783FFC
:10A2F00051B6723E3BCC783F942F713ED6E3783F07
:10A30000B2A86F3E4AFB783FAB216E3E9812793F70
:10A310007F9A6C3EBF29793F2F136B3EC040793F37
:10A32000BA8B693E9A57793F2204683E4E6E793F58
:10A33000667C663EDC84793F86F4643E439B793FCD
:10A34000836C633E83B1793F5CE4613E9DC7793F96
:10A35000135C603E91DD793FA8D35E3E5EF3793FAA
:10A360001A4B5D3E04097A3F6AC25B3E841E7A3F07
:10A3700097395A3EDD337A3FA4B0583E10497A3FB0
:10A380008F27573E1C5E7A3F589E553E02737A3F98
:10A390000115543EC1877A3F898B523E599C7A3FC2
:10A3A000F101513ECBB07A3F38784F3E16C57A3F27
:10A3B00060EE4D3E3AD97A3F67644C3E37ED7A3FC6
:10A3C0004FDA4A3E0E017B3F1850493EBE147B3F98
:10A3D000C2C5473E48287B3F4D3B463EAB3B7B3F9B
:10A3E000B9B0443EE74E7B3F0726433EFC617B3FCE
:10A3F000379B413EEA747B3F4910403EB2877B3F2A
:10A400003E853E3E539A7B3F15FA3C3ECDAC7B3FAA
:10A41000CF6E3B3E20BF7B3F6CE3393E4DD17B3F4F
:10A42000EC57383E53E37B3F50CC363E31F57B3F13
:10A430009840353EE9067C3FC4B4333E7A187C3FF1
:10A44000D428323EE5297C3FC99C303E283B7C3FE6
:10A45000A2102F3E444C7C3F61842D3E3A5D7C3FF0
:10A4600004F82B3E086E7C3F8D6B2A3EB07E7C3F0D
:10A47000FCDE283E318F7C3F5152273E8A9F7C3F35
:10A480008CC5253EBDAF7C3FAD38243EC9BF7C3F67
:10A49000B6AB223EAECF7C3FA51E213E6CDF7C3F9B
:10A4A0007B911F3E03EF7C3F38041E3E73FE7C3FD2
:10A4B000DE761C3EBC0D7D3F6BE91A3EDD1C7D3F08
:10A4C000E05B193ED82B7D3F3DCE173EAC3A7D3F39
:10A4D0008340163E59497D3FB2B2143EDE577D3F60
:10A4E000CA24133E3D667D3FCC96113E74747D3F79
:10A4F000B708103E85827D3F8B7A0E3E6E907D3F81
:10A500004AEC0C3E309E7D3FF35D0B3ECCAB7D3F75
:10A5100086CF093E40B97D3F0541083E8CC67D3F50
:10A520006EB2063EB2D37D3FC223053EB1E07D3F11
:10A530000295033E88ED7D3F2E06023E38FA7D3FB0
:10A540004577003EC2067E3F92D0FD3D24137E3FFC
:10A5500073B2FA3D5E1F7E3F2C94F73D722B7E3F17
:10A56000C075F43D5E377E3F2E57F13D23437E3F5D
:10A570007638EE3DC14E7E3F9A19EB3D385A7E3F0C
:10A580009AFAE73D88657E3F76DBE43DB0707E3F1A
:10A590002EBCE13DB17B7E3FC49CDE3D8B867E3F81
:10A5A000377DDB3D3D917E3F895DD83DC99B7E3F38
:10A5B000B93DD53D2DA67E3FC81DD23D69B07E3F39
:10A5C000B7FDCE3D7FBA7E3F86DDCB3D6DC47E3F7D
:10A5D00036BDC83D34CE7E3FC69CC53DD4D77E3FF8
:10A5E000397CC23D4CE17E3F8D5BBF3D9DEA7E3FA5
:10A5F000C33ABC3DC7F37E3FDD19B93DC9FC7E3F80
:10A60000DAF8B53DA4057F3FBBD7B23D580E7F3F7A
:10A6100080B6AF3DE4167F3F2B95AC3D491F7F3F91
:10A62000BA73A93D87277F3F3052A63D9D2F7F3FBC
:10A630008C30A33D8D377F3FCF0EA03D543F7F3FF1
:10A64000F9EC9C3DF4467F3F0ACB993D6D4E7F3F30
:10A6500005A9963DBF557F3FE786933DE95C7F3F67
:10A66000B464903DEC637F3F6A428D3DC76A7F3F93
:10A670000A208A3D7B717F3F94FD863D08787F3FAD
:10A680000ADB833D6D7E7F3F6CB8803DAB847F3FAE
:10A69000742B7B3DC28A7F3FE9E5743DB1907F3FDB
:10A6A00038A06E3D78967F3F625A683D189C7F3F88
:10A6B0006814623D91A17F3F4CCE5B3DE3A67F3F96
:10A6C0000E88553D0DAC7F3FAF414F3D0FB17F3FF1
:10A6D0002FFB483DEAB57F3F91B4423D9EBA7F3F94
:10A6E000D56D3C3D2ABF7F3FFC26363D8FC37F3F63
:10A6F00007E02F3DCCC77F3FF698293DE2CB7F3F57
:10A70000CC51233DD1CF7F3F880A1D3D98D37F3F59
:10A710002CC3163D37D77F3FB87B103DAFDA7F3F64
:10A720002F340A3D00DE7F3F90EC033D29E17F3F5F
:10A73000B949FB3C2BE47F3F2DBAEE3C05E77F3F58
:10A740007B2AE23CB8E97F3FA69AD53C43EC7F3FA9
:10A75000B00AC93CA7EE7F3F9B7ABC3CE3F07F3F49
:10A7600069EAAF3CF8F27F3F1C5AA33CE6F47F3F16
:10A77000B6C9963CACF67F3F38398A3C4AF87F3FF1
:10A780004B517B3CC1F97F3F0030623C11FB7F3F66
:10A79000900E493C39FC7F3F02ED2F3C39FD7F3F55
:10A7A00059CB163C13FE7F3F3053FB3BC4FE7F3F2B
:10A7B000890FC93B4EFF7F3FC1CB963BB1FF7F3F27
:10A7C000C70F493BECFF7F3FD40FC93A0000803FE1
:10A7D00000000000ECFF7F3FD40FC9BAB1FF7F3FFC
:10A7E000C70F49BB4EFF7F3FC1CB96BBC4FE7F3F27
:10A7F000890FC9BB13FE7F3F3053FBBB39FD7F3F41
:10A8000059CB16BC39FC7F3F02ED2FBC11FB7F3FBB
:10A81000900E49BCC1F97F3F003062BC4AF87F3FCF
:10A820004B517BBCACF67F3F38398ABCE6F47F3FA6
:10A83000B6C996BCF8F27F3F1C5AA3BCE3F07F3F39
:10A8400069EAAFBCA7EE7F3F9B7ABCBC43EC7F3F7D
:10A85000B00AC9BCB8E97F3FA69AD5BC05E77F3FDF
:10A860007B2AE2BC2BE47F3F2DBAEEBC29E17F3F7F
:10A87000B949FBBC00DE7F3F90EC03BDAFDA7F3F00
:10A880002F340ABD37D77F3FB87B10BD98D37F3FA9
:10A890002CC316BDD1CF7F3F880A1DBDE2CB7F3FC1
:10A8A000CC5123BDCCC77F3FF69829BD8FC37F3FD6
:10A8B00007E02FBD2ABF7F3FFC2636BD9EBA7F3FF3
:10A8C000D56D3CBDEAB57F3F91B442BD0FB17F3F2E
:10A8D0002FFB48BD0DAC7F3FAF414FBDE3A67F3F8F
:10A8E0000E8855BD91A17F3F4CCE5BBD189C7F3F2C
:10A8F000681462BD78967F3F625A68BDB1907F3F11
:10A9000038A06EBDC28A7F3FE9E574BDAB847F3F4E
:10A91000742B7BBD6D7E7F3F6CB880BD08787F3F18
:10A920000ADB83BD7B717F3F94FD86BDC76A7F3F95
:10A930000A208ABDEC637F3F6A428DBDE95C7F3FA0
:10A94000B46490BDBF557F3FE78693BD6D4E7F3F9A
:10A9500005A996BDF4467F3F0ACB99BD543F7F3F82
:10A96000F9EC9CBD8D377F3FCF0EA0BD9D2F7F3F63
:10A970008C30A3BD87277F3F3052A6BD491F7F3F44
:10A98000BA73A9BDE4167F3F2B95ACBD580E7F3F2F
:10A9900080B6AFBDA4057F3FBBD7B2BDC9FC7E3F2B
:10A9A000DAF8B5BDC7F37E3FDD19B9BD9DEA7E3F3C
:10A9B000C33ABCBD4CE17E3F8D5BBFBDD4D77E3F6B
:10A9C000397CC2BD34CE7E3FC69CC5BD6DC47E3FC2
:10A9D00036BDC8BD7FBA7E3F86DDCBBD69B07E3F48
:10A9E000B7FDCEBD2DA67E3FC81DD2BDC99B7E3F03
:10A9F000B93DD5BD3D917E3F895DD8BD8B867E3FFB
:10AA0000377DDBBDB17B7E3FC49CDEBDB0707E3F39
:10AA10002EBCE1BD88657E3F76DBE4BD385A7E3FC3
:10AA20009AFAE7BDC14E7E3F9A19EBBD23437E3FA4
:10AA30007638EEBD5E377E3F2E57F1BD722B7E3FDE
:10AA4000C075F4BD5E1F7E3F2C94F7BD24137E3F7E
:10AA500073B2FABDC2067E3F92D0FDBD38FA7D3F8B
:10AA6000457700BE88ED7D3F2E0602BEB1E07D3FFA
:10AA7000029503BEB2D37D3FC22305BE8CC67D3F87
:10AA80006EB206BE40B97D3F054108BECCAB7D3FEE
:10AA900086CF09BE309E7D3FF35D0BBE6E907D3F3D
:10AAA0004AEC0CBE85827D3F8B7A0EBE74747D3F6E
:10AAB000B70810BE3D667D3FCC9611BEDE577D3F88
:10AAC000CA2413BE59497D3FB2B214BEAC3A7D3F91
:10AAD000834016BED82B7D3F3DCE17BEDD1C7D3F8B
:10AAE000E05B19BEBC0D7D3F6BE91ABE73FE7C3F77
:10AAF000DE761CBE03EF7C3F38041EBE6CDF7C3F5D
:10AB00007B911FBEAECF7C3FA51E21BEC9BF7C3F3F
:10AB1000B6AB22BEBDAF7C3FAD3824BE8A9F7C3F22
:10AB20008CC525BE318F7C3F515227BEB07E7C3F05
:10AB3000FCDE28BE086E7C3F8D6B2ABE3A5D7C3FF2
:10AB400004F82BBE444C7C3F61842DBE283B7C3FE7
:10AB5000A2102FBEE5297C3FC99C30BE7A187C3FED
:10AB6000D42832BEE9067C3FC4B433BE31F57B3F06
:10AB7000984035BE53E37B3F50CC36BE4DD17B3F32
:10AB8000EC5738BE20BF7B3F6CE339BECDAC7B3F7A
:10AB9000CF6E3BBE539A7B3F15FA3CBEB2877B3FDC
:10ABA0003E853EBEEA747B3F491040BEFC617B3F60
:10ABB000379B41BEE74E7B3F072643BEAB3B7B3F07
:10ABC000B9B044BE48287B3F4D3B46BEBE147B3FD8
:10ABD000C2C547BE0E017B3F185049BE37ED7A3FD4
:10ABE0004FDA4ABE3AD97A3F67644CBE16C57A3FFF
:10ABF00060EE4DBECBB07A3F38784FBE599C7A3F5D
:10AC0000F10151BEC1877A3F898B52BE02737A3FF0
:10AC1000011554BE1C5E7A3F589E55BE10497A3FBE
:10AC20008F2757BEDD337A3FA4B058BE841E7A3FCB
:10AC300097395ABE04097A3F6AC25BBE5EF3793F18
:10AC40001A4B5DBE91DD793FA8D35EBE9DC7793FAB
:10AC5000135C60BE83B1793F5CE461BE439B793F86
:10AC6000836C63BEDC84793F86F464BE4E6E793FAC
:10AC7000667C66BE9A57793F220468BEC040793F21
:10AC8000BA8B69BEBF29793F2F136BBE9812793FEB
:10AC90007F9A6CBE4AFB783FAB216EBED6E3783F0D
:10ACA000B2A86FBE3BCC783F942F71BE7BB4783F87
:10ACB00051B672BE939C783FE83C74BE8684783F60
:10ACC0005AC375BE526C783FA64977BEF853783F99
:10ACD000CCCF78BE773B783FCB557ABED122783F38
:10ACE000A4DB7BBE040A783F56617DBE10F1773F3E
:10ACF000E1E67EBEF7D7773F223680BEB7BE773F0C
:10AD0000C0F880BE51A5773F4ABB81BEC58B773F57
:10AD1000C07D82BE1372773F224083BE3A58773F90
:10AD2000700284BE3C3E773FAAC484BE1724773F9E
:10AD3000CE8685BECC09773FDF4886BE5BEF763F87
:10AD4000DA0A87BEC4D4763FC1CC87BE07BA763F45
:10AD5000938E88BE249F763F505089BE1B84763FD9
:10AD6000F8118ABEEC68763F8AD38ABE974D763F4B
:10AD700007958BBE1B32763F6E568CBE7A16763F99
:10AD8000C0178DBEB3FA753FFCD88DBEC6DE753FC9
:10AD9000229A8EBEB3C2753F325B8FBE7BA6753FD3
:10ADA0002C1C90BE1C8A753F10DD90BE976D753FC0
:10ADB000DD9D91BEED50753F945E92BE1D34753F92
:10ADC000351F93BE2717753FBFDF93BE0BFA743F45
:10ADD00031A094BEC9DC743F8D6095BE62BF743FE4
:10ADE000D22096BED5A1743F00E196BE2284743F66
:10ADF00017A197BE4966743F166198BE4B48743FD1
:10AE0000FE2099BE272A743FCEE099BEDD0B743F29
:10AE100086A09ABE6EED733F27609BBED9CE733F6E
:10AE2000AF1F9CBE1FB0733F20DF9CBE3F91733F9E
:10AE3000789E9DBE3972733FB85D9EBE0E53733FC0
:10AE4000DF1C9FBEBE33733FEEDB9FBE4714733FD4
:10AE5000E59AA0BEACF4723FC259A1BEEBD4723FDA
:10AE60008718A2BE04B5723F33D7A2BEF894723FD2
:10AE7000C595A3BEC774723F3F54A4BE7054723FC1
:10AE80009F12A5BEF433723FE5D0A5BE5213723FA8
:10AE9000128FA6BE8CF2713F254DA7BE9FD1713F88
:10AEA0001F0BA8BE8EB0713FFEC8A8BE578F713F62
:10AEB000C486A9BEFB6D713F6F44AABE7A4C713F38
:10AEC0000102ABBED42A713F77BFABBE0809713F08
:10AED000D47CACBE17E7703F153AADBE02C5703FDB
:10AEE0003CF7ADBEC6A2703F49B4AEBE6680703FAF
:10AEF0003A71AFBEE15D703F102EB0BE373B703F80
:10AF0000CBEAB0BE6718703F6BA7B1BE73F56F3F59
:10AF1000EF63B2BE5AD26F3F5820B3BE1BAF6F3F34
:10AF2000A5DCB3BEB88B6F3FD698B4BE30686F3F18
:10AF3000EC54B5BE83446F3FE610B6BEB0206F3F01
:10AF4000C3CCB6BEBAFC6E3F8488B7BE9ED86E3FF7
:10AF50002A44B8BE5DB46E3FB2FFB8BEF88F6E3FF4
:10AF60001EBBB9BE6D6B6E3F6E76BABEBE466E3FFF
:10AF7000A031BBBEEB216E3FB6ECBBBEF2FC6D3F19
:10AF8000AFA7BCBED5D76D3F8B62BDBE93B26D3F40
:10AF90004A1DBEBE2D8D6D3FEBD7BEBEA1676D3F76
:10AFA0006F92BFBEF2416D3FD54CC0BE1D1C6D3FC0
:10AFB0001E07C1BE24F66C3F48C1C1BE07D06C3F1E
:10AFC000557BC2BEC5A96C3F4435C3BE5E836C3F92
:10AFD00015EFC3BED45C6C3FC8A8C4BE24366C3F1A
:10AFE0005C62C5BE500F6C3FD21BC6BE58E86B3FBB
:10AFF00029D5C6BE3BC16B3F628EC7BEFB996B3F76
:10B000007C47C8BE95726B3F7700C9BE0C4B6B3F47
:10B0100053B9C9BE5E236B3F1072CABE8CFB6A3F38
:10B02000AE2ACBBE95D36A3F2CE3CBBE7BAB6A3F47
:10B030008B9BCCBE3C836A3FCA53CDBED95A6A3F74
:10B04000EA0BCEBE52326A3FEAC3CEBEA7096A3FC0
:10B05000CA7BCFBED7E0693F8A33D0BEE4B7693F31
:10B060002AEBD0BECC8E693FAAA2D1BE9165693FC2
:10B07000095AD2BE323C693F4811D3BEAE12693F75
:10B0800067C8D3BE07E9683F647FD4BE3CBF683F52
:10B090004136D5BE4C95683FFDECD5BE396B683F57
:10B0A00099A3D6BE0341683F135AD7BEA816683F7E
:10B0B0006B10D8BE2AEC673FA3C6D8BE87C1673FD6
:10B0C000B97CD9BEC196673FAD32DABED86B673F57
:10B0D00080E8DABECA40673F319EDBBE9915673F04
:10B0E000C153DCBE45EA663F2E09DDBECCBE663FDD
:10B0F00079BEDDBE3093663FA273DEBE7167663FE8
:10B10000A928DFBE8E3B663F8DDDDFBE880F663F20
:10B110004F92E0BE5EE3653FEE46E1BE10B7653F8D
:10B120006AFBE1BEA08A653FC4AFE2BE0B5E653F2D
:10B13000FA63E3BE5431653F0E18E4BE7904653FFF
:10B14000FECBE4BE7BD7643FCB7FE5BE59AA643F0C
:10B150007533E6BE147D643FFBE6E6BEAC4F643F4C
:10B160005D9AE7BE2122643F9C4DE8BE73F4633FC5
:10B17000B700E9BEA1C6633FAEB3E9BEAC98633F7A
:10B180008166EABE956A633F3019EBBE5A3C633F65
:10B19000BBCBEBBEFC0D633F217EECBE7BDF623F91
:10B1A0006330EDBED7B0623F80E2EDBE1082623FF9
:10B1B0007994EEBE2653623F4C46EFBE1A24623F9E
:10B1C000FBF7EFBEEAF4613F85A9F0BE98C5613F89
:10B1D000EA5AF1BE2296613F290CF2BE8A66613FAF
:10B1E00043BDF2BED036613F386EF3BEF206613F1A
:10B1F000071FF4BEF2D6603FB1CFF4BECFA6603FCA
:10B200003580F5BE8976603F9330F6BE2146603FBB
:10B21000CBE0F6BE9615603FDC90F7BEE9E45F3FF9
:10B22000C840F8BE19B45F3F8EF0F8BE27835F3F79
:10B230002DA0F9BE12525F3FA54FFABEDB205F3F43
:10B24000F7FEFABE81EF5E3F22AEFBBE05BE5E3F5B
:10B25000275DFCBE678C5E3F040CFDBEA65A5E3FB8
:10B26000BBBAFDBEC3285E3F4A69FEBEBEF65D3F67
:10B27000B217FFBE97C45D3FF3C5FFBE4D925D3F61
:10B28000063A00BFE15F5D3FFF9000BF532D5D3F79
:10B29000E4E700BFA3FA5C3FB53E01BFD1C75C3F06
:10B2A000739501BFDD945C3F1CEC01BFC7615C3F3F
:10B2B000B14202BF8E2E5C3F329902BF34FB5B3F2E
:10B2C0009FEF02BFB8C75B3FF84503BF1A945B3FCF
:10B2D0003D9C03BF5A605B3F6DF203BF792C5B3F1F
:10B2E000894804BF75F85A3F919E04BF50C45A3F25
:10B2F00084F404BF09905A3F624A05BFA05B5A3FDD
:10B300002CA005BF16275A3FE2F505BF6AF2593F48
:10B31000824B06BF9CBD593F0EA106BFAD88593F69
:10B3200086F606BF9C53593FE84B07BF6A1E593F3C
:10B3300036A107BF17E9583F6FF607BFA1B3583FC3
:10B34000924B08BF0B7E583FA1A008BF5348583FFF
:10B350009BF508BF7912583F7F4A09BF7FDC573FF2
:10B360004E9F09BF63A6573F09F409BF2670573F98
:10B37000AD480ABFC739573F3D9D0ABF4803573FF5
:10B38000B7F10ABFA7CC563F1C460BBFE595563F09
:10B390006B9A0BBF025F563FA5EE0BBFFE27563FD1
:10B3A000C9420CBFD9F0553FD7960CBF93B9553F52
:10B3B000D0EA0CBF2C82553FB33E0DBFA44A553F87
:10B3C00081920DBFFB12553F38E60DBF31DB543F74
:10B3D000DA390EBF47A3543F658D0EBF3B6B543F18
:10B3E000DBE00EBF0F33543F3B340FBFC3FA533F74
:10B3F00084870FBF55C2533FB8DA0FBFC789533F89
:10B40000D52D10BF1851533FDC8010BF4918533F52
:10B41000CDD310BF59DF523FA72611BF49A6523FD7
:10B420006B7911BF186D523F19CC11BFC633523F13
:10B43000B01E12BF54FA513F307112BFC2C0513F0B
:10B440009AC312BF1087513FEE1513BF3D4D513FB8
:10B450002A6813BF4A13513F50BA13BF37D9503F20
:10B460005F0C14BF039F503F585E14BFAF64503F42
:10B4700039B014BF3B2A503F040215BFA8EF4F3F1D
:10B48000B75315BFF4B44F3F54A515BF1F7A4F3FB4
:10B49000D9F615BF2B3F4F3F474816BF17044F3F04
:10B4A0009F9916BFE4C84E3FDFEA16BF908D4E3F0E
:10B4B000073C17BF1C524E3F188D17BF89164E3FD1
:10B4C00012DE17BFD5DA4D3FF52E18BF029F4D3F54
:10B4D000C07F18BF10634D3F73D018BFFD264D3F8E
:10B4E0000F2119BFCBEA4C3F947119BF79AE4C3F85
:10B4F00000C219BF08724C3F55121ABF78354C3F35
:10B5000093621ABFC7F84B3FB8B21ABFF8BB4B3FA4
:10B51000C6021BBF097F4B3FBB521BBFFA414B3FCB
:10B5200099A21BBFCC044B3F5FF21BBF7FC74A3FB2
:10B530000C421CBF138A4A3FA2911CBF874C4A3F52
:10B540001FE11CBFDC0E4A3F84301DBF12D1493FB2
:10B55000D17F1DBF2993493F06CF1DBF2155493FCC
:10B56000221E1EBFFA16493F266D1EBFB3D8483FA4
:10B5700012BC1EBF4E9A483FE50A1FBFCA5B483F38
:10B580009F591FBF271D483F41A81FBF65DE473F8A
:10B59000CBF61FBF849F473F3B4520BF8560473F99
:10B5A000939320BF6721473FD2E120BF2AE2463F65
:10B5B000F92F21BFCEA2463F067E21BF5463463FEE
:10B5C000FBCB21BFBB23463FD71922BF03E4453F36
:10B5D000996722BF2DA4453F43B522BF3964453F3B
:10B5E000D30223BF2624453F4B5023BFF5E3443FFE
:10B5F000A99D23BFA5A3443FEEEA23BF3763443F81
:10B600001A3824BFAB22443F2C8524BF00E2433FBD
:10B6100025D224BF38A1433F041F25BF5160433FBB
:10B62000CB6B25BF4C1F433F77B825BF29DE423F78
:10B630000A0526BFE89C423F845126BF895B423FF2
:10B64000E39D26BF0B1A423F2AEA26BF70D8413F2E
:10B65000563627BFB796413F688227BFE154413F26
:10B6600061CE27BFEC12413F401A28BFDAD0403FDD
:10B67000056628BFA98E403FB0B128BF5C4C403F53
:10B6800041FD28BFF009403FB84829BF67C73F3F89
:10B69000159429BFC0843F3F57DF29BFFC413F3F7E
:10B6A000802A2ABF1BFF3E3F8E752ABF1BBC3E3F30
:10B6B00082C02ABFFF783E3F5B0B2BBFC5353E3FA4
:10B6C0001B562BBF6EF23D3FBFA02BBFF9AE3D3FD7
:10B6D0004AEB2BBF676B3D3FB9352CBFB8273D3FC9
:10B6E0000F802CBFECE33C3F49CA2CBF03A03C3F7A
:10B6F00069142DBFFC5B3C3F6F5E2DBFD9173C3FEB
:10B7000059A82DBF98D33B3F29F22DBF3B8F3B3F1C
:10B71000DE3B2EBFC14A3B3F78852EBF29063B3F0B
:10B72000F7CE2EBF75C13A3F5B182FBFA47C3A3FBE
:10B73000A5612FBFB7373A3FD3AA2FBFACF2393F2D
:10B74000E6F32FBF85AD393FDE3C30BF4268393F5D
:10B75000BB8530BFE122393F7CCE30BF65DD383F4D
:10B76000221731BFCB97383FAD5F31BF1652383FFC
:10B770001DA831BF430C383F71F031BF55C6373F6C
:10B78000AA3832BF4A80373FC78032BF233A373F9B
:10B79000C9C832BFDFF3363FAF1033BF7FAD363F8E
:10B7A0007A5833BF0467363F29A033BF6C20363F39
:10B7B000BCE733BFB8D9353F342F34BFE792353FAC
:10B7C0008F7634BFFB4B353FCFBD34BFF304353FDD
:10B7D000F30435BFCFBD343FFB4B35BF8F76343FCD
:10B7E000E79235BF342F343FB8D935BFBCE7333F7C
:10B7F0006C2036BF29A0333F046736BF7A58333FE9
:10B800007FAD36BFAF10333FDFF336BFC9C8323F1D
:10B81000233A37BFC780323F4A8037BFAA38323F0A
:10B8200055C637BF71F0313F430C38BF1DA8313FBB
:10B83000165238BFAD5F313FCB9738BF2217313F2B
:10B8400065DD38BF7CCE303FE12239BFBB85303F5C
:10B85000426839BFDE3C303F85AD39BFE6F32F3F4C
:10B86000ACF239BFD3AA2F3FB7373ABFA5612F3FFC
:10B87000A47C3ABF5B182F3F75C13ABFF7CE2E3F6D
:10B8800029063BBF78852E3FC14A3BBFDE3B2E3F9A
:10B890003B8F3BBF29F22D3F98D33BBF59A82D3F8B
:10B8A000D9173CBF6F5E2D3FFC5B3CBF69142D3F39
:10B8B00003A03CBF49CA2C3FECE33CBF0F802C3FA8
:10B8C000B8273DBFB9352C3F676B3DBF4AEB2B3FD7
:10B8D000F9AE3DBFBFA02B3F6EF23DBF1B562B3FC5
:10B8E000C5353EBF5B0B2B3FFF783EBF82C02A3F72
:10B8F0001BBC3EBF8E752A3F1BFF3EBF802A2A3FDE
:10B90000FC413FBF57DF293FC0843FBF1594293F0B
:10B9100067C73FBFB848293FF00940BF41FD283FF6
:10B920005C4C40BFB0B1283FA98E40BF0566283FA0
:10B93000DAD040BF401A283FEC1241BF61CE273F0A
:10B94000E15441BF6882273FB79641BF5636273F33
:10B9500070D841BF2AEA263F0B1A42BFE39D263F1B
:10B96000895B42BF8451263FE89C42BF0A05263FBF
:10B9700029DE42BF77B8253F4C1F43BFCB6B253F25
:10B98000516043BF041F253F38A143BF25D2243F48
:10B9900000E243BF2C85243FAB2244BF1A38243F2A
:10B9A000376344BFEEEA233FA5A344BFA99D233FCD
:10B9B000F5E344BF4B50233F262445BFD302233F2A
:10B9C000396445BF43B5223F2DA445BF9967223F47
:10B9D00003E445BFD719223FBB2346BFFBCB213F22
:10B9E000546346BF067E213FCEA246BFF92F213FBA
:10B9F0002AE246BFD2E1203F672147BF9393203F11
:10BA0000856047BF3B45203F849F47BFCBF61F3F24
:10BA100065DE47BF41A81F3F271D48BF9F591F3FF5
:10BA2000CA5B48BFE50A1F3F4E9A48BF12BC1E3F83
:10BA3000B3D848BF266D1E3FFA1649BF221E1E3FCF
:10BA4000215549BF06CF1D3F299349BFD17F1D3FD7
:10BA500012D149BF84301D3FDC0E4ABF1FE11C3F9D
:10BA6000874C4ABFA2911C3F138A4ABF0C421C3F1D
:10BA70007FC74ABF5FF21B3FCC044BBF99A21B3F5D
:10BA8000FA414BBFBB521B3F097F4BBFC6021B3F56
:10BA9000F8BB4BBFB8B21A3FC7F84BBF93621A3F0F
:10BAA00078354CBF55121A3F08724CBF00C2193F7F
:10BAB00079AE4CBF9471193FCBEA4CBF0F21193FAF
:10BAC000FD264DBF73D0183F10634DBFC07F183F98
:10BAD000029F4DBFF52E183FD5DA4DBF12DE173F3E
:10BAE00089164EBF188D173F1C524EBF073C173F9B
:10BAF000908D4EBFDFEA163FE4C84EBF9F99163FB8
:10BB000017044FBF4748163F2B3F4FBFD9F6153F8D
:10BB10001F7A4FBF54A5153FF4B44FBFB753153F1D
:10BB2000A8EF4FBF0402153F3B2A50BF39B0143F66
:10BB3000AF6450BF585E143F039F50BF5F0C143F6B
:10BB400037D950BF50BA133F4A1351BF2A68133F29
:10BB50003D4D51BFEE15133F108751BF9AC3123FA1
:10BB6000C2C051BF3071123F54FA51BFB01E123FD4
:10BB7000C63352BF19CC113F186D52BF6B79113FBC
:10BB800049A652BFA726113F59DF52BFCDD3103F60
:10BB9000491853BFDC80103F185153BFD52D103FBB
:10BBA000C78953BFB8DA0F3F55C253BF84870F3FD1
:10BBB000C3FA53BF3B340F3F0F3354BFDBE00E3F9C
:10BBC0003B6B54BF658D0E3F47A354BFDA390E3F20
:10BBD00031DB54BF38E60D3FFB1255BF81920D3F5C
:10BBE000A44A55BFB33E0D3F2C8255BFD0EA0C3F4F
:10BBF00093B955BFD7960C3FD9F055BFC9420C3FFA
:10BC0000FE2756BFA5EE0B3F025F56BF6B9A0B3F58
:10BC1000E59556BF1C460B3FA7CC56BFB7F10A3F70
:10BC2000480357BF3D9D0A3FC73957BFAD480A3F3C
:10BC3000267057BF09F4093F63A657BF4E9F093FBF
:10BC40007FDC57BF7F4A093F791258BF9BF5083FF9
:10BC5000534858BFA1A0083F0B7E58BF924B083FE6
:10BC6000A1B358BF6FF6073F17E958BF36A1073F8A
:10BC70006A1E59BFE84B073F9C5359BF86F6063FE3
:10BC8000AD8859BF0EA1063F9CBD59BF824B063FF0
:10BC90006AF259BFE2F5053F16275ABF2CA0053FAF
:10BCA000A05B5ABF624A053F09905ABF84F4043F23
:10BCB00050C45ABF919E043F75F85ABF8948043F4B
:10BCC000792C5BBF6DF2033F5A605BBF3D9C033F25
:10BCD0001A945BBFF845033FB8C75BBF9FEF023FB5
:10BCE00034FB5BBF3299023F8E2E5CBFB142023FF4
:10BCF000C7615CBF1CEC013FDD945CBF7395013FE5
:10BD0000D1C75CBFB53E013FA3FA5CBFE4E7003F8B
:10BD1000532D5DBFFF90003FE15F5DBF063A003FDE
:10BD20004D925DBFF3C5FF3E97C45DBFB217FF3EA6
:10BD3000BEF65DBF4A69FE3EC3285EBFBBBAFD3E8C
:10BD4000A65A5EBF040CFD3E678C5EBF275DFC3EBD
:10BD500005BE5EBF22AEFB3E81EF5EBFF7FEFA3E40
:10BD6000DB205FBFA54FFA3E12525FBF2DA0F93E08
:10BD700027835FBF8EF0F83E19B45FBFC840F83E1E
:10BD8000E9E45FBFDC90F73E961560BFCBE0F63E7E
:10BD9000214660BF9330F63E897660BF3580F53E20
:10BDA000CFA660BFB1CFF43EF2D660BF071FF43E0E
:10BDB000F20661BF386EF33ED03661BF43BDF23E3E
:10BDC0008A6661BF290CF23E229661BFEA5AF13EB3
:10BDD00098C561BF85A9F03EEAF461BFFBF7EF3E6D
:10BDE0001A2462BF4C46EF3E265362BF7994EE3E62
:10BDF000108262BF80E2ED3ED7B062BF6330ED3E9D
:10BE00007BDF62BF217EEC3EFC0D63BFBBCBEB3E14
:10BE10005A3C63BF3019EB3E956A63BF8166EA3EC8
:10BE2000AC9863BFAEB3E93EA1C663BFB700E93EBD
:10BE300073F463BF9C4DE83E212264BF5D9AE73EE8
:10BE4000AC4F64BFFBE6E63E147D64BF7533E63E4F
:10BE500059AA64BFCB7FE53E7BD764BFFECBE43EEF
:10BE6000790465BF0E18E43E543165BFFA63E33EC2
:10BE70000B5E65BFC4AFE23EA08A65BF6AFBE13ED0
:10BE800010B765BFEE46E13E5EE365BF4F92E03E10
:10BE9000880F66BF8DDDDF3E8E3B66BFA928DF3E83
:10BEA000716766BFA273DE3E309366BF79BEDD3E2A
:10BEB000CCBE66BF2E09DD3E45EA66BFC153DC3EFF
:10BEC000991567BF319EDB3ECA4067BF80E8DA3E06
:10BED000D86B67BFAD32DA3EC19667BFB97CD93E39
:10BEE00087C167BFA3C6D83E2AEC67BF6B10D83E98
:10BEF000A81668BF135AD73E034168BF99A3D63E20
:10BF0000396B68BFFDECD53E4C9568BF4136D53ED8
:10BF10003CBF68BF647FD43E07E968BF67C8D33EB3
:10BF2000AE1269BF4811D33E323C69BF095AD23EB6
:10BF3000916569BFAAA2D13ECC8E69BF2AEBD03EE3
:10BF4000E4B769BF8A33D03ED7E069BFCA7BCF3E32
:10BF5000A7096ABFEAC3CE3E52326ABFEA0BCE3EA1
:10BF6000D95A6ABFCA53CD3E3C836ABF8B9BCC3E35
:10BF70007BAB6ABF2CE3CB3E95D36ABFAE2ACB3EE8
:10BF80008CFB6ABF1072CA3E5E236BBF53B9C93EB9
:10BF90000C4B6BBF7700C93E95726BBF7C47C83EA8
:10BFA000FB996BBF628EC73E3BC16BBF29D5C63EB6
:10BFB00058E86BBFD21BC63E500F6CBF5C62C53EDB
:10BFC00024366CBFC8A8C43ED45C6CBF15EFC33E1A
:10BFD0005E836CBF4435C33EC5A96CBF557BC23E72
:10BFE00007D06CBF48C1C13E24F66CBF1E07C13EDE
:10BFF0001D1C6DBFD54CC03EF2416DBF6F92BF3E60
:10C00000A1676DBFEBD7BE3E2D8D6DBF4A1DBE3EF5
:10C0100093B26DBF8B62BD3ED5D76DBFAFA7BC3E9F
:10C02000F2FC6DBFB6ECBB3EEB216EBFA031BB3E58
:10C03000BE466EBF6E76BA3E6D6B6EBF1EBBB93E1E
:10C04000F88F6EBFB2FFB83E5DB46EBF2A44B83EF3
:10C050009ED86EBF8488B73EBAFC6EBFC3CCB63ED6
:10C06000B0206FBFE610B63E83446FBFEC54B53EC0
:10C0700030686FBFD698B43EB88B6FBFA5DCB33EB7
:10C080001BAF6FBF5820B33E5AD26FBFEF63B23EB3
:10C0900073F56FBF6BA7B13E671870BFCBEAB03EB8
:10C0A000373B70BF102EB03EE15D70BF3A71AF3EBE
:10C0B000668070BF49B4AE3EC6A270BF3CF7AD3ECD
:10C0C00002C570BF153AAD3E17E770BFD47CAC3ED9
:10C0D000080971BF77BFAB3ED42A71BF0102AB3EE6
:10C0E0007A4C71BF6F44AA3EFB6D71BFC486A93EF6
:10C0F000578F71BFFEC8A83E8EB071BF1F0BA83E00
:10C100009FD171BF254DA73E8CF271BF128FA63E05
:10C11000521372BFE5D0A53EF43372BF9F12A53E05
:10C12000705472BF3F54A43EC77472BFC595A33EFE
:10C13000F89472BF33D7A23E04B572BF8718A23EEF
:10C14000EBD472BFC259A13EACF472BFE59AA03ED7
:10C15000471473BFEEDB9F3EBE3373BFDF1C9F3EB1
:10C160000E5373BFB85D9E3E397273BF789E9D3E7D
:10C170003F9173BF20DF9C3E1FB073BFAF1F9C3E3B
:10C18000D9CE73BF27609B3E6EED73BF86A09A3EEB
:10C19000DD0B74BFCEE0993E272A74BFFE20993E86
:10C1A0004B4874BF1661983E496674BF17A1973E0D
:10C1B000228474BF00E1963ED5A174BFD220963E82
:10C1C00062BF74BF8D60953EC9DC74BF31A0943EE0
:10C1D0000BFA74BFBFDF933E271775BF351F933E21
:10C1E0001D3475BF945E923EED5075BFDD9D913E4E
:10C1F000976D75BF10DD903E1C8A75BF2C1C903E5C
:10C200007BA675BF325B8F3EB3C275BF229A8E3E4E
:10C21000C6DE75BFFCD88D3EB3FA75BFC0178D3E24
:10C220007A1676BF6E568C3E1B3276BF07958B3ED4
:10C23000974D76BF8AD38A3EEC6876BFF8118A3E66
:10C240001B8476BF5050893E249F76BF938E883ED4
:10C2500007BA76BFC1CC873EC4D476BFDA0A873E20
:10C260005BEF76BFDF48863ECC0977BFCE86853E42
:10C27000172477BFAAC4843E3C3E77BF7002843E39
:10C280003A5877BF2240833E137277BFC07D823E0B
:10C29000C58B77BF4ABB813E51A577BFC0F8803EB2
:10C2A000B7BE77BF2236803EF7D777BFE1E67E3E46
:10C2B00010F177BF56617D3E040A78BFA4DB7B3E58
:10C2C000D12278BFCB557A3E773B78BFCCCF783E32
:10C2D000F85378BFA649773E526C78BF5AC3753E73
:10C2E000868478BFE83C743E939C78BF51B6723E1A
:10C2F0007BB478BF942F713E3BCC78BFB2A86F3E21
:10C30000D6E378BFAB216E3E4AFB78BF7F9A6C3E86
:10C31000981279BF2F136B3EBF2979BFBA8B693E44
:10C32000C04079BF2204683E9A5779BF667C663E5A
:10C330004E6E79BF86F4643EDC8479BF836C633EC5
:10C34000439B79BF5CE4613E83B179BF135C603E7F
:10C350009DC779BFA8D35E3E91DD79BF1A4B5D3E84
:10C360005EF379BF6AC25B3E04097ABF97395A3ED1
:10C37000841E7ABFA4B0583EDD337ABF8F27573E64
:10C3800010497ABF589E553E1C5E7ABF0115543E37
:10C3900002737ABF898B523EC1877ABFF101513E49
:10C3A000599C7ABF38784F3ECBB07ABF60EE4D3E95
:10C3B00016C57ABF67644C3E3AD97ABF4FDA4A3E17
:10C3C00037ED7ABF1850493E0E017BBFC2C5473ECC
:10C3D000BE147BBF4D3B463E48287BBFB9B0443EB0
:10C3E000AB3B7BBF0726433EE74E7BBF379B413EBF
:10C3F000FC617BBF4910403EEA747BBF3E853E3EF8
:10C40000B2877BBF15FA3C3E539A7BBFCF6E3B3E53
:10C41000CDAC7BBF6CE3393E20BF7BBFEC57383ED1
:10C420004DD17BBF50CC363E53E37BBF9840353E69
:10C4300031F57BBFC4B4333EE9067CBFD428323E1D
:10C440007A187CBFC99C303EE5297CBFA2102F3EE4
:10C45000283B7CBF61842D3E444C7CBF04F82B3EBE
:10C460003A5D7CBF8D6B2A3E086E7CBFFCDE283EA9
:10C47000B07E7CBF5152273E318F7CBF8CC5253E9C
:10C480008A9F7CBFAD38243EBDAF7CBFB6AB223E99
:10C49000C9BF7CBFA51E213EAECF7CBF7B911F3E96
:10C4A0006CDF7CBF38041E3E03EF7CBFDE761C3E93
:10C4B00073FE7CBF6BE91A3EBC0D7DBFE05B193E8D
:10C4C000DD1C7DBF3DCE173ED82B7DBF8340163E81
:10C4D000AC3A7DBFB2B2143E59497DBFCA24133E67
:10C4E000DE577DBFCC96113E3D667DBFB708103E3E
:10C4F00074747DBF8B7A0E3E85827DBF4AEC0C3E04
:10C500006E907DBFF35D0B3E309E7DBF86CF093EB2
:10C51000CCAB7DBF0541083E40B97DBF6EB2063E43
:10C520008CC67DBFC223053EB2D37DBF0295033EBC
:10C53000B1E07DBF2E06023E88ED7DBF4577003E0F
:10C5400038FA7DBF92D0FD3DC2067EBF73B2FA3D80
:10C5500024137EBF2C94F73D5E1F7EBFC075F43D53
:10C56000722B7EBF2E57F13D5E377EBF7638EE3D93
:10C5700023437EBF9A19EB3DC14E7EBF9AFAE73D39
:10C58000385A7EBF76DBE43D88657EBF2EBCE13D38
:10C59000B0707EBFC49CDE3DB17B7EBF377DDB3D8E
:10C5A0008B867EBF895DD83D3D917EBFB93DD53D2F
:10C5B000C99B7EBFC81DD23D2DA67EBFB7FDCE3D17
:10C5C00069B07EBF86DDCB3D7FBA7EBF36BDC83D3C
:10C5D0006DC47EBFC69CC53D34CE7EBF397CC23D96
:10C5E000D4D77EBF8D5BBF3D4CE17EBFC33ABC3D1F
:10C5F0009DEA7EBFDD19B93DC7F37EBFDAF8B53DD0
:10C60000C9FC7EBFBBD7B23DA4057FBF80B6AF3D9E
:10C61000580E7FBF2B95AC3DE4167FBFBA73A93D82
:10C62000491F7FBF3052A63D87277FBF8C30A33D77
:10C630009D2F7FBFCF0EA03D8D377FBFF9EC9C3D76
:10C64000543F7FBF0ACB993DF4467FBF05A9963D75
:10C650006D4E7FBFE786933DBF557FBFB464903D6D
:10C66000E95C7FBF6A428D3DEC637FBF0A208A3D53
:10C67000C76A7FBF94FD863D7B717FBF0ADB833D28
:10C6800008787FBF6CB8803D6D7E7FBF742B7B3D8B
:10C69000AB847FBFE9E5743DC28A7FBF38A06E3DA1
:10C6A000B1907FBF625A683D78967FBF6814623D43
:10C6B000189C7FBF4CCE5B3D91A17FBF0E88553D3E
:10C6C000E3A67FBFAF414F3D0DAC7FBF2FFB483D81
:10C6D0000FB17FBF91B4423DEAB57FBFD56D3C3D00
:10C6E0009EBA7FBFFC26363D2ABF7FBF07E02F3DA5
:10C6F0008FC37FBFF698293DCCC77FBFCC51233D68
:10C70000E2CB7FBF880A1D3DD1CF7FBF2CC3163D32
:10C7100098D37FBFB87B103D37D77FBF2F340A3DFA
:10C72000AFDA7FBF90EC033D00DE7FBFB949FB3C31
:10C7300029E17FBF2DBAEE3C2BE47FBF7B2AE23C90
:10C7400005E77FBFA69AD53CB8E97FBFB00AC93CD0
:10C7500043EC7FBF9B7ABC3CA7EE7FBF69EAAF3C4E
:10C76000E3F07FBF1C5AA33CF8F27FBFB6C9963CEA
:10C77000E6F47FBF38398A3CACF67FBF4B517B3C37
:10C780004AF87FBF0030623CC1F97FBF900E493C40
:10C7900011FB7FBF02ED2F3C39FC7FBF59CB163C0C
:10C7A00039FD7FBF3053FB3B13FE7FBF890FC93B71
:10C7B000C4FE7FBFC1CB963B4EFF7FBFC70F493B37
:10C7C000B1FF7FBFD40FC93AECFF7FBF000000006C
:10C7D0000000803F900E493C11FB7F3FB00AC93CEE
:10C7E00043EC7F3F2CC3163D98D37F3F2FFB483D42
:10C7F0000FB17F3F742B7B3DAB847F3F05A9963DF6
:10C800006D4E7F3F80B6AF3D580E7F3F36BDC83D71
:10C810006DC47E3F2EBCE13DB0707E3F73B2FA3DE9
:10C8200024137E3F86CF093ECCAB7D3F8340163E2E
:10C83000AC3A7D3FB6AB223EC9BF7C3FA2102F3E33
:10C84000283B7C3FCF6E3B3ECDAC7B3FC2C5473ED5
:10C85000BE147B3F0115543E02737A3F135C603E69
:10C860009DC7793F7F9A6C3E9812793FCCCF783E36
:10C87000F853783FC07D823EC58B773F938E883ECC
:10C8800007BA763F229A8E3EC6DE753F31A0943EAF
:10C890000BFA743F86A09A3EDD0B743FE59AA03EEA
:10C8A0004714733F128FA63E5213723FD47CAC3EA6
:10C8B0000809713FEF63B23E73F56F3F2A44B83EFB
:10C8C0009ED86E3F4A1DBE3E93B26D3F15EFC33EEC
:10C8D0005E836C3F53B9C93E0C4B6B3FCA7BCF3E66
:10C8E000A7096A3F4136D53E3CBF683F80E8DA3E43
:10C8F000D86B673F4F92E03E880F663F7533E63E48
:10C9000059AA643FBBCBEB3E5A3C633FEA5AF13E27
:10C9100098C5613FCBE0F63E2146603F275DFC3E77
:10C9200005BE5E3FE4E7003F532D5D3F3D9C033F66
:10C930001A945B3F824B063F6AF2593F9BF5083FD2
:10C940005348583F6B9A0B3FE595563FDA390E3FF7
:10C9500031DB543FCDD3103F4918533F2A68133F72
:10C960003D4D513FD9F6153F1F7A4F3FC07F183FCD
:10C97000029F4D3FC6021B3FF8BB4B3FD17F1D3F7F
:10C9800012D1493FCBF61F3F65DE473F9967223FF3
:10C9900003E4453F25D2243F00E2433F5636273F7C
:10C9A00070D8413F1594293F67C73F3F4AEB2B3F63
:10C9B000F9AE3D3FDE3B2E3F3B8F3B3FBB85303FDB
:10C9C0004268393FC9C8323F233A373FF304353F05
:10C9D000F304353F233A373FC9C8323F4268393FF5
:10C9E000BB85303F3B8F3B3FDE3B2E3FF9AE3D3FAB
:10C9F0004AEB2B3F67C73F3F1594293F70D8413F13
:10CA00005636273F00E2433F25D2243F03E4453F0B
:10CA10009967223F65DE473FCBF61F3F12D1493F62
:10CA2000D17F1D3FF8BB4B3FC6021B3F029F4D3FCE
:10CA3000C07F183F1F7A4F3FD9F6153F3D4D513FFC
:10CA40002A68133F4918533FCDD3103F31DB543F81
:10CA5000DA390E3FE595563F6B9A0B3F5348583FE6
:10CA60009BF5083F6AF2593F824B063F1A945B3FA1
:10CA70003D9C033F532D5D3FE4E7003F05BE5E3F15
:10CA8000275DFC3E2146603FCBE0F63E98C5613F06
:10CA9000EA5AF13E5A3C633FBBCBEB3E59AA643F96
:10CAA0007533E63E880F663F4F92E03ED86B673F96
:10CAB00080E8DA3E3CBF683F4136D53EA7096A3F71
:10CAC000CA7BCF3E0C4B6B3F53B9C93E5E836C3F74
:10CAD00015EFC33E93B26D3F4A1DBE3E9ED86E3FDA
:10CAE0002A44B83E73F56F3FEF63B23E0809713FC9
:10CAF000D47CAC3E5213723F128FA63E4714733F54
:10CB0000E59AA03EDD0B743F86A09A3E0BFA743F77
:10CB100031A0943EC6DE753F229A8E3E07BA763F1C
:10CB2000938E883EC58B773FC07D823EF853783F19
:10CB3000CCCF783E9812793F7F9A6C3E9DC7793F63
:10CB4000135C603E02737A3F0115543EBE147B3F76
:10CB5000C2C5473ECDAC7B3FCF6E3B3E283B7C3FC2
:10CB6000A2102F3EC9BF7C3FB6AB223EAC3A7D3F00
:10CB70008340163ECCAB7D3F86CF093E24137E3FDB
:10CB800073B2FA3DB0707E3F2EBCE13D6DC47E3F76
:10CB900036BDC83D580E7F3F80B6AF3D6D4E7F3FDE
:10CBA00005A9963DAB847F3F742B7B3D0FB17F3F42
:10CBB0002FFB483D98D37F3F2CC3163D43EC7F3F6E
:10CBC000B00AC93C11FB7F3F900E493C0000803FFA
:10CBD0000000000011FB7F3F900E49BC43EC7F3FFB
:10CBE000B00AC9BC98D37F3F2CC316BD0FB17F3F9D
:10CBF0002FFB48BDAB847F3F742B7BBD6D4E7F3FC9
:10CC000005A996BD580E7F3F80B6AFBD6DC47E3F6F
:10CC100036BDC8BDB0707E3F2EBCE1BD24137E3F43
:10CC200073B2FABDCCAB7D3F86CF09BEAC3A7D3F37
:10CC3000834016BEC9BF7C3FB6AB22BE283B7C3FBB
:10CC4000A2102FBECDAC7B3FCF6E3BBEBE147B3F50
:10CC5000C2C547BE02737A3F011554BE9DC7793FD6
:10CC6000135C60BE9812793F7F9A6CBEF853783F90
:10CC7000CCCF78BEC58B773FC07D82BE07BA763FEA
:10CC8000938E88BEC6DE753F229A8EBE0BFA743F25
:10CC900031A094BEDD0B743F86A09ABE4714733F4B
:10CCA000E59AA0BE5213723F128FA6BE0809713FCB
:10CCB000D47CACBE73F56F3FEF63B2BE9ED86E3FBF
:10CCC0002A44B8BE93B26D3F4A1DBEBE5E836C3F20
:10CCD00015EFC3BE0C4B6B3F53B9C9BEA7096A3FE2
:10CCE000CA7BCFBE3CBF683F4136D5BED86B673FDD
:10CCF00080E8DABE880F663F4F92E0BE59AA643FD3
:10CD00007533E6BE5A3C633FBBCBEBBE98C5613F73
:10CD1000EA5AF1BE2146603FCBE0F6BE05BE5E3F5B
:10CD2000275DFCBE532D5D3FE4E700BF1A945B3FD7
:10CD30003D9C03BF6AF2593F824B06BF5348583FA0
:10CD40009BF508BFE595563F6B9A0BBF31DB543F0F
:10CD5000DA390EBF4918533FCDD310BF3D4D513F77
:10CD60002A6813BF1F7A4F3FD9F615BF029F4D3F68
:10CD7000C07F18BFF8BB4B3FC6021BBF12D1493F53
:10CD8000D17F1DBF65DE473FCBF61FBF03E4453FA4
:10CD9000996722BF00E2433F25D224BF70D8413FAC
:10CDA000563627BF67C73F3F159429BFF9AE3D3FB1
:10CDB0004AEB2BBF3B8F3B3FDE3B2EBF4268393FE8
:10CDC000BB8530BF233A373FC9C832BFF304353F74
:10CDD000F30435BFC9C8323F233A37BFBB85303F64
:10CDE000426839BFDE3B2E3F3B8F3BBF4AEB2B3FB8
:10CDF000F9AE3DBF1594293F67C73FBF5636273F61
:10CE000070D841BF25D2243F00E243BF9967223F3B
:10CE100003E445BFCBF61F3F65DE47BFD17F1D3F13
:10CE200012D149BFC6021B3FF8BB4BBFC07F183FA2
:10CE3000029F4DBFD9F6153F1F7A4FBF2A68133F97
:10CE40003D4D51BFCDD3103F491853BFDA390E3F86
:10CE500031DB54BF6B9A0B3FE59556BF9BF5083FFE
:10CE6000534858BF824B063F6AF259BF3D9C033F6F
:10CE70001A945BBFE4E7003F532D5DBF275DFC3E86
:10CE800005BE5EBFCBE0F63E214660BFEA5AF13EEA
:10CE900098C561BFBBCBEB3E5A3C63BF7533E63EE2
:10CEA00059AA64BF4F92E03E880F66BF80E8DA3E21
:10CEB000D86B67BF4136D53E3CBF68BFCA7BCF3E0B
:10CEC000A7096ABF53B9C93E0C4B6BBF15EFC33EF0
:10CED0005E836CBF4A1DBE3E93B26DBF2A44B83E0E
:10CEE0009ED86EBFEF63B23E73F56FBFD47CAC3E8D
:10CEF000080971BF128FA63E521372BFE59AA03E79
:10CF0000471473BF86A09A3EDD0B74BF31A0943ED8
:10CF10000BFA74BF229A8E3EC6DE75BF938E883E92
:10CF200007BA76BFC07D823EC58B77BFCCCF783E37
:10CF3000F85378BF7F9A6C3E981279BF135C603EBD
:10CF40009DC779BF0115543E02737ABFC2C5473EE3
:10CF5000BE147BBFCF6E3B3ECDAC7BBFA2102F3E3D
:10CF6000283B7CBFB6AB223EC9BF7CBF8340163E88
:10CF7000AC3A7DBF86CF093ECCAB7DBF73B2FA3DE4
:10CF800024137EBF2EBCE13DB0707EBF36BDC83DD0
:10CF90006DC47EBF80B6AF3D580E7FBF05A9963DDC
:10CFA0006D4E7FBF742B7B3DAB847FBF2FFB483D15
:10CFB0000FB17FBF2CC3163D98D37FBFB00AC93CC9
:10CFC00043EC7FBF900E493C11FB7FBF0000000087
:10CFD0000000803F36BDC83D6DC47E3FC2C5473EA0
:10CFE000BE147B3F31A0943E0BFA743F15EFC33E55
:10CFF0005E836C3FEA5AF13E98C5613FDA390E3FD5
:10D0000031DB543F9967223F03E4453FF304353F4A
:10D01000F304353F03E4453F9967223F31DB543F3A
:10D02000DA390E3F98C5613FEA5AF13E5E836C3FA4
:10D0300015EFC33E0BFA743F31A0943EBE147B3F04
:10D04000C2C5473E6DC47E3F36BDC83D0000803F2F
:10D05000000000006DC47E3F36BDC8BDBE147B3FDE
:10D06000C2C547BE0BFA743F31A094BE5E836C3FCD
:10D0700015EFC3BE98C5613FEA5AF1BE31DB543F9C
:10D08000DA390EBF03E4453F996722BFF304353F09
:10D09000F30435BF9967223F03E445BFDA390E3FF9
:10D0A00031DB54BFEA5AF13E98C561BF15EFC33E6C
:10D0B0005E836CBF31A0943E0BFA74BFC2C5473E7D
:10D0C000BE147BBF36BDC83D6DC47EBFF0D0020824
:10D0D0000000002010000000EC01000800D1020850
:10D0E00010000020D80001000C0200080000000021
:10D0F00001000000100000000024F4000000000007
:040000050800018965
:00000001FF
