:020000040800F2
:10000000D8E0002071020008D56C0008ED6B0008F4
:10001000D16C00082D09000825A20008000000008E
:10002000000000000000000000000000B16E0008A9
:100030003109000800000000D96C00084D97000845
:100040008B0200088B0200088B0200088B0200085C
:100050008B0200088B0200088B0200088B0200084C
:100060008B0200088B0200088B0200088B0200083C
:100070008B0200088B0200088B0200088B0200082C
:100080008B0200088B0200088B0200088B0200081C
:100090008B0200088B0200088B0200088B0200080C
:1000A0008B0200088B0200088B0200088B020008FC
:1000B0008B0200088B0200088B0200088B020008EC
:1000C0008B0200088B0200088B0200088B020008DC
:1000D0008B02000819A200088B0200088B0200089E
:1000E0008B0200088B0200088B0200088B020008BC
:1000F0008B0200088B0200088B0200088B020008AC
:100100008B0200088B0200088B0200088B0200089B
:10011000C19F00088B0200088B0200088B020008B8
:100120008B0200088B0200088B0200088B0200087B
:100130008B0200088B0200088B0200088B0200086B
:100140008B0200088B0200088B0200088B0200085B
:100150008B0200088B0200088B0200088B0200084B
:100160008B0200088B0200088B0200088B0200083B
:100170008B0200088B0200088B02000800000000C0
:100180008B0200088B02000800F002F800F060F813
:1001900014A696E8000CB244B344DA4501D100F04D
:1001A00057F8BAE80F000FA696E83000A5EB040553
:1001B00004EB0607AAEB0704A7F101074FEA1515A0
:1001C0004FEA3414A4F10104AC4201D300F040F82A
:1001D00013F0010F18BFFB1A43F0010300F001F800
:1001E000DBE71847A09C0200C09C0200103A24BF25
:1001F00078C878C1FAD8520724BF30C830C144BF8C
:1002000004680C6070470000704700000023002461
:1002100000250026103A28BF78C1FBD8520728BF16
:1002200030C148BF0B607047642900F029817529EF
:1002300000F02681782900F05F81732900F0348373
:10024000002070471FB50CF06CFA1FBD10B510BD33
:1002500000F036FB1146FFF7F5FF0BF05BFC00F0FA
:1002600054FB03B4FFF7F2FF03BC00F057FB0000A0
:100270000948804709480047FEE7FEE7FEE7FEE73A
:10028000FEE7FEE7FEE7FEE7FEE7FEE70448054976
:10029000054A064B70470000F997000889010008DD
:1002A000D8CE0020D8E00020D8D00020D8D0002020
:1002B00053EA020C00F069802DE9F04B4FF0000684
:1002C000002B1FBFB3FA83F503FA05F424FA05F6F1
:1002D0005E4012BF1643B2FA82F502FA05F4C5F188
:1002E00020051EBF22FA05FC44EA0C04203556EA1C
:1002F000044C4FEA144418BF641C4FF000084FF040
:100300000009904271EB030C39D3002919BFB1FAEF
:1003100081F701FA07F6B0FA80F700FA07F6C7F19D
:1003200020071EBF20FA07FC46EA0C062037B6FB62
:10033000F4FCA7EB0507103F07F01F0BCBF12006DD
:100340002CFA06F60CFA0BFB44BFB3460026202F0E
:10035000A4BF5E464FF0000B5BEA060C08BF4FF0EF
:10036000010B19EB0B0948EB0608ABFB027C06FB03
:1003700002CC0BFB03CCC01B71EB0C01C1E70B469D
:10038000024641464846BDE8F08B13B5084318BF06
:100390004FF0FF300146AFF30080BDE81C407047CE
:1003A0000FB41CB50C0007AA009007D04142A1422F
:1003B00002D32044401E01E04FF0FF30074B7B4446
:1003C00069460190069800F042FA0021002C01D005
:1003D000009A11701CBC5DF814FB0000B30400000F
:1003E00070B5044685690068C10601D5302600E075
:1003F0002026C00707D070BDD4E9012130469047C0
:10040000206A401C20626D1EF6D570BD70B5044692
:1004100085690078C00707D170BDD4E9012120208B
:100420009047206A401C20626D1EF6D570BD70B5E5
:100430000C460546012A05D02878800600D5EA69D1
:10044000002302E0012305E05B1C934202D2E05C42
:100450000028F9D1A869E618C01AA861286A1844CA
:1004600028622846FFF7BCFF04E0D5E9012114F813
:10047000010B9047B442F8D32846FFF7C7FF70BD81
:100480002DE9F0410646002410687529314616A56D
:1004900010D0AFF30080002802DA404213A507E035
:1004A00031688A0701D512A502E0490704D511A5D4
:1004B000012401E0AFF3008000210A2206F12407A5
:1004C00009E0B0FBF2FCB0FBF2F302FB1C003030A1
:1004D00078541846491C0028F3D123462A46304652
:1004E000BDE8F04100F054B9000000002D0000000C
:1004F0002B0000002000000070B504460D46214688
:100500001068AFF300802188090502D50F4A7A44AC
:1005100002E00E4A7A440E32002104F1240305E081
:1005200000F00F060009965D5E54491C0028F7D1C3
:1005300020780023000704D5702D02D009B10223D2
:1005400011322046BDE8704000F022B98AC2000096
:100550002DE9F05F894604464FF0000ADFF874B1D8
:10056000FB44C0F820A02046E1688847002874D0EA
:10057000252806D0D4E901219047206A401C20623A
:10058000F1E700265F462046E168884720280546B7
:1005900007DB312D05D2781910F8200C08B106437D
:1005A000F1E7B00701D526F00406C4F81CA0002727
:1005B000C4F818A02A2D09D028460CF065F838B3E5
:1005C00004EB8708303DC8F8185019E059F8041BAF
:1005D000204604EB87029161E1688847012F0546B8
:1005E00018D1E069002820DA26F020061DE0D8F8AE
:1005F000180000EB800005EB40003038C8F8180008
:100600002046E168884705460CF03EF80028EED108
:10061000012F0AD02E2D08D12046E16888477F1C83
:100620000546022F46F02006C4DBA069002803DA45
:10063000404246F00106A061F00701D026F0100606
:100640006C2D0BD0682D09D04C2D39D06A2D35D0AA
:10065000742D35D07A2D33D016E038E0E1682F467E
:1006600020468847B842054609D16C2F26D04FF462
:100670008060E168064320468847054604E06C2F09
:100680001AD04FF4807006430DB3A5F1410019282C
:1006900002D8203546F400664A46294620462660A0
:1006A0004E46FFF7C1FD80B101280BD0F61D26F0A4
:1006B000070000F1080956E74020E4E78020D8E76A
:1006C0000020D6E706F104094DE7284652E7206AE4
:1006D000BDE8F09F60C2000010B5431C02E010F8B6
:1006E000011B71B18107FAD14FF0013202C88C1A97
:1006F0008C4314EAC211F9D0C01A0A0603D0C01EF6
:1007000010BDC01A10BD0A0401D0801E10BD090220
:10071000FCD0401E10BD02F0FF0343EA032242EA70
:10072000024200F002B84FF0000200B513469446B2
:100730009646203922BFA0E80C50A0E80C50B1F139
:100740002001BFF4F7AF090728BFA0E80C5048BF4D
:100750000CC05DF804EB890028BF40F8042B08BFEB
:10076000704748BF20F8022B11F0804F18BF00F8E7
:10077000012B704770477047704710B500F098F82C
:10078000006810BD10B5044600F092F8046010BD7A
:100790002DE9F0470D4699469246044600F124089B
:1007A0000168880604D5E06921F01001216000E0AD
:1007B0000120A84201DD471B00E00027A1697A194A
:1007C00002EB0900081AA0612078C00602D4204676
:1007D000FFF706FE002608E0D4E901211AF806001A
:1007E0009047206A401C761C20624E45F4DB20783E
:1007F000C0060AD52046FFF7F3FD06E0D4E9012143
:1008000030209047206A401C2062381EA7F1010763
:10081000F4DC07E0D4E9012118F805009047206ACC
:10082000401C2062281EA5F10105F3DC2046FFF7DD
:10083000EDFD2078000602D50220BDE8F0870120FA
:10084000FBE7000001694A1C02610878704700B5A7
:100850008FB0CDE901310021059105497944CDE9F9
:10086000031011466846FFF773FE0FB000BD00008D
:10087000E5FFFFFFD1E900239A4202D2531C0B602F
:100880001070704710B5436913B1AFF3008001E0F9
:10089000FFF7CDFD012010BD127800F124010A7090
:1008A00000224A700122EDE711684FF0FF32E9E7BC
:1008B00000487047100000200048704710000020DA
:1008C0007546FFF7F9FFAE4605006946534620F02E
:1008D0000700854618B020B5FFF7D8FCBDE82040DA
:1008E0004FF000064FF000074FF000084FF0000BEC
:1008F000AC46ACE8C009ACE8C009ACE8C009ACE85B
:10090000C00921F007018D46704710B50446AFF3CA
:1009100000802046BDE81040FFF7A3BC0149182025
:10092000ABBEFEE72600020070470000FEE70000B5
:100930007047000072B600BFFEE700002DE9F041ED
:1009400086B0002643F630000496CDE90266CDE974
:1009500000660596C4F202000168002441F001011E
:1009600001600068C4F2020400F0010005900598DF
:1009700041F20405204610210122CEF200054FF07D
:100980001008012704F0CCFD03200390694620469F
:10099000CDE90087029604F0F3FC4EF6FC50CEF24F
:1009A0000000016841F0807101602E6055F8040C70
:1009B00042F2D41140F0010045F8040C55F8040C43
:1009C000C2F2000110F00100087017D1402005901C
:1009D0000598411E0591C8B300BF0598411E0591B9
:1009E000A0B300BF0598411E059178B300BF0598DC
:1009F000411E059150B300BFEAE700BF40F2080076
:100A0000C2F2000000684DF68361C4F21B31A0FB06
:100A1000010128682B686FF0010202EA51411A1A9D
:100A20008A4213D200BF2A68121A8A420ED200BF2D
:100A30002A68121A8A4209D200BF2A68121A8A4208
:100A400004D200BF2A68121A8A42EBD306B0BDE86E
:100A5000F08100002DE9F04184B0002041F204054E
:100A6000C4F2020010210122CEF2000504F058FD6C
:100A700042F2D416C2F20006307840F208084DF671
:100A800083670028C2F20008C4F21B3760D0D8F890
:100A90000000A0FB070128682A68890C01EB81018E
:100AA000121AB2EB410F15D2490000BF00BF2A68ED
:100AB000121A8A420ED200BF2A68121A8A4209D23A
:100AC00000BF2A68121A8A4204D200BF2A68121A8A
:100AD0008A42EBD340F23414C2F20004204605F0FF
:100AE000CBF82068016821F04001016000210191EC
:100AF000C1680191816801910199016841F040014B
:100B000001603078002841D0D8F800006FF0010271
:100B1000A0FB070128682B6802EA51411A1A8A4291
:100B200013D200BF2A68121A8A420ED200BF2A6866
:100B3000121A8A4209D200BF2A68121A8A4204D2C3
:100B400000BF2A68121A8A42EBD304B0BDE8F081D4
:100B50004FF4A070029000BF0298411E002802913D
:100B6000B8D000BF0298411E00280291B2D000BF49
:100B70000298411E00280291ACD000BF0298411E8D
:100B800000280291A6D000BFE6E700BF40200390F6
:100B90000398411E00280391D7D000BF0398411E3F
:100BA00000280391D1D000BF0398411E0028039173
:100BB000CBD000BF0398411E00280391C5D000BFD1
:100BC000E6E700002DE9F04784B00C4640F200084B
:100BD0000021C4F202080191010C164641F20407FB
:100BE000ADF80810ADF80A00404610210122CEF2FF
:100BF000000704F095FC42F2D415C2F200052878F3
:100C000040F2080A4DF683690028C2F2000AC4F2D5
:100C10001B3900F08980DAF800006FF00102A0FBB8
:100C2000090138683B6802EA51411A1A8A4213D214
:100C300000BF3A68121A8A420ED200BF3A68121AEE
:100C40008A4209D200BF3A68121A8A4204D200BF0F
:100C50003A68121A8A42EBD340461021002204F06F
:100C60005FFC287800287DD0DAF80000A0FB09019D
:100C700038683A68121AB2EB914F15D2890C00BF4E
:100C800000BF3A68121A8A420ED200BF3A68121A9E
:100C90008A4209D200BF3A68121A8A4204D200BFBF
:100CA0003A68121A8A42EBD340F23410C2F20000C2
:100CB00002A901AA0223009605F060F929780646E8
:100CC00000296BD0DAF80000A0FB090138683A6807
:100CD000121AB2EB914F15D2890C00BF00BF3A68CF
:100CE000121A8A420ED200BF3A68121A8A4209D2F8
:100CF00000BF3A68121A8A4204D200BF3A68121A38
:100D00008A42EBD340461021012204F009FC002E58
:100D100060D0FFF79FFE0020002C4FF0000161D152
:100D200004B0BDE8F08700BF402003900398411E47
:100D30000028039190D000BF0398411E0028039122
:100D40003FF48AAF00BF0398411E002803913FF48F
:100D500083AF00BF0398411E002803913FF47CAF8E
:100D600000BFE3E7202003900398411E0028039171
:100D70009AD000BF0398411E0028039194D000BF71
:100D80000398411E002803918ED000BF0398411E96
:100D9000002803913FF488AF00BFE5E720200390CF
:100DA0000398411E00280391ACD000BF0398411E58
:100DB00000280391A6D000BF0398411E002803918C
:100DC000A0D000BF0398411E002803919AD000BF15
:100DD000E6E700BF64B1BDF80400BDF8061041EAC3
:100DE000004001212060084604B0BDE8F08700BF44
:100DF000012004B0BDE8F0872DE9F04F83B08246B2
:100E000000284FF0000000F0658141F201028A1ACB
:100E100012F5805FC0F05E81CDE900104FF0085000
:100E200000210A22FFF7CEFE90B3009802281ED3BD
:100E3000009801264442C2F2002601AF4FF6FF7B24
:100E4000554600BF304639460A22FFF7BBFEF8B1CF
:100E50000198002220EA0B01C5F24132914217D1DC
:100E60000136A119B1F1085F25F8020BEAD101A9F9
:100E700000200A22FFF7A6FE50B101984FF6FF713D
:100E8000002220EA0101C5F24132914200F0E480E3
:100E900041F20407CEF20007FFF7DCFD42F2D41066
:100EA000C2F2000000784DF68361002840F208008D
:100EB000C2F20000C4F21B3100F010810068A0FBF8
:100EC000010138683A68890C01EB8101121AB2EB12
:100ED000410F15D2490000BF00BF3A68121A8A427A
:100EE0000ED200BF3A68121A8A4209D200BF3A688D
:100EF000121A8A4204D200BF3A68121A8A42EBD30D
:100F0000002001904FF0085000210A22FFF75AFEFE
:100F100098B30098022820D300984FF00009441E8F
:100F20004FF4083501AE4FF6FF7800BF09F1010B11
:100F3000584665F31F3031460A22FFF743FEE0B101
:100F40000198002220EA0801C5F24132914214D1F1
:100F50002AF819005C45D946E8D101A900200A22E7
:100F6000FFF730FE48B101984FF6FF71002220EAEA
:100F70000101C5F2413291426ED0FFF76BFD42F2A2
:100F8000D410C2F200000078002800F0C98040F2BE
:100F90000800C2F2000000684DF68361C4F21B3104
:100FA000A0FB010138683A68890C01EB8101121A33
:100FB000B2EB410F14D2490000BF3A68121A8A42BC
:100FC0000ED200BF3A68121A8A4209D200BF3A68AC
:100FD000121A8A4204D200BF3A68121A8A42EBD32C
:100FE000002001904FF0085000210A22FFF7EAFD8F
:100FF000E0B3009802281FD300980026441E4FF447
:10100000083B0DF104094FF6FF7800BF751C284618
:101010006BF31F3049460A22FFF7D4FD30B3019825
:10102000002220EA0801C5F2413291421ED12AF87D
:101030001600AC422E46E9D101A900200A22FFF792
:10104000C1FD98B101984FF6FF71002220EA01011D
:10105000C5F24132914209D100990AEB410121F8D0
:10106000020C012003B0BDE8F08F00BFFFF7F2FCD7
:1010700042F2D410C2F200000078002872D040F290
:101080000800C2F2000000684DF68361C4F21B3113
:10109000A0FB0101880C39683A6800EB8000521A05
:1010A000B2EB400F78D2420000BF3868401A90423D
:1010B00072D200BF3868401A90426DD200BF3868C3
:1010C000401A904268D200BF3868401A90424FF0F0
:1010D0000000E9D303B0BDE8F08F00BF4FF4A0706B
:1010E000029000BF0298411E002802913FF408AF11
:1010F00000BF0298411E002802913FF401AF00BFDB
:101100000298411E002802913FF4FAAE00BF0298F7
:10111000411E002802913FF4F3AE00BFE2E700BF9A
:101120004FF4A070029000BF0298411E0028029167
:101130003FF456AF00BF0298411E002802913FF4D1
:101140004FAF00BF0298411E002802913FF448AF04
:1011500000BF0298411E002802913FF441AF00BF3A
:10116000E2E700BF4FF4A070029000BF0298411E5A
:10117000029188B100BF0298411E029160B100BF88
:101180000298411E029138B100BF0298411E02919F
:1011900010B100BFEAE700BF002003B0BDE8F08F48
:1011A0002DE9F04182B004460020002C009000F0B0
:1011B000C58020604FF0045000210A22FFF702FD95
:1011C00060B1694600200A22FFF7FCFC30B10098AC
:1011D00020F00701B1F1805F00F0838042F2D41665
:1011E000C2F20006307841F2040540F208084DF6DC
:1011F0008367CEF200050028C2F20008C4F21B3754
:1012000000F0A080D8F80000A0FB070128682A6839
:10121000890C01EB8101121AB2EB410F14D2490083
:1012200000BF2A68121A8A420ED200BF2A68121A18
:101230008A4209D200BF2A68121A8A4204D200BF29
:101240002A68121A8A42EBD34FF0045000210A2276
:10125000FFF7B8FC58B1694600200A22FFF7B2FC3C
:1012600028B1009820F00701B1F1805F39D03078C3
:10127000002800F08980D8F80000A0FB070128684A
:101280002A68890C01EB8101121AB2EB410F15D2C9
:10129000490000BF00BF2A68121A8A420ED200BF5E
:1012A0002A68121A8A4209D200BF2A68121A8A4290
:1012B00004D200BF2A68121A8A42EBD34FF00450BE
:1012C00000210A22FFF77EFC80B1694600200A2235
:1012D000FFF778FC50B1009820F00701B1F1805F72
:1012E00004D12060012002B0BDE8F08130780028F0
:1012F0006AD0D8F80000A0FB0701880C29682A688A
:1013000000EB8000521AB2EB400F77D2420000BFD0
:1013100000BF2868401A904270D200BF2868401A67
:1013200090426BD200BF2868401A904266D200BF3C
:101330002868401A90424FF00000E9D302B0BDE89F
:10134000F08100BF4FF4A070019000BF0198411ED2
:10135000002801913FF478AF00BF0198411E00289A
:1013600001913FF471AF00BF0198411E0028019127
:101370003FF46AAF00BF0198411E002801913FF47D
:1013800063AF00BFE2E700BF4FF4A070019000BF61
:101390000198411E0028019190D000BF0198411E84
:1013A000002801913FF48AAF00BF0198411E002838
:1013B00001913FF483AF00BF0198411E00280191C5
:1013C0003FF47CAF00BFE3E74FF4A070019000BF93
:1013D0000198411E019188B100BF0198411E019101
:1013E00060B100BF0198411E019138B100BF019862
:1013F000411E019110B100BFEAE700BF002002B01A
:10140000BDE8F0812DE9F04182B004460020002CB7
:10141000009018BF20604FF0005000210A22FFF713
:10142000D1FB58B1694600200A22FFF7CBFB28B157
:10143000009840F2D241884200F0808042F2D416F7
:10144000C2F20006307841F2040540F208084DF679
:101450008367CEF200050028C2F20008C4F21B37F1
:1014600000F0A280D8F80000A0FB070128682A68D5
:10147000890C01EB8101121AB2EB410F14D2490021
:1014800000BF2A68121A8A420ED200BF2A68121AB6
:101490008A4209D200BF2A68121A8A4204D200BFC7
:1014A0002A68121A8A42EBD34FF0005000210A2218
:1014B000FFF788FB50B1694600200A22FFF782FB44
:1014C00020B1009840F2D241884237D030780028CD
:1014D00000F08C80D8F80000A0FB070128682A687B
:1014E000890C01EB8101121AB2EB410F14D24900B1
:1014F00000BF2A68121A8A420ED200BF2A68121A46
:101500008A4209D200BF2A68121A8A4204D200BF56
:101510002A68121A8A42EBD34FF0005000210A22A7
:10152000FFF750FB90B1694600200A22FFF74AFB03
:1015300060B1009840F2D241884207D1002C4FF0B0
:10154000010018BF216002B0BDE8F08130780028AA
:101550006ED0D8F80000A0FB070128682A68890C23
:1015600001EB8101121AB2EB410F15D2490000BF05
:1015700000BF2A68121A8A420ED200BF2A68121AC5
:101580008A4209D200BF2A68121A8A4204D200BFD6
:101590002A68121A8A42EBD3002C67D000990020E7
:1015A000216002B0BDE8F0814FF4A070019000BF4F
:1015B0000198411E002801913FF476AF00BF0198C9
:1015C000411E002801913FF46FAF00BF0198411EFA
:1015D000002801913FF468AF00BF0198411E002828
:1015E00001913FF461AF00BFE2E700BF4FF4A0708C
:1015F000019000BF0198411E002801913FF48CAF7B
:1016000000BF0198411E002801913FF485AF00BF43
:101610000198411E002801913FF47EAF00BF019860
:10162000411E002801913FF477AF00BFE2E700BF01
:101630004FF4A070019000BF0198411E0028019155
:10164000AAD000BF0198411E00280191A4D000BF7C
:101650000198411E002801919ED000BF0198411EB3
:101660000028019198D000BFE6E700BF002002B03B
:10167000BDE8F0812DE9F04383B045F245664FF0B7
:1016800044540028C5F241764FF0000008BF4FF0E7
:10169000405404BF44F65946C4F24E160190204609
:1016A00000210A22FFF78EFA40B101A900200A2288
:1016B000FFF788FA10B10198B0427AD042F2D417FD
:1016C000C2F20007387841F2040540F208094DF6ED
:1016D0008368CEF200050028C2F20009C4F21B386C
:1016E00000F09880D9F80000A0FB080128682A685B
:1016F000890C01EB8101121AB2EB410F14D249009F
:1017000000BF2A68121A8A420ED200BF2A68121A33
:101710008A4209D200BF2A68121A8A4204D200BF44
:101720002A68121A8A42EBD3204600210A22FFF7C8
:1017300049FA40B101A900200A22FFF743FA10B18B
:101740000198B04235D03878002800F08580D9F86B
:101750000000A0FB080128682A68890C01EB8101C0
:10176000121AB2EB410F15D2490000BF00BF2A6820
:10177000121A8A420ED200BF2A68121A8A4209D26D
:1017800000BF2A68121A8A4204D200BF2A68121ABD
:101790008A42EBD3204600210A22FFF713FA68B1F0
:1017A00001A900200A22FFF70DFA38B10198B042D2
:1017B00004D1012003B0BDE8F08300BF38780028D1
:1017C0006AD0D9F80000A0FB0801880C29682A68B3
:1017D00000EB8000521AB2EB400F77D2420000BFFC
:1017E00000BF2868401A904270D200BF2868401A93
:1017F00090426BD200BF2868401A904266D200BF68
:101800002868401A90424FF00000E9D303B0BDE8C9
:10181000F08300BF4FF4A070029000BF0298411EF9
:10182000002802913FF480AF00BF0298411E0028BB
:1018300002913FF479AF00BF0298411E0028029147
:101840003FF472AF00BF0298411E002802913FF49E
:101850006BAF00BFE2E700BF4FF4A070029000BF83
:101860000298411E0028029194D000BF0298411EA8
:10187000002802918ED000BF0298411E00280291DC
:101880003FF488AF00BF0298411E002802913FF448
:1018900081AF00BFE4E700BF4FF4A070029000BF2B
:1018A0000298411E029188B100BF0298411E029128
:1018B00060B100BF0298411E029138B100BF02988A
:1018C000411E029110B100BFEAE700BF002003B043
:1018D000BDE8F08341F6BC50C0F60100704700003F
:1018E0002DE9F0472DED0E8B0E4602F0FD0101298A
:1018F0003ED10546E0B3042E3AD3CBB3B5EE400A51
:10190000B0EE408AF1EE10FA32DDF5EE400AB0EEAC
:10191000609AF1EE10FA2BDDB6EE00AA28EE0A0A64
:10192000B4EE409AF1EE10FA22DA18464FF4047140
:1019300092469846FEF7F7FE88EE09DA00EE10AA06
:10194000B8EE400AB01E2DEE00BA00EE100AB8EE56
:10195000400AB4EE40BAF1EE10FA00F36E81042EA4
:1019600006F0030912D29FEDB70A002039E000BF4C
:10197000002B00F0628118464FF40471FEF7D3FE8D
:101980000020BDEC0E8BBDE8F08700BF9FEDAD0AD7
:1019900026F00301A5F10802002000BF32F9083F3C
:1019A000043001EE103AB2F90230B8EEC11A30EE4E
:1019B000010AB2F9047001EE103AB8EEC11AB2F998
:1019C000064030EE010A01EE107AB8EEC11A30EE90
:1019D000010A01EE104AB8EEC11A814230EE010A46
:1019E000DCD1B9F1000F1FD035F91010B9F1010F9A
:1019F00001EE101AB8EEC11A30EE010A14D005EB50
:101A00004000B0F90210B9F1020F01EE101AB8EE61
:101A1000C11A30EE010A07D0B0F9040001EE100A35
:101A2000B8EEC11A30EE010A01EE106A9FEDE42A09
:101A3000B8EE411A80EE01CA29EE020A80EE088A49
:101A4000B0EE480A0AF0E2FAB0EE409AB0EE480A68
:101A50000AF088FC042EB1EE402A80F0F580DFED1C
:101A6000790AB7EE003A0020B0EE601AB0EE605A84
:101A7000B9F1000F00F0818035F9101025EE024A0F
:101A800023EE096A36EE044A06EE101AB8EEC66A6C
:101A900036EE4C6A26EE037A26EE056A20EE033A0D
:101AA00025EE095AC1B2FF2935EE033A14D123EECF
:101AB000035A64EE041A31EE855AF7EE002AB5EEA9
:101AC000405AF1EEC51AF1EE10FAC8BFF0EE612AE5
:101AD00083EE223A84EE224A77EE200AB9F1010F12
:101AE00036EE011A49D0411C35F9112023EE022AA5
:101AF00005EE102AB8EEC55A35EE4C5A25EE046AAA
:101B000025EE035A24EE097A20EE040A23EE093A60
:101B1000C9B237EE022AFF2933EE000A14D120EEB3
:101B2000003A22EE024A34EE033AB7EE007AB5EEFE
:101B3000403AB1EEC34AF1EE10FAC8BFB0EE447AB3
:101B400080EE070A82EE072A76EE200AB9F1020F2C
:101B500035EE011A11D005EB4000B0F9040003EE98
:101B6000100AB8EEC33A33EE4C3A23EE022A23EEC3
:101B7000000A72EE200A30EE011AB0EEE00AB0EE72
:101B8000C12A9FED903A32EE000AB4EE430AF1EE1C
:101B900010FA52DBB1EE410A0AF0E2F8B1EE400A67
:101BA00080EE080AB5EE400AF1EE10FA33DA3DEEA7
:101BB000000AB5EE400AF1EE10FA2CDA3DEE000A0A
:101BC000B5EE400AF1EE10FA25DA3DEE000AB5EE68
:101BD000400AF1EE10FA1EDA3DEE000AB5EE400AB8
:101BE000F1EE10FAE3DB16E030EE4D0AB4EE4D0AEA
:101BF000F1EE10FA14DB30EE4D0AB4EE4D0AF1EEC0
:101C000010FA0DDB30EE4D0AB4EE4D0AF1EE10FA8B
:101C100006DB30EE4D0AB4EE4D0AF1EE10FAE3DACF
:101C2000701E02EE100A3BEE001AB8EE422AB4EE25
:101C3000421AF1EE10FA40F3A9800020BDEC0E8BA1
:101C4000BDE8F08700000000DFEDC90AB7EE004AEA
:101C500026F003012A1D0020B0EE601AB0EE446A9F
:101C6000B0EE607A48E000BF32F9043C32F9027C01
:101C700007EE903AF8EEE77A77EECC7A27EE877A9D
:101C800037EE011A07EE107AB8EEC77A27EE866AA9
:101C900037EE4C7A32F9083B36EE206A67EE250AB9
:101CA00027EE267A37EE011A07EE103AB8EEC77A19
:101CB00037EE4C7A32F9063C30EE866A67EE230A3C
:101CC00027EE247A37EE011A07EE103AB8EEC77AFB
:101CD00037EE4C7A30EE866A67EE210A70EE860A9D
:101CE00027EE226A043036EE011A8142B0EE436AD2
:101CF000B0EE457A3FF4BCAE27EE023A26EE095A22
:101D000075EE035A20EE063A27EE095A75EE036A7D
:101D100026EE823A25EE895A75EE033A20EE253AF0
:101D200026EE895A75EE034A24EE823A23EE895A4A
:101D300075EE031A20EE233A24EE895A75EE032A33
:101D400022EE823A21EE895AC31C35EE033ADBB209
:101D500020EE215A62EE897AFF2B37EE855A83D125
:101D600065EE057A23EE03EA7EEE277AB1EEE7EA26
:101D7000F5EE407AF0EE447AF1EE10FAC8BFF0EEDC
:101D80004E7A85EE275A83EE273A6DE747F6FF70C5
:101D9000C8F200009FED771A9FED773A9FED775AD2
:101DA00048F20003C8F80C004FF40047002047F643
:101DB000FF72B7EE002ABEEE004ACFF6FF732EE0A8
:101DC000DB0FC940BD378635B5EE406AB0EE447AC8
:101DD000F1EE10FAA8BFB0EE4A7A36EE077ABDEE01
:101DE000C77AB4EE456A17EE101AF1EE10FA16B281
:101DF000D8BF1946B14208EB40067182BCBFA8F8B3
:101E00000C100A463EB20CB2B44200F10200C4BF4C
:101E1000A8F80E100F46B0F5807F00F0978081B2D1
:101E200006EE101AB8EE466A2BEE066A86EE016AD6
:101E300030EE066ABDEEC67A17EE101A35F911605B
:101E4000013189B235F91110B8EE477A00EE901AD7
:101E500036EE476A07EE106AF8EEE00AB8EEC77A87
:101E600070EECC0A37EE4C7A66EE200A32EE466A05
:101E700027EE066A36EE206AB4EE436AF1EE10FAF7
:101E80001EDAB5EE406AB0EE447AF1EE10FAA8BF61
:101E9000B0EE4A7A36EE077ABDEEC77AB4EE456AFE
:101EA00017EE101AF1EE10FA16B2D8BF1946B14269
:101EB00008EB40063182BCBFA8F80C100A4604E0CB
:101EC00008EB400647F6FF7131823EB20CB2B442D5
:101ED000C4BFA8F80E100F46411C89B206EE101AB6
:101EE000B8EE466A2BEE066A86EE016A30EE066AA6
:101EF000BDEEC67A17EE101A35F91160013189B2BC
:101F000035F91110B8EE477A00EE901A36EE476AAE
:101F100007EE106AF8EEE00AB8EEC77A70EECC0A67
:101F200037EE4C7A66EE200A32EE466A27EE066AF3
:101F300036EE206AB4EE436AF1EE10FAFFF644AFD3
:101F400008EB400647F6FF7171825BE74FF4807043
:101F5000A8F80200012088F801A088ED010A88EDA8
:101F600002BA88F80000BDEC0E8BBDE8F08700BF18
:101F70000000000000007F4300FEFF46000000C795
:101F80002DE9F04F81B02DED108B88B0144600285C
:101F900018BF002C02D134B909E000BF0278002A32
:101FA00018BF00290AD120464821FEF7BCFB0020BB
:101FB00008B0BDEC108B01B0BDE8F08F8278043A18
:101FC00012F1030FEFD30B68002BECD00A79002A33
:101FD000E9D093ED000AB5EE400AF1EE10FAE2DD29
:101FE00093ED010AB5EE400AF1EE10FADBDD012AAD
:101FF0002CD1CDE9040120464821FEF794FBDDF801
:1020000010E09FEDA00A9EF80250DEF80410616017
:102010006570CDB3DDF814A00EF118009AF8041025
:10202000DAF80060CBB204F11807012B06F1040BBB
:102030000290039506972BD19BED002A042D05F005
:10204000030C7BD29FED8F1A0023CDE0013A0833B9
:1020500093ED000AB5EE400AF1EE10FA9BDD93ED28
:10206000011AB5EE401AF1EE10FA94DD13ED021AE2
:10207000B4EE410AF1EE10FA7FF78DAF013A03F1A9
:102080000803E5D1B5E700BFDDF814A0E6E300BF23
:1020900096ED002A0806A6F1040200F0E980012D61
:1020A00002EBC3000790CDE9003640F0ED809FEDD4
:1020B000751A00220398C00700F0D382029800EB43
:1020C000021696ED013A07EB0212B4EE423AF1EE37
:1020D00010FA40F39B820098811E019800F12003C2
:1020E00013ED062AB4EE423AF1EE10FA40F3928272
:1020F00001B313ED042AB4EE423AF1EE10FA40F3C4
:102100008B82012916D013ED022AB4EE423AF1EE89
:1021100010FA40F3838202290CD093ED002AB4EE2A
:10212000423AF1EE10FA40F37A820439481C03F186
:102130002003D5D1079890ED002A82E26FF030019C
:102140009FED501A01EA0517002600230EEB060545
:1021500095ED083AE869A1192A7E22EE033AC86192
:10216000686A81ED083A23EE033A0A7633EE011AE3
:1021700095ED0C3A486295F8280022EE033A81F872
:102180002800686B81ED0C3A23EE033A33EE011A16
:1021900095ED103AEA6A486395F8380022EE033A62
:1021A000CA6281F83800686C81ED103A23EE033A78
:1021B000EA6B33EE011A95ED143A486495F848003D
:1021C000CA6322EE033AEA6C81F84800686D81ED3B
:1021D000143A23EE033A403633EE011AB74203F1C4
:1021E0000403CA644865B1D1069FBCF1000F00F03A
:1021F0003882DDF80880190108EB031090ED023AEF
:1022000007EB031222EE033A18F801504668C06843
:1022100082ED023A23EE033ABCF1010F33EE011ACC
:102220007D545660D06000F01C82581C08EB0011F1
:1022300091ED023A020107EB001022EE033A18F882
:1022400002504E68C96880ED023A23EE033ABCF1B1
:10225000020F33EE011ABD544660C16000F00182E6
:10226000981C08EB001696ED013A07EB0012E8E126
:10227000042D05F0030C80F0E1809FED021A00258B
:102280005EE100BF00000000A3F1020C1FED031A85
:10229000029B05F0FE0006F1200900221DE000BFB0
:1022A0009BED005A24EE044A069F34EE011A95ED88
:1022B000024A297807EB061686ED013A25EE043A24
:1022C0003170E96886ED023A23EE033A0232824227
:1022D00033EE011AF1603FF4EDAE03EB021595ED1C
:1022E000013A4E46B4EE423AF1EE10FA614629DD6B
:1022F00016ED064AB4EE443AF1EE10FA26DDE9B1E5
:1023000016ED044AB4EE443AF1EE10FA20DD01294C
:1023100014D016ED024AB4EE443AF1EE10FA19DD8B
:1023200002290BD096ED004AB4EE443AF1EE10FAD1
:1023300011DD04394F1C06F12006D9D1079991ED22
:10234000004A01E09BED004A069917E0183E02E0C2
:10235000103E00E0083E16ED025A069933EE456A3B
:1023600034EE454A86EE044A96ED015A16ED016AAE
:1023700035EE465A24EE054A34EE064A2E7801EB35
:10238000021181ED013A95ED023A0E7042F001061C
:10239000EF6803EB061524EE034A95ED013A81ED53
:1023A000024AB4EE423ACF60F1EE10FA4F4661466F
:1023B0007FF776AF17ED065AB4EE453AF1EE10FA14
:1023C00024DDF1B117ED045AB4EE453AF1EE10FAFE
:1023D0001EDD012915D017ED025AB4EE453AF1EE93
:1023E00010FA17DD02290CD097ED005AB4EE453AE9
:1023F000F1EE10FA0FDD043911F1010807F12007A1
:10240000D8D1079991ED005A4CE700BF183F02E080
:10241000103F00E0083F17ED026A33EE467A35EED2
:10242000465A87EE055A97ED016A17ED017A36EEA6
:10243000476A25EE065A35EE075A33E76FF030004B
:102440001FED701A00EA0518002700250EEB07069D
:1024500096ED073A5846B4EE423AF1EE10FAC8BF8C
:102460001046E11990ED004A307E81ED073A96ED75
:10247000085A0876706A96ED0B3A24EE054A4862CF
:10248000B4EE423A584681ED084A24EE044AF1EE91
:1024900010FAC8BF104690ED005A96F8280034EEA6
:1024A000011A96ED0C4A81ED0B3A81F8280025EED1
:1024B000043A706B96ED0F4A4863B4EE424A5846B0
:1024C00081ED0C3AF1EE10FAC8BF104623EE033A44
:1024D00090ED005A96F8380033EE011A96ED103A56
:1024E00081ED0F4A81F83800706C96ED134A25EEA5
:1024F000033A81ED103A486423EE033AB4EE424ABF
:102500005846F1EE10FAC8BF104690ED005A33EE6F
:10251000011A96ED143A96F8480025EE033A81F830
:102520004800706D81ED143A23EE033A403733EEE4
:10253000011AB84505F1040581ED134A486585D1B6
:10254000069EBCF1000F00F08C80029B5F4603EBFF
:10255000051090ED013A2901B4EE423AF1EE10FA7D
:10256000C8BF174697ED004A90ED025A13F8018054
:10257000069F06EB051624EE054A07F80180069F24
:1025800086ED013AC06824EE043ABCF1010F33EE47
:10259000011A86ED024AF06063D0681C03EB00115B
:1025A00091ED013A060107EB0010B4EE423A5F46A6
:1025B000F1EE10FAC8BF174697ED004A91ED025AA6
:1025C00013F80680069F24EE054A07F80680069F4A
:1025D00080ED013AC96824EE043ABCF1020F33EEF3
:1025E000011A80ED024AC1603BD0A81C03EB001623
:1025F00096ED013AB4EE423AF1EE10FAC8BF9346B6
:102600009BED002A07EB00121BE000BF9BED002AA8
:1026100017E000BF183B02E0103B00E0083B13ED61
:10262000024A33EE445A32EE442A85EE022A93EDF2
:10263000014A13ED015A34EE454A22EE042A32EEE5
:10264000052A82ED013A96ED023A307822EE032A0D
:102650001070F06882ED022A22EE022A32EE011A90
:10266000D060B6EE002A21EE021AB1EEC11A03992B
:10267000002984ED031A00F0F1809FEDB18A6FF01C
:1026800030009FEDB09A9FEDB0AA01F0030800EA78
:1026900001170025B0EE48BAB0EE48CA16E000BFF8
:1026A000B4EE4BEAF1EE10FAB4EE4CEAB8BFB0EE7D
:1026B0004EBAF1EE10FAC8BFB0EE4ECA079A40F219
:1026C000FF70824205F1010580F0C680A8B200EEDD
:1026D000100AB8EE400A20EE090A46468B46042945
:1026E00020EE0ADA079005D24FF0000AB0EE48EA71
:1026F0005EE000BF4FF000084FF0000AB0EE48EA7D
:1027000004EB080999F8180099ED091A00EE100A6F
:10271000B8EE400A20EE0D0A99ED08FA30EE010AF3
:1027200009F074FC99F828002FEE000A30EE0EEA4A
:1027300000EE100AB8EE400A99ED0D1A20EE0D0ACF
:1027400099ED0CFA30EE010A09F060FC99F83800B6
:102750002FEE000A30EE0EEA00EE100AB8EE400A44
:1027600099ED111A20EE0D0A99ED10FA30EE010ADA
:1027700009F04CFC99F848002FEE000A30EE0EEA02
:1027800000EE100AB8EE400A99ED151A20EE0D0A77
:1027900099ED14FA30EE010A09F038FC2FEE000A28
:1027A00008F1400830EE0EEA47450AF1040AA7D1C5
:1027B000B046002E594645D006994FEA0A10085CEB
:1027C00001EB0A1600EE100AB8EE400A96ED031A65
:1027D00020EE0D0A96ED02FA30EE010A09F016FC21
:1027E0002FEE000AB8F1010F30EE0EEA29D0307C4E
:1027F00096ED071A00EE100AB8EE400A20EE0D0A18
:1028000096ED06FA30EE010A09F000FC2FEE000A00
:10281000B8F1020F30EE0EEA13D096F8200096EDD4
:102820000B1A00EE100AB8EE400A20EE0D0A96EDE3
:102830000AFA30EE010A09F0E9FB2FEE000A30EE49
:102840000EEA0399DDE904EA28047FF429AFB0EE2B
:102850004ECAB0EE4EBA31E73CEE4B0A9EF803008A
:1028600084ED020A002845D001209AF80420A070C7
:102870009EED041A9EED050ADAF80000012A84EDA7
:10288000041A31D090ED002AB4EE421AF1EE10FA9B
:102890002ADDBAB3931E00F1200111ED062AB4EE31
:1028A000421AF1EE10FA33DD6BB311ED042AB4EEE7
:1028B000421AF1EE10FA2DDD012B24D011ED022A7F
:1028C000B4EE421AF1EE10FA26DD022B1BD091ED88
:1028D000002AB4EE421AF1EE10FA1EDD043B5F1C32
:1028E00001F12001D9D10EE090ED011A20EE010A8C
:1028F00084ED050A0120207008B0BDEC108B01B0FA
:10290000BDE8F08F002200EBC20010ED011AEDE7E8
:10291000183902E0103900E0083911ED023A31EEC1
:10292000431A32EE432A81EE021A91ED012A11ED8B
:10293000013A32EE432A21EE021A31EE031AD5E7AC
:1029400000000000DB0FC9400000003A10B540F263
:102950007004C2F2000400206060A060207060700B
:1029600040F28C10A11CC2F20000012204F01AF8FF
:10297000002808BF10BDA0680130A06010BD000095
:1029800013460A46014600284FF0000018BF002AEF
:1029900000D1704780B540F28C10C2F2000004F004
:1029A00059F8B0FA80F04009BDE880407047000057
:1029B000F0B599B040F28406C2F20006746941F69F
:1029C000146201AD0F460346C0F60102284660219D
:1029D0000094FDF7E5FC2846FDF77EFE4FF6FF71FB
:1029E000884238BF014628463222FFF7C9FF00203F
:1029F0007071A6F8070004203070384607F098FA86
:102A000019B0F0BD80B54CF22021C2F20001D1ED29
:102A1000010A024640F2D4104CF664439FED080AC6
:102A2000C2F20000C2F200034FF48051FEF758FFDB
:102A300020B102F01BFA012080BD00BF002080BD44
:102A40008096984AB0B59AB040F2D410C2F2000015
:102A50004FF40051FDF767FE4CF22020C2F2000057
:102A60004821FDF760FE4CF2D810C2F20000482168
:102A7000FDF759FE4CF66440C2F200004FF40471B9
:102A8000FDF751FE4CF66400C2F200004FF4806185
:102A9000FDF749FE4CF26440C2F200004FF4806141
:102AA000FDF741FE40F28404C2F2000400252570C7
:102AB00002F03CFDC4E90405A56102F037FD44F8CD
:102AC000245F44E9020502F031FD40F2011124F8CF
:102AD000231C44F8215C24F81D5CC4E9010502F0C4
:102AE00025FD7838E06002F021FD7838206144F857
:102AF000185C04F81B5C07F013F8FDF71FFF204675
:102B0000FEF780FC236804F81A0C02AC84460AA283
:102B100020466021CDF800C0FDF742FC2046FDF7BD
:102B2000DBFD4FF6FF71884238BF01462046322256
:102B3000FFF726FF1AB0B0BD475F464C4F572C62D7
:102B40006F6F742C69643D30782530386C582C6F69
:102B50006E6C696E653D25752C66733D313235307E
:102B60003030302C6E3D343039360D0A0000000014
:102B70002DE9F04FA1B002F0D9FC814600208DF87C
:102B80000B001BA80DF10B0107F054F840F2840470
:102B90000028C2F2000453D002F0C8FC9DF86C106B
:102BA00002290FD0012915D1216B411A782947D369
:102BB0002178206311F0FB0F26D00FF6E4002021CE
:102BC0008CE100BF61780122012908BF03228DF842
:102BD0000B2003E001F0FE01022931D1616B411AA3
:102BE00078292DD39DF80B10606301F0FD02012AB6
:102BF00026D120786170421E022A00F2D78001207F
:102C0000E0700FF6EC0757E10FF6B80106460846EC
:102C100013213222FFF7B4FE0120012507F036F917
:102C200006F59670E0624FF480706178A4F80700B2
:102C30000020A4F8030003206571A17020702661B4
:102C4000E079012840F05181A179022940D0012981
:102C50001ED000295CD14CF2D810C2F2000090EDD9
:102C6000010AB5EE400AF1EE10FA40F39D809FEDA7
:102C7000A41AB4EE410AF1EE10FA80F2F780B6EE33
:102C8000001A30EE010ABCEEC00A10EE103AEFE076
:102C90004CF2D810C2F2000090ED020A9FED991A92
:102CA00020EE010AB5EE400AF1EE10FA78DD9FED54
:102CB000941AB4EE410AF1EE10FA80F28F80B6EE6B
:102CC000001A30EE010ABCEEC00A10EE100A87E0CE
:102CD0004CF2D810C2F2000090ED030A9FED891A61
:102CE00020EE010AB5EE400AF1EE10FA5ADD9FED32
:102CF000841AB4EE410AF1EE10FA80F29380B6EE37
:102D0000001A30EE010ABCEEC00A10EE100A8BE089
:102D1000052900F2C1804CF2D8120FF61007C2F25A
:102D200000020FF60400042908BF074653780FF687
:102D30000000032918BF38460BB38F1E02F1480666
:102D4000591EFAB216F8303C934200F0F382B1B14A
:102D500016F8203C934200F0EF8201290FD016F8BC
:102D6000103C934200F0EA82022908D03378934263
:102D700000F0E58204394B1C06F14006E2D141F631
:102D80007071C0F6010191E88C00CE68097C0DF1EC
:102D90000C0C8CE88C0006968DF81C1074E000BFBB
:102DA00000201DE000203FE0002361E0227904289C
:102DB0000FF22477A17040F07F80002A7CD00120A0
:102DC00007F064F8A078FFF71DFE00286CD0002003
:102DD00007F05CF80FF208776EE000BF4FF0FF30AD
:102DE00048F21F51C5F2EB11A0FB011253096421F7
:102DF00003FB110741F64E721BADC0F601022846D7
:102E000018210097FDF7CCFA41F69362C0F6010253
:102E100003A840212B46FDF7C3FA41F63860C0F6FF
:102E2000010031E04FF0FF3048F21F51C5F2EB11C5
:102E3000A0FB01125309642103FB110741F64E72F6
:102E40001BADC0F60102284618210097FDF7A8FA2D
:102E500041F69D62C0F6010203A840212B46FDF712
:102E60009FFA41F63B60C0F601000DE04FF0FF33E2
:102E700041F6B062C0F6010203A84021FDF790FAC6
:102E800041F62E60C0F6010041F60971C0F601015D
:102E900003AA08F0B5FEA179481CC1B20529A071AA
:102EA0003ED9E01D3AE000BF41F65860C0F601008F
:102EB00007F03EF80FF23067637803AD0FF2386227
:102EC000284640210097FDF76BFA2846FDF704FCE1
:102ED0004FF6FF71884238BF014628463222FFF77D
:102EE0004FFDE07901283FF4AFAE217A2078012927
:102EF00008BF042808D0042815D121B0BDE8F08F00
:102F0000FFFF7F4F0000C84202F010FBE16A401A49
:102F100006D4002006F0BAFF04F108000021017079
:102F200020780428E9D0002840F09A80A06AB9EB04
:102F30000000E2D40FF20C6008F03EFE41F6097585
:102F400041F62E60C0F6010541F6A862C0F6010008
:102F5000C0F60102294608F053FE41F6386041F6FA
:102F60007C62C0F60100C0F60102294608F048FE66
:102F700041F63B6041F68762C0F60100C0F60102EF
:102F8000294608F03DFE43F27430ADF86C00002095
:102F90008DF86E0041F67070C0F6010090E85001A7
:102FA000CDF80490D0F80C9003A990F810A01BAFB6
:102FB0000DF10C0B81E85001384629465A46CDF8F0
:102FC00018908DF81CA008F01BFE43F27440ADF879
:102FD0006C0000208DF86E0003A880E8500338468E
:102FE00029465A468DF81CA008F00AFE43F2745098
:102FF000ADF86C0000208DF86E0003A880E8500149
:1030000040F28404DDF80480384629465A46C2F26C
:103010000004CDF818908DF81CA008F0F1FD0020F8
:1030200006F034FF607A002840F04781E189ADF86E
:103030000C1061B941F63560C0F6010003A906F035
:10304000E5FB002800F01681BDF80C10E181B1F518
:10305000806F4FF0010740F212814FF480610CE164
:103060002169B9EB01013FF548AF032834D16079FC
:1030700000284DD0A07A38B904F12400FEF7C2F937
:103080000028A07200F0208100200026FEF7F2FA4E
:10309000002800F0BB804CF22020C2F20000482142
:1030A000FDF741FB4CF2D810C2F200004821FDF7B9
:1030B0003AFB4CF66440C2F200004FF40471FDF795
:1030C00032FB01202671C4F81C90207009F1020027
:1030D000206121B0BDE8F08F00261BA81B96FEF7EB
:1030E0005FF808B31B98C10748D1E069A9EB00005D
:1030F000B0F5FA6F12D341F6017041F67461C0F673
:103100000100C0F60101FFF753FC21B0BDE8F08FCC
:103110000020207021B0BDE8F08F00BF09F102004F
:10312000206121B0BDE8F08F676941F6146241F675
:10313000E36303ADC0F60102C0F601032846602137
:103140000097FDF72DF92846FDF7C6FA4FF6FF71F7
:10315000884238BF014628463222FFF711FC04207E
:10316000207041F661606671A4F80760C0F6010046
:1031700006F0DEFE21B0BDE8F08F00BF4FF6FF7114
:103180008843B0F1805F6BD140F2D410C2F20000EE
:103190004FF48051FDF730FE002800F0BD8020780C
:1031A000022800F0278101287FF4A7AE4CF22025E9
:1031B00040F2D410C2F20005C2F20000294603F02A
:1031C00079FE002800F028816069411CC4E90510DF
:1031D00002F0ACF9E169401A2062012000F088FE9B
:1031E00000F044FC00F0BAF9002800F0378101201B
:1031F000FEF740FA002800F045810220207002F01E
:1032000095F90230206121B0BDE8F08F676941F681
:10321000146241F6FB6303ADC0F60102C0F6010380
:10322000284660210097FDF7BBF82846FDF754FAC1
:103230004FF6FF71884238BF014628463222FFF719
:103240009FFB0420207041F66A606671A4F8076055
:10325000C0F6010006F06CFE21B0BDE8F08F00BFA3
:1032600041F6CA60C0F60100B9A1FFF7A1FB21B089
:10327000BDE8F08F00274FF40071ADF80C104CF250
:103280006445C2F2000528462A22FDF744FA41F6B9
:103290003160C0F6010008F08FFC41F6BE66C0F652
:1032A00001063046002108F047FCBDF80C303046DE
:1032B00000212A4608F0E8FC677208F5FA60A0626F
:1032C00021B0BDE8F08F00BF676941F6146203AD1D
:1032D000C0F60102A0A3284660210097FDF760F820
:1032E0002846FDF7F9F94FF6FF71884238BF0146CD
:1032F00028463222FFF744FB00206071A4F8070043
:103300000420207041F64760C0F6010006F010FE70
:1033100021B0BDE8F08F00BF41F6C46041F64E61B8
:10332000C0F60100C0F60101FFF742FB21B0BDE885
:10333000F08F00BF303E02E0203E00E0103E96EDF0
:10334000020A9FED771A20EE010AB5EE400AF1EE6F
:1033500010FA11DD9FED731A8046B4EE410AF1EECA
:1033600010FA0DDAB6EE001A30EE010ABCEEC00A11
:1033700010EE100A06E000BF8046002002E000BF09
:103380004FF0FF3048F21F51C5F2EB11A0FB0112C4
:103390005309642103FB110741F64E721BADC0F6C1
:1033A0000102284618210097FCF7FAFF96ED010A62
:1033B000B5EE400AF1EE10FA10DD9FED5A1AB4EEA8
:1033C000410AF1EE10FA0BDAB6EE001A30EE010AFD
:1033D000BCEEC00A10EE103A04E000BF002301E08A
:1033E0004FF0FF3353A203A840210095FCF7D8FF0C
:1033F000404649E5E0780121217128B1607800213B
:10340000A070E17001E000BFA078FFF7FBFAF8B10F
:1034100001F02CFD10E000BF6878022824D160691B
:10342000411CC4E9051002F081F8E169401A2062EC
:1034300000F0D6FA00F0A0FC02F078F800206071ED
:10344000042020700120207221B0BDE8F08F00BF61
:1034500041F6D160C0F6010018E000BF41F6EA6015
:10346000C0F6010004E000BF41F6DA60C0F60100DA
:1034700041F63E61C0F60101FFF79AFA21B0BDE8BE
:10348000F08F00BF41F6F660C0F6010041F65861CA
:10349000C0F60101FFF78CFA21B0BDE8F08F00BF44
:1034A000475F484D492C6576656E743D7374617253
:1034B000742C69676E6F7265643D627573790D0A6D
:1034C00000000000475F484D492C6576656E743DED
:1034D00073746172740D0A006E65787400000000E8
:1034E00072656472617700006572726F720000002D
:1034F0007175657565640000475F484D492C6576B8
:10350000656E743D6379636C65732C76616C75656B
:103510003D25752C6170706C793D25730D0A000096
:103520000000C842FFFF7F4F743400007435000074
:1035300074330000483D256C75485A2C25736D5630
:10354000000000007265665F737461720000000025
:103550004C454E2045525200696400002DE9F04769
:103560002DED048BCAB0FEF7B5F94CF2D818014620
:103570004CF22020C2F20008C2F200004246FEF7E0
:10358000FFFCB8B198ED010AB5EE400AF1EE10FA71
:1035900028DD9FEDC01AB4EE410AF1EE10FA23DAED
:1035A000B6EE001A30EE010ABCEEC00A10EE103A78
:1035B0001CE000BF40F28400C2F20000836904AC4A
:1035C0000FF2F03220464FF48071FCF7E9FE2046FE
:1035D000FDF782F84FF6FF71884238BF014600249C
:1035E000B3E100BF002301E04FF0FF3341F6B062CA
:1035F00004ACC0F6010220464021FCF7D1FE41F6A2
:103600002E6041F60971C0F60100C0F601012246A4
:1036100008F0F6FA98ED020A9FEDD28A20EE080A29
:10362000B5EE400AF1EE10FA10DD9FEDCD1AB4EEC2
:10363000410AF1EE10FA0BDAB6EE001A30EE010A8A
:10364000BCEEC00A10EE100A04E000BF002001E04A
:103650004FF0FF3048F21F56C5F2EB16A0FB0612E2
:103660005309642703FB170541F64E7244ACC0F6BC
:103670000102204618210095FCF792FE41F6936264
:1036800004ADC0F60102284640212346FCF788FE1F
:1036900041F6386041F60971C0F60100C0F601013B
:1036A0002A4608F0ADFA98ED030A20EE080AB5EEB6
:1036B000400AF1EE10FA0FDD9FEDA91AB4EE410AAF
:1036C000F1EE10FA0ADAB6EE001A30EE010ABCEE9C
:1036D000C00A10EE100A03E0002001E04FF0FF30B6
:1036E000A0FB0612530903FB170741F64E7244ACC8
:1036F000C0F60102204618210097FCF751FE41F662
:103700009D6204ADC0F60102284640212346FCF725
:1037100047FE41F63B6041F60971C0F60100C0F674
:1037200001012A4608F06CFA40F2840098ED010A83
:10373000C2F200008369B5EE400A40F20311F1EED7
:1037400010FAC18016DD9FED861AB4EE410AF1EE43
:1037500010FA2FDAB6EE001A30EE010ABCEEC00AFB
:1037600010EE100A98ED020AB5EE400AF1EE10FADA
:1037700008DC28E0002098ED020AB5EE400AF1EEE0
:1037800010FA20DD9FED761AB4EE410AF1EE10FA40
:1037900032DAB6EE001A30EE010ABCEEC00A10EEC4
:1037A000101A98ED030AB5EE400AF1EE10FA12DC99
:1037B0002BE000BF4FF0FF3098ED020AB5EE400A53
:1037C000F1EE10FADEDC002198ED030AB5EE400AB6
:1037D000F1EE10FA19DD9FED621AB4EE410AF1EE36
:1037E00010FA15DAB6EE001A30EE010ABCEEC00A85
:1037F00010EE102A0EE000BF4FF0FF3198ED030AE3
:10380000B5EE400AF1EE10FAE5DC002202E000BF5E
:103810004FF0FF3298F801700DF1100A8DE80700A3
:1038200051A250464FF480710397FCF7B9FD002870
:1038300072D4064698F80100002863D0FF2E61D8A4
:103840009FED478A08F120070125B6EE009A0FF296
:10385000501900BF17ED010A17F8083CB5EE400AF1
:10386000F1EE10FA18DDB4EE480AF1EE10FAAFBF2F
:103870004FF0FF3C30EE090ABCEEC00A10EE10CA51
:1038800097ED000AB5EE400AF1EE10FA0DDC4FF0AC
:10389000000E17E0FFFF7F4F4FF0000C97ED000A7E
:1038A000B5EE400AF1EE10FAF1DDB4EE480AF1EEA1
:1038B00010FAAFBF4FF0FF3E30EE090ABCEEC00A6F
:1038C00010EE10EAC6F580740AEB060021464A465F
:1038D000CDE900CEFCF764FDA0424FF0FF0138BFF8
:1038E0008119B0F1FF3FC8BF0E4600280AD4A0429C
:1038F00008D298F80100854204D21037FF2905F15B
:103900000105A7D9FD2E0FD80AEB060040F60D21C0
:1039100020F8021B0EE000BF002420464AB0BDEC98
:10392000048BBDE8F08700BF40F60D20ADF80D0117
:103930000AF1FF000021017004A8FCF7CDFE4FF64C
:10394000FF710124884238BF014689B204A832229F
:10395000FFF716F820464AB0BDEC048BBDE8F087AF
:10396000FFFF7F4F0000C842475F4D4541532C7316
:1039700065713D256C752C63616C3D312C66303D65
:10398000256C75487A2C7570703D256C756D562CBC
:1039900075726D733D256C756D562C6E3D257500E9
:1039A0002C6825753D256C75487A3A256C756D56E1
:1039B00000000000475F4D4541532C7365713D2564
:1039C0006C752C63616C3D302C726561736F6E3D5C
:1039D0006E6F5F6D765F7461626C650D0A0000004A
:1039E00010B5A4B040F28400C2F200008369006AFE
:1039F0000021B0F5FA6F98BF012104AC4FF0100C14
:103A0000CDE900010AA220468021CDF808C0FCF7CC
:103A1000C7FC2046FCF760FE4FF6FF71884238BFB6
:103A2000014620463222FEF7ABFF24B010BD00BF96
:103A3000475F464C4F572C6E6F5F7369676E616CC2
:103A40002C7365713D256C752C745F6D733D256C11
:103A5000752C756E64657232733D25752C746872B1
:103A60006573686F6C643D25750D0A002DE9F04F94
:103A700081B02DED048BC6B04CF22029C2F20009B2
:103A800040F2840099ED010AC2F200008369B5EEAC
:103A9000400AF1EE10FA0FDD9FEDAB1AB4EE410AC9
:103AA000F1EE10FA0ADAB6EE001A30EE010ABCEEB8
:103AB000C00A10EE101A03E0002101E04FF0FF31C0
:103AC00099ED020A99F80220B5EE400AF1EE10FADB
:103AD00010DD9FED9D1AB4EE410AF1EE10FA0BDAFB
:103AE000B6EE001A30EE010ABCEEC00A10EE107AF3
:103AF00004E000BF002701E04FF0FF3799ED030A13
:103B00000026B5EE400AF1EE10FA4FF0000511DD87
:103B10009FED8D1AB4EE410AF1EE10FA08DAB6EE16
:103B2000001A30EE010ABCEEC00A10EE105A01E095
:103B30004FF0FF35006A0DF11808B0F5FA6F98BF25
:103B400001268DE8860041F60D72CDE90350C0F6DE
:103B5000010240464FF480710596FCF721FC0028D5
:103B600000F1EB80834699F80200002863D0BBF196
:103B7000FF0F60D89FED748A09F120040126B6EE8C
:103B8000009A0FF2C81A00BF14ED010A14F8083C9D
:103B9000B5EE400AF1EE10FA16DDB4EE480AF1EE89
:103BA00010FAAFBF4FF0FF3C30EE090ABCEEC00A7E
:103BB00010EE10CA94ED000AB5EE400AF1EE10FACC
:103BC0000BDC002516E000BF4FF0000C94ED000A5E
:103BD000B5EE400AF1EE10FAF3DDB4EE480AF1EE6C
:103BE00010FAAFBF4FF0FF3530EE090ABCEEC00A45
:103BF00010EE105ACBF5807708EB0B003946524691
:103C0000CDE900C5FCF7CCFBB8424FF0FF0138BF4F
:103C100000EB0B01B0F1FF3FC8BF8B4600280AD470
:103C2000B84208D299F80200864204D21034FF2923
:103C300006F10106A8D9BBF1FF0F69D899F8031066
:103C400008EB0B00CBF58076F1B199ED040AB5EEE7
:103C5000400AF1EE10FA21DD9FED3B1AB4EE410A65
:103C6000F1EE10FA32DAB6EE001A30EE010ABCEECE
:103C7000C00A10EE103A99ED050AB5EE400AF1EED1
:103C800010FA13DC2BE000BF38A23146FCF788FBAA
:103C9000002830D5BBF1FD0F33D939E0002399ED71
:103CA000050AB5EE400AF1EE10FA18DD9FED261A6E
:103CB000B4EE410AF1EE10FA14DAB6EE001A30EE64
:103CC000010ABCEEC00A10EE107A0DE04FF0FF338F
:103CD00099ED050AB5EE400AF1EE10FAE6DC002790
:103CE00002E000BF4FF0FF371CA231460097FCF7FF
:103CF00057FB0028CED4B0420AD28344BBF1FD0F5B
:103D000006D808EB0B0040F60D2120F8021B05E059
:103D100040F60D20ADF8150108F1FF00002106ACBA
:103D200001702046FCF7D8FC4FF6FF71884238BF7F
:103D3000014620463222FEF723FE46B0BDEC048B3E
:103D400001B0BDE8F08F00BFFFFF7F4F2C682575E5
:103D50003D256C75487A3A256C7500002C7370759A
:103D6000723D256C75487A3A256C75002C73707518
:103D7000723D6E6F6E6500002DE9F04F89B040F224
:103D80008400C2F20000002141F60974C17141F6BD
:103D90002E60C0F6010441F6A862C0F60100C0F62C
:103DA00001022146002507F02BFF41F6386041F65D
:103DB0007C62C0F60100C0F60102214607F020FF38
:103DC00041F63B6041F68762C0F60100C0F6010291
:103DD000214607F015FF43F27430ADF8210041F69B
:103DE0007070C0F601008DF82350D0E90075D0E95D
:103DF000026890F810900DF1210B0DF1040A58465D
:103E000021465246CDE901750396CDF810808DF814
:103E1000149007F0F5FE43F27440ADF82100002045
:103E20008DF82300584621465246CDE90175CDE96B
:103E300003688DF8149007F0E3FE43F27450ADF878
:103E4000210000208DF8230002A8019740F284078A
:103E500080E86001584621465246C2F200078DF8BC
:103E6000149007F0CDFEF989ADF8041031B1B1F529
:103E7000806F4FF0010611D819E000BF41F63560A0
:103E8000C0F6010001A905F0C1FC58B1BDF804104D
:103E9000F981B1F5806F4FF0010608D94FF48061C8
:103EA00003E000BF00264FF40071ADF804104CF29F
:103EB0006444C2F2000420462A22FCF72CFC41F69E
:103EC0003160C0F6010007F077FE41F6BE65C0F62E
:103ED00001052846002107F02FFEBDF804302846D2
:103EE0000021224607F0D0FE7E7209B0BDE8F08FB7
:103EF0002DE9F04F85B040F28408C2F20008B8F80E
:103F00000E100446ADF8121031B1B1F5806F4FF0CC
:103F1000010713D804BB23E141F63560C0F6010068
:103F20000DF1120105F072FC70B1BDF81210A8F885
:103F30000E10B1F5806F4FF00107EBD94FF480619F
:103F4000ADF8121044B90BE100274FF40071ADF841
:103F50001210002C00F004810229C0F001814CF203
:103F60002024C2F200042078002800F0F9804CF2EE
:103F70006449C2F2000948462A220D46FCF7CBFBF1
:103F8000A0782946002800F0EB8004F14805431E84
:103F90009FEDCF0A28461A4610F8304C012C15D058
:103FA00092B310F8204C012C12D0012A2CD010F81A
:103FB000104C012C0ED0022A26D00478012C0AD0F5
:103FC000043A541C00F14000E6D11DE0303802E014
:103FD000203800E0103890ED011A9FEDBE2AB4EEB3
:103FE000421AF1EE10FA0FDB9FEDDD2AB4EE421A11
:103FF000F1EE10FA08DC90ED021AB5EE401AF1EE7F
:1040000010FAC8BFB0EE410A28461A4610F8304CE4
:10401000022C15D092B310F8204C022C12D0012A99
:104020002CD010F8104C022C0ED0022A26D0047886
:10403000022C0AD0043A541C00F14000E6D11DE0E5
:10404000303802E0203800E0103890ED011A9FED82
:10405000A12AB4EE421AF1EE10FA0FDB9FEDC02A4E
:10406000B4EE421AF1EE10FA08DC90ED021AB4EE4A
:10407000401AF1EE10FAC8BFB0EE410A28461A46BF
:1040800010F8304C032C15D092B310F8204C032CB0
:1040900012D0012A2CD010F8104C032C0ED0022A7A
:1040A00026D00478032C0AD0043A541C00F14000B6
:1040B000E6D11DE0303802E0203800E0103890ED05
:1040C000011A9FED842AB4EE421AF1EE10FA0FDBCA
:1040D0009FEDA32AB4EE421AF1EE10FA08DC90ED3F
:1040E000021AB4EE401AF1EE10FAC8BFB0EE410A5F
:1040F000B5EE400AF1EE10FA32DD080A4FF0040E78
:10410000042838BF4FEA112E481EB1F5007F38BF92
:104110004FF0020E03900EF101064FEA5E0A2846A8
:104120001C4610F8302C012A3ED0002C00F057829B
:1041300010F8202C012A39D0012C00F0508210F800
:10414000102C012A34D0022C00F049820278012A76
:104150002FD0043C621C00F14000E2D13FE200BFDE
:104160004CF26440C2F200002A22FCF7D4FA41F675
:104170003160C0F6010007F01FFD41F6BE64C0F6D5
:1041800001042046002107F0D7FCBDF812304CF2A4
:104190006442C2F200022046002107F075FD88F853
:1041A000097005B0BDE8F08F303802E0203800E03B
:1041B000103890ED011A9FED472AB4EE421AF1EE45
:1041C00010FAC0F20C829FED662AB4EE421AF1EEAC
:1041D00010FA00F30482B5EE401A4AF22014F1EE10
:1041E00010FAC0F2070412DD9FEDD22AB4EE421A93
:1041F000F1EE10FA0ADAB6EE002A31EE021ABCEE3F
:10420000C11A11EE102AA41A01E000BF013490ED8A
:10421000021A4BF6085081EE001A039AC0F203000E
:104220009FEDC52A04FB02004AF2A972C0F2474280
:10423000A0FB0202520B21EE021AB5EE401AF1EE7B
:1042400010FA0FDD9FEDBB2AB4EE421AF1EE10FA20
:104250000CDAB6EE002A31EE021ABCEEC11A11EEEB
:1042600010BA05E04FF0000B02E000BF4FF0FF3B3B
:10427000BBF1030F98BF4FF0030BBBF1550FA2EB3F
:104280000E0028BF4FF0550B884202920ED20BEB66
:104290000A02B2FBF6F2B44619F8006002F12A04F1
:1042A000029AB442664688BF09F80040BEF1000F8A
:1042B00000F09581CEF10104A01888420CD3CEF114
:1042C000020084188C4220D370453CD187E100BFA6
:1042D0000000000000401C4684EAE472C2EBE47275
:1042E000324402FB0BA2B446B2FBF6F219F80060AE
:1042F00002F12A04029AB442664688BF09F80040D7
:10430000CEF1020084188C42DED280EAE072C2EB69
:10431000E072324402FB0BA2B146B2FBF6F24CF261
:104320006446C2F20006365D02F12A0C029AB445D8
:104330004E464CF26449C2F2000988BF09F804C035
:10434000704500F04C81CEF10304A018884209D3D7
:10435000CEF1040084188C421DD3704533D13EE168
:104360000024F44884EAE472C2EBE472324402FBB3
:104370000BA2B446B2FBF6F219F8006002F12A046F
:10438000029AB442664688BF09F80040CEF10400A4
:1043900084188C42E1D280EAE072C2EBE0723244CF
:1043A00002FB0BA2B2FBF6FC4A46B146165D0CF1CD
:1043B0002A0CB4454E469146029A88BF09F804C0BB
:1043C000704500F00C81CEF10504A018884207D397
:1043D000CEF1060084188C421BD3704531D1FEE02B
:1043E00084EAE472C2EBE472324402FB0BA2B446EC
:1043F000B2FBF6F219F8006002F12A04029AB44204
:10440000664688BF09F80040CEF1060084188C4249
:10441000E3D280EAE072C2EBE072324402FB0BA20C
:10442000B2FBF6FC4A46B146165D0CF12A0CB445C7
:104430004E469146029A88BF09F804C0704500F0C4
:10444000CE808EF00704A018884207D3CEF1080072
:1044500084188C4217D3704529D1C0E0321B02FB6F
:104460000BA2B446B2FBF6F219F8006002F12A047E
:10447000029AB442664688BF09F80040CEF10800AF
:1044800084188C42E7D2321A02FB0BA2B2FBF6FC74
:104490004A46B146165D0CF12A0CB4454E4691468B
:1044A000029A88BF09F804C0704500F09880CEF1E8
:1044B0000904A018884207D3CEF10A0084188C4260
:1044C00017D3704528D18AE0321B02FB0BA2B446F9
:1044D000B2FBF6F219F8006002F12A04029AB44223
:1044E000664688BF09F80040CEF10A0084188C4265
:1044F000E7D2321A02FB0BA2B2FBF6FC4A46B146E7
:10450000165D0CF12A0CB4454E469146029A88BFBE
:1045100009F804C0704562D0CEF10B04A01888429F
:104520000CD3CEF10C0084188C421CD370452DD1D5
:1045300055E000BFFFFF7F4F0000AA42321B02FB85
:104540000BA2B446B2FBF6F219F8006002F12A049D
:10455000029AB442664688BF09F80040CEF10C00CA
:1045600084188C42E2D2321A02FB0BA2B2FBF6FC98
:104570004A46B146165D0CF12A0CB4454E469146AA
:10458000029A88BF09F804C0704528D0CEF10D0406
:10459000A01888420FD2321B02FB0BA2B446B2FB1A
:1045A000F6F219F8006002F12A04029AB442664653
:1045B00088BF09F80040CEF10E04A01888420ED240
:1045C000321B02FB0BA2B446B2FBF6F219F80060F4
:1045D00002F12A04B442664688BF09F80040284622
:1045E0001C4610F8302C022A1AD0002C00F02E8223
:1045F00010F8202C022A15D0012C00F0278210F888
:10460000102C022A10D0022C00F020820278022AFC
:104610000BD0043C621C00F14000E2D116E200BF66
:10462000303802E0203800E0103890ED011A1FED1C
:10463000D72AB4EE421AF1EE10FAC0F207821FED4B
:10464000B82AB4EE421AF1EE10FA00F3FF81B5EE8B
:10465000401A4AF22014F1EE10FAC0F2070412DDFB
:104660001FED4C2AB4EE421AF1EE10FA0ADAB6EE59
:10467000002A31EE021ABCEEC11A11EE102AA41A59
:1046800001E000BF013490ED021A4BF6085081EEB4
:10469000001A039AC0F203001FED592A04FB02001E
:1046A0004AF2A972C0F24742A0FB0202520B21EE6D
:1046B000021AB5EE401AF1EE10FA0FDD1FED632A73
:1046C000B4EE421AF1EE10FA0CDAB6EE002A31EE30
:1046D000021ABCEEC11A11EE10BA05E04FF0000B41
:1046E00002E000BF4FF0FF3BBBF1030F98BF4FF05C
:1046F000030BBBF1550FA2EB0E0028BF4FF0550B7B
:10470000884202920ED20BEB0A02B2FBF6F2B446DA
:1047100019F8006002F12A04029AB442664688BF82
:1047200009F80040BEF1000F00F09081CEF10104C5
:10473000A018884208D3CEF1020084188C421CD302
:10474000704500F0838133E084EAE472C2EBE472E6
:10475000324402FB0BA2B446B2FBF6F219F8006039
:1047600002F12A04029AB442664688BF09F8004062
:10477000CEF1020084188C42E2D280EAE072C2EBF1
:10478000E072324402FB0BA2CDF804A0B2FBF6F2B9
:10479000B24619F8046002F12A0C029AB445564652
:1047A000DDF804A088BF09F804C0704500F04E8110
:1047B000CEF10304A018884208D3CEF10400841877
:1047C0008C421CD3704500F0418130E084EAE472F1
:1047D000C2EBE472324402FB0BA2B446B2FBF6F227
:1047E00019F8006002F12A04029AB442664688BFB2
:1047F00009F80040CEF1040084188C42E2D280EA2D
:10480000E072C2EBE072324402FB0BA2B2FBF6FC98
:104810004A46B146165D0CF12A0CB4454E46914607
:10482000029A88BF09F804C0704500F00F81CEF1EC
:104830000504A018884209D3CEF1060084188C42E2
:104840001DD3704500F0028131E000BF84EAE472BC
:10485000C2EBE472324402FB0BA2B446B2FBF6F2A6
:1048600019F8006002F12A04029AB442664688BF31
:1048700009F80040CEF1060084188C42E1D280EAAB
:10488000E072C2EBE072324402FB0BA2B2FBF6FC18
:104890004A46B146165D0CF12A0CB4454E46914687
:1048A000029A88BF09F804C0704500F0CF808EF0EE
:1048B0000704A018884209D3CEF1080084188C425E
:1048C00019D3704500F0C28029E000BF321B02FB03
:1048D0000BA2B446B2FBF6F219F8006002F12A040A
:1048E000029AB442664688BF09F80040CEF108003B
:1048F00084188C42E5D2321A02FB0BA2B2FBF6FC02
:104900004A46B146165D0CF12A0CB4454E46914616
:10491000029A88BF09F804C0704500F09780CEF174
:104920000904A018884209D3CEF10A0084188C42E9
:1049300019D3704500F08A8028E000BF321B02FBCB
:104940000BA2B446B2FBF6F219F8006002F12A0499
:10495000029AB442664688BF09F80040CEF10A00C8
:1049600084188C42E5D2321A02FB0BA2B2FBF6FC91
:104970004A46B146165D0CF12A0CB4454E469146A6
:10498000029A88BF09F804C070455FD0CEF10B04CD
:10499000A018884208D3CEF10C0084188C4218D39A
:1049A000704553D028E000BF321B02FB0BA2B44677
:1049B000B2FBF6F219F8006002F12A04029AB4423E
:1049C000664688BF09F80040CEF10C0084188C427E
:1049D000E6D2321A02FB0BA2B2FBF6FC4A46B14603
:1049E000165D0CF12A0CB4454E469146029A88BFDA
:1049F00009F804C0704529D0CEF10D04A0188842F2
:104A00000FD2321B02FB0BA2B446B2FBF6F219F82E
:104A1000006002F12A04029AB442664688BF09F88F
:104A20000040CEF10E04A01888420FD2321B02FBC8
:104A30000BA2B446B2FBF6F219F8006002F12A04A8
:104A4000B442664688BF09F8004000BF15F8300C34
:104A500003281BD0002B3FF48AAB15F8200C032849
:104A600016D0012B3FF483AB15F8100C032811D09E
:104A7000022B3FF47CAB287803280CD0043B581C55
:104A800005F14005E2D1FFF772BB00BF303D02E007
:104A9000203D00E0103D95ED011A9FED432AB4EE54
:104AA000421AF1EE10FAFFF662AB9FED402AB4EE27
:104AB000421AF1EE10FA3FF75AABB5EE401A4AF23D
:104AC0002010F1EE10FAC0F2070012DD9FEDE52A8A
:104AD000B4EE421AF1EE10FA0ADAB6EE002A31EE1E
:104AE000021ABCEEC11A11EE102A801A01E000BFB2
:104AF000013095ED021A4BF6085281EE000A039B35
:104B0000C0F203029FEDD81A00FB03204AF2A972FB
:104B1000C0F24742A0FB02024FEA523C20EE010ADB
:104B2000B5EE400AF1EE10FA10DD9FEDCE1AB4EEAC
:104B3000410AF1EE10FA0BDAB6EE001A30EE010A75
:104B4000BCEEC00A10EE103A04E000BF002301E002
:104B50004FF0FF33032B98BF0323552BACEB0E050F
:104B600028BF55238D420BD203EB0A00B0FBF6F0B1
:104B700019F8052000F12A04944288BF09F805407D
:104B8000BEF1000F3FF4F3AACEF1010404EB0C05D3
:104B90008D420DD3CEF1020505EB0C048C421ED3E1
:104BA00075453FF4E4AA2DE000401C460024F4487B
:104BB00084EAE470C0EBE470304400FB03A019F811
:104BC0000520B0FBF6F000F12A04944288BF09F8F2
:104BD0000540CEF1020505EB0C048C42E0D285EADB
:104BE000E570C0EBE570304400FB03A019F8042029
:104BF000B0FBF6F02A30904288BF09F804007545F2
:104C00003FF4B5AACEF1030404EB0C058D4209D3A1
:104C1000CEF1040505EB0C048C4219D375453FF425
:104C2000A6AA28E084EAE470C0EBE470304400FBFC
:104C300003A019F80520B0FBF6F02A30904288BF97
:104C400009F80500CEF1040505EB0C048C42E5D211
:104C500085EAE570C0EBE570304400FB03A019F86D
:104C60000420B0FBF6F02A30904288BF09F8040017
:104C700075453FF47CAACEF1050404EB0C058D428A
:104C80000AD3CEF1060505EB0C048C421AD3754508
:104C90003FF46DAA29E000BF84EAE470C0EBE47041
:104CA000304400FB03A019F80520B0FBF6F02A30D1
:104CB000904288BF09F80500CEF1060505EB0C040B
:104CC0008C42E4D285EAE570C0EBE570304400FB2D
:104CD00003A019F80420B0FBF6F02A30904288BFF8
:104CE00009F8040075453FF442AA8EF0070404EB6E
:104CF0000C058D420AD3CEF1080505EB0C048C425D
:104D000016D375453FF433AA21E000BF301B00FBEA
:104D100003A019F80520B0FBF6F02A30904288BFB6
:104D200009F80500CEF1080505EB0C048C42E8D229
:104D3000701B00FB03A019F80420B0FBF6F02A302A
:104D4000904288BF09F8040075453FF410AACEF1DF
:104D5000090404EB0C058D420AD3CEF10A0505EBDC
:104D60000C048C4216D375453FF401AA21E000BF24
:104D7000301B00FB03A019F80520B0FBF6F02A3029
:104D8000904288BF09F80500CEF10A0505EB0C0436
:104D90008C42E8D2701B00FB03A019F80420B0FB82
:104DA000F6F02A30904288BF09F8040075453FF4B8
:104DB000DEA9CEF10B0404EB0C058D420AD3CEF133
:104DC0000C0505EB0C048C4216D375453FF4CFA9B6
:104DD00021E000BF301B00FB03A019F80520B0FB49
:104DE000F6F02A30904288BF09F80500CEF10C0594
:104DF00005EB0C048C42E8D2701B00FB03A019F8F1
:104E00000420B0FBF6F02A30904288BF09F8040075
:104E100075453FF4ACA9CEF10D0404EB0C058D42B1
:104E20000BD2301B00FB03A019F80520B0FBF6F0F5
:104E30002A30904288BF09F80500CEF10E0202EB3D
:104E40000C008842BFF493A9B11A01FB03A119F821
:104E50000020B1FBF6F12A31914288BF09F8001019
:104E6000FFF785B9FFFF7F4F0000AA422DE9F04F01
:104E700089B04CF6644440F28406C2F20004C2F2E7
:104E800000062078B1890028ADF8221000F00482D5
:104E90006088B0F5807F40F0FF81B4F90C00B4F970
:104EA0000E50079031B1B1F5806F11D94FF4806188
:104EB000D0E100BFFAA00DF1220104F0A7FC002808
:104EC00000F0C681BDF82210B181B1F5806FEDD838
:104ED000002900F0CF810798A5EB000BBBF1010F73
:104EE000C0F2C181B4F8029045F256564B1EA9F1AA
:104EF000010E01F003058F084FF0000AC5F2555668
:104F000000F0FA80009509EB4905E81E0490484638
:104F10006FF0030909EB800105900391AAEB87016B
:104F20006FF00107DDF814C007EB400004F1100832
:104F300002910190CDF818B0BAFBF3F7012007FBFE
:104F400013A1BAB210FA87F038F91220604538BFC1
:104F50000746B8B25C1A38F91000624301FB002022
:104F6000079990FBF3F00124401AC0EBC0104000F9
:104F700090FBFBF0EA2250FB06F000EBD07B6FF0D9
:104F800013001BF1140FD8BF83460EEB0A00B0FBD1
:104F9000F3F1BBF1EA0F8FB214FA81F401FB1300B5
:104FA000A8BF934638F91770644538BF214689B2C7
:104FB0001A1A38F911107A4300FB0120079990FB67
:104FC000F3F0EA25401AC0EBC0100699400090FBB0
:104FD000F1F050FB06F000EBD0776FF0130017F103
:104FE000140FD8BF07460198EA2F5044B0FBF3F1E5
:104FF000A8BF2F46354601268CB216FA81F601FB72
:10500000130038F91440664538BF314689B21A1A80
:1050100038F91110624300FB0120079990FBF3F06F
:105020002E46401AC0EBC0100699400090FBF1F0EC
:10503000012450FB05F0754600EBD07E6FF01300A5
:105040001EF1140FD8BF86460498BEF1EA0F5044F3
:10505000B0FBF3F14FF0EA0214FA81F4A8BF9646D0
:1050600001FB13008AB2644538BF214638F912208B
:1050700089B21C1A38F91110624300FB01204CF66A
:105080006402C2F200020BF114014A44117107F1EB
:10509000140190FBF3F0079FDDF818B0C01BC0EBC4
:1050A000C010400090FBFBF0517150FB06F00EF178
:1050B000140100EBD070917110F1140F6FF0130117
:1050C000D8BF0846EA284FF0EA01A8BF08461430C6
:1050D000D071029809F10409484404300398AE469F
:1050E00082447FF429AF09F1040ADDF814904CF6EC
:1050F0006444009DC2F20004002D00F0BB800EFB52
:105100000AF0B0FBF3F2012111FA82F102FB130065
:1051100097B2494538BF0A4604F1100C3CF91740D4
:1051200092B2191A3CF912204C4300FB0240079935
:1051300090FBF3F06FF01308401AC0EBC010400072
:1051400090FBFBF0EA2750FB06F000EBD07010F16B
:10515000140FD8BF4046EA28A8BF38464CF6640270
:105160001430012DC2F2000202F80A0000F0828021
:105170000AF1010005900EFB00F0B0FBF3F22946A6
:105180007546B646012616FA82F602FB130094B263
:105190004E4538BF32463CF9144092B21E1A3CF9D3
:1051A0001220664300FB0260079A90FBF3F0801A1E
:1051B000C0EBC010400090FBFBF04CF6640250FBCB
:1051C0000EF000EBD07010F1140FC8BF8046B8F19C
:1051D000EA0FB8BF47460229059907F11400C2F249
:1051E0000002505446D00AF1020705FB07F0B0FB5D
:1051F000F3F2012515FA82F594B202FB13004D4536
:105200003CF9144038BF2A4692B21E1A3CF91210DB
:1052100006FB04F200FB0120079990FBF3F0401A13
:10522000C0EBC010400090FBFBF04CF6640150FB5B
:105230000EF000EBD07010F1140FD8BF6FF0130018
:10524000EA28A8BFEA201430C2F20001C85511E0D4
:105250004FF40071ADF822100798A5EB000BBBF1DD
:10526000010FBFF63FAE4CF66400C2F200001422FC
:10527000FBF751FA41F6B864C0F60104204600215C
:1052800006F05AFCBDF822304CF66402C2F200026D
:105290002046002106F0F8FC09B0BDE8F08F00BF01
:1052A0007330000070B5866D044600F03FF994F845
:1052B0003510022928D105462068216C026822F0A9
:1052C00016020260426922F08002426109B9A16CB3
:1052D00019B1016821F008010160016821F00101A4
:1052E000016000BF20680068C00715D000F01EF9FB
:1052F000401B0628F6D320206065032084F8350083
:10530000002184F8341070BD8020606501200021E8
:1053100084F8341070BD00BFE06D3F2101FA00F049
:10532000B060012084F835000020002184F834109A
:1053300070BD000090F83510022909D1052180F8D0
:1053400035100068016821F00101016000207047FC
:105350008021416501207047B0B5044600F0E6F8B1
:10536000054640F20000C2F200000078611C18BF40
:10537000044400BF00F0DAF8401BA042FAD3B0BDED
:105380002DE9F04F83B000F1200200F13E4741F6D5
:105390000045009207F1FF77C4F2020508224FEAA8
:1053A000B726A84208BF072200254FF000084FF09B
:1053B0000009072E38BF4FEAB72201920AE000BF6A
:1053C00009F1010908F10208B9F1100F05F104050E
:1053D00000F0A2800F68012202FA09FE17EA0E0A05
:1053E000EED0D1F804C003220CF003077E1E02FAAF
:1053F00008F4012E6FEA040B12D88468CE6804EA20
:105400000B0406FA08F634438460446824EA0E0666
:10541000CCF3001404FA09F42643466004E000BF0C
:10542000032F01D103271EE0C6688C6806EA0B062D
:1054300004FA08F42643022FC66014D16FF0030269
:10544000009E02EA590756F807C005F01C040F2217
:105450000B69A2402CEA0202A3401A43F251D1F890
:1054600004C00CF00307026807FA08F302EA0B0213
:105470001A431CF4403F0260A2D0002243F64403CA
:105480000292C4F202031A6843F6004442F48042D6
:105490001A601A68C4F2010402F480420292029A6D
:1054A00029F003024FF6084C2244CFF6FF7C52F855
:1054B0000C3005F00C070F26BE40B343019E06FAE0
:1054C00007F73B4342F80C30A2684B6842EA0A07F0
:1054D00043F60C4CDE0258BF22EA0A07A760C4F26A
:1054E000010CDCF800209E0242EA0A0758BF22EABB
:1054F0000A07CCF8007062689E0342EA0A0758BFA8
:1055000022EA0A0767602268DB0342EA0A0758BFFB
:1055100022EA0A07276053E703B0BDE8F08F0000D6
:10552000002A08BF09048161704700004CF6D4606E
:10553000C2F200000068704740F200004CF6D461EF
:10554000C2F20000C2F2000100780A68104408604C
:105550007047000080B543F60040C4F202000168C5
:1055600041F400710160016841F4806101600168EB
:1055700041F480710160032000F086F80F2000F0F4
:1055800005F800F027F8002080BD000070B540F25B
:105590000006C2F2000640F208013278C2F20001B1
:1055A0004FF47A730968B3FBF2F20446B1FBF2F1EF
:1055B000084600F083FE0F2C4FF0010508D838B9DB
:1055C0004FF0FF3021460022002500F031F87460D2
:1055D000284670BD82B0002043F640010190C4F21D
:1055E00002014A6842F480424A604A6802F48042FA
:1055F0000192019A0090086840F0805008600868A5
:1056000000F080500090009802B07047002848BF1A
:10561000704700F01F01012202FA01F11C2202EA88
:10562000D0004EF20012CEF200028150704700000E
:1056300010B54EF60C5CCEF2000CDCF80030C3F373
:10564000022E8EF00704042C28BF0424BEF10303AD
:105650004FF0FF3E0EFA04F438BF0023A1439940F7
:105660000EFA03F39A43114300F00F0200F1604376
:105670000901043A03F564436244002848BF02F17B
:105680000C03197010BD00004EF60C51CEF2000153
:105690000A684FF6FF031A4060F30A2242F0806066
:1056A00040F0FD7008607047002804BF012070477B
:1056B0002DE9F04143F60808C4F202080446D8F880
:1056C000F8030D4600F00700814207D988F8F85327
:1056D000D8F8F80300F00700A84277D120688107C6
:1056E00017D5410705D5D8F8001041F4E051C8F8A6
:1056F0000010010705D5D8F8001041F46041C8F842
:105700000010D8F80010A26821F0F0011143C8F889
:105710000010C00740D1D8F8F80300F00700854218
:1057200007D288F8F853D8F8F80300F00700A84229
:105730004CD12068410707D5D8F80010E26821F461
:10574000E0511143C8F80010000708D5D8F8000050
:10575000216920F4604040EAC100C8F8000000F070
:105760007DF8D8F800104CF63802C1F30311C0F6EA
:105770000002515C40F2080220FA01F140F20400FC
:10578000C2F200000068C2F200021160FFF7FEFEE4
:105790000020BDE8F08100BF6068811E022907D2A9
:1057A00058F8081C89015CBF0120BDE8F08111E0B8
:1057B000012807D158F8081C89035CBF0120BDE807
:1057C000F08107E058F8081C890703D40120BDE8E0
:1057D000F08100BFD8F8001021F003010843C8F899
:1057E0000000FFF7A3FE064641F28837D8F8000014
:1057F000616800F00C00B0EB810F8CD0FFF796FED3
:10580000801BB842F2D90320BDE8F08140F20800C5
:1058100043F60801C2F20000C4F202010068096800
:105820004CF64802C1F38221C0F60002515CC84028
:105830007047000040F2080043F60801C2F2000081
:10584000C4F20201006809684CF64802C1F3423113
:10585000C0F60002515CC8407047000010B543F626
:105860000404C4F202046168C1F3810142F2004001
:10587000C0F2F400DFE801F002040A0210BD00BF2C
:1058800047F64000C0F27D1010BD00BF20682168BF
:105890002368490247F64001C0F27D1100F03F0243
:1058A000C3F388105CBF42F20041C0F2F401A1FBD7
:1058B00000010023FAF7FCFC21680222C1F3014138
:1058C00002EB4101B0FBF1F010BD0000002804BF65
:1058D000012070472DE9F04182B00446007843F67C
:1058E0000006C007C4F202060CD0B06800F00C003D
:1058F000042840F081803068800303D56068002868
:1059000000F06881207880071BD5B06810F00C0F7C
:1059100009D0B06800F00C00082840F0878070685B
:10592000400200F183803068800703D5E0680128D9
:1059300040F050813068216920F0F80040EAC10051
:1059400030602078000713D4207840072AD4A56956
:10595000002D00F03A81B06800F00C00082840F0FB
:10596000A580012D40F00E81012002B0BDE8F0813C
:105970006069002800F082800020C4F247200121E5
:10598000C0F8801EFFF7D2FD054600BF706F80078C
:10599000DAD4FFF7CBFD401B0228F7D9032002B071
:1059A000BDE8F081306C5FEAC0080AD400200190A5
:1059B000306C40F080503064306C00F080500190CA
:1059C000019847F20007C4F200073868C00547D4C1
:1059D000386840F480703860FFF7A8FD054600BFC6
:1059E0003868C0053CD4FFF7A1FD401B0228F7D959
:1059F000032002B0BDE8F081B06800F00C00082878
:105A000003D1706840023FF576AF61683068B1F548
:105A1000803F07D0B1F5A02F40F09A8040F480205D
:105A20003060306840F4803030609AE0E0680028F0
:105A300040F20000C4F247205CD001210160FFF772
:105A400075FD0546306880073FF574AFFFF76EFDC2
:105A5000401B0228F6D9032002B0BDE8F08100BF48
:105A6000A168306F012905D0052955D140F0040007
:105A70003067306F40F00100306756E00020C4F21C
:105A800047200021C0F8801EFFF750FD054600BFEB
:105A9000706F80077FF558AFFFF748FD401B022865
:105AA000F6D9032002B0BDE8F08100BF0027C4F2A0
:105AB000472700203866FFF739FD022D05460DD136
:105AC0003068800140F18A80FFF730FD401B0228DA
:105AD0004FF00300F4D902B0BDE8F08130688001D6
:105AE00073D5FFF723FD401B02284FF00300F5D9C3
:105AF000F1E700BF00210160FFF718FD054600BF78
:105B0000306880077FF51DAFFFF710FD401B0228AE
:105B10004FF00300F4D9DEE720F001003067306F6A
:105B2000002920F0040030677AD0FFF7FFFC05461B
:105B300041F28837306F800700F18480FFF7F6FC70
:105B4000401BB842F6D9032002B0BDE8F08100BF87
:105B500020F4803030603068002920F480203060EC
:105B60007AD0FFF7E3FC0546306880033FF5CAAE04
:105B7000FFF7DCFC401B6428F6D9032002B0BDE827
:105B8000F08100BF7068E16900F480028A4221D18F
:105B9000216A00F03F028A421CD147F6C071626A56
:105BA0000140B1EB821F15D1A16A4FF6FF73C90303
:105BB000994300F44032A1F580318A420AD1E16A6A
:105BC00000F07060B0EB016F04D1002002B0BDE8BE
:105BD000F08100BF012002B0BDE8F08104F11C0596
:105BE0002FCD084340EA8210D9034FF6FF7291434C
:105BF000A1F5803140EA05600843706001203866F5
:105C0000FFF794FC044600BF30688001DDD4FFF745
:105C10008DFC001B02284FF00300F5D95BE700BFA5
:105C2000FFF784FC054641F2883700BF306F8007DC
:105C300008D5FFF77BFC401BB8424FF00300F5D9B5
:105C400049E700BFB8F1000F3FF581AE306C20F09E
:105C5000805030647BE600BFFFF768FC054600BF5C
:105C6000306880037FF54EAEFFF760FC401B642870
:105C70004FF00300F4D92EE710B584B040F20801CC
:105C8000C2F20001096841F6F112C0F27652A1FB9E
:105C90000212510A6422514302910299044603916F
:105CA0000168486820F0200048604868000607D472
:105CB0004868400637D44868800768D49CE000BF35
:105CC00046F67150C0F600006064039810B3039864
:105CD0000138039094F8510007281FD00398C8B1E9
:105CE00003980138039094F85100072816D00398C0
:105CF00080B103980138039094F8510007280DD023
:105D0000039838B103980138039094F8510007289C
:105D1000DBD103E0606D40F04000606502980390C5
:105D200048684006C7D546F6DD40C0F6000020644E
:105D3000039818B303980138039094F8510007288A
:105D400020D00398D0B103980138039094F8510003
:105D5000072817D0039888B103980138039094F866
:105D6000510007280ED0039840B1039801380390E2
:105D700094F851000728DBD104E000BF606D40F0CB
:105D800040006065029803904868800734D5A06C95
:105D900090B300210165FFF785FA00281CBF402061
:105DA00060652168486820F0020048600398F8B1F7
:105DB000039801380390886880071DD40398B8B110
:105DC0000398013803908868800715D4039878B148
:105DD000039801380390886880070DD4039838B180
:105DE00003980138039088688007DFD504E000BF7E
:105DF000606D40F0400060654868C00712D0E06CFC
:105E000080B100210165FFF74DFA00281CBF40203A
:105E100060652168086820F040000860486820F04C
:105E2000010048600023E387E386606D4FF0010CBA
:105E300040284FF001001CBF636500200193CA6831
:105E400001928A680192019A0193896801910199EE
:105E500084F851C004B010BD70B528B1416A29B1B1
:105E600000210161142106E0012070BD4168B1F5F7
:105E7000827F02D01C21002242500026866290F8C8
:105E8000511029B980F85060054600F03DF82846C9
:105E9000022180F8511090E82E0002F482720C6802
:105EA00003F4044324F040040C601A4405F4006336
:105EB00005691A4405F0020345691A4405F0010317
:105EC0008569C4691A4405F400731A4404F0380360
:105ED000046A1A4404F08003846A1A4304F40053E9
:105EE0001A430A60436A042202EA154203F01003CF
:105EF0001A444A60CA6922F40062CA6101214665F7
:105F000080F85110304670BD80B586B043F2000174
:105F10000068C4F20101002288420592CDE9032203
:105F20000292019202D006B080BD00BF43F630005D
:105F30000092C4F20200436943F480534361436911
:105F400003F480530093009B0092036843F0010325
:105F50000360006800F0010000900098E0200190CC
:105F60000220CDE90202032004900520059001F5EE
:105F7000504001A9FFF704FA06B080BD2DE9F043B7
:105F800083B01E4615460F460446FFF7CFFA94F835
:105F900051108146012909D1002F4FF0010018BF8F
:105FA000002D0FD103B0BDE8F08300BF6068B0F5ED
:105FB000827F0DD104294FF00200F3D1A16800299E
:105FC000EAD0EFE7002EEDD094F85000012803D17D
:105FD000022003B0BDE8F083012084F8500094F85B
:105FE0005100002104281CBF052084F85100616580
:105FF000A563E687A6872763E6862068A6862164D0
:1060000061640168490603D4016841F04001016000
:106010006168731EE268B1FA81F1B3FA83F3DDF8C7
:10602000288049095B09B2F5006F41EA030165D197
:1060300031B137F8021BC1602763E08E0138E0867A
:10604000012518F1010032D102E000BFFFF76EFA1E
:10605000E08E18B9E08F002800F0B88020688168D1
:1060600089070CD5E18E51B1012D08D1216B002596
:1060700031F8022BC2602163E18E0139E18681682B
:10608000C907E3D0E18F0029E0D0C068A16B0125EA
:1060900021F8020BA163E08F0138E087D6E700BF4B
:1060A000FFF744FAA0EB0900404580F0A580E08EA0
:1060B00018B9E08F002800F089802068816889077E
:1060C0000CD5E18E51B1012D08D1216B002531F89D
:1060D000022BC2602163E18E0139E1868168C90724
:1060E000DED0E18F0029DBD0C068A16B012521F84B
:1060F000020BA163E08F0138E087D1E739B139782D
:106100000173206B01302063E08E0138E0860125A9
:1061100018F1010032D101E0FFF708FAE08E10B962
:10612000E08F002852D02068816889070ED5E18E63
:1061300061B1012D0AD1216B002509780173216B12
:10614000206801312163E18E0139E1868168C90748
:10615000E2D0E18F0029DFD0C068A16B0125087073
:10616000A06B0130A063E08F0138E087D4E700BF67
:10617000FFF7DCF9A0EB090040453DD2E08E08B9FD
:10618000E08F18B32068816889070ED5E18E61B170
:10619000012D0AD1216B002509780173216B20683C
:1061A00001312163E18E0139E1868168C907DFD0C1
:1061B000E18F0029DCD0C068A16B01250870A06BBD
:1061C0000130A063E08F0138E087D1E7204602214B
:1061D00001224346CDF8009000F0D8FDB0B1606DCB
:1061E00040F02000606520206065002084F85000A9
:1061F000012003B0BDE8F083012084F851000020A5
:1062000084F85000032003B0BDE8F08340F208009A
:10621000C2F20000006849F68171C1F25E61A0FB24
:106220000101480D4FF47A71484302906068B0F55F
:10623000827F0BD12046802100224346CDF800907A
:1062400000F0A4FD0028CAD121E000BF0298F0B1FF
:1062500002980138029020688168090617D50299D2
:10626000A9B1029901390291816809060FD50299F5
:1062700069B10299013902918168090607D502992D
:1062800029B102990139029180680006DED4A06824
:1062900038B9002001902068C168019180680190A0
:1062A0000198012084F85100002084F85000606DAE
:1062B000002818BF012003B0BDE8F083411E002074
:1062C000B0EB116F1CBF012070474EF21002CEF2EE
:1062D000000251604EF62351CEF20001F0230B7004
:1062E00007219060116070477047000040F28C11E8
:1062F000C2F20001884218BF704710B540F2700426
:10630000C2F20004A068A11C0130A06040F28C1011
:10631000C2F20000012200F045FB10B1A06801307C
:10632000A060BDE810407047B0B582B001680A684F
:10633000CC684B6902F02F05202D04F0200505D113
:1063400025B102B0BDE8B04003F072BE5FEA027C46
:106350001EBF03F0010E04F4907313EB0E0341D142
:10636000036BD50618D5012B16D114F0100313D0EA
:10637000002201920A6801924A680192019A4969D1
:1063800049064BD4818DC28DC38D002B18BF91421D
:1063900040F0068202B0B0BD13062DD514F0800384
:1063A0002AD090F84120212AF4D18268B2F5805F8A
:1063B00003D10269002A00F07982026A531C036249
:1063C00012784A60C28C013A1304C284E2D1C868D0
:1063D00020F08000C860C86840F04000C86002B08B
:1063E000B0BD00BFD30718BF14F4807340F0E28043
:1063F000530700F1E580EAE05206CBD514F04002E5
:10640000C8D0CA6822F04002CA60202180F841103A
:1064100002B0BDE8B04000F0E7BB00BFC26B11683E
:106420004B68858D99B2002900F0B480A94280F0B4
:10643000B180C385D169B1F5807F00F0A08001688B
:1064400051E8031F026821F4807142E80313DBB1B5
:10645000016851E8031F026821F4807142E80313C8
:1064600093B1016851E8031F026821F4807142E88A
:1064700003134BB1016851E8031F026821F48071D6
:1064800042E80313002BDAD1016851E8051F0268C6
:1064900021F0010142E80513BBB3016851E8051F73
:1064A000026821F0010142E8051373B3016851E865
:1064B000051F026821F0010142E805132BB30168B2
:1064C00051E8051F026821F0010142E80513002B85
:1064D000DAD11AE0016851E8051F026821F0400195
:1064E00042E80513DBB1016851E8051F026821F09D
:1064F000400142E8051393B1016851E8051F0268A5
:1065000021F0400142E805134BB1016851E8051F35
:10651000026821F0400142E80513002BDAD1202166
:1065200080F8421000210163016851E8031F0268EE
:1065300021F0100142E80313DBB1016851E8031FA9
:10654000026821F0100142E8031393B1016851E899
:10655000031F026821F0100142E803134BB10168E8
:1065600051E8031F026821F0100142E80313002BD9
:10657000DAD1C16B04460846FEF794FE204602219C
:106580004163818DC28D891A89B202B0BDE8B040E5
:10659000FFF7AABE8D427FF4FDAED269B2F5807FCF
:1065A0007FF4F8AE0222426302B0BDE8B040FFF7CC
:1065B0009BBE00BF436C43F001034364530706D501
:1065C000BEF1000F03D0436C43F002034364930712
:1065D00006D5BEF1000F03D0436C43F004034364BF
:1065E000BCF1000F06D55EEA050303D0436C43F00F
:1065F00008034364436C002B3FF4CCAE920605D5F0
:1066000025B1044603F014FD216820464969426C17
:1066100001F0400102F00802891800F0B98000BFC3
:10662000016851E8031F026821F4907142E80313E6
:10663000BBB3016851E8031F026821F4907142E87E
:10664000031373B3016851E8031F026821F49071CA
:1066500042E803132BB3016851E8031F026821F4D9
:10666000907142E80313002BDAD11AE0016851E877
:10667000051F026821F0010142E80513DBB1016842
:1066800051E8051F026821F0010142E8051393B1AA
:10669000016851E8051F026821F0010142E8051375
:1066A0004BB1016851E8051F026821F0010142E881
:1066B0000513002BDAD1016B012924D1016851E8BF
:1066C000031F026821F0100142E80313DBB10168E7
:1066D00051E8031F026821F0100142E8031393B14F
:1066E000016851E8031F026821F0100142E803131A
:1066F0004BB1016851E8031F026821F0100142E824
:106700000313002BDAD1202180F84210002101630D
:1067100001684969490640F1C380016851E8051FD5
:10672000026821F0400142E80513DBB1016851E83D
:10673000051F026821F0400142E8051393B101688A
:1067400051E8051F026821F0400142E805134BB1F2
:10675000016851E8051F026821F0400142E8051375
:10676000002BDAD1C16B002900F09A804AF2250291
:10677000C0F60002044608460A65FEF7DBFD002865
:106780003FF408AEE06B016D02B0BDE8B0400847D1
:106790000446FFF7ABFD0020606402B0B0BD00BF4F
:1067A000891A00BF026852E8032F036822F490722E
:1067B00043E80325BDB3026852E8032F036822F4BF
:1067C000907243E8032575B3026852E8032F03680B
:1067D00022F4907243E803252DB3026852E8032F98
:1067E000036822F4907243E80325002DDAD11AE001
:1067F000026852E8052F036822F0010243E80525EC
:10680000DDB1026852E8052F036822F0010243E877
:10681000052595B1026852E8052F036822F00102B0
:1068200043E805254DB1026852E8052F036822F0C0
:10683000010243E80525002DDAD1202280F842200C
:1068400000220263026852E8032F036822F010025C
:1068500043E80325DDB1026852E8032F036822F004
:10686000100243E8032595B1026852E8032F03683C
:1068700022F0100243E803254DB1026852E8032FCD
:10688000036822F0100243E80325002DDAD102222A
:1068900089B2426302B0BDE8B040FFF725BD00BF3A
:1068A00002B0BDE8B040FFF721BD00BF026A32F878
:1068B000023B6FF35F234B60026283E5002804BF55
:1068C0000120704710B5044690F8410028B9002017
:1068D00084F84000204600F021F8242084F841008C
:1068E0002068C16821F40051C160204603F020FCFB
:1068F0002068016921F490410161416921F02A0178
:106900004161C16841F40051C160002020216064F0
:1069100084F8411084F84210606310BD80B586B0E1
:1069200041F200010068C4F2010100228842059290
:10693000CDE903220292019202D006B080BD00BFD1
:1069400043F630000092C4F20200436943F01003A2
:106950004361436903F010030093009B00920368B6
:1069600043F001030360006800F00100009000980C
:106970004FF4C06001900220CDE902020320049090
:106980000720059001F5704001A9FEF7F9FC2520CC
:1069900005210022FEF74CFE2520FEF737FE06B04B
:1069A00080BD000090F84230202B07D100294FF025
:1069B000010318BF002A05D1184670470223184664
:1069C000704700BF00230363816222218285C28554
:1069D000436480F842100169006819B1C16841F44C
:1069E0008071C160416941F001014161C16841F0BC
:1069F0002001C1601846704740F28C11C2F20001BC
:106A0000884218BF704710B540F27004C2F200040B
:106A100060680130606020786178013000F0070024
:106A2000884203D1A0680130A06004E02178A278F8
:106A300021440A73207040F28C10A11CC2F20000A5
:106A40000122FFF7AFFF10B1A0680130A060BDE8E0
:106A5000104070472DE9F04381B0044690F84100A2
:106A6000202809D100294FF0010018BF002A07D1C2
:106A700001B0BDE8F08300BF022001B0BDE8F083A3
:106A80000020606421201D460E4684F84100174610
:106A9000FEF74CFDA784E784A1688146B1F5805FCD
:106AA00002D1206900285DD037460020E28C2168A1
:106AB000002A5DD06A1C24D0002D4AD0804600BF39
:106AC0000868000608D4FEF731FDA0EB0900A842D3
:106AD0007AD82168C868F3E717B117F8010B04E00A
:106AE00038F8020B00276FF35F204860E08C013814
:106AF000E084E08C0028E3D13AE000BF0A68120687
:106B000009D40A68120606D40A6812065CBF0A682D
:106B10005FEA0262F2D51FB117F8012B05E000BF52
:106B200030F8022B00276FF35F224A60E28C013AB3
:106B3000E284E28C002AE4D11AE000BF30F8022B94
:106B400000276FF35F224A60E28C013AE284E28C14
:106B500072B10A68120635D5002FEFD017F8012B55
:106B6000F1E700BF00273046E28C2168002AA1D15E
:106B7000086840061ED42DB3681C14D1086840066E
:106B80002AD40868400627D40868400624D4086838
:106B900040064FF00000F1D50DE000BF2068C1684D
:106BA0000068400618D4FEF7C1FCA0EB0900A8421B
:106BB000F4D909E00020202184F8411001B0BDE89B
:106BC000F08300BFFEF7B2FC0320202184F84110BF
:106BD00001B0BDE8F08300BF0020202184F84110FF
:106BE00001B0BDE8F083000070470000FEE7000040
:106BF000F0B587B0002543F630000695CDE9045581
:106C0000CDE902550195C4F202000168002441F06B
:106C1000010101600068C4F2020400F0010001906B
:106C2000019820461021012210260127FEF778FC4A
:106C30000320059002A92046CDE902670495FEF7DE
:106C40009FFB07B0F0BD000010B540F2341043F2D6
:106C50000001C2F20000C4F201014FF4827200236D
:106C60004FF4006C4FF4007E282480E80E100A21B7
:106C7000C0E90433C0E906E4C0E90833C0E90A31D9
:106C8000FFF7EAF8002808BF10BDBDE81040F9F78B
:106C900051BE000080B540F28C1041F20001C2F2FA
:106CA0000000C4F2010100234FF00C0C4FF4E1325C
:106CB00080E80E00C0E90333C0E905C3C361FFF7F4
:106CC000FDFD002808BF80BDBDE88040F9F732BE59
:106CD000FEE70000FEE700007047000082B00021E0
:106CE000019140F20801C2F20001096841F6F11277
:106CF000C0F27652A1FB0212510A64225143009164
:106D00000099F9B100990139009101688A689207E8
:106D10001DD4009AB2B1009A013A00928A68920793
:106D200015D4009A72B1009A013A00928A689207CB
:106D30000DD4009A32B1009A013A00928A68920703
:106D4000DED504E00168426D42F0400242650A6807
:106D500022F040020A604A6822F0E0024A60C968F4
:106D600001910199072180F8511002B0704700008D
:106D700001684A6822F080024A600A6822F04002F4
:106D80000A60072180F85110704700002DE9F04398
:106D900081B0089C984615460E468146FEF7C6FB14
:106DA000201A00EB0804FEF7C1FB40F20801C2F212
:106DB00000010968C1F3CB3161430091D9F800109B
:106DC0008A683240921BB2FA82F25209954203D18C
:106DD000002001B0BDE8F083074618F101000ED194
:106DE00030E000BF009801380090D9F800008068BA
:106DF0003040801BB0FA80F040098542E8D0FEF7B1
:106E000095FBC01BA04227D200980028EAD100249D
:106E1000EBE700BF88683040801BB0FA80F0400983
:106E20008542D5D088683040801BB0FA80F0400998
:106E30008542CDD088683040801BB0FA80F0400990
:106E40008542C5D088683040801BB0FA80F0400988
:106E50008542DFD1BCE700BFD9E900014268B1F546
:106E6000827F22F0E00242600BD1D9F80810B1F520
:106E7000004F02D0B1F5806F03D1016821F04001CD
:106E80000160D9F82810B1F5005F07D1016821F43D
:106E900000510160016841F400510160012089F84E
:106EA0005100002089F85000032001B0BDE8F083B4
:106EB000704700002DE9F04F81B02DED108BADF53E
:106EC0001C7D824600284FF0000002F053810D46E1
:106ED000002902F04F8140F2BC08C2F2000888F895
:106EE000000028464821F9F71EFC1AA8C021F9F72E
:106EF0001AFC98F802004AF2D8190028C2F20009D8
:106F000040F0F9809FED068A9FED069A9FED06BA44
:106F100000276FF00706BEEE00AAB6EE00CA07E033
:106F2000DB0FC94000F07F4500FEFF460000000077
:106F3000B8B200EE100AB8EE400A20EE080A80EE61
:106F4000090A05F063F8781C80B201EE100AB8EE69
:106F5000411A21EE081A81EE091A20EE0A0A30EED3
:106F60000C0A20EE0B0A30EE0C0ABDEEC00A10EE41
:106F7000100A09EB06042081B0EE410A05F046F83C
:106F8000B81C80B201EE100AB8EE411A21EE081AC0
:106F900081EE091A20EE0A0A30EE0C0A20EE0B0AE6
:106FA00030EE0C0ABDEEC00A10EE100A09EB4701E4
:106FB0004880B0EE410A05F029F8F81C80B201EED5
:106FC000100AB8EE411A21EE081A81EE091A20EED5
:106FD0000A0A30EE0C0A20EE0B0A30EE0C0ABDEE67
:106FE000C00A10EE100AA081B0EE410A05F00EF8BA
:106FF000381D80B201EE100AB8EE411A21EE081ACF
:1070000081EE091A20EE0A0A30EE0C0A20EE0B0A75
:1070100030EE0C0ABDEEC00A10EE100AE081B0EEB0
:10702000410A04F0F3FF781D80B201EE100AB8EEB9
:10703000411A21EE081A81EE091A20EE0A0A30EEF2
:107040000C0A20EE0B0A30EE0C0ABDEEC00A10EE60
:10705000100A2082B0EE410A04F0D8FFB81D80B2B9
:1070600001EE100AB8EE411A21EE081A81EE091A53
:1070700020EE0A0A30EE0C0A20EE0B0A30EE0C0A63
:10708000BDEEC00A10EE100A6082B0EE410A04F0B4
:10709000BDFFF81D80B201EE100AB8EE411A21EED4
:1070A000081A81EE091A20EE0A0A30EE0C0A20EEC8
:1070B0000B0A30EE0C0ABDEEC00A10EE100AA082D8
:1070C000B0EE410A04F0A2FF20EE0A0A30EE0C0AEC
:1070D00020EE0B0A30EE0C0ABDEEC00A083710EEA7
:1070E000100AB7F5805F06F11006E0827FF420AF4A
:1070F000012088F8020098F8010058B908F104004E
:107100004FF4805104F0B8FC002842F03280012096
:1071100088F801001FED7B0A0AF12000002110957C
:107120003AF901300AEB010201EE103AB2F90230ED
:10713000B8EEC11A30EE010AB2F9047001EE103A4D
:10714000B8EEC11AB2F9066030EE010A01EE107A0B
:10715000B8EEC11AB2F9085030EE010A01EE106A19
:10716000B8EEC11A30EE010A01EE105AB2F90A3037
:10717000B8EEC11A30EE010A01EE103AB2F90C3045
:10718000B8EEC11A30EE010A01EE103AB2F90E3033
:10719000B8EEC11A30EE010A01EE103AB2F9103021
:1071A000B8EEC11A30EE010A01EE103AB2F912300F
:1071B000B8EEC11A30EE010A01EE103AB2F91430FD
:1071C000B8EEC11A30EE010A01EE103AB2F91630EB
:1071D000B8EEC11A30EE010A01EE103AB2F91830D9
:1071E000B8EEC11A30EE010A01EE103AB2F91A30C7
:1071F000B8EEC11A30EE010A01EE103AB2F91C30B5
:10720000B8EEC11A30EE010A01EE103A431833F914
:10721000023CB8EEC11A30EE010A01EE103A435EAC
:10722000B8EEC11A30EE010A01EE103AB2F922307E
:10723000B8EEC11A30EE010A01EE103AB2F924306C
:10724000B8EEC11A30EE010A01EE103AB2F926305A
:10725000B8EEC11A30EE010A01EE103AB2F9283048
:10726000B8EEC11A30EE010A01EE103AB2F92A3036
:10727000B8EEC11A30EE010A01EE103AB2F92C3024
:10728000B8EEC11A30EE010A01EE103AB2F92E3012
:10729000B8EEC11A30EE010A01EE103AB2F9303000
:1072A000B8EEC11A30EE010A01EE103AB2F93230EE
:1072B000B8EEC11A30EE010A01EE103AB2F93430DC
:1072C000B8EEC11A30EE010A01EE103AB2F93630CA
:1072D000B8EEC11A30EE010A01EE103AB2F93830B8
:1072E000B8EEC11A30EE010A01EE103AB2F93A30A6
:1072F000B8EEC11A30EE010A01EE103AB2F93C3094
:10730000B8EEC11A30EE010A01EE103AB2F93E2091
:10731000B8EEC11A30EE010A01EE102AB8EEC11A19
:107320004031B1F5005F30EE010A7FF4F9AE9FED18
:10733000B5CA42F2D810C2F200009FEDF51A20EE55
:107340000C0AA0F11002A9F10800AAF108014FF4FB
:107350008053CDF84CA000BF31F910CF30F910EFB9
:1073600031F9086C31F9064C02EE106A30F9086CFC
:10737000B8EEC22A03EE106AB8EEC33A32EE402AE3
:1073800030F9065C23EE013A22EE032A82ED042A4C
:1073900002EE104A03EE105AB8EEC22AB8EEC33A13
:1073A00031F904AC30F9047C32EE402A23EE013A84
:1073B00022EE032A82ED052A02EE10AA03EE107ACD
:1073C000B8EEC22AB8EEC33A31F9029C30F902BCD9
:1073D00032EE402A23EE013A22EE032A82ED062AFB
:1073E00002EE109A03EE10BAB8EEC22AB8EEC33A13
:1073F00032EE402A23EE013A22EE032A82ED072ADA
:1074000002EE10CA03EE10EAB8EEC22AB8EEC33A92
:1074100032EE402A23EE013AB1F9027022EE032A3D
:1074200082ED082A02EE107AB0F90270B8EEC22A94
:1074300003EE107AB8EEC33A32EE402A23EE013A58
:10744000B1F9047022EE032A82ED092A02EE107AC5
:10745000B0F90470B8EEC22A03EE107AB8EEC33A5F
:10746000B1F9066032EE402AB0F9065023EE013A37
:1074700022EE032A82ED0A2A02EE106A03EE105A67
:10748000B8EEC22AB8EEC33A32EE402A23EE013AF1
:1074900022EE032A82ED0B2A2032083B7FF45CAFF8
:1074A00046F2D81542F2D811C2F2000508F10400E4
:1074B000C2F200012A460023002403F099FF0120B4
:1074C0009FEDA00A88F8000043F23020291991EDC1
:1074D000421A91ED432A91ED443A91ED454A22EE4C
:1074E000022A21EE011A31EE021A91ED465A91ED6F
:1074F000476A30EE010A24EE041A23EE032A32EE24
:10750000011A91ED487AD1ED490A30EE010A26EED2
:10751000061A25EE052A32EE011A30EE010A20EE97
:10752000A01A27EE072A32EE011A30EE010A91ED79
:107530004A1A91ED4B2A91ED4C3A91ED4D4A22EECB
:10754000022A21EE011A31EE021A91ED4E5A91ED06
:107550004F6A30EE010A24EE041A23EE032A32EEBB
:10756000011A91ED507AD1ED510A30EE010A26EE62
:10757000061A25EE052A32EE011A30EE010A20EE37
:10758000A01A27EE072A32EE011A30EE010A91ED19
:10759000521A91ED532A91ED543A91ED554A22EE4B
:1075A000022A21EE011A31EE021A91ED565A91ED9E
:1075B000576A30EE010A24EE041A23EE032A32EE53
:1075C000011A30EE010A26EE061A25EE052A32EEE1
:1075D000011A5834844230EE010A7FF477AF95EDFA
:1075E000001A0DF1680B0BF1340021EE01DA169050
:1075F000ABF120004FF0210A40F2676300221590A2
:107600001FE000BF0000803917991FFA8AF20BEBC8
:107610000110090102EE102A46F2D815189A2BF82B
:1076200001A0B8EE422A0021C2F2000540F26763D1
:1076300080ED011A80ED022AC1609E45F24600F0FD
:10764000098105EBCA0010ED021A10ED012A90ED38
:10765000003A90ED014A22EE022A21EE011A31EEA3
:10766000022A24EE041A23EE033A33EE011AB4EE92
:10767000421AF1EE10FA0AF1010EDEDD05EBCE0042
:1076800090ED012A90ED003A22EE022A23EE033A11
:1076900033EE022AB4EE421AF1EE10FACDDB1006F8
:1076A00038D0D6B2169D7142032015ED0C2AB4EEE7
:1076B000412AF1EE10FA31DB0F18022F1DD015ED23
:1076C000082AB4EE412AF1EE10FA29DB012F14D07A
:1076D00015ED042AB4EE412AF1EE10FA22DB67B16F
:1076E00095ED002AB4EE412AF1EE10FA1BDB0430CE
:1076F0000F18032F05F14005D7D146F2D8151046D3
:107700003446C2F20005C1B20B2996D814E000BF7E
:10771000000000380020002410E000BF033802E021
:10772000023800E0013846F2D815C2F200050446DE
:10773000C1B20B293FF681AF0B2E05D81794013249
:1077400003E000BF000000001794A2F101095FFAF6
:1077500089F75FFA80F8474518927FF655AF189E73
:10776000C143314411F003023FD00BEB071555E93B
:1077700004314FEA071C5C4644F80C302B1D012AEB
:10778000A7F1010C55F8089C55F804BC83E8020ADF
:1077900004D1A6F10209674626E000BF04EB0C11F4
:1077A00051E9045351E9029B04314FEA0C1C81E872
:1077B000080A022AA7F1020144F80C5004D1A6F1EC
:1077C00003090F4610E000BF04EB01134FEA011C50
:1077D00053E9045153E90229043383E80602A6F170
:1077E0000409033F44F80C50A346301A0238C0B2D3
:1077F0000328FFF409AF159800EB0710D0E9063114
:10780000A0F12007C0E90A31D0E9043150E905268A
:10781000C0E90831D0E9001310E93010C0E90413C1
:10782000D0E90213A9F10409C0E906138ACF40F890
:107830000C3C40F8101C5FFA89F140F8087C40F8D5
:10784000042CC0E90064C0E9025C4145A0F140009D
:10785000D4D8D9E6100601F037819FEDDD1A5FED2F
:10786000478A80EE01EA95ED010ADFEDDA9A9FED95
:10787000DABA20EE00FAD7B20BF10806F6EE00AA4B
:10788000FEEE00BA40F6010A4FF6FF7840F2FF79AB
:10789000059712E000EE104AB8EE400A31EE000AF9
:1078A00020EE0B1A21EE0C1A86ED000A86ED011A65
:1078B000013F06F1100600F0A58036F8084C012CB7
:1078C00004D054456CD1281D01E000BF284690ED3E
:1078D000000A05EBC40090ED011A90ED002A21EE9C
:1078E000011A22EE022A20EE000A32EE018A601C02
:1078F00080B205EBC00090ED011A90ED002A21EE58
:10790000011A22EE022A32EE019AB5EE400AF1EE99
:1079100010FAB0EE681ABDDDB5EE408AF1EE10FA4D
:10792000B0EE681AB6DDB5EE409AF1EE10FAB0EEA0
:10793000681AAFDD04F012FCB0EE40AAB0EE480ABF
:1079400004F00CFCB0EE408AB0EE490A04F006FCEC
:1079500038EE081A3AEE411A31EE002AB0EEC21A99
:10796000B4EE691AF1EE10FAB0EE681A92DD3AEE52
:10797000400A20EE2A0A80EE020AB0EE6A1AB4EE3D
:107980006A0AF1EE10FA3FF785AFB4EE6B0AB0EE7B
:10799000401AF1EE10FAB8BFB0EE6B1A7AE700BFEA
:1079A000601E80B205EBC00090ED010A90ED001A58
:1079B00020EE000A21EE011A31EE000A34B1B4F5CE
:1079C000006F07D1B0EE4F8A91E700BFB0EE4D8A4D
:1079D0008DE700BF05EBC40090ED011A90ED002A81
:1079E00021EE011A22EE022A444532EE018A05D028
:1079F0004C45B0EE4F9A3FF488AF78E7B0EE4D9A21
:107A000083E700BF9DED1B1A9FEDC82AB1EE000A67
:107A10002EEE009A21EE020AB4EE409AF1EE10FA30
:107A2000B8BFB0EE409ADDF814A01FEDBA1A0AF004
:107A3000030018906FF030009FEDBD8A9FEDBD2AC6
:107A4000DDF8409000EA0A10BFEE000A4FF000088F
:107A50004FF0000C4FF0000E09E000BFB0EE430AFB
:107A60009E46C44608F10108D04500F027810BEB83
:107A7000081191ED013AB4EE493AF1EE10FAF1DB5A
:107A800091ED034A01240023B0EE413A05E000BF26
:107A9000322A04F1010480F00181E2B205EE102ADD
:107AA000B8EE455A24EE055AB4EE485AF1EE10FAF3
:107AB00000F3F4804FF0FF37BAF1040F08D200252D
:107AC000B0EE426A1899002940F08C80DAE000BFDD
:107AD00000260325B0EE426A05E000BF4036B04202
:107AE00005F104057AD00BEB060191ED017AB4EEB5
:107AF000497AF1EE10FA15DA91ED057AB4EE497A89
:107B0000F1EE10FA25DA91ED097AB4EE497AF1EE48
:107B100010FA35DA91ED0D7AB4EE497AF1EE10FAF9
:107B2000DCDB44E091ED037A37EE457AB0EEC77ABC
:107B3000B4EE467AF1EE10FACCBFB0EE467AEF1E04
:107B4000B0EE476A91ED057AB4EE497AF1EE10FA9B
:107B5000D9DB91ED077A37EE457AB0EEC77AB4EE0D
:107B6000467AF1EE10FACCBFB0EE467AAF1EB0EE18
:107B7000476A91ED097AB4EE497AF1EE10FAC9DB61
:107B800091ED0B7A37EE457AB0EEC77AB4EE467ACD
:107B9000F1EE10FACCBFB0EE467A6F1EB0EE476A37
:107BA00091ED0D7AB4EE497AF1EE10FA96DB91ED93
:107BB0000F7A37EE457AB0EEC77AB4EE467AF1EE38
:107BC00010FACCBFB0EE467A2F46B0EE476A85E792
:107BD00000C0C84408E53C1E80969849033D1899AA
:107BE00000294FD00BEB051191ED017AB4EE497AE3
:107BF000F1EE10FA0FDB91ED037A37EE457AB0EE35
:107C0000C77AB4EE467AF1EE10FACCBFB0EE467AFF
:107C10002F46B0EE476A1899012933D0691C0BEB47
:107C2000011696ED017AB4EE497AF1EE10FA0FDB07
:107C300096ED037A37EE457AB0EEC77AB4EE467A1F
:107C4000F1EE10FACCBFB0EE467A0F46B0EE476ABE
:107C50001899022916D0A91C0BEB011595ED017A94
:107C6000B4EE497AF1EE10FA0CDB95ED037A37EEBB
:107C7000455AB0EEC55AB4EE465AF1EE10FAD8BFE6
:107C80000F4600BF002F3FF503AF0BEB071191ED3F
:107C9000015A013333EE053AFAE600BF5FFA8EF17E
:107CA000DAB28A423FF6DAAE7FF4DCAEB4EE403AA6
:107CB000F1EE10FA3FF7D2AED4E600BF5FEA0E60F5
:107CC00000F0FE865FFA8CF00BEB00109FEDC20A0D
:107CD00090ED032A6FF030009FED163A00EA0A108B
:107CE000012100220DF16508B0EE401A4FF0000CA2
:107CF000CBB204EE103AB8EE444A22EE045AB4EE87
:107D0000485AF1EE10FA00F304814FF0FF370026D5
:107D1000BAF1040F06D2B0EE436A189D002D40F070
:107D20008980D7E00325B0EE436A0AE077CC2B3296
:107D30005E83F44820BC3E444036B04205F1040561
:107D400074D00BEB060494ED017AB4EE497AF1EEAF
:107D500010FA15DA94ED057AB4EE497AF1EE10FADC
:107D600025DA94ED097AB4EE497AF1EE10FA35DAB3
:107D700094ED0D7AB4EE497AF1EE10FADCDB44E0D2
:107D800094ED037A37EE457AB0EEC77AB4EE467AD0
:107D9000F1EE10FACCBFB0EE467AEF1EB0EE476AB5
:107DA00094ED057AB4EE497AF1EE10FAD9DB94ED50
:107DB000077A37EE457AB0EEC77AB4EE467AF1EE3E
:107DC00010FACCBFB0EE467AAF1EB0EE476A94ED23
:107DD000097AB4EE497AF1EE10FAC9DB94ED0B7A28
:107DE00037EE457AB0EEC77AB4EE467AF1EE10FA85
:107DF000CCBFB0EE467A6F1EB0EE476A94ED0D7AB6
:107E0000B4EE497AF1EE10FA96DB94ED0F7A37EE84
:107E1000457AB0EEC77AB4EE467AF1EE10FACCBFEE
:107E2000B0EE467A2F46B0EE476A85E7EE1E189D03
:107E3000002D4FD00BEB061595ED017AB4EE497A83
:107E4000F1EE10FA0FDB95ED037A37EE457AB0EEDE
:107E5000C77AB4EE467AF1EE10FACCBFB0EE467AAD
:107E60003746B0EE476A189D012D33D0751C0BEBD9
:107E7000051494ED017AB4EE497AF1EE10FA0FDBB5
:107E800094ED037A37EE457AB0EEC77AB4EE467ACF
:107E9000F1EE10FACCBFB0EE467A2F46B0EE476A4C
:107EA000189D022D16D002360BEB061595ED017AC2
:107EB000B4EE497AF1EE10FA0CDB95ED037A37EE69
:107EC000455AB0EEC55AB4EE465AF1EE10FAD8BF94
:107ED000374600BF002F13D40BEB071797ED015A5D
:107EE00097ED036AB1EEC55A86EE044A0CF1010C17
:107EF00008F8021030EE050A24EE054A34EE011AA5
:107F0000312B06D85FFA8CF2032A01F10101FFF44C
:107F1000EFAE5FEA0C6000F0D385B5EE400AF1EEFB
:107F200010FA40F3CD8581EE000A9FED2CAACDF822
:107F300000C080EE0A0A04F0C7F920EE0AAA6FF02A
:107F400030001FED840A00EA0A11012200234FF0DD
:107F5000000C00BFD7B201EE107AB8EE411A2AEE3B
:107F6000011AB4EE481AF1EE10FA00F3F4804FF063
:107F7000FF340026BAF1040F06D2B0EE402A18985A
:107F8000002840F08980D7E00325B0EE402A04E0C5
:107F90004036B14205F104057AD00BEB060090EDB6
:107FA000013AB4EE493AF1EE10FA1BDA90ED053AD7
:107FB000B4EE493AF1EE10FA2BDA90ED093AB4EE4C
:107FC000493AF1EE10FA3BDA90ED0D3AB4EE493A47
:107FD000F1EE10FADCDB4AE0000000000000FA439A
:107FE000DB0FC94090ED033A33EE413AB0EEC33AAD
:107FF000B4EE423AF1EE10FACCBFB0EE423AEC1ECB
:10800000B0EE432A90ED053AB4EE493AF1EE10FA9B
:10801000D3DB90ED073A33EE413AB0EEC33AB4EE1B
:10802000423AF1EE10FACCBFB0EE423AAC1EB0EEDE
:10803000432A90ED093AB4EE493AF1EE10FAC3DB67
:1080400090ED0B3A33EE413AB0EEC33AB4EE423A19
:10805000F1EE10FACCBFB0EE423A6C1EB0EE432AFD
:1080600090ED0D3AB4EE493AF1EE10FA90DB90ED56
:108070000F3A33EE413AB0EEC33AB4EE423AF1EE83
:1080800010FACCBFB0EE423A2C46B0EE432A7FE75E
:10809000EE1E189800284FD00BEB061090ED013A19
:1080A000B4EE493AF1EE10FA0FDB90ED033A33EEFD
:1080B000413AB0EEC33AB4EE423AF1EE10FACCBF18
:1080C000B0EE423A3446B0EE432A1898012833D035
:1080D000701C0BEB001595ED013AB4EE493AF1EE48
:1080E00010FA0FDB95ED033A33EE413AB0EEC33AA6
:1080F000B4EE423AF1EE10FACCBFB0EE423A04468A
:10810000B0EE432A1898022816D0B01C0BEB0016CC
:1081100096ED013AB4EE493AF1EE10FA0CDB96ED29
:10812000033A33EE411AB0EEC11AB4EE421AF1EE40
:1081300010FAD8BF044600BF002C5CBF0CF1010C44
:1081400008F80320312F06D85FFA8CF3032B02F1D5
:108150000102FFF4FFAE5FEA0C60009D6BA84FF0D8
:10816000C40118BF654689ED01AA89F80250F8F7E5
:10817000DAFAE8B200240390810057A8CDE96944F7
:10818000CDE96744CDE96544CDE95D44CDE95F447F
:10819000CDE96144CDE96344F8F7C5FA4FF0FF300B
:1081A00050FA85F0032805F0030712900095C0F0FF
:1081B0008A8003996FF00C0000EA810017900DF19E
:1081C00065001FED79CA1697C71E00265AAC4FF0FE
:1081D0007E554FF0000800BFF87804EB080A00EE67
:1081E000100AB8EE400A2AEE000A20EE0C0A80EED1
:1081F0000B8A44F80850B0EE480A03F007FF54A871
:1082000000EB080B8BED000AB0EE480A04F0AAF868
:1082100017F8040FCAF8045001EE100AB8EE411A1C
:108220002AEE011A21EE0C1A81EE0B8A51A800EBFE
:10823000080989ED000AB0EE480A03F0E7FE8BED6D
:10824000010AB0EE480A04F08DF8787889ED010A49
:1082500001EE100AB8EE411A2AEE011A21EE0C1AAC
:1082600081EE0B8ACAF80850B0EE480A03F0CEFE41
:108270008BED020AB0EE480A04F074F8B87889ED84
:10828000020A01EE100AB8EE411A2AEE011A21EE96
:108290000C1A81EE0B8ACAF80C50B0EE480A03F0B3
:1082A000B5FE8BED030AB0EE480A04F05BF81798B0
:1082B00008F110084045A6F1040689ED030A8BD1A8
:1082C000009D169F7442002F4FEA45000F906ED01C
:1082D0000DF16500005D1FEDBECA00EE100AB8EE9C
:1082E000400A2AEE000A20EE0C0A80EE0B8A0DF5F9
:1082F000B4784FF07E5548F82450B0EE480A03F0A9
:1083000085FE0DF5A87909EB840080ED000AB0EE3A
:10831000480A04F027F80DF5A27A0AEB8400012F31
:1083200080ED000A43D0661C0DF16500805D48F8C1
:10833000265000EE100AB8EE400A2AEE000A20EE9F
:108340000C0A80EE0B8AB0EE480A03F05FFE09EBE0
:10835000860080ED000AB0EE480A04F003F80AEB4C
:108360008600022F80ED000A21D002340DF1650055
:10837000005D00EE100AB8EE400A2AEE000A20EE78
:108380000C0A80EE0B8A4FF07E5048F82400B0EEC5
:10839000480A03F03BFE09EB840080ED000AB0EED2
:1083A000480A03F0DFFF0AEB840080ED000A0F9B10
:1083B0004AAC43F00100C2B2D8B240F001011790BC
:1083C0000398049101F0030C04F1200111916FF066
:1083D0000C0100F0030801EA80004FF47C7101EA0F
:1083E000830E00260E90CDF83080169206E000BF76
:1083F0000136169AB6F5805F00F06A8313985FFA2B
:1084000086F930F816104FF07E504A901298159663
:108410000328149180F0E2814FF0000A57A8DDF89C
:1084200030800DF5D67BB8F1000F00F0CD805AA951
:1084300001EB8A0100EB8A0291ED001A92ED002A0D
:1084400004EBCA0551AB85ED011A85ED022A03EB59
:108450008A0554AB95ED003A03EB8A0595ED004A89
:1084600022EE030A21EE045A21EE031A22EE042A18
:1084700035EE400A32EE011AB9F1FF0F81ED000A24
:1084800082ED001A14D121EE012A20EE003A33EEDB
:10849000022AB5EE402AF1EE10FA09DDB1EEC22A49
:1084A00080EE020A81EE021A81ED000A82ED001AC6
:1084B000B8F1010F00F088800AF101055AA901EB1B
:1084C000850100EB850291ED001A92ED002A04EB84
:1084D000C50686ED011A86ED022A03EB850651AB2F
:1084E00003EB850595ED003A96ED004A22EE030A6E
:1084F00021EE045A21EE031A22EE042A35EE400A38
:1085000032EE011AB9F1FF0F81ED000A82ED001A77
:1085100014D121EE012A20EE003A33EE022AB5EE04
:10852000402AF1EE10FA09DDB1EEC22A80EE020A0D
:1085300081EE021A81ED000A82ED001AB8F1020FF5
:1085400042D00AF102055AA901EB850100EB850230
:1085500091ED001A92ED002A04EBC50654A886EDB1
:10856000011A86ED022A00EB850651A800EB85056D
:1085700095ED003A96ED004A22EE030A21EE045AE8
:1085800021EE031A22EE042A35EE400A32EE011AD9
:10859000B9F1FF0F81ED000A82ED001A14D121EE2E
:1085A000012A20EE003A33EE022AB5EE402AF1EE1F
:1085B00010FA09DDB1EEC22A80EE020A81EE021A3B
:1085C00081ED000A82ED001A1498002701B20F987D
:1085D00000EE101A0106B8EEC00A00F0EB81DDF8DB
:1085E00040A017985E460DF5C87906E01798023747
:1085F000874206F1380600F0E28104EB870191ED35
:10860000001A09EB870191ED002A21EE003A33EEC2
:10861000022A032881ED002A02D2002131E000BFA6
:10862000002500216219731992ED002A92ED013A9A
:1086300092ED024A92ED035A93ED006A93ED017AAE
:10864000D3ED020AD3ED031A21EE022A21EE033AFA
:1086500021EE044A21EE055A103532EE062A33EE99
:10866000073A34EE204A35EE215AAE4501F10401B5
:1086700083ED002A83ED013A83ED024A83ED035A2C
:10868000D0D104EB810292ED002AC7EBC7020BEBBD
:10869000820202EB810393ED003A21EE022A32EED0
:1086A000032ABCF1010F83ED002A1DD04B1C04EB03
:1086B000830595ED002A02EB830393ED003A21EE4A
:1086C000022A32EE032A023183ED002A04EB8103F1
:1086D00093ED002A02EB810191ED003A21EE021A9E
:1086E00031EE031A81ED001A47F0010504EB850114
:1086F00091ED001A09EB850191ED002A21EE003A77
:1087000033EE022A032881ED002A01D2002130E055
:1087100000220021A318B01893ED002A93ED013A2E
:1087200093ED024A93ED035A90ED076A90ED087AB3
:10873000D0ED090AD0ED0A1A21EE022A21EE033A01
:1087400021EE044A21EE055A103232EE062A33EEAB
:10875000073A34EE204A35EE215A964501F10401DC
:1087600080ED072A80ED083A80ED094A80ED0A5A2B
:10877000D0D104EB810090ED002AC5EBC5000BEBD6
:10878000800202EB810090ED003A21EE022A32EEE7
:10879000032ABCF1010F80ED002A3FF427AF481CEB
:1087A00004EB800393ED002A02EB800090ED003A89
:1087B00021EE022A32EE032A80ED002A881C04EB07
:1087C000800191ED002A02EB800090ED003A21EE4D
:1087D000021A31EE031A80ED001A07E7119F0E9B73
:1087E00000264FF0000A57A808E000BF10360AF133
:1087F000040AB34207F120073FF411AE5AA901EB76
:10880000060B54A951AD00EB0608314435449BEDED
:10881000001A98ED002A95ED003A91ED004A07ED17
:10882000071A07ED062A22EE030A21EE045A21EE6A
:10883000031A22EE042A35EE400A32EE011AB9F18B
:10884000FF0F8BED000A88ED001A14D121EE012AEA
:1088500020EE003A33EE022AB5EE402AF1EE10FA8D
:1088600009DDB1EEC22A80EE020A81EE021A8BED1A
:10887000000A88ED001A9BED011A98ED012A95ED8A
:10888000013A91ED014A07ED051A07ED042A22EE9F
:10889000030A21EE045A21EE031A22EE042A35EED1
:1088A000400A32EE011AB9F1FF0F8BED010A88ED93
:1088B000011A14D121EE012A20EE003A33EE022AE9
:1088C000B5EE402AF1EE10FA09DDB1EEC22A80EED3
:1088D000020A81EE021A8BED010A88ED011A9BED66
:1088E000021A98ED022A95ED023A91ED024A07ED3F
:1088F000031A07ED022A22EE030A21EE045A21EEA2
:10890000031A22EE042A35EE400A32EE011AB9F1BA
:10891000FF0F8BED020A88ED021A14D121EE012A15
:1089200020EE003A33EE022AB5EE402AF1EE10FABC
:1089300009DDB1EEC22A80EE020A81EE021A8BED49
:10894000020A88ED021A9BED031A98ED032A95EDB1
:10895000033A91ED034A07ED011A87ED002A22EE52
:10896000030A21EE045A21EE031A22EE042A35EE00
:10897000400A32EE011AB9F1FF0F8BED030A88EDC0
:10898000031A7FF433AF21EE012A20EE003A33EED2
:10899000022AB5EE402AF1EE10FA7FF727AFB1EECA
:1089A000C22A80EE020A81EE021A8BED030A88EDDC
:1089B000031A1BE7DDF840A017980DF5C8790146AA
:1089C00004EB870090ED001A09EB870090ED002A78
:1089D00021EE000A30EE020A032980ED000A03D2DC
:1089E000159E002137E000BFC7EBC700159E0BEBBB
:1089F00080050022002100BFA018AB1890ED000AEE
:108A000090ED012A90ED023A90ED034A93ED005A61
:108A100093ED016A93ED027AD3ED030A21EE000A89
:108A200021EE022A21EE033A21EE044A103230EE02
:108A3000050A32EE062A33EE073A34EE204A96450E
:108A400001F1040183ED000A83ED012A83ED023A6E
:108A500083ED034AD0D104EB810090ED000AC7EB0F
:108A6000C7000BEB800202EB810090ED002A21EEA3
:108A7000000A30EE020ABCF1010F80ED000A3FF45B
:108A8000B7AC481C04EB800393ED000A02EB8000B6
:108A900090ED002A21EE000A30EE020A80ED000A75
:108AA000881C04EB800191ED000A02EB800090ED40
:108AB000002A21EE000A30EE020A80ED000A97E457
:108AC000022089F8010054E310990220487050E315
:108AD0000F980BF11403023840F00100C0B2069069
:108AE00017989FED7A0A01300290ABF11000ABF1BC
:108AF00038010A90ABF108000B93ABF104034FF07F
:108B000001084FF0000E1393019009901BE000BF85
:108B10000A9808991C300A900998DDF81CE01C306E
:108B200009900B98DDF840A01C300B90139808F1C9
:108B3000010804311C3096450DF168090DF5D67B0E
:108B4000139000F0D9810F980EF10105A0EB0E0CE7
:108B500006989542A0EB0E09CEEBCE000BEB8007FA
:108B600007EB8E0090ED001A1590B0EEC11A45D2B9
:108B70001CF0030244D0C8EBC8000BEB800000EBF4
:108B80008E0090ED002A7646B0EEC22AB4EE412A5D
:108B9000F1EE10FAC4BFB0EE421A4646012A08F1BF
:108BA00001042FD0C4EBC4000BEB800000EB8E005F
:108BB00090ED002AB0EEC22AB4EE412AF1EE10FA8E
:108BC000C4BFB0EE421A2646022A08F1020419D0A8
:108BD000C4EBC4000BEB800000EB8E0090ED002A8C
:108BE000B0EEC22AB4EE412AF1EE10FAC4BFB0EEE4
:108BF000421A264608F1030404E000BF764641E02D
:108C000044467646169A5FFA89F003283AD3C4EBB5
:108C1000C40001EB800300BF93ED0E2A93ED153ADB
:108C2000B0EEC22AB4EE412A93ED1C4A93ED235ACA
:108C3000F1EE10FAC4BFB0EE421A2646B0EEC32AD7
:108C4000B4EE412AF1EE10FAC4BFB0EE421A661C2F
:108C5000B0EEC42AB4EE412AF1EE10FAC4BFB0EE71
:108C6000421AA61CB0EEC52AB4EE412AF1EE10FA63
:108C7000C4BFB0EE421AE61C0434E0B2824203F1F3
:108C80007003C9D1B4EE401AF1EE10FAC0F22E8191
:108C9000CDF850C05FFA86FCE64508916FD0049885
:108CA0007246A0EB0E0010F0030427D0CCEBCC00F2
:108CB0000BEB800353F82E0057F82E10012C47F8C9
:108CC0002E0043F82E1003D12A4617E05F7089303A
:108CD00053F8250057F82510022C0EF1020247F830
:108CE000250043F8251009D053F8220057F8221028
:108CF00047F8220043F822100EF103021798AB4602
:108D0000A0EB0E000328CDE911792BD3029801992D
:108D1000871ACCEBCC00DDE909434FEA820901EB6D
:108D2000800500BF03EB090005EB09018A680669AD
:108D300002618E60CA6846694261CE6004EB090236
:108D40000E69D2F810A01661C1F810A04A69C66970
:108D5000043F03F1100305F1100504F11004C26192
:108D60004E61DFD164AA52F82C0052F82E1042F85E
:108D70002E0042F82C10169ADDE911795D469542D5
:108D80000795BFF4C5AE64A8149900EB8E0638466B
:108D900001F0030700EB880108F1010B149100EBCF
:108DA0008B01119108F1020100EB81005FFA89F457
:108DB000DDF82C900E9008F10300434612910D90BF
:108DC00014E000BF64A896ED002A00EB830090ED4C
:108DD000003A21EE021A31EE031A013380ED001A37
:108DE000D8B2824209F11C093FF492AEC3EBC30032
:108DF0006BA901EB800202EB8E0090ED001A159832
:108E0000B1EE411A90ED002A002081EE021A41468F
:108E100042F82E0077B31498012F90ED002A02EB50
:108E2000880090ED003A21EE022A32EE032A5946DC
:108E300080ED002A1ED01198129990ED002A02EBC5
:108E40008B0090ED003A21EE022A32EE032A022F27
:108E500080ED002A0ED00E980D9990ED002A129800
:108E600021EE022A02EB800090ED003A32EE032A56
:108E700080ED002A169A032CA4D313980D1D09EB3C
:108E8000810C00EB810A00BF9AED012A9CED023AA9
:108E900021EE022A32EE032A8CED022A9AED022AF2
:108EA0009CED033A21EE022A32EE032A8CED032ACE
:108EB0009AED032A9CED043A21EE022A32EE032AAF
:108EC0008CED042A9AED042A9CED053A21EE022A43
:108ED00032EE032AE8B28CED052A0CF1100C0AF1EF
:108EE000100A04358242CFD16CE700BF50464821BA
:108EF000F7F719FC3DE100BF17980DF5BA7EC0EBFE
:108F0000C0000BEB8000AEF1100C1146A0F108027E
:108F100000260DF1650812E0C4EBC4000BEB8000E5
:108F200000EB840090ED001A0EEB840080EE010A45
:108F300001361C3A002C214680ED000A72D04C1EEE
:108F400064A800EB840090ED000A16988142E3D2F9
:108F500016F0030732D0C4EBC4000BEB800303EB25
:108F6000810090ED001A0EEB810090ED002A012F98
:108F700021EE021A30EE410A01F101051FD003EB88
:108F8000850090ED001A0EEB850090ED002A022F6F
:108F900021EE021A30EE410A01F102050FD003EB77
:108FA000850090ED001A0EEB850090ED002ACD1C97
:108FB00021EE021A30EE410A01E000BF0D46701E9C
:108FC000C0B2169B0328A7D3291D0CEB850702EB23
:108FD000850500BF97ED041A95ED025A97ED052A15
:108FE00095ED036A97ED063A95ED047A25EE011AA0
:108FF00097ED074AD5ED050A30EE410A26EE021A32
:1090000030EE410A27EE031A30EE410A20EE841AB0
:10901000C8B21037103530EE410A04318342D9D13D
:109020007AE700BF039F0AF11800A8F10108AEF12A
:1090300008050026179000BF95ED040AD5ED030A38
:1090400020EE001A20EEA02A32EE011AB1EEC11A6B
:1090500018F8010F0AEB060402EE100AB8EE422AD5
:109060002AEE022AB1EE400A207684ED072A84ED2A
:10907000081A02F075FE013F06F1100605F1080519
:1090800084ED090AD8D10098039CDDF830E0000691
:109090000DF1650C66D0042C04D29FEDC20A0020AD
:1090A00032E000BF9FEDBF0A04F0FC010AF110029C
:1090B000002000BF92ED041A92ED082A92ED0C3ABE
:1090C000B4EE401A92ED104AF1EE10FAC8BFB0EEBD
:1090D000410AB4EE402AF1EE10FAC8BFB0EE420ADF
:1090E000B4EE403AF1EE10FAC8BFB0EE430AB4EE67
:1090F000404AF1EE10FA00F10400C8BFB0EE440A95
:10910000814202F14002D5D1BEF1000F23D0179960
:1091100001EB001090ED021AB4EE401AF1EE10FAD5
:10912000C8BFB0EE410ABEF1010F14D090ED061A8F
:10913000B4EE401AF1EE10FAC8BFB0EE410ABEF12B
:10914000020F08D090ED0A1AB4EE401AF1EE10FAB0
:10915000C8BFB0EE410AB3EE001AB4EE410AF1EE18
:1091600010FA0FDA50464821F7F7DDFA02208AF8A4
:10917000010000200DF51C7DBDEC108B01B0BDE899
:10918000F08F00BF05999FED870A6FF030009FEDCB
:10919000C82A00EA01100021B0EE401A04E000BF26
:1091A0000131A14200F000811CF80120002303EEF0
:1091B000102A059AB8EE433A042A2AEE033A4FF0F1
:1091C000FF3207D2B0EE424A189F002F40F0848051
:1091D000D2E000BF0327B0EE424A04E04033984299
:1091E00007F1040774D009EB030696ED015AB5EEBA
:1091F000405AF1EE10FA15DA96ED055AB5EE405ADE
:10920000F1EE10FA25DA96ED095AB5EE405AF1EE74
:1092100010FA35DA96ED0D5AB5EE405AF1EE10FA25
:10922000DCDB44E096ED035A35EE435AB0EEC55A06
:10923000B4EE445AF1EE10FACCBFB0EE445AFA1E26
:10924000B0EE454A96ED055AB5EE405AF1EE10FAE9
:10925000D9DB96ED075A35EE435AB0EEC55AB4EE57
:10926000445AF1EE10FACCBFB0EE445ABA1EB0EE3A
:10927000454A96ED095AB5EE405AF1EE10FAC9DBAF
:1092800096ED0B5A35EE435AB0EEC55AB4EE445A39
:10929000F1EE10FACCBFB0EE445A7A1EB0EE454A59
:1092A00096ED0D5AB5EE405AF1EE10FA96DB96EDBA
:1092B0000F5A35EE435AB0EEC55AB4EE445AF1EEA9
:1092C00010FACCBFB0EE445A3A46B0EE454A85E7B4
:1092D000FB1E189F002F4FD009EB031797ED015A83
:1092E000B5EE405AF1EE10FA0FDB97ED035A35EE6A
:1092F000435AB0EEC55AB4EE445AF1EE10FACCBF60
:10930000B0EE445A1A46B0EE454A189F012F33D0AA
:109310005F1C09EB071696ED015AB5EE405AF1EEC7
:1093200010FA0FDB96ED035A35EE435AB0EEC55AEC
:10933000B4EE445AF1EE10FACCBFB0EE445A3A46BD
:10934000B0EE454A189F022F16D0023309EB0317DF
:1093500097ED015AB5EE405AF1EE10FA0CDB97ED9D
:10936000035A35EE433AB0EEC33AB4EE443AF1EE66
:1093700010FAD8BF1A4600BF002A3FF511AF09EB1B
:10938000021292ED013AB4EE403AF1EE10FA7FF794
:1093900007AF179AB0EE430A02EB011292ED021AE0
:1093A000FEE600BF000000009FEDE63A6042611E4D
:1093B000002209EB021393ED012AB4EE492AF1EEE3
:1093C00010FA6EDB93ED034A00231CF8037005EEE0
:1093D000107AB8EE455A2AEE055A34EE455AB0EEE8
:1093E000C55AB4EE435AF1EE10FA3DDD994241D030
:1093F0000CEB03077E7805EE106AB8EE455A2AEEAC
:10940000055A34EE455AB0EEC55AB4EE435AF1EE61
:1094100010FA29DDC618B51C2CD0BD7805EE105AFF
:10942000B8EE455A2AEE055A34EE455AB0EEC55A02
:10943000B4EE435AF1EE10FA16DD03361AD0FF7877
:1094400005EE107AB8EE455A2AEE055A34EE455A22
:10945000B0EEC55AB4EE435AF1EE10FA04DD04330F
:109460009C42B2D106E000BF059B01329A42A0D1D6
:1094700017E000BFB5EE400A0120F1EE10FA8AF8BD
:1094800003008AED044A0CDDB5EE401AF1EE10FA45
:1094900007DD82EE000AB1EEC00A21EE000A8AED75
:1094A000050A042C06D29FEDA60A002025E000BF85
:1094B00020BC3E449FEDA20A04F0FC010AF1100218
:1094C000002092ED041A92ED082A92ED0C3A21EE5A
:1094D000011A92ED104A31EE000A22EE021A31EE24
:1094E000000A23EE031A31EE000A24EE041A0430B7
:1094F0004032814231EE000AE3D1BEF1000F1AD0B2
:109500001799BEF1010F01EB001090ED021A21EE48
:10951000011A31EE000A0ED090ED061ABEF1020FCC
:1095200021EE011A31EE000A05D090ED0A1A21EE63
:10953000011A31EE000AB6EE001A20EE010AB1EE71
:10954000C00A9FED7F8A6FF030009FED7C9A9FEDFF
:109550007EAADDF8409000EA04154FF0000B40F2BF
:10956000FF78B0EE48BAB0EE48CA8AED020A21E0B0
:109570005FEA0B4014D0B4EE4BEAF1EE10FAB8BF3C
:10958000B0EE4EBA039CB4EE4CEAF1EE10FAC8BF4E
:10959000B0EE4ECAC2450BF1010B0BD3BEE000BFCB
:1095A000039CB0EE4ECAB0EE4EBAC2450BF1010BB1
:1095B00080F0B4801FFA8BFA00EE10AAB8EE400AD1
:1095C00020EE090A042C20EE0ADA03D20027B0EEBE
:1095D00048EA59E000240027B0EE48EA09EB040607
:1095E000307E96ED091A00EE100AB8EE400A20EE21
:1095F0000D0A96ED08FA30EE010A02F007FD96F822
:1096000028002FEE000A30EE0EEA00EE100AB8EE47
:10961000400A96ED0D1A20EE0D0A96ED0CFA30EE8A
:10962000010A02F0F3FC96F838002FEE000A30EE43
:109630000EEA00EE100AB8EE400A96ED111A20EE7E
:109640000D0A96ED10FA30EE010A02F0DFFC96F8F2
:1096500048002FEE000A30EE0EEA00EE100AB8EED7
:10966000400A96ED151A20EE0D0A96ED14FA30EE2A
:10967000010A02F0CBFC2FEE000A403430EE0EEA75
:10968000A54207F10407A9D10C9800283FF470AF58
:1096900017993801085C01EB071400EE100AB8EEC8
:1096A000400A94ED031A20EE0D0A94ED02FA30EE12
:1096B000010A02F0ABFC0C9E2FEE000A012E30EEE8
:1096C0000EEA3FF455AF207C94ED071A00EE100A25
:1096D000B8EE400A20EE0D0A94ED06FA30EE010ACB
:1096E00002F094FC2FEE000A022E30EE0EEA3FF458
:1096F0003FAF94F8200094ED0B1A00EE100AB8EE7C
:10970000400A20EE0D0A94ED0AFA30EE010A02F04A
:109710007DFC2FEE000A30EE0EEA29E710993CEEB0
:109720004B0A40F2011081ED030A088001200DF57B
:109730001C7DBDEC108B01B0BDE8F08FDB0FC94084
:109740000000000020BC3E440000003AFBF7F4BEDD
:1097500070B592B006AC20463021F6F7E4FF002544
:1097600043F640000595CDE90355CDE90155009537
:10977000C4F202000168022641F0805101600068D5
:1097800000F080500090009847F200000095C4F26D
:109790000000016841F480410160006800F48040ED
:1097A000009000980120099010200A9008200E9047
:1097B000A820CDE90F060420119020460696CDE999
:1097C0000C65FCF783F818B172B600BFFEE700BF66
:1097D0000F20CDE901064FF4A05004904FF48050C3
:1097E000059001A805210395FBF75EFF10B172B645
:1097F000FEE700BF12B070BD4EF68850CEF20000FA
:10980000016841F4700101607047000003460028C0
:109810004FF0000008BF70472DE9F04F93B00C46A1
:10982000002944D0BAA204A81821F6F7B9FD1838C7
:1098300010F1170F4FF0000039D30A90B6A20BA811
:1098400004AB20210194F6F7ABFD203810F11F0F77
:109850002CD30BA8F6F740FF40F2D8040104C2F263
:10986000000408D004F1140382B20BA918464FF487
:109870007A73FDF7EFF84CF6500104F11400C0F6CE
:10988000000103224FF47A73FDF7E4F80220FBF79E
:1098900063FDFBF74BFE0546FBF748FE6FF0310119
:1098A0004A1B1044B0F1FF3F029205DD002013B0C7
:1098B000BDE8F04F704700BF4CF2682741F26F29B6
:1098C0000020C2F20007C0F283094FF4FA750DF1CF
:1098D000280A039000220CE0934680F310880120B0
:1098E000FBF73AFDFBF722FE02995A464018404624
:1098F000DCD5039993460906804635D0EFF31080F6
:1099000072B6B9880029E8D05FFA8BF18B4604293A
:1099100098BF4FF0040B00BF3A888B453A449279C8
:109920003B8803F10103A3FB094606FB15333B808B
:10993000BB88A3F10103BB8080F310880AD00AF82A
:109940000120EFF3108072B6BB884A1C002B114631
:10995000E2D1C1E7FF2A40F0BF8008F101085FFAB9
:1099600088F00328CAD1BFE0EFF3108072B6B9883F
:109970000029B2D03988394489793A88712902F1AD
:109980000102A2FB093404FB15223A80BA88A2F135
:109990000102BA804FF0010280F310884FF00000FE
:1099A00003924FF00002A4D040F2D800C2F20000AF
:1099B000007801F0FD02312A08BF002862D000289B
:1099C00076D055297BD040F2D803C2F200031A1892
:1099D00001301173C1B2187000200390072940466E
:1099E0005A46FFF486AF40F2D801C2F20001087B6C
:1099F00000220A70552840465A467FF47AAF40F25A
:109A0000D800C2F20000807B5A46002840467FF40E
:109A100070AF40F2D800C2F20000C07B5A46002866
:109A200040467FF466AF40F2D800C2F20000007CEE
:109A30005A46FF2840467FF45CAF40F2D800C2F29D
:109A40000000407C5A46FF2840467FF452AF40F267
:109A5000D800C2F20000807C5A46FF2840467FF4BE
:109A600048AF40F2D800C2F20000417B0022481EFD
:109A70000392012840465A464FF000033FF639AFA3
:109A800003E000BFA1F13003032140F2D800C2F28D
:109A90000000407800220392002840465A467FF496
:109AA00028AF40F2D800C2F20000417083700EE08F
:109AB00000200390552940465A467FF41AAF40F2E1
:109AC000D800C2F20000552101730121017000206D
:109AD000039040465A460CE7A2F17100B0FA80F0BC
:109AE000400903900020F5E60A986FF47C72A0F21A
:109AF0000141914204D2002013B0BDE8F04F7047FD
:109B000001990880012013B0BDE8F04F704700BFF5
:109B100025732E7700000000676574202573000010
:109B200070B586B0FBF702FD40F2D804C2F2000423
:109B300000F5FA6060604CF268200025C2F2000077
:109B40004FF4FD71E560C4F80F502570A560A4F8CE
:109B50000150F6F7E8FD43F630000595CDE90355D1
:109B6000CDE901550095C4F20200016844F60046B3
:109B700041F0010101600168C4F2000601F0010139
:109B8000009100990095016941F40021016100698B
:109B9000022100F40020009000980320029101218E
:109BA0000190CDE903100820059006F5DA3001A9EF
:109BB000FBF7E6FB04F134002821F6F7B4FD20465C
:109BC00040F8146F4FF461210C22C0E90115C0E97F
:109BD0000355C0E90525C561FCF770FE60B9342066
:109BE00005210022FBF724FD3420FBF70FFD6069FF
:109BF000C16841F02001C16014340BA12046082245
:109C00004FF47A73FCF726FF4CF65001C0F60001C2
:109C1000204603224FF47A73FCF71CFF0220FBF767
:109C20009BFB06B070BD00BF7265665F73746172A6
:109C30000000000000284FF0000218BF002901D1E9
:109C4000104670472DE9F04F83B0002240F2D80B48
:109C50000270C2F2000B9BF801305BB103709BF8FD
:109C600002000870ABF80120012203B0BDE8F04FFC
:109C7000104670474CF26822EFF3108772B6C2F2BA
:109C800000029388002B5FD041F26F29C0F2830954
:109C90004FF4FA7A4FF0550C4FF0010E4FF00008D8
:109CA0000AE000BF8BF80CC08BF800E0EFF31087E0
:109CB00072B69388002B47D016881644B67913885D
:109CC0000133A3FB094505FB1A3313809388013B3D
:109CD000938087F310889BF8007006F0FD03312B0A
:109CE00008BF002F00F0B08057B3552EDAD00BEB31
:109CF00007031E737B1CDCB2072C8BF80030D5D316
:109D00009BF80C308BF80080552BCFD19BF80E3090
:109D1000002BCBD19BF80F30002BC7D19BF8103014
:109D2000FF2BC3D19BF81130FF2BBFD19BF8123012
:109D3000FF2BBBD19BF80D60731E022BB6D287E0C0
:109D4000552EB3D1AEE700BF87F31088FBF7EEFBCB
:109D5000DBF804100446401A6FD441F609764CF63D
:109D6000746041F658723DA7C0F60106C2F20000C9
:109D7000C0F601023CA36021CDE90067F6F710FBB5
:109D800001385E2821D84CF67460C2F20000F6F764
:109D9000A3FC01040BD00BF114034CF6746182B2E6
:109DA000C2F2000118464FF47A73FCF753FE4CF6EA
:109DB00050010BF11400C0F6000103224FF47A7336
:109DC000FCF748FE0220FBF7C7FA4CF6746041F638
:109DD000587228A7C2F20000C0F6010228A3602131
:109DE000CDE90067F6F7DCFA01385E2821D84CF699
:109DF0007460C2F20000F6F76FFC01040BD00BF1A7
:109E000014034CF6746182B2C2F2000118464FF49A
:109E10007A73FCF71FFE4CF650010BF11400C0F6EC
:109E2000000103224FF47A73FCF714FE0220FBF7C3
:109E300093FA04F5FA60CBF80400002203B0BDE801
:109E4000F04F1046704700BFA6F1300203260A709B
:109E50000670FBF76BFBCBF8040005E7BFAACABC92
:109E6000B2E2C1BF0000000070616765302E623051
:109E700000000000C7D0BBBBD6DCC6DA0000000083
:109E800070616765302E62310000000010B582B04D
:109E900023A125A4002841F6097C4CF6746041F604
:109EA000587241F6637308BF0C46C0F6010CC2F24B
:109EB0000000C0F60102C0F601036021CDE900C434
:109EC000F6F76EFA01385E2884BF02B010BD4CF67A
:109ED0007460C2F20000F6F7FFFB40F2D804010400
:109EE000C2F200040BD004F114034CF6746182B288
:109EF000C2F2000118464FF47A73FCF7ABFD4CF642
:109F0000500104F11400C0F6000103224FF47A73EB
:109F1000FCF7A0FD022002B0BDE81040FBF71CBA20
:109F20005245414459000000425553590000000079
:109F300010B582B0002841D0844641F609744CF631
:109F4000746041F6587241F66373C0F60104C2F2C0
:109F50000000C0F60102C0F601036021CDE9004C0B
:109F6000F6F71EFA01385E2828D84CF67460C2F263
:109F70000000F6F7B1FB40F2D8040104C2F200047D
:109F80000BD004F114034CF6746182B2C2F20001EA
:109F900018464FF47A73FCF75DFD4CF6500104F15E
:109FA0001400C0F6000103224FF47A73FCF752FD4F
:109FB000022002B0BDE81040FBF7CEB902B010BDE0
:109FC00044F60041C4F20001086810F02F0F27D0BA
:109FD0004A6881061AD54CF26821C2F200018B88CA
:109FE0009B087C2B12D84B880B449A714A8841F20B
:109FF0006F230132C0F28303A2FB033C4FF4FA73D8
:10A000000CFB13224A808A8801328A80000708BF2D
:10A01000704740F2D800C2F20000816801318160CF
:10A0200070470000806B0021C185FCF75FB900001C
:10A0300081B090F84210222921D183680246B3F5FD
:10A04000805F09D152F8281F52F8183C002B63D0CA
:10A0500003685B680AE000BF52F8281F13B9036960
:10A06000002BF5D003685B6803F07F030B70116869
:10A0700001311160C18D01390A04C18502D001B0DE
:10A08000704700BF0168CA6822F02002CA60CA682F
:10A0900022F48072CA604A6922F001024A612021DA
:10A0A00080F8421000214163026B012A3CD1016318
:10A0B000016851E8031F026821F0100142E8031310
:10A0C000DBB1016851E8031F026821F0100142E88A
:10A0D000031393B1016851E8031F026821F01001D6
:10A0E00042E803134BB1016851E8031F026821F0F5
:10A0F000100142E80313002BDAD101680A68D20686
:10A1000006D5002200920A680092496800910099E1
:10A11000818D01B0FCF7E8B8026852686FF35F22E6
:10A1200021F8022B8162A5E701B0FCF765BC0000B5
:10A13000B0B50446006804F108030ECB0569194365
:10A1400025F440552A4302616269E3691143C268FC
:10A15000194349F20C639A431143C1604169A269F2
:10A1600021F4407141F20043114340F48062C4F293
:10A1700001039A42416103D1FBF75CFB02E000BF9F
:10A18000FBF744FBE1694FF69C7563681922C0F642
:10A19000FF75B1F5004FA0FB02011FD15A00DB0F84
:10A1A000F6F786F848F21F51C5F2EB11A0FB012328
:10A1B0005A0905F1805302FB0300322303EBC00070
:10A1C000A0FB01014FF4F87000EA111000EB02103F
:10A1D000C1F34211084421688860B0BD9A009B0F0A
:10A1E000F6F766F848F21F51C5F2EB11A0FB012308
:10A1F0005A0902FB0500322303EB0010A0FB01010A
:10A20000F02000EA511000EB0210C1F343110844A2
:10A2100021688860B0BD000040F28C10C2F20000DE
:10A22000FCF782B8FEE70000002908BF70472DE95F
:10A23000F043A1F1010C012303EB5C03072903F0B8
:10A24000030C03D24FF0000E59E000BF23F00308C7
:10A2500002F10E034FEA480E33F80E4C33F80C5C53
:10A2600024F0030425F0030550F804904159061921
:10A270004719015140F805907968746871607C60F5
:10A2800033F80A1C33F8084C21F0030124F00304CE
:10A2900050F80190075945180619475040F80490A6
:10A2A00071686C686960746033F8061C33F8044C9C
:10A2B00021F0030124F0030450F8019007594518D8
:10A2C0000619475040F8049071686C6869607460C2
:10A2D00033F8021C33F8104B21F0030124F003047F
:10A2E00050F80190075945180619475040F8049056
:10A2F00071686C68B8F1040869607460ACD1BCF135
:10A30000000F38D002EB4E0132F81E204B8822F0AD
:10A31000030223F003038658C5588718C4188550D4
:10A32000C65062687B68BCF1010F7A60636022D01E
:10A330008A88CB8822F0030223F003038658C5588D
:10A340008718C4188550C65062687B68BCF1020F3C
:10A350007A6063600FD00A89498922F0030221F0F4
:10A360000301875846588318451886504750686837
:10A37000596858606960BDE8F04370472DE9F041C5
:10A380000588984616460746012A0C463BD1D5B3A8
:10A39000201D042D05F003011ED325F0030200BF8C
:10A3A00090ED000A90ED021A90ED042AB1EE400AF9
:10A3B00090ED063A80ED000AB1EE410A80ED020A06
:10A3C000B1EE420A80ED040AB1EE430A80ED060ABE
:10A3D000043A00F12000E3D1A9B190ED000A01296F
:10A3E000B1EE400A80ED000A0DD090ED020A02297C
:10A3F000B1EE400A80ED020A05D090ED040AB1EEFC
:10A40000400A80ED040AFF2D0EDDB5F5806F1FDBDD
:10A41000B5F5805F23D0B5F5006F00F0A380B5F5EA
:10A42000806F0DD021E000BF3F2D05DC102D07D03F
:10A43000202D00F0978018E0402D10D0802D14D1F1
:10A440003846214600F0FAF8B8F1000F10D114E0B8
:10A45000B5F5807F00F08680B5F5007F05D17A687C
:10A4600020462946012300F029FCB8F1000F04D052
:10A47000B989BA682046FFF7D7FE012E6FD1002DAB
:10A480006DD000EE105AB8EE400AB7EE001A81EE19
:10A49000000A042D05F0030036D325F0030100BFA8
:10A4A00094ED001A94ED012A94ED023A20EE011A7F
:10A4B00094ED034A84ED001A22EE401A84ED011A4D
:10A4C00020EE031A94ED042A84ED021A24EE401AB9
:10A4D00084ED031A20EE021A94ED052A84ED041A85
:10A4E00022EE401A94ED062A84ED051A20EE021A97
:10A4F00094ED072A84ED061A22EE401A84ED071A1D
:10A50000043904F12004CBD148B394ED001A94ED42
:10A51000012A20EE011A22EE402A012884ED001AB9
:10A5200084ED012A1BD094ED021A94ED032A20EE4B
:10A53000011A22EE402A022884ED021A84ED032A31
:10A5400008BFBDE8F08194ED041A94ED052A20EED1
:10A55000011A22EE400A84ED041A84ED050ABDE8D2
:10A56000F08100BF3846214600F036F9B8F1000FFF
:10A570007FF47EAF81E7000000224260FF294FF0A8
:10A58000FF0201800EDDB1F5806F21DB38D0B1F51F
:10A59000805F41D0B1F5006F4DD141F65C53C0F6FC
:10A5A00001033DE03F2909DC10291DD0202942D1BB
:10A5B00041F67C53C0F6010332E000BF402919D0B8
:10A5C000802938D141F63C53C0F6010328E000BF92
:10A5D000B1F5807F1AD0B1F5007F2CD141F69C53A4
:10A5E000C0F601031CE000BF41F64C53C0F6010366
:10A5F00016E000BF41F6AC53C0F6010310E000BF07
:10A6000041F62C53C0F601030AE000BF41F66C533B
:10A61000C0F6010304E000BF41F68C53C0F601030D
:10A62000191D03F108020C33126809681B88C0E980
:10A6300001120022838150B2704700002DE9F047DB
:10A640002DED028B80460388D8F80420084601EBE4
:10A65000830A082B4FEA5309C0F0AE806FF00E0159
:10A660000AEB890C00EB890E01EA4304002700BFC6
:10A670000AEB0705C31993ED000A95ED004A93ED27
:10A68000011A95ED015A0CEB07060EEB070193ED4D
:10A69000022A95ED026A70EE045A91ED007AD6ED29
:10A6A000002AC3ED005A71EE055AD1ED010AD6ED2C
:10A6B000013AC3ED015A72EE065A93ED033AD1ED19
:10A6C000021AD6ED024AC3ED025AD5ED035A30EE16
:10A6D000440A33EE258A37EE224AD1ED036AD6EDDD
:10A6E000037A83ED038A81ED004A30EEA34A81EDBF
:10A6F000014A31EEA44A81ED024A36EEA74A81EDC5
:10A70000034AD11931EE451A32EE462A33EEE05AA9
:10A7100034EEE16AD1ED000AD1ED011A32EEC74AFA
:10A7200060EE202A61EE213A21EE201A20EE210A65
:10A7300031EE400A85ED010A24EE210A25EE211AA8
:10A7400025EE205A72EEA32A24EE204A30EE450A66
:10A75000C5ED002A86ED000A34EE010A86ED010AF5
:10A7600091ED020A91ED031A33EE653A22EE004AAA
:10A7700023EE015A23EE003A22EE012A37EEE67A62
:10A7800033EE422A85ED032A26EE012A27EE011A2E
:10A7900027EE003A26EE000A103734EE054A32EE74
:10A7A000432A30EE010ABC4285ED024A86ED022AB8
:10A7B00086ED030A7FF45CAF4946022300F07EFA7F
:10A7C000D8F80420504649460223BDEC028BBDE870
:10A7D000F04700F073BA00002DE9F04F81B02DED85
:10A7E000108B8CB0038891ED000A5E0801EB860B9C
:10A7F0000BEB860A91ED011A9AED002A9AED013AC7
:10A800000AEB860830EE024A30EE420A31EE032AA5
:10A8100031EE431A9BED013A9BED005A0190D0F8BE
:10A8200004E0980898ED017AD8ED000A6FF0010273
:10A83000009030EE036A71EE451A74EE452A72EE0E
:10A84000433A30EE430A31EE051A34EE054A32EE51
:10A85000032A02EB930036EE476A71EEA01A72EEFD
:10A86000E02A73EEC73A30EE070A31EE601A34EE92
:10A87000204A32EE072A440881ED004A81ED012A80
:10A880008BED006ACBED011ACAED002ACAED013A40
:10A8900088ED000A88ED011ACDF82880CDF810B0B7
:10A8A00000F054816FF0030006EB46026FF00703DF
:10A8B00000EB061503EB820700EBC60C03EB860BDF
:10A8C000002076464FF0000E00230990CDE9021AD1
:10A8D0000B97CDE907540B9A01EB05098F18049AE1
:10A8E000CDF818C0C8180AEB03080A9D1A4490ED69
:10A8F000024A90ED035AD8ED020AD8ED031A1D441E
:10A9000092ED020A92ED032A34EE206A35EE217AA6
:10A9100095ED021A95ED033A76EE002A77EE023AAB
:10A9200072EE812A73EE833AC0ED022AC0ED033A3B
:10A9300001EB0B008C44D0ED015AD7ED016ADCED40
:10A94000003A75EEA62AD9ED004A34EE604A72EE5E
:10A95000A30A70EEA47A35EE615A90ED008A97ED65
:10A96000009A5CED010A59ED011AC0ED017A1CED67
:10A9700001AA78EE097A19ED01BA37EE8AAA3AEE01
:10A980000BAA80ED00AAF01834EE02AA35EE40BA08
:10A9900090ED02CA90ED03DA3AEE43AA3BEE01BA1B
:10A9A0002AEE0CEA2BEE0DFA2BEE0CBA2AEE0DAACB
:10A9B00075EEE65A3BEE4AAA38EE498A75EEE06A31
:10A9C00033EEE49A82ED03AA76EEA16A38EE09AA84
:10A9D00026EE8DBA2AEE0DDA2AEE0CAA66EE8C6A05
:10A9E0003EEE0FEA3BEE4AAA76EE8D6A82ED02EA6F
:10A9F0004CED016A8CED00AA06EB0E0036EE406AC3
:10AA000037EE427AD0ED046A90ED05AA36EE416A3F
:10AA100037EE437A26EE26BA27EE0ACA27EE267AC2
:10AA200026EE0A6A37EE466A88ED036A32EEE36A7A
:10AA300037EEE07A059536EE646A37EE617A66EEB7
:10AA4000662A67EE263A27EE0A7A26EE0A6A099AFD
:10AA50003BEE0CBA32EEC77A36EE636A88ED02BA84
:10AA600087ED006A87ED017AB01890ED066A90EDE7
:10AA7000077A34EE422A35EE000A32EE032A30EE2F
:10AA8000410A22EE061A20EE073A059831EE031A23
:10AA900020EE060A22EE072A30EE420A80ED021A64
:10AAA00031EEE01A1832DDE907540B9F80ED030AFE
:10AAB000DDF80CA0DDF8288039EE480A31EE651A81
:10AAC000DDF818C0099221EE072A20EE073A20EEA1
:10AAD000060A21EE061A029932EE400A31EE031AF6
:10AAE000013C03F10803A5F10805A7F108070EF1E1
:10AAF000100EACF1080CABF1080B09ED011A89ED51
:10AB0000000A7FF4E5AE06EB030C0CF10800089098
:10AB10000498324600EB030B06EB0E000790103052
:10AB20000B90099D01EB03090AEB03001544434414
:10AB300009F108070BF1080400F1080605F1180EE9
:10AB400003F10808CDF824E019E000BF0EF1180069
:10AB500009900EF110000B900EF10800434608F129
:10AB600008080AF108060BF10804089001F108072B
:10AB7000504672467546CDF81CE0F446894697ED7E
:10AB8000000A96ED001A94ED007A30EE012AD8ED15
:10AB9000000A99ED033A90ED034A72EE472A32EE2D
:10ABA000072A32EE202A30EE410A33EE041A33EE41
:10ABB000443A9BED034A93ED035A87ED002A9BED3F
:10ABC000032A30EE046A71EE443A30EE440A93ED03
:10ABD000034A31EE021A31EE041A089F89ED031A76
:10ABE00073EE471A97ED001A9CED032A36EE456A7C
:10ABF00071EEA01A73EEC53A30EE050A26EE014A50
:10AC000021EE825A21EE811A26EE022A34EE054AFE
:10AC100031EE421A0B9F84ED004A8BED031A97ED3B
:10AC2000001A079F72EEE02A97ED052A22EE814A6C
:10AC300023EE825A23EE811A22EE822A34EE054A4E
:10AC400031EE421A86ED004A80ED031A099833EE80
:10AC5000073A90ED001A95ED072A33EE603A20EEA0
:10AC6000014A23EE025A23EE011A20EE020A009D49
:10AC700034EE052A31EE400A88ED002A83ED030AFE
:10AC800008462946042300F019F8019C04986268DC
:10AC90002946042300F012F862685046294604232E
:10ACA00000F00CF862680A98294604230CB0BDEC49
:10ACB000108B01B0BDE8F04FAFF300802DE9F04FED
:10ACC00081B02DED108BA0B0DFED04CA01900430EF
:10ACD0000C46CDE9033202901A9101E0F304353FAE
:10ACE000E7084FF6F87004EA0006F800A0EBD4007D
:10ACF00007EB8702C00007EB47034FEAC20C029A3A
:10AD00001990E5001801DB004FEA471E09973F0143
:10AD10004FF0000B1F94CDE91D35CDE91B0600BF98
:10AD200013181D9802EB0E0502EB000A199802EBAE
:10AD3000060902EB0C08D619104412ED011A15EDA4
:10AD4000012A19ED013A18ED014A16ED015A53EDA9
:10AD5000010A5AED011A50ED012A31EE026A33EE72
:10AD6000047A75EE203A71EEA24A76EE235A77EE17
:10AD7000246A75EEA67A75EEE65A42ED017A45ED43
:10AD8000015AD8ED007A9AED00AA90ED00BA99ED3B
:10AD900000CAD2ED006AD5ED005A96ED008A93ED17
:10ADA000009A3CEE27EA7AEE0B8A36EEA5DA38EE08
:10ADB00009FA36EE636A37EE647A7EEE684A7DEE13
:10ADC0000F9A7EEE28AA7DEE4F3A36EE24DA36EE62
:10ADD000646A79EEAABA79EEEA9A06ED01DA33EE00
:10ADE000C7DA03ED016A37EE236AC2ED00BAC5ED9A
:10ADF000009A86ED00DA83ED006A31EE421A33EEF6
:10AE0000442A35EE603A31EEE24A3CEE676A7AEE69
:10AE10004B0A72EE441A32EE042A36EE604A36EEDF
:10AE2000206A38EE497A61EEAC1A26EE2C6A71EE91
:10AE3000610A31EE211A77EE461A37EE066A31EED4
:10AE4000067A31EE461A36EEE55A09ED017A22EE1F
:10AE50002C2A24EE2C4A00ED011A30EEA11A1F9C78
:10AE600008ED011A33EE021A30EEE16A35EE047A8B
:10AE70001A990AED016A37EE416A31EE071A1E9DF2
:10AE80001C9E89ED006A80ED001A33EE421A35EE01
:10AE9000442A1B98A34432EE413A31EE021A8B4504
:10AEA0002A4488ED003A8AED001AFFF439AF402CAD
:10AEB000C0F0AE810398019C80B206900998CDE95C
:10AEC000077EC0EBC000C00000270125E6460590C4
:10AED0000698049B074403EBC70191ED000A0C9709
:10AEE0008DED190A91ED010A03EB07118DED180A9A
:10AEF00091ED000A0A948DED170A91ED010A07EB16
:10AF0000470103EBC1028DED160A92ED000A03EB37
:10AF100001118DED150A92ED010A03EB47128DED3B
:10AF2000140A92ED000AA4468DED130A92ED010A6F
:10AF300007EB870203EBC2028DED120A92ED000AC5
:10AF4000059C8DED110A92ED010A0B958DED100A0D
:10AF500091ED000A8DED0F0A91ED010AC7EBC701D3
:10AF600003EBC1018DED0E0A91ED000AD1ED016AEE
:10AF7000DDE907072B468DED0D0A00BF1B990CEB91
:10AF800007050CEB010A1D990CEB06090CEB0E08EA
:10AF90000CEB000B0CEB01020CEB0406DCED027A6F
:10AFA00095ED028A99ED029A98ED02AA9BED02BAFC
:10AFB0009AED02CA92ED02DA96ED02EA77EE88FA8D
:10AFC00039EE0A0A3BEE0C1A3DEE0E2A3FEE81FAEC
:10AFD00070EE028A7FEE289ACCED029A3FEE683A34
:10AFE0009CED03FAD5ED038AD9ED039AD8ED03AAB7
:10AFF000DBED03BAF0EE6C3ADAED03CAD2ED03DA18
:10B00000D6ED03EA3FEE284A39EEAA5A3BEEAC6A87
:10B010003DEEAE7A74EE060A75EE071ADDED134AC0
:10B02000DDED125A70EEA12A70EEE10ACCED032A92
:10B0300064EE831A65EEA02A64EEA00A25EE833A38
:10B0400071EEA21A30EEC33AC5ED021A85ED033A4D
:10B050003FEEC11A30EE420A34EE462A35EE473A48
:10B06000DDED170ADDED161A31EE034A32EE405AD5
:10B0700020EE846A21EE857A20EE855A21EE844AFC
:10B0800035EE444A8BED034A9DED0F4A9DED0E5A75
:10B0900031EE431A30EE020A24EE012A25EE003A80
:10B0A00024EE000A25EE011A37EE066A33EE022A74
:10B0B00030EE410A39EE4A1A3DEE4E3A39EEEA5A7E
:10B0C0003DEEEE7A71EE430A31EE031A35EE473A61
:10B0D00035EE075A8BED026A8AED022A8AED030AE1
:10B0E00037EEC80A3BEE4C2A3FEE684A3BEEEC6A6C
:10B0F00020EEA37A21EE231A23EE233A25EE235ADB
:10B10000F0EE63CA70EE070A72EE011A74EE032ABB
:10B1100076EE057ADDED193A9DED18CA30EEA78A74
:10B1200032EEE19A23EE88AA2CEE09BA23EE899A30
:10B13000DDED0D3A70EEE70A71EEA21A2CEE088AE8
:10B1400063EEA02A66EEA17A63EEA11A66EEA00A6B
:10B150003AEE0BAA39EE488A71EEE00A89ED02AAAE
:10B1600089ED038AC6ED030A30EE470A32EE411A32
:10B1700034EE432A36EE453ADDED110ADDED101AC4
:10B1800030EE034A32EE415A20EE846A21EE857A8F
:10B1900020EE855A21EE844A35EE444A88ED034A72
:10B1A0009DED154A9DED145A30EE430A31EE021A18
:10B1B00024EE002A25EE013A24EE011A25EE000ABB
:10B1C00072EEA72A36EE076A32EE032A31EE400A03
:10B1D000C6ED022A88ED026A82ED022A82ED030A98
:10B1E0001F9A1A9913441E9A1C9E8B429444FFF492
:10B1F000C5AE0B9D099A0A9C01350C9F954204F13E
:10B2000008047FF465AE0398099CC000039067E5CD
:10B2100020B0BDEC108B01B0BDE8F08F50B110B57F
:10B220004FF400710446FFF7A7F938B1BDE81040AC
:10B2300040B27047FF2040B2704700BF4FF48060BB
:10B24000208241F60470C0F6020060610020BDE873
:10B25000104040B27047000050B110B54021044684
:10B26000FFF78AF940B1BDE8104040B2704700BF17
:10B27000FF2040B2704700BF8020208242F6047059
:10B28000C0F6020060610020BDE8104040B2704787
:10B2900050B110B54FF480610446FFF76DF938B135
:10B2A000BDE8104040B27047FF2040B2704700BF79
:10B2B0004FF40060208243F20410C0F60200606187
:10B2C0000020BDE8104040B27047000050B110B5FA
:10B2D00080210446FFF750F940B1BDE8104040B26C
:10B2E000704700BFFF2040B2704700BF4FF480702E
:10B2F000208245F20410C0F6020060610020BDE823
:10B30000104040B27047000050B110B51021044603
:10B31000FFF732F940B1BDE8104040B2704700BFBE
:10B32000FF2040B2704700BF2020208245F2045029
:10B33000C0F6020060610020BDE8104040B27047D6
:10B3400050B110B54FF400610446FFF715F938B15C
:10B35000BDE8104040B27047FF2040B2704700BFC8
:10B360004FF48050208245F28450C0F602006061A4
:10B370000020BDE8104040B27047000050B110B549
:10B380004FF480710446FFF7F7F838B1BDE810407C
:10B3900040B27047FF2040B2704700BF4FF40070CA
:10B3A000208249F28450C0F6020060610020BDE8AE
:10B3B000104040B27047000050B110B52021044643
:10B3C000FFF7DAF840B1BDE8104040B2704700BF67
:10B3D000FF2040B2704700BF4020208249F68450D1
:10B3E000C0F6020060610020BDE8104040B2704726
:10B3F0002DE9F04F81B090468B46002B5ED09BED3F
:10B40000001A9BED012A0688D0F8149031EE023A1A
:10B41000B6EE000A31EE421A23EE003A21EE001A8F
:10B42000022E88ED003A88ED011AC0F01C83721ECE
:10B430000BEBC20E12F00301A6F1020C00F0A28089
:10B440009EED001A9EED012A9BED023A9BED034A08
:10B4500099ED025A99ED036A33EE417A72EE040ACD
:10B4600067EE051A60EE862A27EE066A31EE031AA9
:10B4700034EE422A25EE205A31EE611A32EE062AC7
:10B4800031EE621A32EE452A21EE001A22EE002A2F
:10B49000012988ED021A88ED032A40F075810BF12D
:10B4A000080B08F1080A09F10809AEF1080E624616
:10B4B000BCF1030F80F01582D5E200BF594600228F
:10B4C000012306460124FEF759FF9BED000A9BED80
:10B4D000011A338830EE002A31EE011A32EE013AB9
:10B4E000B6EE000A32EE411A70695E1E23EE003A93
:10B4F00021EE001A88ED003A88ED011A012EB8BF3E
:10B5000034461A1BE5430BEBC60112F0030705EBAB
:10B51000030273D091ED001A9BED023A91ED012ADE
:10B520009BED034A90ED025A90ED036A31EE437AA7
:10B5300072EE040A67EE051A27EE067A31EE031A58
:10B5400034EE422A25EE205A20EE866A31EE211A88
:10B5500032EE072A31EE061A32EE452A21EE001AA3
:10B5600022EE002A012F88ED021A88ED032A0FD15E
:10B570000BF1080B08F10808083008399E1E032A51
:10B580003FD2FEE0C246BCF1030F80F0AA816AE21E
:10B5900011ED021A9BED043A11ED012A9BED054ACB
:10B5A00090ED045A90ED056A31EE437A72EE040A8A
:10B5B00067EE051A27EE067A31EE031A34EE422AB8
:10B5C00025EE205A20EE866A31EE211A32EE072A45
:10B5D00031EE061A32EE452A21EE001A22EE002A3A
:10B5E000022F88ED041A88ED052A40F009810BF13D
:10B5F000100B08F1100810301039DE1E032AC0F0BD
:10B60000C08001F12407311D002200BF0BEB0206B0
:10B61000851817ED092A96ED023A17ED081A96EDEE
:10B62000034A95ED025A95ED036A32EE437A71EEC4
:10B63000040A67EE051A27EE067A32EE032A34EE84
:10B64000411A25EE205A20EE866A32EE212A31EE8A
:10B65000071A32EE062A31EE451A08EB020322EEF3
:10B66000002A21EE001A83ED022A83ED031A17ED5A
:10B670000B2A96ED043A17ED0A1A96ED054A95ED58
:10B68000045A95ED056A32EE437A71EE040A67EECC
:10B69000051A27EE067A32EE032A34EE411A25EE19
:10B6A000205A20EE866A32EE212A31EE071A32EE57
:10B6B000062A31EE451A22EE002A21EE001A83ED09
:10B6C000042A83ED051A17ED0D2A96ED063A17EDBB
:10B6D0000C1A96ED074A95ED065A95ED076A32EE7B
:10B6E000437A71EE040A67EE051A27EE067A32EE07
:10B6F000032A34EE411A25EE205A20EE866A32EEF5
:10B70000212A31EE071A32EE062A31EE451A22EED0
:10B71000002A21EE001A83ED062A83ED071A17EDA1
:10B720000F2A96ED083A17ED0E1A96ED094A95ED97
:10B73000085A95ED096A32EE437A71EE040A67EE13
:10B74000051A27EE067A32EE032A34EE411A25EE68
:10B75000205A20EE866A32EE212A31EE071A32EEA6
:10B76000062A31EE451A0439203F22EE002A21EE46
:10B77000001A2032042983ED082A83ED091A3FF7C5
:10B7800045AF01B0BDE8F08F1EED021A1EED012A93
:10B790009BED043A9BED054A99ED045A99ED056A33
:10B7A00033EE417A72EE040A67EE051A60EE862ADD
:10B7B00027EE066A31EE031A34EE422A25EE205AAD
:10B7C00031EE611A32EE062A31EE621A32EE452A65
:10B7D00021EE001A22EE002A022988ED041A88EDD3
:10B7E000052A45D10BF1100B08F1100A09F11009D7
:10B7F000AEF1100EF21EBCF1030F72D233E100BFA6
:10B800009BED061A11ED043A9BED072A11ED034A50
:10B8100090ED065A90ED076A33EE417A74EE020A13
:10B8200067EE051A27EE067A33EE011A32EE442A45
:10B8300025EE205A20EE866A31EE211A32EE072AD2
:10B8400031EE061A32EE452A21EE001A22EE002AC7
:10B850000BF1180B88ED061A88ED072A08F1180875
:10B86000183018391E1F032ABFF4CBAE89E700BF7A
:10B870009BED061A9BED072A1EED045A1EED036A86
:10B8800099ED063A99ED074A31EE457A76EE020ACD
:10B8900067EE031A60EE842A27EE044A35EE011A99
:10B8A00032EE462A23EE203A31EE611A32EE042AB5
:10B8B00031EE621A32EE432A0BF1180B08F1180A26
:10B8C00009F1180921EE001A22EE002AAEF1180E35
:10B8D000321F88ED061A88ED072ABCF1030FC0F06D
:10B8E000C280561E0EF12401002400BF0BEB04029F
:10B8F00009EB040511ED081A11ED092A92ED023A3F
:10B9000092ED034A95ED025A95ED036A33EE427AC1
:10B9100071EE040A67EE051A60EE862A27EE066AC3
:10B9200032EE032A34EE411A25EE205A32EE612A15
:10B9300031EE061A32EE622A31EE451A0AEB04079E
:10B9400022EE002A21EE001A87ED022A87ED031A63
:10B9500011ED0A1A11ED0B2A92ED043A92ED054A07
:10B9600095ED045A95ED056A33EE427A71EE040ABC
:10B9700067EE051A60EE862A27EE066A32EE032A83
:10B9800034EE411A25EE205A32EE612A31EE061AC3
:10B9900032EE622A31EE451A22EE002A21EE001A1A
:10B9A00087ED042A87ED051A11ED0C1A11ED0D2A09
:10B9B00092ED063A92ED074A95ED065A95ED076A23
:10B9C00033EE427A71EE040A67EE051A60EE862ABB
:10B9D00027EE066A32EE032A34EE411A25EE205A8B
:10B9E00032EE612A31EE061A32EE622A31EE451A43
:10B9F00022EE002A21EE001A87ED062A87ED071AAB
:10BA000011ED0E1A11ED0F2A92ED083A92ED094A46
:10BA100095ED085A95ED096A33EE427A71EE040A03
:10BA200067EE051A60EE862A27EE066A32EE032AD2
:10BA300034EE411A25EE205A32EE612A31EE061A12
:10BA400032EE622A31EE451A043E203922EE002AF7
:10BA500021EE001A203416F1020F87ED082A87ED37
:10BA6000091AFFF443AF41461A46012301B0BDE86D
:10BA7000F04FFEF783BC0000B1F5007F0ADA7F29A2
:10BA800016DC20292AD0402940D14BF2B931C0F62A
:10BA900000010847B1F5006F14DAB1F5007F23D03B
:10BAA000B1F5806F32D14BF21D21C0F6000108477D
:10BAB00080291FD0B1F5807F28D14BF2CD21C0F66F
:10BAC00000010847B1F5805F1AD0B1F5006F1DD1B4
:10BAD0004BF29121C0F60001084700BF4BF209313B
:10BAE000C0F60001084700BF4BF27D31C0F60001EF
:10BAF000084700BF4BF25921C0F60001084700BFBC
:10BB00004BF24131C0F60001084700BF4FF0FF3053
:10BB100070470000F9F71EFDFDF71AFEFBF768F805
:10BB2000FBF792F8FBF7B6F8F6F710FFF6F78AFF87
:10BB3000F7F71EF8FCE7000010B582B0D0B303465B
:10BB40004CF6746041F666728C46C2F20000C0F694
:10BB500001026021CDF800C0F4F722FC01385E2814
:10BB600028D84CF67460C2F20000F4F7B5FD40F23C
:10BB7000D8040104C2F200040BD004F114034CF603
:10BB8000746182B2C2F2000118464FF47A73FAF778
:10BB900061FF4CF6500104F11400C0F600010322CD
:10BBA0004FF47A73FAF756FF022002B0BDE8104056
:10BBB000F9F7D2BB02B010BDB0B540F2D805C2F261
:10BBC000000568B10446F4F787FD010408D005F1CB
:10BBD000140182B2084621464FF47A73FAF73AFF0D
:10BBE0004CF6500105F11400C0F6000103224FF499
:10BBF0007A73FAF72FFF0220BDE8B040F9F7ACBB2B
:10BC000010B582B000283DD08E46D9B39446CAB351
:10BC100003464CF6746041F65872C2F20000C0F65A
:10BC200001026021CDE900ECF4F7BAFB01385E288F
:10BC300028D84CF67460C2F20000F4F74DFD40F2D3
:10BC4000D8040104C2F200040BD004F114034CF632
:10BC5000746182B2C2F2000118464FF47A73FAF7A7
:10BC6000F9FE4CF6500104F11400C0F60001032265
:10BC70004FF47A73FAF7EEFE022002B0BDE81040EE
:10BC8000F9F76ABB02B010BD70B582B098B1164624
:10BC90008AB11C467BB103464CF674600D46C2F275
:10BCA000000021A26021CDE90054F4F779FB60384F
:10BCB00010F15F0F02D202B070BD00BF4CF674608D
:10BCC000C2F20000F4F708FD40F2D8050104C2F208
:10BCD00000050BD005F114034CF6746182B2C2F278
:10BCE000000118464FF47A73FAF7B4FE14354CF697
:10BCF0005001C0F60001284603224FF47A73FAF788
:10BD0000A9FE0220F9F728FB0A20F9F725FB2846AF
:10BD1000314622464FF47A73FAF79CFE022002B0B5
:10BD2000BDE87040F9F718BB616464742025732C7A
:10BD300025642C25750000004100080218BF04206E
:10BD40000A0E18BF40F001004FF07F4232EA0101B5
:10BD500008BF40F00200012808BF0520704700001E
:10BD600070B54FF068422DED048BF0EE408A18EE6E
:10BD7000900AB0EE608A18EE101A02EB4003B3F19D
:10BD8000654F3CBF02EB4102B2F1654F7DD200BF6F
:10BD9000C0F3C753C1F3C7529A1A1B2A09DD10F02A
:10BDA000004F14BF9FED830A9FED830ABDEC048B07
:10BDB00070BD12F11A0F36DA11F0004F09D010F0F1
:10BDC000004F0CBF9FED7D0A9FED7D0ABDEC048BFB
:10BDD00070BD88EE889A19EE100AFFF7ADFF0428AF
:10BDE00008BF00F09FFB18EE900AFFF7A5FF05467D
:10BDF00018EE100AFFF7A0FF044619EE100AFFF72D
:10BE00009BFF042D18BF052D08D1042C18BF052C4D
:10BE100004D1002804BF0220F4F7B4FCB0EE490AB4
:10BE2000BDEC048B70BD4200B2EB410F3AD910F06B
:10BE3000004F19BFDFED630A9FED630ADFED630A70
:10BE40009FED630AB0EE481A0A46B1EE688A80F0A8
:10BE50000041F0EE418A10460A1A5200B2F1807F8A
:10BE600034D2484010F0004FDFED5A1A9FED5A2AA5
:10BE70001DBFBEEE001A70EEE10A30EE420AB6EEC9
:10BE8000001A08BF70EEA10A00E040E008BF30EEE3
:10BE9000020AB0EE682A01EE482A08EE818AC2EE54
:10BEA000081A15E011F0004F04BF9FED4C0AF0EEA8
:10BEB000400AD1D010F0004F19BFDFED490A9FEDC5
:10BEC000490ADFED490A9FED490AC5E7C8EE881A1D
:10BED00021EEA11A9FED462ADFED462A41EE022A05
:10BEE0009FED452A01EE222ADFED442A41EE022A87
:10BEF0009FED432ABDEC048B01EE222A21EE811A2C
:10BF000001EE020A30EE210A30EE200A70BD4FF039
:10BF10007F42B2EB400F28BFB2EB410F09D2F0EEE7
:10BF2000480AB0EE680ABDEC048BBDE8704000F032
:10BF3000EEBA40EA01035B0008BF41F0FF410BD0BD
:10BF4000B2EB400F08BFB2EB410F08D120F08040A8
:10BF500008EE900A21F0804108EE101A18E7B2EBC3
:10BF6000400F12BF5FEA410340F0FF4001F0004183
:10BF70003FF40EAFB2EB410F12BF5FEA400200F098
:10BF8000004041F0FF413FF403AF4A0092EA400312
:10BF90003FF5FEAE002AACBF9FED1A0A9FED1A0ACC
:10BFA00068EE808A28EE008A18EE900A18EE101AC1
:10BFB000EEE60000DB0FC9BFDB0FC93FDB0F4940D6
:10BFC000DB0F49C00000C9BF22AAFDB90000C93F6C
:10BFD00022AAFD390060ED3EC30ACE370000000002
:10BFE000000049C022AA7DBA0000494022AA7D3A39
:10BFF0002DAD65BD8FB8D53D0FB511BE61C84C3EA6
:10C00000A8AAAABE0000804F0000802F10EE101AD0
:10C0100008B5444A6846B2EB410F28D94FF0E640D4
:10C02000B0EB410F94BF00204FF0FF30009000981C
:10C03000002861DB60EE000A10F0010F45D010F01F
:10C04000020FDFED391A9FED391A00EEA11ADFED6C
:10C05000381A40EE811A21EEA01AF0EE400A40EEA6
:10C06000010A08BFF1EE600AB0EE600A08BD314B6C
:10C0700021F0004293423CD911F0004FDFED2E0A2F
:10C0800020EE201ADFED2D0A19BF31EE601A71EE95
:10C09000200A31EE201A71EE600ABDEEE01A11EEB0
:10C0A000100A9FED271A00F0030000EEC10A9FED71
:10C0B000251A009000EEC10A9FED231A00EEC10A76
:10C0C0009FED221A00EEC10AB1E79FED211A9FED04
:10C0D000210A10F0020F00EE810A9FED1F1A00EEF8
:10C0E000801AB7EE000A00EE810A18BFB1EE400ACE
:10C0F00008BD00F01FFA9AE710EE100A4000B0F1F8
:10C100007F4F3CBFB7EE000A08BD07D14FF00100DA
:10C11000F4F738FBBDE8084000F0FCB9BDE8084082
:10C1200000F0F2B9B61F927E336D4CB9DA82083C4A
:10C13000A0AA2ABE490E494683F9223F0000004BBF
:10C140000000C93F00A0FD390020A2331A61342C41
:10C15000B93AB2BACA9F2A3DDDFFFFBE10EE100AFF
:10C1600010B50023A0F50001B1F1FE4F67D200BF6A
:10C1700000F500216FF07E0202EBE15CC1F3025298
:10C180004FF07E5101EB025100EE901AA0EBCC5023
:10C1900003EB0C0100EE100A51EA020036D030EE3B
:10C1A000601A70EE200A9FED3D2A3E4881EE200A7B
:10C1B0009FED3B1A60EE000A00EE821A60EE201A34
:10C1C00061EE810A784401EE101A00EB82009FEDC7
:10C1D000362AB8EEC11AD0ED001A344841EE021AE0
:10C1E000784401EE101A00EB8200B8EEC11A90ED0F
:10C1F000002ADFED2F2A01EE222AB0EE001A72EE9D
:10C20000200A40EE010A31EEA00A10BDF7EE000A46
:10C210009FED291A30EE600ADFED260A00EE201AA3
:10C22000DFED260A60EE001A40EE010A9FED241AA7
:10C2300000EE201A61EE810A30EE200A10BD4FF0A8
:10C240007F41B1EB400F03D2BDE8104000F05CB974
:10C25000B0F1FF4F08BF10BDB5EEC00AF1EE10FA05
:10C2600006D20120F4F78EFABDE8104000F052B972
:10C27000B5EEC00AF1EE10FA07D10220F4F782FA07
:10C2800000F038F9B1EE400A10BDDFED0E0A6FF094
:10C29000160320EE200A10EE100A69E766F1CC3E84
:10C2A000AAAA2A3F100600000070313F14060000C1
:10C2B000F4FD053821ED423E0A1180BEC1ABAA3E15
:10C2C000FFFFFFBE0000004B10B52DED028BB0EE5E
:10C2D000408A18EE100A00F031FA01EE100A18EE4A
:10C2E000100AB7EE000A78EE410A10F0004F4FF046
:10C2F0007F4010EE901A12D0B1F13F4F24BF10EEE4
:10C30000901AB0EB410F12D210EE901AB1F17C5F8F
:10C310001CDD10EE901AB0EB410F17D314E0B1F111
:10C320003F4F07D910EE901AB0EB410F02D331EE18
:10C33000401A0BE010EE901AB1F17C5F06DB10EEB4
:10C34000901AB0EB410F01D331EE001A18EE100A2B
:10C35000BDEC028B11EE101A61F31E0000EE100A04
:10C3600010BD000000B510EE101A2DED028B81B04B
:10C37000524A6846B2EB410F2ED94FF0E640B0EB7F
:10C38000410F94BF00204FF0FF3000900098B0EEB6
:10C39000408A00286ADB10F0010F4BD068EE080AD3
:10C3A0009FED471A9FED470A00EE810A9FED461A5E
:10C3B00010F0020F00EE801AB7EE000A00EE810ABC
:10C3C00002BF01B0BDEC028B00BD00BF01B0B1EEF9
:10C3D000400ABDEC028B00BD3C4B21F00042934271
:10C3E00041D911F0004FDFED3A0A20EE201ADFEDBF
:10C3F000390A19BF31EE601A71EE200A31EE201AA7
:10C4000071EE600ABDEEE01A11EE100A9FED321ACD
:10C4100000F0030000EEC10A9FED301A009000EE1C
:10C42000C10A9FED2F1A00EEC10A9FED2E1A00EEF1
:10C43000C10AABE728EE080A9FED2B1ADFED2B0AA5
:10C4400010F0020F40EE010A9FED291A00EE201AAB
:10C4500061EE000AB0EE480A08EE200AB6D101B03B
:10C46000BDEC028B00BD00F065F88FE718EE100AF6
:10C470004000B0F17F4F0DD218EE100AFFF75CFCC0
:10C48000042808BF00F04EF8B0EE480A01B0BDEC39
:10C49000028B00BD09D10120F4F774F901B0BDECA5
:10C4A000028B5DF804EB00F035B801B0B0EE480A3D
:10C4B000BDEC028B5DF804EB00F026B8B61F927E4F
:10C4C000B93AB2BACA9F2A3DDDFFFFBE490E4946BE
:10C4D00083F9223F0000004B0000C93F00A0FD3956
:10C4E0000020A2331A61342C336D4CB9DA82083C37
:10C4F000A0AA2ABEDFED030AB7EE001A81EE200AD9
:10C50000704700000000000030EE000A704730EE77
:10C51000200A7047DFED020A80EEA00A7047000093
:10C52000000000009FED020A20EE000A70470000A4
:10C53000000000102DE9F0014FF07F42B2EB410FF7
:10C540009FBF4FF0FF310160BDE8F00170474FF031
:10C55000004242EA0123C1F3C752783A551112F062
:10C560001F0C434CCCF120067C44C1F3C752A2F10E
:10C5700078024FEA621204EB820254F8254008BFA9
:10C58000D2E9015612D0556804FA0CF425FA06F7E0
:10C590003C43976805FA0CF527FA06F8D26807FAC3
:10C5A0000CFCF24045EA08054CEA0206A4FB034CE9
:10C5B000A5FB0352A6FB03631D449D4234BF012625
:10C5C00000261319334416B1934202D903E0934273
:10C5D00001D2012200E00022624402F1200C920606
:10C5E000DC0C42EA443200EE102A5B03DFED210A44
:10C5F000F8EEC01A00EE103A4FEA9C1C11F0004F02
:10C60000B8EE400AC0F800C020EE201A00EE105A22
:10C61000DFED190AB8EE400A20EE200A71EE810A19
:10C6200070EE800A10EE902A02F500626FF30B02A2
:10C6300000EE902A70EEE11A31EEC11ADFED101A09
:10C6400030EE411A9FED0D0A20EE800A01EE210A1C
:10C650009FED0C1A00EE810A04BFBDE8F00170479F
:10C66000CCF180510160BDE8F001B1EE400A7047A5
:10C67000AC020000000000360000802C22AAFD2938
:10C68000DB0FC92F0000C92F30380A2801D2012042
:10C690007047002070470EF1020E2EF0030E5EF878
:10C6A000044B244204D44FEA4102B2F17F4F11D827
:10C6B0004FEA4003B3F17F4F0CD80ED14FEAD07C44
:10C6C0000CEB4C0C0CF1020CB2F17F4F08BF4CEBA1
:10C6D000D17C04E04FF0080C01E04FEAD17C0CEB78
:10C6E0004C0324FA03F404F00704B4F1040C06D25A
:10C6F0000EEB840CBDE810404CF0010C6047DFE805
:10C700000CF0070802024FF00040A0F5800010BDB9
:10C710000846420018BFD2F1807288BF00F0004086
:10C7200010BDF1EE100A4FF6FF71C0F2C03120EAE1
:10C73000010040F04070E1EE100A70475FEA400CE3
:10C740005FEA1C6CBCF17F0314D4D3F1170240F3F1
:10C750001C804FF0010C0CFA02FCACF10103034009
:10C7600020EA0300B3EB5C0208BF10EA0C0F88BF9D
:10C7700060447047B3F1FF3F28BF5FEA002C00F030
:10C78000004088BF40F07E507047BCF1FF0FB8BF3B
:10C79000704710B5FFF77FFF40DBB6BE3031323354
:10C7A00034353637383941424344454640305800E5
:10C7B0003031323334353637383961626364656617
:10C7C0004030780004000008000000000000000273
:10C7D0000001000010000000000000000030F13DEA
:10C7E0000070643E0000A33E0090CF3E0090F83EF3
:10C7F00000400F3F00E0203F0000000015B78337E6
:10C80000CDE37B380EE1C53860F69138AF5F0F3865
:10C81000E1BC3E3823F44739000000006E83F9A2E2
:10C820002915444ED15727FCC0DD34F5999562DBBC
:10C830004190433CAB6351FE00000000000000004B
:10C8400001020304060708090000000001020304B6
:10C85000FFFFFF0008000010100000021800001287
:10C8600020000004280000143000000638000016E4
:10C8700040000008480000185000000A5800001A44
:10C880006000000C6800001C7000000E7800001EA4
:10C89000800000088800401090004002980040127C
:10C8A000A0004004A8004014B0004006B8004016A4
:10C8B000C0004008C8004018D000400AD800401A04
:10C8C000E000400CE800401CF000400EF800401E64
:10C8D0000001000808018010100180021801801278
:10C8E0002001800428018014300180063801801660
:10C8F00040018008480180185001800A5801801AC0
:10C900006001800C6801801C7001800E7801801E1F
:10C91000800140088801C0109001C0029801C01237
:10C92000A001C004A801C014B001C006B801C0161F
:10C93000C001C008C801C018D001C00AD801C01A7F
:10C94000E001C00CE801C01CF001C00EF801C01EDF
:10C950000002000808020011100200031802001370
:10C9600020020005280200153002000738020017D7
:10C9700040020009480200195002000B5802001B37
:10C980006002000D6802001D7002000F7802001F97
:10C9900080028008880240119002400398024013F0
:10C9A000A0024005A8024015B0024007B802401797
:10C9B000C0024009C8024019D002400BD802401BF7
:10C9C000E002400DE802401DF002400FF802401F57
:10C9D000000340080803801110038003180380132C
:10C9E0002003800528038015300380073803801753
:10C9F00040038009480380195003800B5803801BB3
:10CA00006003800D6803801D7003800F7803801F12
:10CA10008003C0088803C0119003C0039803C013AB
:10CA2000A003C005A803C015B003C007B803C01712
:10CA3000C003C009C803C019D003C00BD803C01B72
:10CA4000E003C00DE803C01DF003C00FF803C01FD2
:10CA50000004001008040810100400111804081243
:10CA600020040810280408143004080638040816A6
:10CA700040040808480408185004080A5804081A12
:10CA80006004080C6804081C7004080E7804081E72
:10CA90008004001888044810900400199804481273
:10CAA000A0040818A8044814B0044806B80448169E
:10CAB000C0044808C8044818D004480AD804481AD2
:10CAC000E004480CE804481CF004480EF804481E32
:10CAD000000540100805881010054011180588123F
:10CAE0002005481028058814300588063805881662
:10CAF00040058808480588185005880A5805881A8E
:10CB00006005880C6805881C7005880E7805881EED
:10CB1000800540188805C810900540199805C8126E
:10CB2000A0054818A805C814B005C806B805C81659
:10CB3000C005C808C805C818D005C80AD805C81A4D
:10CB4000E005C80CE805C81CF005C80EF805C81EAD
:10CB50000006801008060811100680111806081338
:10CB6000200688102806081530060807380608171A
:10CB700040060809480608195006080B5806081B05
:10CB80006006080D6806081D7006080F7806081F65
:10CB90008006801888064811900680199806481368
:10CBA000A0068818A8064815B0064807B806481712
:10CBB000C0064809C8064819D006480BD806481BC5
:10CBC000E006480DE806481DF006480FF806481F25
:10CBD0000007C010080788111007C0111807881334
:10CBE0002007C810280788153007880738078817D6
:10CBF00040078809480788195007880B5807881B81
:10CC00006007880D6807881D7007880F7807881FE0
:10CC10008007C0188807C8119007C0199807C81363
:10CC2000A007C818A807C815B007C807B807C817CD
:10CC3000C007C809C807C819D007C80BD807C81B40
:10CC4000E007C80DE807C81DF007C80FF807C81FA0
:10CC500008081010100840081808101220080011C9
:10CC600028081014300880113808101648081018C9
:10CC70005008100A5808101A6008100C6808101C98
:10CC80007008100E7808101E8008000A88085010DE
:10CC90009008000B98085012A008080AA808501421
:10CCA000B008080BB8085016C008100AC808501879
:10CCB000D008500AD808501AE008500CE808501C58
:10CCC000F008500EF808501E08099010100980094D
:10CCD00018099012200900192809901430098019A8
:10CCE000380990164009000B480990185009900A1D
:10CCF0005809901A6009900C6809901C7009900EF0
:10CD00007809901E8009400A8809D0109009400BCC
:10CD10009809D012A009480AA809D014B009480BF4
:10CD2000B809D016C009500AC809D018D009D00ACD
:10CD3000D809D01AE009D00CE809D01CF009D00EAF
:10CD4000F809D01E080A1011180A1013200A401101
:10CD5000280A1015300AC011380A1017480A10198D
:10CD6000500A100B580A101B600A100D680A101D9B
:10CD7000700A100F780A101F880A5011900A800B51
:10CD8000980A5013A00A5011A80A5015B00A880B2F
:10CD9000B80A5017C00A800BC80A5019D00A500BA5
:10CDA000D80A501BE00A500DE80A501DF00A500F37
:10CDB000F80A501F080B9011180B9013200B401904
:10CDC000280B9015300BC019380B9017480B901991
:10CDD000500B900B580B901B600B900D680B901D27
:10CDE000700B900F780B901F880BD011900BC00B1D
:10CDF000980BD013A00B5019A80BD015B00BC80B73
:10CE0000B80BD017C80BD019D80BD01BE00BD00D26
:10CE1000E80BD01DF00BD00FF80BD01F000C001248
:10CE2000080C1810100C0013180C1812200C081203
:10CE3000280C1814300C0813380C1816400C10125B
:10CE4000480C1818500C1013580C181A600C1812B3
:10CE5000680C181C700C180E780C181E800C001A28
:10CE6000880C5810900C001B980C5812A00C081A33
:10CE7000A80C5814B00C081BB80C5816C00C101A8B
:10CE8000C80C5818D00C101BD80C581AE00C181AE3
:10CE9000E80C581CF00C580EF80C581E000D4012EF
:10CEA000080D9810100D4013180D9812200D4812FF
:10CEB000280D9814300D4813380D9816400D501257
:10CEC000480D9818500D5013580D981A600D5812AF
:10CED000680D981C700D980E780D981E800D401AE4
:10CEE000880DD810900D401B980DD812A00D481A2F
:10CEF000A80DD814B00D481BB80DD816C00D501A87
:10CF0000C80DD818D00D501BD80DD81AE00D581ADE
:10CF1000E80DD81CF00DD80EF80DD81E000E8012AA
:10CF2000080E1811100E8013180E1813200E8812F8
:10CF3000280E1815300E8813380E1817400E901250
:10CF4000480E1819500E9013580E181B600E9812A8
:10CF5000680E181D700E180F780E181F800E801A9C
:10CF6000880E5811900E801B980E5813A00E881A28
:10CF7000A80E5815B00E881BB80E5817C00E901A80
:10CF8000C80E5819D00E901BD80E581BE00E981AD8
:10CF9000E80E581DF00E580FF80E581F000FC01263
:10CFA000080F9811100FC013180F9813200FC812F4
:10CFB000280F9815300FC813380F9817400FD0124C
:10CFC000480F9819500FD013580F981B600FD812A4
:10CFD000680F981D700F980F780F981F800FC01A58
:10CFE000880FD811900FC01B980FD813A00FC81A24
:10CFF000A80FD815B00FC81BB80FD817C00FD01A7C
:10D00000C80FD819D00FD01BD80FD81BE00FD81AD3
:10D01000E80FD81DF00FD81BF80FD81F08102010EC
:10D0200010104010181020122810201430108810F2
:10D0300038102016401000114810201850104011D0
:10D040005810201A601008126810201C70108812E6
:10D050007810201E801000128810081290104012C4
:10D0600098106012A0102012A8106014B010601266
:10D07000B8106016C0100013C8106018D01040130C
:10D08000D810601AE0101812E810601CF010981206
:10D09000F810601E08112012101140111811A01272
:10D0A000201108182811A014301188183811A01662
:10D0B0004811A0185811A01A6011081A6811A01C74
:10D0C0007011881A7811A01E801110128811181280
:10D0D000901150129811E012A0111818A811E01424
:10D0E000B0119818B811E016C0111013C811E0184B
:10D0F000D0115013D811E01AE011181AE811E01CF1
:10D10000F011981AF811E01E001200180812081801
:10D11000101240181812201320122018281220155F
:10D1200030126018381220174012001948122019C6
:10D13000501240195812201B601220196812201D2D
:10D140007012C8127812201F8012001A8812081A52
:10D150009012401A98126013A012201AA81260159B
:10D16000B012601AB8126017C012001BC812601902
:10D17000D012401BD812601BE012201BE812601D69
:10D18000F012601BF812601F001310180813181813
:10D19000101350181813A013201348182813A015A3
:10D1A0003013C8183813A017401310194813A019CA
:10D1B000501350195813A01B6013481A6813A01D70
:10D1C0007013C81A7813A01F8013101A8813181A26
:10D1D0009013501A9813E013A0135818A813E015D1
:10D1E000B013D818B813E017C013101BC813E019F8
:10D1F000D013501BD813E01BE013581AE813E01D9E
:10D20000F013D81AF813E01F081420141014001596
:10D210001814201530140815381428164014001559
:10D2200048142818501410155814281A6014201582
:10D230006814281C701418157814281E8014001CFB
:10D240008814201C9014001D9814201DA014081C84
:10D25000A814281CB014081DB8146816C014101C9B
:10D26000C8146818D014101DD814681AE014181CBB
:10D27000E814681CF014181DF814681E0815201511
:10D280001015401518156015201528182815281C8C
:10D29000301548153815A8164815A8185815A81A95
:10D2A0006015281A6815A81C7015A81A7815A81EEC
:10D2B0008015401C8815601C9015401D9815601D38
:10D2C000A015481CA815681CB015481DB815E8160F
:10D2D000C015501CC815E818D015501DD815E81AEF
:10D2E000E015581CE815E81CF015581DF815E81E47
:10D2F0000016001C0816081C1016401C1816481CA6
:10D300002016201C2816281C3016601C38162817DA
:10D310004016001D481628195016401D5816281B87
:10D320006016201D6816281D7016601D7816281FAF
:10D330008016801C8816A01C9016801D9816A01DB3
:10D34000A016881CA816A81CB016881DB816681749
:10D35000C016901CC8166819D016901DD816681BE8
:10D36000E016981CE816681DF016981DF816681F40
:10D370000017101C0817181C1017501C1817581CE1
:10D38000201768182817681C3017E8183817A817CE
:10D390004017101D4817A8195017501D5817A81BE3
:10D3A0006017681A6817A81D7017E81A7817A81F61
:10D3B0008017C01C8817E01C9017C01D9817E01D2F
:10D3C000A017C81CA817E81CB017C81DB817E81785
:10D3D000C017D01CC817E819D017D01DD817E81BE4
:10D3E000E017D81CE817E81DF017D81DF817E81F3C
:10D3F00018186018301848183818601C5818301A57
:10D400006818301C7018181A7818301E8018001A06
:10D410008818081A9018001B98186019A018201A6C
:10D42000A818281AB018201BB818601DC018101AA8
:10D43000C818181AD018101BD818701AE018301A0B
:10D44000E818701CF018581AF818701E08192019DE
:10D450001819601A2819081D301988193819881DDB
:10D460004819201B5819B01A6019081B6819B01CFC
:10D470007019881B7819B01E8019401A8819481A2B
:10D480009019401B9819601BA019601AA819181D43
:10D49000B019601BB819981DC019501AC819581A2C
:10D4A000D019501BD819F01AE019181BE819F01CF4
:10D4B000F019981BF819F01E381A701C581A301BF6
:10D4C000681A301D701A181B781A301F901AC01A6B
:10D4D000981AC81AB01AE01AB81AE81AC01A801BAB
:10D4E000C81A881BD01AC01BD81A701BE01AA01BC0
:10D4F000E81A701DF01AE01BF81A701F281B481D4F
:10D50000381BC81D481B601B581BB01B681BB01D77
:10D51000701BC81B781BB01F901BC01B981BC81B1F
:10D52000A81B581DB01BE01BB81BD81DD81BF01B37
:10D53000E81BF01DF81BF01F081C201C181C301CD9
:10D54000381C681C481C601C581C701C781C381E39
:10D55000801C001E881C201E901C001F981C201F71
:10D56000A01C081EA81C281EB01C081FB81C281FC1
:10D57000C01C101EC81C301ED01C101FD81C301F11
:10D58000E01C181EE81C381EF01C181FF81C781E22
:10D59000081D201D181D301D381DA81D481D601DAB
:10D5A000581D701D681D281F781DB81E801D401E47
:10D5B000881D601E901D401F981D601FA01D481EE5
:10D5C000A81D681EB01D481FB81D681FC01D501E35
:10D5D000C81D701ED01D501FD81D701FE01D581E85
:10D5E000E81D781EF01D581FF81DF81E081E201E8D
:10D5F000181E301E481E601E581E701E781E381FD2
:10D60000881EA01E901E801F981EA01FB01E881F7F
:10D61000B81EA81FC01E801FC81E881FD01E901FC6
:10D62000D81EB01FE01EA01FE81EA81FF01E981FE6
:10D63000F81E781F081F201F181F301F481F601F6B
:10D64000581F701F781FB81F881FA01F901FC01F72
:10D65000981FE01FB01FC81FB81FE81FC81FE01F9A
:10D66000D81FF01F08000002100040001800400200
:10D6700020008000280080023000C0003800C00276
:10D6800040000001480000035000400158004003E2
:10D6900060008001680080037000C0017800C00352
:10D6A00080000002880008029000000398004802F1
:10D6B000A0000802A8008802B000C800B800C80294
:10D6C000C0000801C8000803D0004801D800480382
:10D6D000E0008801E8008803F000C801F800C803F2
:10D6E000080110021001400118015002200100033E
:10D6F00028019002300148013801D002480110038E
:10D700005801500360019001680190037001D0013D
:10D710007801D00380014002880118029001400383
:10D7200098015802A0014802A8019802B0014803DC
:10D73000B801D802C0015002C8011803D00150033B
:10D74000D8015803E0015802E8019803F00158039A
:10D75000F801D803080220021002400218026002F9
:10D760002802A002300260023802E00240020003F8
:10D770004802200350024003580260036002200365
:10D780006802A003700260037802E0038802A0022E
:10D79000900280039802A003B0028803B802E80256
:10D7A000C0028003C8022803D0029003D802680395
:10D7B000E002A003E802A803F0029803F802E803DD
:10D7C00008032003100340031803600328038803A1
:10D7D0003003600338039803480360035803700361
:10D7E0006803B0037803F0038803A0039003C00329
:10D7F0009803E003B003C803B803E803C803E003D9
:10D80000D803F00308004000180048001000400052
:10D810002800500020004000380058003000480028
:10D8200058006800480060006800700008000010A0
:10D830001000002018000030200000022800001214
:10D84000300000223800003240000004480000147C
:10D8500050000024580000346000000668000016E4
:10D86000700000267800003680000008880000184C
:10D870009000002898000038A000000AA800001AB4
:10D88000B000002AB800003AC000000CC800001C1C
:10D89000D000002CD800003CE000000EE800001E84
:10D8A000F000002EF800003E0001000408014010C6
:10D8B0001001402018014030200140022801401290
:10D8C00030014022380140324001400448014014F8
:10D8D0005001402458014034600140066801401660
:10D8E00070014026780140368001400888014018C8
:10D8F0009001402898014038A001400AA801401A30
:10D90000B001402AB801403AC001400CC801401C97
:10D91000D001402CD801403CE001400EE801401EFF
:10D92000F001402EF801403E00020008080280107D
:10D93000100280201802803020028002280280120B
:10D940003002802238028032400280044802801473
:10D9500050028024580280346002800668028016DB
:10D960007002802678028036800280088802801843
:10D970009002802898028038A002800AA802801AAB
:10D98000B002802AB802803AC002800CC802801C13
:10D99000D002802CD802803CE002800EE802801E7B
:10D9A000F002802EF802803E0003000C0803C01035
:10D9B0001003C0201803C0302003800C2803C012BD
:10D9C0003003C0223803C0324003C0044803C014EF
:10D9D0005003C0245803C0346003C0066803C01657
:10D9E0007003C0267803C0368003C0088803C018BF
:10D9F0009003C0289803C038A003C00AA803C01A27
:10DA0000B003C02AB803C03AC003C00CC803C01C8E
:10DA1000D003C02CD803C03CE003C00EE803C01EF6
:10DA2000F003C02EF803C03E0804001110040021CA
:10DA3000180400312004000C2804001330040023D3
:10DA40003804003340040005480400155004002544
:10DA500058040035600400076804001770040027AC
:10DA60007804003780040009880400199004002914
:10DA700098040039A004000BA804001BB004002B7C
:10DA8000B804003BC004000DC804001DD004002DE4
:10DA9000D804003DE004000FE804001FF004002F4C
:10DAA000F804003F080540111005402118054031D9
:10DAB0002005000D2805401330054023380540336C
:10DAC000480540155005402558054035600540077C
:10DAD00068054017700540277805403780054009E4
:10DAE000880540199005402998054039A005400B4C
:10DAF000A805401BB005402BB805403BC005400DB4
:10DB0000C805401DD005402DD805403DE005400F1B
:10DB1000E805401FF005402FF805403F000640088B
:10DB20000806801110068021180680312006C008E2
:10DB300028068013300680233806803340064009CB
:10DB400048068015500680255806803560068007F7
:10DB5000680680177006802778068037800680095F
:10DB6000880680199006802998068039A006800BC7
:10DB7000A806801BB006802BB806803BC006800D2F
:10DB8000C806801DD006802DD806803DE006800F97
:10DB9000E806801FF006802FF806803F0007400C43
:10DBA0000807C0111007C0211807C0312007C00C9A
:10DBB0002807C0133007C0233807C0334007400D83
:10DBC0004807C0155007C0255807C0356007C00773
:10DBD0006807C0177007C0277807C0378007C009DB
:10DBE0008807C0199007C0299807C039A007C00B43
:10DBF000A807C01BB007C02BB807C03BC007C00DAB
:10DC0000C807C01DD007C02DD807C03DE007C00F12
:10DC1000E807C01FF007C02FF807C03F000800103A
:10DC2000080808101008082018080830200880107C
:10DC30002808081230080822380808324008001165
:10DC4000480808145008082458080834600880114F
:10DC50006808081670080826780808368008081032
:10DC6000880808189008082898080838A008080AA2
:10DC7000A808081AB008082AB808083AC008080C0A
:10DC8000C808081CD008082CD808083CE008080E72
:10DC9000E808081EF008082EF808083E00090014DD
:10DCA0000809481010094820180948302009801434
:10DCB000280948123009482238094832400900151D
:10DCC0004809481450094824580948346009801507
:10DCD00068094816700948267809483680090814EA
:10DCE000880948189009482898094838A009480A1E
:10DCF000A809481AB009482AB809483AC009480C86
:10DD0000C809481CD009482CD809483CE009480EED
:10DD1000E809481EF009482EF809483E000A001894
:10DD2000080A8810100A8820180A8830200A8018EB
:10DD3000280A8812300A8822380A8832400A0019D4
:10DD4000480A8814500A8824580A8834600A8019BE
:10DD5000680A8816700A8826780A8836800A0818A1
:10DD6000880A8818900A8828980A8838A00A88188B
:10DD7000A80A881AB00A882AB80A883AC00A880C01
:10DD8000C80A881CD00A882CD80A883CE00A880E69
:10DD9000E80A881EF00A882EF80A883E000B001C4C
:10DDA000080BC810100BC820180BC830200B801CA3
:10DDB000280BC812300BC822380BC832400B001D8C
:10DDC000480BC814500BC824580BC834600B801D76
:10DDD000680BC816700BC826780BC836800B081C59
:10DDE000880BC818900BC828980BC838A00B881C43
:10DDF000A80BC81AB00BC82AB80BC83AC00BC80C7D
:10DE0000C80BC81CD00BC82CD80BC83CE00BC80EE4
:10DE1000E80BC81EF00BC82EF80BC83E000C4010D3
:10DE2000080C0811100C0821180C0831200CC01027
:10DE3000280C0813300C0823380C0833400C401110
:10DE4000480C0815500C0825580C0835600CC011FA
:10DE5000680C0817700C0827780C0837800C4810DD
:10DE6000880C0819900C0829980C0839A00CC810C7
:10DE7000A80C081BB00C082BB80C083BC00C080DF4
:10DE8000C80C081DD00C082DD80C083DE00C080F5C
:10DE9000E80C081FF00C082FF80C083F000D401488
:10DEA000080D4811100D4821180D4831200DC014DF
:10DEB000280D4813300D4823380D4833400D4015C8
:10DEC000480D4815500D4825580D4835600DC015B2
:10DED000680D4817700D4827780D4837800D481495
:10DEE000880D4819900D4829980D4839A00DC8147F
:10DEF000A80D481BB00D482BB80D483BC00D481568
:10DF0000C80D481DD00D482DD80D483DE00D480FD7
:10DF1000E80D481FF00D482FF80D483F000E40183F
:10DF2000080E8811100E8821180E8831200EC01896
:10DF3000280E8813300E8823380E8833400E40197F
:10DF4000480E8815500E8825580E8835600EC01969
:10DF5000680E8817700E8827780E8837800E48184C
:10DF6000880E8819900E8829980E8839A00EC81836
:10DF7000A80E881BB00E882BB80E883BC00E48191F
:10DF8000C80E881DD00E882DD80E883DE00E880F53
:10DF9000E80E881FF00E882FF80E883F000F401CF7
:10DFA000080FC811100FC821180FC831200FC01C4E
:10DFB000280FC813300FC823380FC833400F401D37
:10DFC000480FC815500FC825580FC835600FC01D21
:10DFD000680FC817700FC827780FC837800F481C04
:10DFE000880FC819900FC829980FC839A00FC81CEE
:10DFF000A80FC81BB00FC82BB80FC83BC00F481DD7
:10E00000C80FC81DD00FC82DD80FC83DE00FC81DC0
:10E01000E80FC81FF00FC82FF80FC83F00100020EE
:10E020000810101010101020181010302010802030
:10E030002810101230101022381010324010002119
:10E040004810101450101024581010346010802103
:10E0500068101016701010267810103680100820E6
:10E06000881010189010102898101038A0108820D0
:10E07000A810101AB010102AB810103AC0100821B9
:10E08000C810101CD010102CD810103CE0108821A3
:10E09000E810101EF010102EF810103E0011002491
:10E0A0000811102410115020181150302011802414
:10E0B00028115012301150223811503240110025D1
:10E0C00048115014501150245811503460118025BB
:10E0D000681150167011502678115036801108249E
:10E0E000881150189011502898115038A011882488
:10E0F000A811501AB011502AB811503AC011082571
:10E10000C811501CD011502CD811503CE01188255A
:10E11000E811501EF011502EF811503E0012002848
:10E120000812102810129020181290302012802807
:10E130002812901230129022381290324012002988
:10E140004812901450129024581290346012802972
:10E150006812901670129026781290368012082855
:10E16000881290189012902898129038A01288283F
:10E17000A812901AB012902AB812903AC012082928
:10E18000C812901CD012902CD812903CE012882912
:10E19000E812901EF012902EF812903E0013002C00
:10E1A0000813102C1013D0201813D0302013802CFB
:10E1B0002813902C3013D0223813D0324013002D66
:10E1C0004813D0145013D0245813D0346013802D2A
:10E1D0006813D0167013D0267813D0368013082C0D
:10E1E0008813D0189013D0289813D038A013882CF7
:10E1F000A813D01AB013D02AB813D03AC013082DE0
:10E20000C813D01CD013D02CD813D03CE013882DC9
:10E21000E813D01EF013D02EF813D03E0014402087
:10E220000814502010141021181410312014C0208C
:10E230002814D020301410233814103340144021F7
:10E240004814101550141025581410356014C021AE
:10E250006814101770141027781410378014482091
:10E26000881410199014102998141039A014C8207B
:10E27000A814101BB014102BB814103BC014482164
:10E28000C814101DD014102DD814103DE014C8214E
:10E29000E814101FF014102FF814103F001540243C
:10E2A0000815502410155021181550312015C02480
:10E2B0002815D024301550233815503340154025EB
:10E2C0004815501550155025581550356015C02566
:10E2D0006815501770155027781550378015482449
:10E2E000881550199015502998155039A015C82433
:10E2F000A815501BB015502BB815503BC01548251C
:10E30000C815501DD015502DD815503DE015C82505
:10E31000E815501FF015502FF815503F00164028F3
:10E320000816502810169021181690312016C02873
:10E330002816D028301690233816903340164029DE
:10E340004816502950169025581690356016C02949
:10E350006816901770169027781690378016482800
:10E36000881690199016902998169039A016C828EA
:10E37000A816901BB016902BB816903BC0164829D3
:10E38000C816901DD016902DD816903DE016C829BD
:10E39000E816901FF016902FF816903F0017402CAB
:10E3A0000817502C1017D0211817D0312017C02C67
:10E3B0002817D02C3017D0233817D0334017402DD2
:10E3C0004817502D5017D0255817D0356017C02D3D
:10E3D0006817D0177017D0277817D0378017482CB8
:10E3E0008817D0199017D0299817D039A017C82CA2
:10E3F000A817D01BB017D02BB817D03BC017482D8B
:10E40000C817D01DD017D02DD817D03DE017C82D74
:10E41000E817D01FF017D02FF817D03F00180030A2
:10E4200008181030101818201818183020188030CC
:10E430002818903030181822381818324018003137
:10E4400048181031501818245818183460188031A2
:10E450006818903170181826781818368018083007
:10E46000881818309018182898181838A01888306C
:10E47000A818181AB018182AB818183AC01808316D
:10E48000C818181CD018182CD818183CE018883157
:10E49000E818181EF018182EF818183E0019003445
:10E4A00008191034101958201819583020198034C0
:10E4B000281990343019582238195832401900352B
:10E4C0004819103550195824581958346019803596
:10E4D00068199035701958267819583680190834FB
:10E4E000881918349019582898195838A019883460
:10E4F000A819581AB019582AB819583AC019083525
:10E50000C819581CD019582CD819583CE01988350E
:10E51000E819581EF019582EF819583E001A0038FC
:10E52000081A1038101A9820181A9830201A8038B3
:10E53000281A9038301A9822381A9832401A00391E
:10E54000481A1039501A9824581A9834601A803989
:10E55000681A9039701A9826781A9836801A0838EE
:10E56000881A1838901A9828981A9838A01A883853
:10E57000A81A9838B01A982AB81A983AC01A0839BE
:10E58000C81A981CD01A982CD81A983CE01A8839C6
:10E59000E81A981EF01A982EF81A983E001B003CB4
:10E5A000081B103C101BD820181BD830201B803CA7
:10E5B000281B903C301BD822381BD832401B003D12
:10E5C000481B103D501BD824581BD834601B803D7D
:10E5D000681B903D701BD826781BD836801B083CE2
:10E5E000881B183C901BD828981BD838A01B883C47
:10E5F000A81B983CB01BD82AB81BD83AC01B083DB2
:10E60000C81BD81CD01BD82CD81BD83CE01B883D7D
:10E61000E81BD81EF01BD82EF81BD83E001C40303B
:10E62000081C5030101C1821181C1831201CC03038
:10E63000281CD030301C1823381C1833401C4031A3
:10E64000481C5031501C1825581C1835601CC0310E
:10E65000681CD031701C1827781C1837801C483073
:10E66000881C5830901C1829981C1839A01CC830D8
:10E67000A81CD830B01C182BB81C183BC01C483143
:10E68000C81C181DD01C182DD81C183DE01CC83102
:10E69000E81C181FF01C182FF81C183F001D4034F0
:10E6A000081D5034101D5821181D5831201DC0342C
:10E6B000281DD034301D5823381D5833401D403597
:10E6C000481D5035501D5825581D5835601DC03502
:10E6D000681DD035701D5827781D5837801D483467
:10E6E000881D5834901D5829981D5839A01DC834CC
:10E6F000A81DD834B01D582BB81D583BC01D483537
:10E70000C81D5835D01D582DD81D583DE01DC835A1
:10E71000E81D581FF01D582FF81D583F001E4038A7
:10E72000081E5038101E9821181E9831201EC0381F
:10E73000281ED038301E9823381E9833401E40398A
:10E74000481E5039501E9825581E9835601EC039F5
:10E75000681ED039701E9827781E9837801E48385A
:10E76000881E5838901E9829981E9839A01EC838BF
:10E77000A81ED838B01E982BB81E983BC01E48392A
:10E78000C81E5839D01E982DD81E983DE01EC83995
:10E79000E81E981FF01E982FF81E983F001F403C5F
:10E7A000081F503C101FD821181FD831201FC03C13
:10E7B000281FD03C301FD823381FD833401F403D7E
:10E7C000481F503D501FD825581FD835601FC03DE9
:10E7D000681FD03D701FD827781FD837801F483C4E
:10E7E000881F583C901FD829981FD839A01FC83CB3
:10E7F000A81FD83CB01FD82BB81FD83BC01F483D1E
:10E80000C81F583DD01FD82DD81FD83DE01FC83D88
:10E81000E81FD83DF01FD82FF81FD83F08208020D0
:10E82000102020201820203028208028302020226E
:10E8300038202032402000214820C02050202024B1
:10E8400058202034602010246820C0287020202602
:10E85000782020368820803090202028982020386A
:10E86000A0200830A8208038B020202AB820203AE4
:10E87000C0200821C820C030D020202CD820203C27
:10E88000E0200831E820C038F020202EF820203E7B
:10E89000002100240821802110211024182160303B
:10E8A0002021202428218029302160223821603233
:10E8B000402100254821C021502160245821603486
:10E8C000602150246821C02970216026782160369B
:10E8D0008021082488218031902160289821603887
:10E8E000A0210834A8218039B021602AB821603ADB
:10E8F000C0210825C821C031D021602CD821603C1E
:10E90000E0210835E821C039F021602EF821603E71
:10E910000022003008228030102208301822A03057
:10E9200020221030282288283022A0223822A0322B
:10E93000402240304822C0305022A0245822A03427
:10E94000602250306822C8287022A0267822A03683
:10E9500080222030882288309022A0289822A03857
:10E96000A0221830A8228838B022A02AB822A03AC3
:10E97000C0226030C822C830D022A02CD822A03CAF
:10E98000E0221831E822C838F022A02EF822A03E5A
:10E990000023003108238031102308311823E03090
:10E9A0002023103128238829302318313823E032DE
:10E9B000402340314823C0315023E0245823E03421
:10E9C000602350316823C8297023E0267823E0367D
:10E9D00080231824882388319023E0289823E03866
:10E9E000A0231834A8238839B023E02AB823E03ABA
:10E9F000C0231825C823C831D023E02CD823E03CFD
:10EA0000E0231835E823C839F023E02EF823E03E50
:10EA10000824802410242024182420312824802C29
:10EA20003024103138242033402400254824C024C9
:10EA30005024202558242035602410256824C02C1B
:10EA4000702420277824203788248034902420299B
:10EA500098242039A0244830A824803CB024202BBE
:10EA6000B824203BC0240825C824C034D024202D3D
:10EA7000D824203DE0244831E824C03CF024202F55
:10EA8000F824203F082580251025202518256031F1
:10EA90002825802D30255031382560334825C02564
:10EAA00050256025582560356825C02D70256027C4
:10EAB000782560378825803590256029982560392C
:10EAC000A0254834A825803DB025602BB825603BA3
:10EAD000C825C035D025602DD825603DE0254835B6
:10EAE000E825C03DF025602FF825603F0026003462
:10EAF00008268034102608341826A0312026103429
:10EB00002826882C302618343826A0334026403456
:10EB10004826C034502648345826A0356026503444
:10EB20006826C82C7026A0277826A0378026203497
:10EB3000882688349026A0299826A039A026583007
:10EB4000A826883CB026A02BB826A03BC02660345F
:10EB5000C826C834D026A02DD826A03DE02658319E
:10EB6000E826C83CF026A02FF826A03F0027003555
:10EB700008278035102708351827E0312027103561
:10EB80002827882D302718353827E033402740358F
:10EB90004827C035502748355827E035602750357D
:10EBA0006827C82D7027E0277827E0378027203591
:10EBB000882788359027E0299827E039A0275834FE
:10EBC000A827883DB027E02BB827E03BC027603559
:10EBD000C827C835D027E02DD827E03DE027583595
:10EBE000E827C83DF027E02FF827E03F0828202835
:10EBF000102880281828283028289028302888288D
:10EC0000382828324028002C4828202C5028802CD6
:10EC1000582828346028082C6828D0287028882C88
:10EC2000782828368828903098282838A028283036
:10EC3000A8289038B028282AB828283AC028102CAC
:10EC4000C828D030D028282CD828283CE028182CD8
:10EC5000E828D038F028282EF828283E0029002C53
:10EC60000829082C1029102C182968302029202C5C
:10EC7000282990293029D030382968324029402C61
:10EC80004829602C5029C02C582968346029482C08
:10EC90006829D0297029C82C782968368029802CC9
:10ECA000882990319029282C98296838A02928345F
:10ECB000A8299039B029682AB829683AC029502C67
:10ECC000C829D031D029682CD829683CE029582C93
:10ECD000E829D039F029682EF829683E002A003842
:10ECE000082A2038102A8038182AA830202A083804
:10ECF000282A2838302A8838382AA832402A003C66
:10ED0000482A203C502A803C582AA834602A083CD3
:10ED1000682A283C702A883C782AA836802A10382D
:10ED2000882A9830902A9038982AA838A02A18382B
:10ED3000A82A9838B02A9838B82AA83AC02A103C8D
:10ED4000C82AD830D02AA82CD82AA83CE02A183CB7
:10ED5000E82AD838F02AA82EF82AA83E002B4038F6
:10ED6000082B6038102BC038182BE830202B48387F
:10ED7000282B6838302BC838382BE832402B403CE1
:10ED8000482B603C502BC03C582BE834602B483C4F
:10ED9000682B683C702BC83C782BE836802B5038A9
:10EDA000882B9831902BD038982BE838A02B5838E6
:10EDB000A82B9839B02BD838B82BE83AC02B503C48
:10EDC000C82BD831D02BE82CD82BE83CE02B583C72
:10EDD000E82BD839F02BE82EF82BE83E082C202C15
:10EDE000102C802C182C2831282C902C302C903171
:10EDF000382C2833402C002D482C202D502C802DD1
:10EE0000582C2835602C082D682CD02C702C882D7F
:10EE1000782C2837882C9034982C2839A02C6830EE
:10EE2000A82C903CB02C6838B82C283BC02C102D56
:10EE3000C82CD034D02C282DD82C283DE02C182DCF
:10EE4000E82CD03CF02C282FF82C283F082D202D22
:10EE5000102D802D182D6831282D902D302DD0317A
:10EE6000382D6833482D602D502DC02D582D683514
:10EE7000682DD02D702DC82D782D6837882D9035B0
:10EE8000982D6839A02D6834A82D903DB02D683C90
:10EE9000B82D683BC82DD035D82D683DE02D68359C
:10EEA000E82DD03DF02D682FF82D683F002E003959
:10EEB000082E2039102E8039182EA831202E08391E
:10EEC000282E2839302E8839382EA833402E003D80
:10EED000482E203D502E803D582EA835602E083DEE
:10EEE000682E283D702E883D782EA837802E103948
:10EEF000882E9834902E9039982EA839A02E183943
:10EF0000A82E983CB02E9839B82EA83BC02E103DA4
:10EF1000C82ED834D02E903DD82EA83DE02E183DD6
:10EF2000E82ED83CF02EA82FF82EA83F002F40390D
:10EF3000082F6039102FC039182FE831202F483999
:10EF4000282F6839302FC839382FE833402F403DFB
:10EF5000482F603D502FC03D582FE835602F483D69
:10EF6000682F683D702FC83D782FE837802F5039C3
:10EF7000882F9835902FD039982FE839A02F5839FD
:10EF8000A82F983DB02FD839B82FE83BC02F503D5F
:10EF9000C82FD835D02FD03DD82FE83DE02F583D91
:10EFA000E82FD83DF02FD83DF82FE83F183030300B
:10EFB0003830303240300031483008315030103174
:10EFC0005830303460302031683028317030183497
:10EFD000783030368830A03098303038A830A038BB
:10EFE000B0308838B830303AC0308031C830E03086
:10EFF000D0309031D830303CE0308831E830E038E3
:10F00000F0308839F830303E0031003408310834AF
:10F01000103110341831183420312034283128347C
:10F0200030313034383170324031003548310835B4
:10F030005031103558317034603120356831283501
:10F040007031583478317036803180348831A03155
:10F050009031903498317038A0318834A831A0397B
:10F06000B031883CB831703AC0318035C831E031B8
:10F07000D0319035D831703CE0318835E831E03915
:10F08000F031883DF831703E003200380832803867
:10F090001032083818328838203210382832903828
:10F0A000303218383832B032403240384832C03806
:10F0B000503248385832B034603250386832D03824
:10F0C000703258387832B036803220388832A038E2
:10F0D000903228389832B038A0323038A832A83868
:10F0E000B0329838B832B03AC0326038C832E038FE
:10F0F000D0326838D832B03CE0327038E832E83884
:10F10000F0329839F832B03E003300390833803994
:10F11000103308391833883920331039283390399F
:10F120003033183938339839403340394833C0398F
:10F13000503348395833F034603350396833D0395C
:10F14000703358397833F036803320398833A0391A
:10F15000903328399833F038A0339834A833A8393D
:10F16000B033983CB833F03AC0336039C833E03933
:10F17000D0336839D833F03CE0339835E833E83998
:10F18000F033983DF833F03E1834303438341839C1
:10F190004034003548340835503410355834303553
:10F1A0006034203568342835703418357834303779
:10F1B0008834A03498343039A834A03CB034C838EE
:10F1C000B834303BC0348035C834E034D034903566
:10F1D000D834303DE0348835E834E03CF034C83988
:10F1E000F834303F183530353835583958357035A2
:10F1F000783570378835A03598357039A835A03DF9
:10F20000B035C83CB835703BC835E035D835703DB1
:10F21000E835E03DF035C83DF835703F0036003C3C
:10F220000836803C1036083C1836883C2036103CA6
:10F230002836903C3036183C3836983C4036403CB6
:10F240004836C03C5036483C5836C83C6036503C86
:10F250006836D03C7036583C7836B0378036203C23
:10F260008836A03C9036283C9836B039A036303CE1
:10F27000A836A83CB036D838B836B03BC036603C6B
:10F28000C836E03CD036683CD836B03DE036703CFD
:10F29000E836E83CF036D839F836B03F0037003D64
:10F2A0000837803D1037083D1837883D2037103D1E
:10F2B0002837903D3037183D3837983D4037403D2E
:10F2C0004837C03D5037483D5837C83D6037503DFE
:10F2D0006837D03D7037583D7837F0378037203D5C
:10F2E0008837A03D9037283D9837F039A037303D1A
:10F2F000A837A83DB037D83CB837F03BC037603DA1
:10F30000C837E03DD037683DD837F03DE037703D35
:10F31000E837E83DF037D83DF837F03F38389838CF
:10F3200040380039483808395038103958381839B9
:10F330006038203968382839703830397838983C46
:10F34000A838B038B838383AC0388039C838883921
:10F35000D0389039D838383CE038A039E838F0381F
:10F36000F838383EF038A8390039003C0839083CF4
:10F370001039103C1839183C2039203C2839283CD9
:10F380003039303C3839383C4039003D4839083D47
:10F390005039103D5839183D6039203D6839283DB5
:10F3A0007039303D7839D83C8039803C8839883C88
:10F3B0009039903C9839983CA039A03CA839B03994
:10F3C000B839783AB039A83CC039803DC839883D51
:10F3D000D039903DD839783CE039A03DE839F03952
:10F3E000F839783EF039A83D083A103A103A203AF8
:10F3F000183A303A203A803A283A903A303AA03ACD
:10F40000383AB03A403A003B483A103B503A203B39
:10F41000583A303B603A803B683A903B703AA03BA8
:10F42000783AB03B883AA03A983AB03AA83AB03A1B
:10F43000C03A083BC83A183BD03A283BD83AB83CC7
:10F44000E03A883BE83A983BF03AA83BF83AB83EB5
:10F45000003B003E083B103E103B203E183B303E38
:10F46000203B803E283B903E303BA03E383BB03EA8
:10F47000403B003F483B103F503B203F583B303F14
:10F48000603B803F683B903F703BA03F783BB03F84
:10F49000803B083E883B183E903B283E983B383ED8
:10F4A000A03B883EA83B983EB03BA83EB83BB83E48
:10F4B000C03B083FC83B183FD03B283FD83BF83CF7
:10F4C000E03B883FE83B983FF03BA83FF83BF83EE5
:10F4D000383C983C403C003D483C083D503C103D89
:10F4E000583C183D603C203D683C283D703C303D18
:10F4F000783C983DA83CB03CB83CB03EC03C803D18
:10F50000C83C883DD03C903DD83C383DE03CA03DD7
:10F51000E83CF03CF03CA83DF83C383F383D983D95
:10F52000783DD83DA83DB03DB83DB03FE83DF03D09
:10F53000083E803EF83D783F103E803E183E883EB3
:10F54000203E803E283E903E303E883E383E983EEB
:10F55000403E003F483E203F503E803F583EA03F47
:10F56000603E083F683E283F703E883F783EA83F97
:10F57000883EA03E983EA83EC03E103FA83EB03E0A
:10F58000C83E303FD03E903FD83EB03FE03E183FAF
:10F59000E83E383FF03E983F083F803FF83EB83F96
:10F5A000103F803F183F883F203F803F283F903FDB
:10F5B000303F883F383F983F483F503F503F603F83
:10F5C000583F703F603FC03F683FD03F703FE03FD3
:10F5D000783FF03F883FA03F983FA83FA83FB03F0B
:10F5E000D83FF03FC83FE03FE83FF03F080000024F
:10F5F000100000041800000620004000280040020F
:10F60000300040043800400640008000480080027E
:10F6100050008004580080066000C0006800C002EE
:10F620007000C0047800C00680000001880000035C
:10F630009000000598000007A0004001A8004003CA
:10F64000B0004005B8004007C0008001C80080033A
:10F65000D0008005D8008007E000C001E800C003AA
:10F66000F000C005F800C007000100020801080210
:10F670001001080418010806200180022801480230
:10F68000300148043801480640010003480188025F
:10F690005001880458018806600180036801C8028F
:10F6A0007001C8047801C8068001080288010803B7
:10F6B0009001080598010807A0018802A8014803E5
:10F6C000B0014805B8014807C0010803C801880314
:10F6D000D0018805D8018807E0018803E801C80344
:10F6E000F001C805F801C807080210020002000472
:10F6F0001002100418021006200280042802500292
:10F7000030025004380250064002000548029002C0
:10F710005002900458029006600280056802D002F0
:10F720007002D0047802D006800208048802100318
:10F730009002100598021007A0028804A802500346
:10F74000B0025005B8025007C0020805C802900375
:10F75000D0029005D8029007E0028805E802D003A5
:10F76000F002D005F802D0070003000608031006D7
:10F7700010031804180318062003800628039006B7
:10F7800030035804380358064003000748031007A5
:10F790005003980458039806600380076803900795
:10F7A0007003D8047803D806800308068803180677
:10F7B0009003180598031807A0038806A803980665
:10F7C000B0035805B8035807C0030807C803180753
:10F7D000D0039805D8039807E0038807E803980743
:10F7E000F003D805F803D8070804800410042004A7
:10F7F00018042006280480053004600438046006DC
:10F8000040040006480488045004A0045804A006DC
:10F8100060041006680488057004E0047804E006BB
:10F82000880480069004200598042007A004080698
:10F83000A8048007B0046005B8046007C00420066F
:10F84000C8048806D004A005D804A007E004180660
:10F85000E8048807F004E005F804E007080520053F
:10F86000100580051805280628059005300588052F
:10F870003805680640050007480520075005800741
:10F880005805A806600508076805980570058807EB
:10F890007805E8068805900698052807A00528063B
:10F8A000A8059007B0052807B8056807C005100728
:10F8B000C8059806D0059007D805A807E0051807E1
:10F8C000E8059807F0059807F805E80718063006D8
:10F8D00038067006400600074806800750060807ED
:10F8E0005806B006600610076806900770061807ED
:10F8F0007806F0068806A00698063007A806A00736
:10F90000B0068807B8067007C0062007C806A0071B
:10F91000D0062807D806B007E0063007E806A80793
:10F92000F0069807F806F0074807500738079807C9
:10F9300050076007580770076007C0076807D007BF
:10F940007807F0077007E007B807F007A807B007C7
:10F95000D807F007C807E007E807F00708004000ED
:10F96000100080001800C00020004000280048005F
:10F97000300088003800C800400080004800500077
:10F980005800D000500090006000C0006800D00017
:10F99000700098007800D8008800C0009000A00097
:10F9A000A800D0009800E000B000D000B800E80047
:10F9B000D800F000C800E000E800F00008000010E7
:10F9C00010000020180000302000004028000050E7
:10F9D0003000006038000070400000024800001253
:10F9E00050000022580000326000004268000052BF
:10F9F000700000627800007280000004880000142B
:10FA00009000002498000034A0000044A800005496
:10FA1000B0000064B8000074C0000006C800001602
:10FA2000D0000026D8000036E0000046E80000566E
:10FA3000F0000066F80000760001000808010018D8
:10FA40001001002818010038200100482801005842
:10FA500030010068380100784001000A4801001AAE
:10FA60005001002A5801003A6001004A6801005A1A
:10FA70007001006A7801007A8001000C8801001C86
:10FA80009001002C9801003CA001004CA801005CF2
:10FA9000B001006CB801007CC001000EC801001E5E
:10FAA000D001002ED801003EE001004EE801005ECA
:10FAB000F001006EF801007E0802401010024020A4
:10FAC000180240302002404028024050300240607E
:10FAD0003802407048024012500240225802403220
:10FAE00060024042680240527002406278024072F6
:10FAF000800240048802401490024024980240345E
:10FB0000A0024044A8024054B0024064B8024074CD
:10FB1000C0024006C8024016D0024026D802403635
:10FB2000E0024046E8024056F0024066F8024076A5
:10FB30000003400808034018100340281803403809
:10FB40002003404828034058300340683803407879
:10FB50004003400A4803401A5003402A5803403AE1
:10FB60006003404A6803405A7003406A7803407A51
:10FB70008003400C8803401C9003402C9803403CB9
:10FB8000A003404CA803405CB003406CB803407C29
:10FB9000C003400EC803401ED003402ED803403E91
:10FBA000E003404EE803405EF003406EF803407E01
:10FBB0000804801010048020180480302004804045
:10FBC000280480503004806038048070480480121B
:10FBD00050048022580480326004804268048052BD
:10FBE00070048062780480728804801490048024F9
:10FBF00098048034A0048044A8048054B004806435
:10FC0000B8048074C0048006C8048016D00480261E
:10FC1000D8048036E0048046E8048056F00480660C
:10FC2000F8048076000580080805801810058028F3
:10FC300018058038200580482805805830058068E0
:10FC4000380580784005800A4805801A5005802ACA
:10FC50005805803A6005804A6805805A7005806AB8
:10FC60007805807A8005800C8805801C9005802CA2
:10FC70009805803CA005804CA805805CB005806C90
:10FC8000B805807CC005800EC805801ED005802E7A
:10FC9000D805803EE005804EE805805EF005806E68
:10FCA000F805807E0806C0101006C0201806C03077
:10FCB0002006C0402806C0503006C0603806C0701C
:10FCC0004806C0125006C0225806C0326006C04224
:10FCD0006806C0527006C0627806C0728806C014FA
:10FCE0009006C0249806C034A006C044A806C0549C
:10FCF000B006C064B806C074C806C016D006C026D8
:10FD0000D806C036E006C046E806C056F006C06613
:10FD1000F806C0760007C0080807C0181007C028FA
:10FD20001807C0382007C0482807C0583007C068E7
:10FD30003807C0784007C00A4807C01A5007C02AD1
:10FD40005807C03A6007C04A6807C05A7007C06ABF
:10FD50007807C07A8007C00C8807C01C9007C02CA9
:10FD60009807C03CA007C04CA807C05CB007C06C97
:10FD7000B807C07CC007C00EC807C01ED007C02E81
:10FD8000D807C03EE007C04EE807C05EF007C06E6F
:10FD9000F807C07E0808001110080021180800317B
:10FDA000200800412808005130080061380800711F
:10FDB0004808001350080023580800336008004327
:10FDC00068080053700800637808007388080015FD
:10FDD0009008002598080035A0080045A80800559F
:10FDE000B0080065B8080075C8080017D0080027DB
:10FDF000D8080037E0080047E8080057F008006717
:10FE0000F8080077080900191009002918090039B5
:10FE1000200900492809005930090069380900798A
:10FE20004009000B4809001B5009002B5809003BF2
:10FE30006009004B6809005B7009006B7809007B62
:10FE40008009000D8809001D9009002D9809003DCA
:10FE5000A009004DA809005DB009006DB809007D3A
:10FE6000C009000FC809001FD009002FD809003FA2
:10FE7000E009004FE809005FF009006FF809007F12
:10FE8000080A4011100A4021180A4031200A404156
:10FE9000280A4051300A4061380A4071480A40132C
:10FEA000500A4023580A4033600A4043680A4053CE
:10FEB000700A4063780A4073880A4015900A40250A
:10FEC000980A4035A00A4045A80A4055B00A406546
:10FED000B80A4075C80A4017D00A4027D80A4037E8
:10FEE000E00A4047E80A4057F00A4067F80A4077BE
:10FEF000080B4019100B4029180B4039200B4049C2
:10FF0000280B4059300B4069380B4079480B401B97
:10FF1000500B402B580B403B600B404B680B405B39
:10FF2000700B406B780B407B800B400D880B401DA5
:10FF3000900B402D980B403DA00B404DA80B405D11
:10FF4000B00B406DB80B407DC00B400FC80B401F7D
:10FF5000D00B402FD80B403FE00B404FE80B405FE9
:10FF6000F00B406FF80B407F080C8011100C8021C3
:10FF7000180C8031200C8041280C8051300C80619D
:10FF8000380C8071480C8013500C8023580C80333F
:10FF9000600C8043680C8053700C8063780C807315
:10FFA000880C8015900C8025980C8035A00C80451D
:10FFB000A80C8055B00C8065B80C8075C80C8017F3
:10FFC000D00C8027D80C8037E00C8047E80C805795
:10FFD000F00C8067F80C8077080D8019100D8029CF
:10FFE000180D8039200D8049280D8059300D806909
:10FFF000380D8079480D801B500D802B580D803BAB
:020000040801F1
:10000000600D804B680D805B700D806B780D807B80
:10001000880D801D900D802D980D803DA00D804D88
:10002000A80D805DB00D806DB80D807DC00D800F76
:10003000C80D801FD00D802FD80D803FE00D804F60
:10004000E80D805FF00D806FF80D807F080EC01105
:10005000100EC021180EC031200EC041280EC05114
:10006000300EC061380EC071480EC013500EC02350
:10007000580EC033600EC043680EC053700EC0638C
:10008000780EC073880EC015900EC025980EC0352E
:10009000A00EC045A80EC055B00EC065B80EC07504
:1000A000C80EC017D00EC027D80EC037E00EC0470C
:1000B000E80EC057F00EC067F80EC077080FC019E1
:1000C000100FC029180FC039200FC049280FC05980
:1000D000300FC069380FC079480FC01B500FC02BBC
:1000E000580FC03B600FC04B680FC05B700FC06BF8
:1000F000780FC07B880FC01D900FC02D980FC03D9A
:10010000A00FC04DA80FC05DB00FC06DB80FC07D6F
:10011000C80FC01FD00FC02FD80FC03FE00FC04F77
:10012000E80FC05FF00FC06FF80FC07F10100820FD
:1001300018100830201008402810085030100860AF
:100140003810087048100812501008225810083251
:100150006010084268100852701008627810087227
:10016000881008149010082498100834A01008442F
:10017000A8100854B0100864B8100874C810081605
:10018000D0100826D8100836E0100846E8100856A7
:10019000F0100866F81008760811081810110828E1
:1001A000181108382011084828110858301108681B
:1001B000381108784811081A5011082A5811083ABD
:1001C0006011084A6811085A7011086A7811087A93
:1001D0008811081C9011082C9811083CA011084C9B
:1001E000A811085CB011086CB811087CC811081E71
:1001F000D011082ED811083EE011084EE811085E13
:10020000F011086EF811087E1012482018124830BC
:100210002012484028124850301248603812487066
:10022000501248225812483260124842681248520E
:10023000701248627812487288124814901248244A
:1002400098124834A0124844A8124854B012486486
:10025000B8124874C8124816D0124826D812483628
:10026000E0124846E8124856F0124866F8124876FE
:100270000813481810134828181348382013484802
:100280002813485830134868381348784813481AD8
:100290005013482A5813483A6013484A6813485A7A
:1002A0007013486A7813487A8813481C9013482CB6
:1002B0009813483CA013484CA813485CB013486CF2
:1002C000B813487CC813481ED013482ED813483E94
:1002D000E013484EE813485EF013486EF813487E6A
:1002E000101488201814883020148840281488504E
:1002F000301488603814887050148822581488325A
:100300006014884268148852701488627814887265
:100310009014882498148834A0148844A81488540D
:10032000B0148864B8148874C8148816D014882649
:10033000D8148836E0148846E8148856F014886685
:10034000F814887608158818101588281815883824
:1003500020158848281588583015886838158878F9
:100360004815881A5015882A5815883A6015884A01
:100370006815885A7015886A7815887A8815881CD7
:100380009015882C9815883CA015884CA815885C79
:10039000B015886CB815887CC815881ED015882EB5
:1003A000D815883EE015884EE815885EF015886EF1
:1003B000F815887E1016C8201816C8302016C840B8
:1003C0002816C8503016C8603816C8705016C82293
:1003D0005816C8326016C8426816C8527016C862ED
:1003E0007816C8729016C8249816C834A016C84447
:1003F000A816C854B016C864B816C874D016C82653
:10040000D816C836E016C846E816C856F016C866AC
:10041000F816C8760817C8181017C8281817C8384B
:100420002017C8482817C8583017C8683817C87820
:100430004817C81A5017C82A5817C83A6017C84A28
:100440006817C85A7017C86A7817C87A8817C81CFE
:100450009017C82C9817C83CA017C84CA817C85CA0
:10046000B017C86CB817C87CC817C81ED017C82EDC
:10047000D817C83EE017C84EE817C85EF017C86E18
:10048000F817C87E101808211818083120180841DC
:1004900028180851301808613818087150180823B6
:1004A0005818083360180843681808537018086310
:1004B000781808739018082598180835A01808456A
:1004C000A8180855B0180865B8180875D018082776
:1004D000D8180837E0180847E8180857F0180867D0
:1004E000F818087710190829181908392019084927
:1004F0002819085930190869381908794819081B4A
:100500005019082B5819083B6019084B6819085BEB
:100510007019086B7819087B8819081D9019082D27
:100520009819083DA019084DA819085DB019086D63
:10053000B819087DC819081FD019082FD819083F05
:10054000E019084FE819085FF019086FF819087FDB
:10055000101A4821181A4831201A4841281A4851BF
:10056000301A4861381A4871501A4823581A4833CB
:10057000601A4843681A4853701A4863781A4873D7
:10058000901A4825981A4835A01A4845A81A48557F
:10059000B01A4865B81A4875D01A4827D81A48378B
:1005A000E01A4847E81A4857F01A4867F81A487797
:1005B000101B4829181B4839201B4849281B48593B
:1005C000301B4869381B4879501B482B581B483B47
:1005D000601B484B681B485B701B486B781B487B53
:1005E000881B481D901B482D981B483DA01B484D5B
:1005F000A81B485DB01B486DB81B487DC81B481F31
:10060000D01B482FD81B483FE01B484FE81B485FD2
:10061000F01B486FF81B487F101C8821181C88317C
:10062000201C8841281C8851301C8861381C887126
:10063000501C8823581C8833601C8843681C8853CE
:10064000701C8863781C8873901C8825981C8835DA
:10065000A01C8845A81C8855B01C8865B81C8875E6
:10066000D01C8827D81C8837E01C8847E81C88578E
:10067000F01C8867F81C8877101D8829181D883998
:10068000201D8849281D8859301D8869381D8879A2
:10069000501D882B581D883B601D884B681D885B4A
:1006A000701D886B781D887B901D882D981D883D56
:1006B000A01D884DA81D885DB01D886DB81D887D62
:1006C000C81D881FD01D882FD81D883FE01D884F6A
:1006D000E81D885FF01D886FF81D887F101EC821F7
:1006E000181EC831201EC841281EC851301EC861BE
:1006F000381EC871501EC823581EC833601EC84318
:10070000681EC853701EC863781EC873901EC82523
:10071000981EC835A01EC845A81EC855B01EC8657D
:10072000B81EC875D01EC827D81EC837E01EC847D7
:10073000E81EC857F01EC867F81EC877101FC829E2
:10074000181FC839201FC849281FC859301FC86939
:10075000381FC879501FC82B581FC83B601FC84B93
:10076000681FC85B701FC86B781FC87B901FC82D9F
:10077000981FC83DA01FC84DA81FC85DB01FC86DF9
:10078000B81FC87DD01FC82FD81FC83FE01FC84F53
:10079000E81FC85FF01FC86FF81FC87F182010300F
:1007A0002020104028201050302010603820107079
:1007B0005020102258201032602010426820105221
:1007C000702010627820107290201024982010342D
:1007D000A0201044A8201054B0201064B820107439
:1007E000D0201026D8201036E0201046E8201056E1
:1007F000F0201066F82010761021102818211038EB
:1008000020211048282110583021106838211078F4
:100810005021102A5821103A6021104A6821105A9C
:100820007021106A7821107A9021102C9821103CA8
:10083000A021104CA821105CB021106CB821107CB4
:10084000D021102ED821103EE021104EE821105E5C
:10085000F021106EF821107E1822503020225040D6
:100860002822505030225060382250705822503286
:100870006022504268225052702250627822507298
:100880009022502498225034A0225044A822505440
:10089000B0225064B8225074D0225026D82250364C
:1008A000E0225046E8225056F0225066F822507658
:1008B00010235028182350382023504828235058FC
:1008C00030235068382350785023502A5823503A08
:1008D0006023504A6823505A7023506A7823507A14
:1008E0009023502C9823503CA023504CA823505CBC
:1008F000B023506CB823507CD023502ED823503EC8
:10090000E023504EE823505EF023506EF823507ED3
:100910001824903020249040282490503024906057
:100920003824907058249032602490426824905269
:10093000702490627824907298249034A02490447B
:10094000A8249054B0249064B8249074D0249026A5
:10095000D8249036E0249046E8249056F0249066FF
:10096000F824907610259028182590382025904856
:100970002825905830259068382590785025902A61
:100980005825903A6025904A6825905A7025906ABB
:100990007825907A9025902C9825903CA025904C15
:1009A000A825905CB025906CB825907CD025902E21
:1009B000D825903EE025904EE825905EF025906E7B
:1009C000F825907E1826D0302026D0402826D050FA
:1009D0003026D0603826D0705826D0326026D042DB
:1009E0006826D0527026D0627826D0729826D034ED
:1009F000A026D044A826D054B026D064B826D074FF
:100A0000D826D036E026D046E826D056F026D06646
:100A1000F826D0761027D0281827D0382027D0489D
:100A20002827D0583027D0683827D0785027D02AA8
:100A30005827D03A6027D04A6827D05A7027D06A02
:100A40007827D07A9027D02C9827D03CA027D04C5C
:100A5000A827D05CB027D06CB827D07CD027D02E68
:100A6000D827D03EE027D04EE827D05EF027D06EC2
:100A7000F827D07E1828103120281041282810513E
:100A8000302810613828107158281033602810431E
:100A90006828105370281063782810739828103530
:100AA000A0281045A8281055B0281065B828107542
:100AB000D8281037E0281047E8281057F02810678A
:100AC000F828107718291039202910492829105999
:100AD00030291069382910795029102B5829103BDA
:100AE0006029104B6829105B7029106B7829107BE6
:100AF0009029102D9829103DA029104DA829105D8E
:100B0000B029106DB829107DD029102FD829103F99
:100B1000E029104FE829105FF029106FF829107FA5
:100B2000182A5031202A5041282A5051302A506129
:100B3000382A5071582A5033602A5043682A50533B
:100B4000702A5063782A5073982A5035A02A50454D
:100B5000A82A5055B02A5065B82A5075D82A50375F
:100B6000E02A5047E82A5057F02A5067F82A507771
:100B7000182B5039202B5049282B5059302B5069B5
:100B8000382B5079582B503B602B504B682B505BC7
:100B9000702B506B782B507B902B502D982B503D09
:100BA000A02B504DA82B505DB02B506DB82B507D15
:100BB000D02B502FD82B503FE02B504FE82B505FBD
:100BC000F02B506FF82B507F182C9031202C904137
:100BD000282C9051302C9061382C9071582C9033E7
:100BE000602C9043682C9053702C9063782C9073F9
:100BF000982C9035A02C9045A82C9055B02C906541
:100C0000B82C9075D82C9037E02C9047E82C905752
:100C1000F02C9067F82C9077182D9039202D904962
:100C2000282D9059302D9069382D9079582D903B72
:100C3000602D904B682D905B702D906B782D907B84
:100C4000982D903DA02D904DA82D905DB02D906DCC
:100C5000B82D907DD02D902FD82D903FE02D904F26
:100C6000E82D905FF02D906FF82D907F182ED031E9
:100C7000202ED041282ED051302ED061382ED07168
:100C8000582ED033602ED043682ED053702ED063B0
:100C9000782ED073982ED035A02ED045A82ED055C2
:100CA000B02ED065B82ED075D82ED037E02ED047D4
:100CB000E82ED057F02ED067F82ED077182FD039E5
:100CC000202FD049282FD059302FD069382FD079F4
:100CD000582FD03B602FD04B682FD05B702FD06B3C
:100CE000782FD07B982FD03DA02FD04DA82FD05D4E
:100CF000B02FD06DB82FD07DD82FD03FE02FD04F60
:100D0000E82FD05FF02FD06FF82FD07F2030184021
:100D10002830185030301860383018705830183279
:100D2000603018426830185270301862783018728B
:100D300098301834A0301844A8301854B0301864D3
:100D4000B8301874D8301836E0301846E8301856E5
:100D5000F0301866F83018761831183820311848F5
:100D60002831185830311868383118785831183A05
:100D70006031184A6831185A7031186A7831187A17
:100D80009831183CA031184CA831185CB031186C5F
:100D9000B831187CD831183EE031184EE831185E71
:100DA000F031186EF831187E2032584028325850F1
:100DB0003032586038325870603258426832585277
:100DC000703258627832587298325834A03258448F
:100DD000A8325854B0325864B8325874D8325836A1
:100DE000E0325846E8325856F0325866F8325876B3
:100DF00018335838203358482833585830335868F7
:100E0000383358785833583A6033584A6833585A08
:100E10007033586A7833587A9833583CA033584C1A
:100E2000A833585CB033586CB833587CD833583E2C
:100E3000E033584EE833585EF033586EF833587E3E
:100E40002034984028349850303498603834987062
:100E5000603498426834985270349862783498724A
:100E6000A0349844A8349854B0349864B834987432
:100E7000D8349836E0349846E8349856F03498667A
:100E8000F834987618359838203598482835985889
:100E900030359868383598785835983A6035984A9A
:100EA0006835985A7035986A7835987A9835983CAC
:100EB000A035984CA835985CB035986CB835987CBE
:100EC000D835983EE035984EE835985EF035986E06
:100ED000F835987E2036D8402836D8503036D8603D
:100EE0003836D8706036D8426836D8527036D862F4
:100EF0007836D872A036D844A836D854B036D864DC
:100F0000B836D874E036D846E836D856F036D866C3
:100F1000F836D8761837D8382037D8482837D858F0
:100F20003037D8683837D8785837D83A6037D84A01
:100F30006837D85A7037D86A7837D87A9837D83C13
:100F4000A037D84CA837D85CB037D86CB837D87C25
:100F5000D837D83EE037D84EE837D85EF037D86E6D
:100F6000F837D87E203818412838185130381861A1
:100F70003838187160381843683818537038186357
:100F800078381873A0381845A8381855B03818653F
:100F9000B8381875E0381847E8381857F038186727
:100FA000F83818772039184928391859303918690C
:100FB000383918795839183B6039184B6839185B3B
:100FC0007039186B7839187B9839183DA039184D4D
:100FD000A839185DB039186DB839187DD839183F5F
:100FE000E039184FE839185FF039186FF839187F71
:100FF000203A5841283A5851303A5861383A587195
:10100000603A5843683A5853703A5863783A58737C
:10101000A03A5845A83A5855B03A5865B83A587564
:10102000E03A5847E83A5857F03A5867F83A58774C
:10103000203B5849283B5859303B5869383B587930
:10104000603B584B683B585B703B586B783B587B18
:10105000983B583DA03B584DA83B585DB03B586D60
:10106000B83B587DD83B583FE03B584FE83B585F72
:10107000F03B586FF83B587F203C9841283C9851F2
:10108000303C9861383C9871603C9843683C985378
:10109000703C9863783C9873A03C9845A83C985560
:1010A000B03C9865B83C9875E03C9847E83C985748
:1010B000F03C9867F83C9877203D9849283D98592E
:1010C000303D9869383D9879603D984B683D985B14
:1010D000703D986B783D987BA03D984DA83D985DFC
:1010E000B03D986DB83D987DD83D983FE03D984F14
:1010F000E83D985FF03D986FF83D987F203ED841DD
:10110000283ED851303ED861383ED871603ED84331
:10111000683ED853703ED863783ED873A03ED84519
:10112000A83ED855B03ED865B83ED875E03ED84701
:10113000E83ED857F03ED867F83ED877203FD849E8
:10114000283FD859303FD869383FD879603FD84BCD
:10115000683FD85B703FD86B783FD87BA03FD84DB5
:10116000A83FD85DB03FD86DB83FD87DE03FD84F9D
:10117000E83FD85FF03FD86FF83FD87F2840205035
:10118000304020603840207060402042684020524B
:101190007040206278402072A0402044A840205433
:1011A000B0402064B8402074E0402046E84020561B
:1011B000F0402066F8402076204120482841205801
:1011C00030412068384120786041204A6841205AE7
:1011D0007041206A7841207AA041204CA841205CCF
:1011E000B041206CB841207CE041204EE841205EB7
:1011F000F041206EF841207E28426050304260600D
:101200003842607068426052704260627842607238
:10121000A0426044A8426054B0426064B842607426
:10122000E0426046E8426056F0426066F84260760E
:1012300020436048284360583043606838436078F2
:101240006043604A6843605A7043606A7843607ADA
:10125000A043604CA843605CB043606CB843607CC2
:10126000E043604EE843605EF043606EF843607EAA
:101270002844A0503044A0603844A0706844A05274
:101280007044A0627844A072A844A054B044A06402
:10129000B844A074E044A046E844A056F044A066D8
:1012A000F844A0762045A0482845A0583045A068BD
:1012B0003845A0786045A04A6845A05A7045A06AA4
:1012C0007845A07AA045A04CA845A05CB045A06C8C
:1012D000B845A07CE045A04EE845A05EF045A06E74
:1012E000F845A07E2846E0503046E0603846E07081
:1012F0006846E0527046E0627846E072A846E054E4
:10130000B046E064B846E074E846E056F046E06671
:10131000F846E0762047E0482847E0583047E06844
:101320003847E0786047E04A6847E05A7047E06A2B
:101330007847E07AA047E04CA847E05CB047E06C13
:10134000B847E07CE047E04EE847E05EF047E06EFB
:10135000F847E07E28482051304820613848207105
:10136000684820537048206378482073A848205567
:10137000B0482065B8482075E8482057F0482067F5
:10138000F848207728492059304920693849207980
:101390006049204B6849205B7049206B7849207B6D
:1013A000A049204DA849205DB049206DB849207D55
:1013B000E049204FE849205FF049206FF849207F3D
:1013C000284A6051304A6061384A6071684A605307
:1013D000704A6063784A6073A84A6055B04A606595
:1013E000B84A6075E84A6057F04A6067F84A607723
:1013F000284B6059304B6069384B6079684B605BB3
:10140000704B606B784B607BA04B604DA84B605D70
:10141000B04B606DB84B607DE04B604FE84B605F58
:10142000F04B606FF84B607F284CA051304CA061AE
:10143000384CA071684CA053704CA063784CA073DA
:10144000A84CA055B04CA065B84CA075E84CA0576E
:10145000F04CA067F84CA077284DA059304DA069FA
:10146000384DA079684DA05B704DA06B784DA07B86
:10147000A84DA05DB04DA06DB84DA07DE04DA04F32
:10148000E84DA05FF04DA06FF84DA07F284EE051D1
:10149000304EE061384EE071684EE053704EE063CC
:1014A000784EE073A84EE055B04EE065B84EE0755A
:1014B000E84EE057F04EE067F84EE077284FE059ED
:1014C000304FE069384FE079684FE05B704FE06B78
:1014D000784FE07BA84FE05DB04FE06DB84FE07D06
:1014E000E84FE05FF04FE06FF84FE07F305028604A
:1014F00038502870685028527050286278502872EE
:10150000A8502854B0502864B8502874E850285681
:10151000F0502866F850287628512858305128680D
:10152000385128786851285A7051286A7851287A99
:10153000A851285CB051286CB851287CE851285E2D
:10154000F051286EF851287E305268603852687029
:101550007052686278526872A8526854B0526864D7
:10156000B8526874E8526856F0526866F852687665
:101570002853685830536868385368786853685AF5
:101580007053686A7853687AA853685CB053686C83
:10159000B853687CE853685EF053686EF853687E11
:1015A0003054A8603854A8707054A8627854A87257
:1015B000B054A864B854A874E854A856F054A86667
:1015C000F854A8762855A8583055A8683855A878F2
:1015D0006855A85A7055A86A7855A87AA855A85C85
:1015E000B055A86CB855A87CE855A85EF055A86E13
:1015F000F855A87E3056E8603856E8707056E862B4
:101600007856E872B056E864B856E874F056E86662
:10161000F856E8762857E8583057E8683857E87899
:101620006857E85A7057E86A7857E87AA857E85C2C
:10163000B057E86CB857E87CE857E85EF057E86EBA
:10164000F857E87E30582861385828717058286358
:1016500078582873B0582865B8582875F058286706
:10166000F858287730592869385928796859285BFB
:101670007059286B7859287BA859285DB059286D76
:10168000B859287DE859285FF059286FF859287F04
:10169000305A6861385A6871705A6863785A68734A
:1016A000B05A6865B85A6875F05A6867F85A68772A
:1016B000305B6869385B6879705B686B785B687B06
:1016C000A85B685DB05B686DB85B687DE85B685F70
:1016D000F05B686FF85B687F305CA861385CA8716C
:1016E000705CA863785CA873B05CA865B85CA875EA
:1016F000F05CA867F85CA877305DA869385DA879C8
:10170000705DA86B785DA87BB05DA86DB85DA87DA5
:10171000E85DA85FF05DA86FF85DA87F305EE861C6
:10172000385EE871705EE863785EE873B05EE86525
:10173000B85EE875F05EE867F85EE877305FE86904
:10174000385FE879705FE86B785FE87BB05FE86DE1
:10175000B85FE87DF05FE86FF85FE87F3860307071
:101760007060306278603072B0603064B86030743D
:10177000F0603066F860307630613068386130781B
:101780007061306A7861307AB061306CB861307CF9
:10179000F061306EF861307E38627070786270721D
:1017A000B0627064B8627074F0627066F8627076ED
:1017B00030637068386370787063706A7863707AC9
:1017C000B063706CB863707CF063706EF863707EA9
:1017D0003864B0707864B072B864B074F064B066A5
:1017E000F864B0763065B0683865B0787065B06A16
:1017F0007865B07AB065B06CB865B07CF065B06EF5
:10180000F865B07E3866F0707866F072B866F0748D
:10181000F866F0763067F0683867F0787067F06ADD
:101820007867F07AB067F06CB867F07CF067F06EBC
:10183000F867F07E3868307178683073B868307552
:10184000F8683077386930797069306B7869307B47
:10185000B069306DB869307DF069306FF869307FFC
:10186000386A7071786A7073B86A7075F86A7077E0
:10187000386B7079786B707BB06B706DB86B707D06
:10188000F06B706FF86B707F386CB071786CB07300
:10189000B86CB075F86CB077386DB079786DB07B96
:1018A000B86DB07DF06DB06FF86DB07F386EF071CF
:1018B000786EF073B86EF075F86EF077386FF07977
:1018C000786FF07BB86FF07DF86FF07F78703872CA
:1018D000B8703874F8703876387138787871387A2A
:1018E000B871387CF871387EB8727874F87278768E
:1018F000387378787873787AB873787CF873787EF0
:10190000F874B8763875B8787875B87AB875B87CE0
:10191000F875B87E3877F8787877F87AB877F87C01
:10192000F877F87E7879387BB879387DF879387F20
:10193000B87B787DF87B787FF87DB87F080000025F
:101940001000000418000006200000082800000A0B
:101950003000000C3800000E4800400250004004E7
:1019600058004006600040086800400A7000400CC3
:101970007800400E88008002900080049800800665
:10198000A0008008A800800AB000800CB800800E7B
:10199000C800C002D000C004D800C006E000C008E3
:1019A000E800C00AF000C00CF800C00E08010003F7
:1019B0001001000518010007200100092801000B93
:1019C0003001000D3801000F48014003500140056F
:1019D00058014007600140096801400B7001400D4B
:1019E0007801400F880180039001800598018007ED
:1019F000A0018009A801800BB001800DB801800F03
:101A0000C801C003D001C005D801C007E001C0096A
:101A1000E801C00BF001C00DF801C00F100208046E
:101A200018020806200208082802080A3002080CDA
:101A30003802080E5002480458024806600248085E
:101A40006802480A7002480C7802480E9002880426
:101A500098028806A0028808A802880AB002880CAA
:101A6000B802880ED002C804D802C806E002C8082E
:101A7000E802C80AF002C80CF802C80E10030805F4
:101A800018030807200308092803080B3003080D72
:101A90003803080F500348055803480760034809F6
:101AA0006803480B7003480D7803480F90038805BE
:101AB00098038807A0038809A803880BB003880D42
:101AC000B803880FD003C805D803C807E003C809C6
:101AD000E803C80BF003C80DF803C80F180410067C
:101AE000200410082804100A3004100C3804100ECA
:101AF00058045006600450086804500A7004500CE2
:101B00007804500E98049006A0049008A804900A47
:101B1000B004900CB804900ED804D006E004D008AD
:101B2000E804D00AF004D00CF804D00E1805100711
:101B3000200510092805100B3005100D3805100F71
:101B400058055007600550096805500B7005500D89
:101B50007805500F98059007A0059009A805900BEF
:101B6000B005900DB805900FD805D007E005D00955
:101B7000E805D00BF005D00DF805D00F20061808A9
:101B80002806180A3006180C3806180E6006580881
:101B90006806580A7006580C7806580EA006980871
:101BA000A806980AB006980CB806980EE006D80861
:101BB000E806D80AF006D80CF806D80E200718094F
:101BC0002807180B3007180D3807180F6007580939
:101BD0006807580B7007580D7807580FA007980929
:101BE000A807980BB007980DB807980FE007D80919
:101BF000E807D80BF007D80DF807D80F2808200AF7
:101C00003008200C3808200E6808600A7008600C44
:101C10007808600EA808A00AB008A00CB808A00EAA
:101C2000E808E00AF008E00CF808E00E2809200BAC
:101C30003009200D3809200F6809600B7009600D0C
:101C40007809600FA809A00BB009A00DB809A00F72
:101C5000E809E00BF009E00DF809E00F300A280C64
:101C6000380A280E700A680C780A680EB00AA80CA8
:101C7000B80AA80EF00AE80CF80AE80E300B280D96
:101C8000380B280F700B680D780B680FB00BA80D80
:101C9000B80BA80FF00BE80DF80BE80F380C300E5E
:101CA000780C700EB80CB00EF80CF00E380D300F2A
:101CB000780D700FB80DB00FF80DF00F0800400050
:101CC000100080001800C000200000012800400122
:101CD000300080013800C001500088005800C80062
:101CE0006000080168004801700088017800C801A0
:101CF0009800D000A0001001A8005001B000900191
:101D0000B800D001E0001801E8005801F000980187
:101D1000F800D801280160013001A0013801E0017C
:101D20007001A8017801E801B801F0010004000089
:101D3000841F010854C80008080700008000000044
:101D4000843F010864D60008D000000010000000A5
:101D50008443010804D800081400000000080000B3
:101D6000044401082CD80008E00E00000001000027
:101D700004840108ECF50008B80100002000000010
:101D8000048C01085CF9000830000000001000001D
:101D9000048D0108BCF90008C00F0000000200001B
:101DA000040D02083C190108C001000040000000B9
:101DB000041D0208BC1C010838000000C41D0108F5
:101DC0000A00000000401C46A158023D0050434755
:101DD000C63B023D0050C347ABD1013D00504348D4
:101DE000422F023D00247448083C033D007C924889
:101DF000CE48043D00E6AA48C881043D0050C348CF
:101E0000C3BA043D00BADB482A91063D0024F448D9
:101E10009267083D475F464C4F572C6572726F7250
:101E20003D25732C7365713D256C750D0A0074306A
:101E300000726566207331007431007432004341D2
:101E40004C432045525200494420455252004652CC
:101E5000414D45204552520057415645204552526A
:101E6000005354415420455252005354415254207F
:101E70004552520054494D454F5554005670703DDF
:101E8000585858206D560056726D733D585858205A
:101E90006D56005670703D2573206D560056726D5C
:101EA000733D2573206D5600463D585858485A00DA
:101EB000463D256C75485A0073302E6964007331B5
:101EC0002E6964006672616D65006C656E6774688A
:101ED0000077617665666F726D007370656374720A
:101EE000756D00737461747573006D6561737572DF
:101EF000656D656E7400776176655F737461727489
:101F00000074696D656F75740074787400475F467E
:101F10004C4F572C7365713D256C752C66303D25F3
:101F20006C75487A2C6E3D25752C726D733D256C51
:101F3000752C7670703D256C752C745F6D733D2526
:101F40006C752C756E64657232733D257500256C59
:101F5000752E2530326C750025732E25733D222594
:101F6000732200743600636C652025732C25640091
:101F7000483D585858485A2C5858582E58586D565D
:101F8000000000000000803F00000000C4FE7F3F12
:101F9000890FC93B11FB7F3F900E493CE6F47F3F20
:101FA000B6C9963C43EC7F3FB00AC93C29E17F3F6C
:101FB000B949FB3C98D37F3F2CC3163D8FC37F3F6D
:101FC00007E02F3D0FB17F3F2FFB483D189C7F3F1F
:101FD0006814623DAB847F3F742B7B3DC76A7F3FB3
:101FE0000A208A3D6D4E7F3F05A9963D9D2F7F3F7C
:101FF0008C30A33D580E7F3F80B6AF3D9DEA7E3FBB
:10200000C33ABC3D6DC47E3F36BDC83DC99B7E3FD3
:10201000B93DD53DB0707E3F2EBCE13D23437E3FB0
:102020007638EE3D24137E3F73B2FA3DB1E07D3F3A
:102030000295033ECCAB7D3F86CF093E74747D3F55
:10204000B708103EAC3A7D3F8340163E73FE7C3F9E
:10205000DE761C3EC9BF7C3FB6AB223EB07E7C3FE5
:10206000FCDE283E283B7C3FA2102F3E31F57B3F13
:102070009840353ECDAC7B3FCF6E3B3EFC617B3F15
:10208000379B413EBE147B3FC2C5473E16C57A3FD3
:1020900060EE4D3E02737A3F0115543E841E7A3F36
:1020A00097395A3E9DC7793F135C603E4E6E793F2B
:1020B000667C663E9812793F7F9A6C3E7BB4783F8F
:1020C00051B6723EF853783FCCCF783E10F1773F4F
:1020D000E1E67E3EC58B773FC07D823E1724773F89
:1020E000CE86853E07BA763F938E883E974D763FE3
:1020F00007958B3EC6DE753F229A8E3E976D753FE3
:10210000DD9D913E0BFA743F31A0943E2284743FD2
:1021100017A1973EDD0B743F86A09A3E3F91733F17
:10212000789E9D3E4714733FE59AA03EF894723F17
:10213000C595A33E5213723F128FA63E578F713F33
:10214000C486A93E0809713FD47CAC3E6680703FCE
:102150003A71AF3E73F56F3FEF63B23E30686F3F49
:10216000EC54B53E9ED86E3F2A44B83EBE466E3F04
:10217000A031BB3E93B26D3F4A1DBE3E1D1C6D3F5C
:102180001E07C13E5E836C3F15EFC33E58E86B3FB0
:1021900029D5C63E0C4B6B3F53B9C93E7BAB6A3F5A
:1021A0008B9BCC3EA7096A3FCA7BCF3E9165693FB6
:1021B000095AD23E3CBF683F4136D53EA816683F1B
:1021C0006B10D83ED86B673F80E8DA3ECCBE663FE6
:1021D00079BEDD3E880F663F4F92E03E0B5E653F65
:1021E000FA63E33E59AA643F7533E63E73F4633FF6
:1021F000B700E93E5A3C633FBBCBEB3E1082623FE7
:102200007994EE3E98C5613FEA5AF13EF206613F8D
:10221000071FF43E2146603FCBE0F63E27835F3F39
:102220002DA0F93E05BE5E3F275DFC3EBEF65D3F3C
:10223000B217FF3E532D5D3FE4E7003FC7615C3FAF
:10224000B142023F1A945B3F3D9C033F50C45A3F4A
:1022500084F4043F6AF2593F824B063F6A1E593F9D
:1022600036A1073F5348583F9BF5083F2670573F1C
:10227000AD480A3FE595563F6B9A0B3F93B9553FE2
:10228000D0EA0C3F31DB543FDA390E3FC3FA533FFB
:1022900084870F3F4918533FCDD3103FC633523F79
:1022A000B01E123F3D4D513F2A68133FAF64503F6F
:1022B00039B0143F1F7A4F3FD9F6153F908D4E3FEE
:1022C000073C173F029F4D3FC07F183F79AE4C3F00
:1022D00000C2193FF8BB4B3FC6021B3F7FC74A3FB6
:1022E0000C421C3F12D1493FD17F1D3FB3D8483F1C
:1022F00012BC1E3F65DE473FCBF61F3F2AE2463F3A
:10230000F92F213F03E4453F9967223FF5E3443F1E
:10231000A99D233F00E2433F25D2243F29DE423FCF
:102320000A05263F70D8413F5636273FDAD0403F56
:102330000566283F67C73F3F1594293F1BBC3E3FBA
:1023400082C02A3FF9AE3D3F4AEB2B3F03A03C3F02
:1023500069142D3F3B8F3B3FDE3B2E3FA47C3A3F31
:10236000A5612F3F4268393FBB85303F1652383F49
:102370001DA8313F233A373FC9C8323F6C20363F52
:10238000BCE7333FF304353FF304353FBCE7333F4D
:102390006C20363FC9C8323F233A373F1DA8313F32
:1023A0001652383FBB85303F4268393FA5612F3F09
:1023B000A47C3A3FDE3B2E3F3B8F3B3F69142D3FD1
:1023C00003A03C3F4AEB2B3FF9AE3D3F82C02A3F82
:1023D0001BBC3E3F1594293F67C73F3F0566283F1A
:1023E000DAD0403F5636273F70D8413F0A05263F96
:1023F00029DE423F25D2243F00E2433FA99D233FEF
:10240000F5E3443F9967223F03E4453FF92F213F1D
:102410002AE2463FCBF61F3F65DE473F12BC1E3F18
:10242000B3D8483FD17F1D3F12D1493F0C421C3FDA
:102430007FC74A3FC6021B3FF8BB4B3F00C2193F54
:1024400079AE4C3FC07F183F029F4D3F073C173F7E
:10245000908D4E3FD9F6153F1F7A4F3F39B0143F4C
:10246000AF64503F2A68133F3D4D513FB01E123FAD
:10247000C633523FCDD3103F4918533F84870F3F97
:10248000C3FA533FDA390E3F31DB543FD0EA0C3FF9
:1024900093B9553F6B9A0B3FE595563FAD480A3FC0
:1024A0002670573F9BF5083F5348583F36A1073FDA
:1024B0006A1E593F824B063F6AF2593F84F4043F3B
:1024C00050C45A3F3D9C033F1A945B3FB142023FC8
:1024D000C7615C3FE4E7003F532D5D3FB217FF3E0D
:1024E000BEF65D3F275DFC3E05BE5E3F2DA0F93E7A
:1024F00027835F3FCBE0F63E2146603F071FF43E57
:10250000F206613FEA5AF13E98C5613F7994EE3E8A
:102510001082623FBBCBEB3E5A3C633FB700E93EC3
:1025200073F4633F7533E63E59AA643FFA63E33EB2
:102530000B5E653F4F92E03E880F663F79BEDD3E01
:10254000CCBE663F80E8DA3ED86B673F6B10D83E62
:10255000A816683F4136D53E3CBF683F095AD23E77
:102560009165693FCA7BCF3EA7096A3F8B9BCC3EF2
:102570007BAB6A3F53B9C93E0C4B6B3F29D5C63E76
:1025800058E86B3F15EFC33E5E836C3F1E07C13EAC
:102590001D1C6D3F4A1DBE3E93B26D3FA031BB3E38
:1025A000BE466E3F2A44B83E9ED86E3FEC54B53EC0
:1025B00030686F3FEF63B23E73F56F3F3A71AF3EE5
:1025C0006680703FD47CAC3E0809713FC486A93E4A
:1025D000578F713F128FA63E5213723FC595A33E8F
:1025E000F894723FE59AA03E4714733F789E9D3E53
:1025F0003F91733F86A09A3EDD0B743F17A1973E33
:102600002284743F31A0943E0BFA743FDD9D913ECD
:10261000976D753F229A8E3EC6DE753F07958B3EBD
:10262000974D763F938E883E07BA763FCE86853E9D
:102630001724773FC07D823EC58B773FE1E67E3E23
:1026400010F1773FCCCF783EF853783F51B6723EC9
:102650007BB4783F7F9A6C3E9812793F667C663EE9
:102660004E6E793F135C603E9DC7793F97395A3E65
:10267000841E7A3F0115543E02737A3F60EE4D3E50
:1026800016C57A3FC2C5473EBE147B3F379B413ECD
:10269000FC617B3FCF6E3B3ECDAC7B3F9840353EEF
:1026A00031F57B3FA2102F3E283B7C3FFCDE283ECD
:1026B000B07E7C3FB6AB223EC9BF7C3FDE761C3E7F
:1026C00073FE7C3F8340163EAC3A7D3FB708103E18
:1026D00074747D3F86CF093ECCAB7D3F0295033EAF
:1026E000B1E07D3F73B2FA3D24137E3F7638EE3D74
:1026F00023437E3F2EBCE13DB0707E3FB93DD53DCA
:10270000C99B7E3F36BDC83D6DC47E3FC33ABC3DCC
:102710009DEA7E3F80B6AF3D580E7F3F8C30A33D93
:102720009D2F7F3F05A9963D6D4E7F3F0A208A3D34
:10273000C76A7F3F742B7B3DAB847F3F6814623D4B
:10274000189C7F3F2FFB483D0FB17F3F07E02F3D97
:102750008FC37F3F2CC3163D98D37F3FB949FB3CC5
:1027600029E17F3FB00AC93C43EC7F3FB6C9963CA4
:10277000E6F47F3F900E493C11FB7F3F890FC93B38
:10278000C4FE7F3F000000000000803F890FC9BBEE
:10279000C4FE7F3F900E49BC11FB7F3FB6C996BC7B
:1027A000E6F47F3FB00AC9BC43EC7F3FB949FBBCAC
:1027B00029E17F3F2CC316BD98D37F3F07E02FBD93
:1027C0008FC37F3F2FFB48BD0FB17F3F681462BDB1
:1027D000189C7F3F742B7BBDAB847F3F0A208ABD52
:1027E000C76A7F3F05A996BD6D4E7F3F8C30A3BD64
:1027F0009D2F7F3F80B6AFBD580E7F3FC33ABCBD13
:102800009DEA7E3F36BDC8BD6DC47E3FB93DD5BD96
:10281000C99B7E3F2EBCE1BDB0707E3F7638EEBDD9
:1028200023437E3F73B2FABD24137E3F029503BE5D
:10283000B1E07D3F86CF09BECCAB7D3FB70810BE6F
:1028400074747D3F834016BEAC3A7D3FDE761CBE7D
:1028500073FE7C3FB6AB22BEC9BF7C3FFCDE28BE08
:10286000B07E7C3FA2102FBE283B7C3F984035BEF7
:1028700031F57B3FCF6E3BBECDAC7B3F379B41BE3E
:10288000FC617B3FC2C547BEBE147B3F60EE4DBEC0
:1028900016C57A3F011554BE02737A3F97395ABE66
:1028A000841E7A3F135C60BE9DC7793F667C66BE1E
:1028B0004E6E793F7F9A6CBE9812793F51B672BEC8
:1028C0007BB4783FCCCF78BEF853783FE1E67EBE4C
:1028D00010F1773FC07D82BEC58B773FCE8685BE27
:1028E0001724773F938E88BE07BA763F07958BBE35
:1028F000974D763F229A8EBEC6DE753FDD9D91BE16
:10290000976D753F31A094BE0BFA743F17A197BE27
:102910002284743F86A09ABEDD0B743F789E9DBED4
:102920003F91733FE59AA0BE4714733FC595A3BE80
:10293000F894723F128FA6BE5213723FC486A9BE8E
:10294000578F713FD47CACBE0809713F3A71AFBE5E
:102950006680703FEF63B2BE73F56F3FEC54B5BE57
:1029600030686F3F2A44B8BE9ED86E3FA031BBBED0
:10297000BE466E3F4A1DBEBE93B26D3F1E07C1BE2E
:102980001D1C6D3F15EFC3BE5E836C3F29D5C6BECF
:1029900058E86B3F53B9C9BE0C4B6B3F8B9BCCBE09
:1029A0007BAB6A3FCA7BCFBEA7096A3F095AD2BE3A
:1029B0009165693F4136D5BE3CBF683F6B10D8BEBC
:1029C000A816683F80E8DABED86B673F79BEDDBEE7
:1029D000CCBE663F4F92E0BE880F663FFA63E3BE0F
:1029E0000B5E653F7533E6BE59AA643FB700E9BE8A
:1029F00073F4633FBBCBEBBE5A3C633F7994EEBEAE
:102A00001082623FEA5AF1BE98C5613F071FF4BECB
:102A1000F206613FCBE0F6BE2146603F2DA0F9BE35
:102A200027835F3F275DFCBE05BE5E3FB217FFBE3A
:102A3000BEF65D3FE4E700BF532D5D3FB14202BFEC
:102A4000C7615C3F3D9C03BF1A945B3F84F404BFA5
:102A500050C45A3F824B06BF6AF2593F36A107BFA6
:102A60006A1E593F9BF508BF5348583FAD480ABFFF
:102A70002670573F6B9A0BBFE595563FD0EA0CBFC7
:102A800093B9553FDA390EBF31DB543F84870FBF0E
:102A9000C3FA533FCDD310BF4918533FB01E12BFE6
:102AA000C633523F2A6813BF3D4D513F39B014BF62
:102AB000AF64503FD9F615BF1F7A4F3F073C17BF91
:102AC000908D4E3FC07F18BF029F4D3F00C219BF7F
:102AD00079AE4C3FC6021BBFF8BB4B3F0C421CBF3C
:102AE0007FC74A3FD17F1DBF12D1493F12BC1EBFD5
:102AF000B3D8483FCBF61FBF65DE473FF92F21BF54
:102B00002AE2463F996722BF03E4453FA99D23BFC0
:102B1000F5E3443F25D224BF00E2433F0A0526BF28
:102B200029DE423F563627BF70D8413F056628BF91
:102B3000DAD0403F159429BF67C73F3F82C02ABF04
:102B40001BBC3E3F4AEB2BBFF9AE3D3F69142DBF86
:102B500003A03C3FDE3B2EBF3B8F3B3FA5612FBF19
:102B6000A47C3A3FBB8530BF4268393F1DA831BFC6
:102B70001652383FC9C832BF233A373FBCE733BF8C
:102B80006C20363FF30435BFF304353F6C2036BF6D
:102B9000BCE7333F233A37BFC9C8323F165238BF6C
:102BA0001DA8313F426839BFBB85303FA47C3ABF86
:102BB000A5612F3F3B8F3BBFDE3B2E3F03A03CBFB9
:102BC00069142D3FF9AE3DBF4AEB2B3F1BBC3EBF06
:102BD00082C02A3F67C73FBF1594293FDAD040BF64
:102BE0000566283F70D841BF5636273F29DE42BFD1
:102BF0000A05263F00E243BF25D2243FF5E344BF48
:102C0000A99D233F03E445BF9967223F2AE246BFBF
:102C1000F92F213F65DE47BFCBF61F3FB3D848BF32
:102C200012BC1E3F12D149BFD17F1D3F7FC74ABF93
:102C30000C421C3FF8BB4BBFC6021B3F79AE4CBFDA
:102C400000C2193F029F4DBFC07F183F908D4EBFFD
:102C5000073C173F1F7A4FBFD9F6153FAF6450BFEF
:102C600039B0143F3D4D51BF2A68133FC63352BFA0
:102C7000B01E123F491853BFCDD3103FC3FA53BF04
:102C800084870F3F31DB54BFDA390E3F93B955BF0C
:102C9000D0EA0C3FE59556BF6B9A0B3F267057BFA5
:102CA000AD480A3F534858BF9BF5083F6A1E59BFBD
:102CB00036A1073F6AF259BF824B063F50C45ABF44
:102CC00084F4043F1A945BBF3D9C033FC7615CBF23
:102CD000B142023F532D5DBFE4E7003FBEF65DBF4A
:102CE000B217FF3E05BE5EBF275DFC3E27835FBF78
:102CF0002DA0F93E214660BFCBE0F63EF20661BF53
:102D0000071FF43E98C561BFEA5AF13E108262BFC8
:102D10007994EE3E5A3C63BFBBCBEB3E73F463BF8A
:102D2000B700E93E59AA64BF7533E63E0B5E65BF46
:102D3000FA63E33E880F66BF4F92E03ECCBE66BFAB
:102D400079BEDD3ED86B67BF80E8DA3EA81668BF63
:102D50006B10D83E3CBF68BF4136D53E916569BF18
:102D6000095AD23EA7096ABFCA7BCF3E7BAB6ABF76
:102D70008B9BCC3E0C4B6BBF53B9C93E58E86BBF25
:102D800029D5C63E5E836CBF15EFC33E1D1C6DBFCB
:102D90001E07C13E93B26DBF4A1DBE3EBE466EBF0A
:102DA000A031BB3E9ED86EBF2A44B83E30686FBF8C
:102DB000EC54B53E73F56FBFEF63B23E668070BFF3
:102DC0003A71AF3E080971BFD47CAC3E578F71BFDA
:102DD000C486A93E521372BF128FA63EF89472BFEA
:102DE000C595A33E471473BFE59AA03E3F9173BFBC
:102DF000789E9D3EDD0B74BF86A09A3E228474BFF0
:102E000017A1973E0BFA74BF31A0943E976D75BF22
:102E1000DD9D913EC6DE75BF229A8E3E974D76BFF0
:102E200007958B3E07BA76BF938E883E172477BFEF
:102E3000CE86853EC58B77BFC07D823E10F177BFC1
:102E4000E1E67E3EF85378BFCCCF783E7BB478BFC6
:102E500051B6723E981279BF7F9A6C3E4E6E79BF22
:102E6000667C663E9DC779BF135C603E841E7ABF58
:102E700097395A3E02737ABF0115543E16C57ABF80
:102E800060EE4D3EBE147BBFC2C5473EFC617BBFBA
:102E9000379B413ECDAC7BBFCF6E3B3E31F57BBF18
:102EA0009840353E283B7CBFA2102F3EB07E7CBFB1
:102EB000FCDE283EC9BF7CBFB6AB223E73FE7CBFA2
:102EC000DE761C3EAC3A7DBF8340163E74747DBFF7
:102ED000B708103ECCAB7DBF86CF093EB1E07DBFC9
:102EE0000295033E24137EBF73B2FA3D23437EBF97
:102EF0007638EE3DB0707EBF2EBCE13DC99B7EBFF3
:102F0000B93DD53D6DC47EBF36BDC83D9DEA7EBF8F
:102F1000C33ABC3D580E7FBF80B6AF3D9D2F7FBFEB
:102F20008C30A33D6D4E7FBF05A9963DC76A7FBF1C
:102F30000A208A3DAB847FBF742B7B3D189C7FBFEA
:102F40006814623D0FB17FBF2FFB483D8FC37FBF29
:102F500007E02F3D98D37FBF2CC3163D29E17FBFEB
:102F6000B949FB3C43EC7FBFB00AC93CE6F47FBFE4
:102F7000B6C9963C11FB7FBF900E493CC4FE7FBF93
:102F8000890FC93B000080BF00000000C4FE7FBF66
:102F9000890FC9BB11FB7FBF900E49BCE6F47FBF10
:102FA000B6C996BC43EC7FBFB00AC9BC29E17FBF5C
:102FB000B949FBBC98D37FBF2CC316BD8FC37FBF5D
:102FC00007E02FBD0FB17FBF2FFB48BD189C7FBF0F
:102FD000681462BDAB847FBF742B7BBDC76A7FBFA3
:102FE0000A208ABD6D4E7FBF05A996BD9D2F7FBF6C
:102FF0008C30A3BD580E7FBF80B6AFBD9DEA7EBFAB
:10300000C33ABCBD6DC47EBF36BDC8BDC99B7EBFC3
:10301000B93DD5BDB0707EBF2EBCE1BD23437EBFA0
:103020007638EEBD24137EBF73B2FABDB1E07DBF2A
:10303000029503BECCAB7DBF86CF09BE74747DBF45
:10304000B70810BEAC3A7DBF834016BE73FE7CBF8E
:10305000DE761CBEC9BF7CBFB6AB22BEB07E7CBFD5
:10306000FCDE28BE283B7CBFA2102FBE31F57BBF03
:10307000984035BECDAC7BBFCF6E3BBEFC617BBF05
:10308000379B41BEBE147BBFC2C547BE16C57ABFC3
:1030900060EE4DBE02737ABF011554BE841E7ABF26
:1030A00097395ABE9DC779BF135C60BE4E6E79BF1B
:1030B000667C66BE981279BF7F9A6CBE7BB478BF7F
:1030C00051B672BEF85378BFCCCF78BE10F177BF3F
:1030D000E1E67EBEC58B77BFC07D82BE172477BF79
:1030E000CE8685BE07BA76BF938E88BE974D76BFD3
:1030F00007958BBEC6DE75BF229A8EBE976D75BFD3
:10310000DD9D91BE0BFA74BF31A094BE228474BFC2
:1031100017A197BEDD0B74BF86A09ABE3F9173BF07
:10312000789E9DBE471473BFE59AA0BEF89472BF07
:10313000C595A3BE521372BF128FA6BE578F71BF23
:10314000C486A9BE080971BFD47CACBE668070BFBE
:103150003A71AFBE73F56FBFEF63B2BE30686FBF39
:10316000EC54B5BE9ED86EBF2A44B8BEBE466EBFF4
:10317000A031BBBE93B26DBF4A1DBEBE1D1C6DBF4C
:103180001E07C1BE5E836CBF15EFC3BE58E86BBFA0
:1031900029D5C6BE0C4B6BBF53B9C9BE7BAB6ABF4A
:1031A0008B9BCCBEA7096ABFCA7BCFBE916569BFA6
:1031B000095AD2BE3CBF68BF4136D5BEA81668BF0B
:1031C0006B10D8BED86B67BF80E8DABECCBE66BFD6
:1031D00079BEDDBE880F66BF4F92E0BE0B5E65BF55
:1031E000FA63E3BE59AA64BF7533E6BE73F463BFE6
:1031F000B700E9BE5A3C63BFBBCBEBBE108262BFD7
:103200007994EEBE98C561BFEA5AF1BEF20661BF7D
:10321000071FF4BE214660BFCBE0F6BE27835FBF29
:103220002DA0F9BE05BE5EBF275DFCBEBEF65DBF2C
:10323000B217FFBE532D5DBFE4E700BFC7615CBF9F
:10324000B14202BF1A945BBF3D9C03BF50C45ABF3A
:1032500084F404BF6AF259BF824B06BF6A1E59BF8D
:1032600036A107BF534858BF9BF508BF267057BF0C
:10327000AD480ABFE59556BF6B9A0BBF93B955BFD2
:10328000D0EA0CBF31DB54BFDA390EBFC3FA53BFEB
:1032900084870FBF491853BFCDD310BFC63352BF69
:1032A000B01E12BF3D4D51BF2A6813BFAF6450BF5F
:1032B00039B014BF1F7A4FBFD9F615BF908D4EBFDE
:1032C000073C17BF029F4DBFC07F18BF79AE4CBFF0
:1032D00000C219BFF8BB4BBFC6021BBF7FC74ABFA6
:1032E0000C421CBF12D149BFD17F1DBFB3D848BF0C
:1032F00012BC1EBF65DE47BFCBF61FBF2AE246BF2A
:10330000F92F21BF03E445BF996722BFF5E344BF0E
:10331000A99D23BF00E243BF25D224BF29DE42BFBF
:103320000A0526BF70D841BF563627BFDAD040BF46
:10333000056628BF67C73FBF159429BF1BBC3EBFAA
:1033400082C02ABFF9AE3DBF4AEB2BBF03A03CBFF2
:1033500069142DBF3B8F3BBFDE3B2EBFA47C3ABF21
:10336000A5612FBF426839BFBB8530BF165238BF39
:103370001DA831BF233A37BFC9C832BF6C2036BF42
:10338000BCE733BFF30435BFF30435BFBCE733BF3D
:103390006C2036BFC9C832BF233A37BF1DA831BF22
:1033A000165238BFBB8530BF426839BFA5612FBFF9
:1033B000A47C3ABFDE3B2EBF3B8F3BBF69142DBFC1
:1033C00003A03CBF4AEB2BBFF9AE3DBF82C02ABF72
:1033D0001BBC3EBF159429BF67C73FBF056628BF0A
:1033E000DAD040BF563627BF70D841BF0A0526BF86
:1033F00029DE42BF25D224BF00E243BFA99D23BFDF
:10340000F5E344BF996722BF03E445BFF92F21BF0D
:103410002AE246BFCBF61FBF65DE47BF12BC1EBF08
:10342000B3D848BFD17F1DBF12D149BF0C421CBFCA
:103430007FC74ABFC6021BBFF8BB4BBF00C219BF44
:1034400079AE4CBFC07F18BF029F4DBF073C17BF6E
:10345000908D4EBFD9F615BF1F7A4FBF39B014BF3C
:10346000AF6450BF2A6813BF3D4D51BFB01E12BF9D
:10347000C63352BFCDD310BF491853BF84870FBF87
:10348000C3FA53BFDA390EBF31DB54BFD0EA0CBFE9
:1034900093B955BF6B9A0BBFE59556BFAD480ABFB0
:1034A000267057BF9BF508BF534858BF36A107BFCA
:1034B0006A1E59BF824B06BF6AF259BF84F404BF2B
:1034C00050C45ABF3D9C03BF1A945BBFB14202BFB8
:1034D000C7615CBFE4E700BF532D5DBFB217FFBEFD
:1034E000BEF65DBF275DFCBE05BE5EBF2DA0F9BE6A
:1034F00027835FBFCBE0F6BE214660BF071FF4BE47
:10350000F20661BFEA5AF1BE98C561BF7994EEBE7A
:10351000108262BFBBCBEBBE5A3C63BFB700E9BEB3
:1035200073F463BF7533E6BE59AA64BFFA63E3BEA2
:103530000B5E65BF4F92E0BE880F66BF79BEDDBEF1
:10354000CCBE66BF80E8DABED86B67BF6B10D8BE52
:10355000A81668BF4136D5BE3CBF68BF095AD2BE67
:10356000916569BFCA7BCFBEA7096ABF8B9BCCBEE2
:103570007BAB6ABF53B9C9BE0C4B6BBF29D5C6BE66
:1035800058E86BBF15EFC3BE5E836CBF1E07C1BE9C
:103590001D1C6DBF4A1DBEBE93B26DBFA031BBBE28
:1035A000BE466EBF2A44B8BE9ED86EBFEC54B5BEB0
:1035B00030686FBFEF63B2BE73F56FBF3A71AFBED5
:1035C000668070BFD47CACBE080971BFC486A9BE3A
:1035D000578F71BF128FA6BE521372BFC595A3BE7F
:1035E000F89472BFE59AA0BE471473BF789E9DBE43
:1035F0003F9173BF86A09ABEDD0B74BF17A197BE23
:10360000228474BF31A094BE0BFA74BFDD9D91BEBD
:10361000976D75BF229A8EBEC6DE75BF07958BBEAD
:10362000974D76BF938E88BE07BA76BFCE8685BE8D
:10363000172477BFC07D82BEC58B77BFE1E67EBE13
:1036400010F177BFCCCF78BEF85378BF51B672BEB9
:103650007BB478BF7F9A6CBE981279BF667C66BED9
:103660004E6E79BF135C60BE9DC779BF97395ABE55
:10367000841E7ABF011554BE02737ABF60EE4DBE40
:1036800016C57ABFC2C547BEBE147BBF379B41BEBD
:10369000FC617BBFCF6E3BBECDAC7BBF984035BEDF
:1036A00031F57BBFA2102FBE283B7CBFFCDE28BEBD
:1036B000B07E7CBFB6AB22BEC9BF7CBFDE761CBE6F
:1036C00073FE7CBF834016BEAC3A7DBFB70810BE08
:1036D00074747DBF86CF09BECCAB7DBF029503BE9F
:1036E000B1E07DBF73B2FABD24137EBF7638EEBD64
:1036F00023437EBF2EBCE1BDB0707EBFB93DD5BDBA
:10370000C99B7EBF36BDC8BD6DC47EBFC33ABCBDBC
:103710009DEA7EBF80B6AFBD580E7FBF8C30A3BD83
:103720009D2F7FBF05A996BD6D4E7FBF0A208ABD24
:10373000C76A7FBF742B7BBDAB847FBF681462BD3B
:10374000189C7FBF2FFB48BD0FB17FBF07E02FBD87
:103750008FC37FBF2CC316BD98D37FBFB949FBBCB5
:1037600029E17FBFB00AC9BC43EC7FBFB6C996BC94
:10377000E6F47FBF900E49BC11FB7FBF890FC9BB28
:10378000C4FE7FBF00000080000080BF890FC93BDE
:10379000C4FE7FBF900E493C11FB7FBFB6C9963C6B
:1037A000E6F47FBFB00AC93C43EC7FBFB949FB3C9C
:1037B00029E17FBF2CC3163D98D37FBF07E02F3D83
:1037C0008FC37FBF2FFB483D0FB17FBF6814623DA1
:1037D000189C7FBF742B7B3DAB847FBF0A208A3D42
:1037E000C76A7FBF05A9963D6D4E7FBF8C30A33D54
:1037F0009D2F7FBF80B6AF3D580E7FBFC33ABC3D03
:103800009DEA7EBF36BDC83D6DC47EBFB93DD53D86
:10381000C99B7EBF2EBCE13DB0707EBF7638EE3DC9
:1038200023437EBF73B2FA3D24137EBF0295033E4D
:10383000B1E07DBF86CF093ECCAB7DBFB708103E5F
:1038400074747DBF8340163EAC3A7DBFDE761C3E6D
:1038500073FE7CBFB6AB223EC9BF7CBFFCDE283EF8
:10386000B07E7CBFA2102F3E283B7CBF9840353EE7
:1038700031F57BBFCF6E3B3ECDAC7BBF379B413E2E
:10388000FC617BBFC2C5473EBE147BBF60EE4D3EB0
:1038900016C57ABF0115543E02737ABF97395A3E56
:1038A000841E7ABF135C603E9DC779BF667C663E0E
:1038B0004E6E79BF7F9A6C3E981279BF51B6723EB8
:1038C0007BB478BFCCCF783EF85378BFE1E67E3E3C
:1038D00010F177BFC07D823EC58B77BFCE86853E17
:1038E000172477BF938E883E07BA76BF07958B3E25
:1038F000974D76BF229A8E3EC6DE75BFDD9D913E06
:10390000976D75BF31A0943E0BFA74BF17A1973E17
:10391000228474BF86A09A3EDD0B74BF789E9D3EC4
:103920003F9173BFE59AA03E471473BFC595A33E70
:10393000F89472BF128FA63E521372BFC486A93E7E
:10394000578F71BFD47CAC3E080971BF3A71AF3E4E
:10395000668070BFEF63B23E73F56FBFEC54B53E47
:1039600030686FBF2A44B83E9ED86EBFA031BB3EC0
:10397000BE466EBF4A1DBE3E93B26DBF1E07C13E1E
:103980001D1C6DBF15EFC33E5E836CBF29D5C63EBF
:1039900058E86BBF53B9C93E0C4B6BBF8B9BCC3EF9
:1039A0007BAB6ABFCA7BCF3EA7096ABF095AD23E2A
:1039B000916569BF4136D53E3CBF68BF6B10D83EAC
:1039C000A81668BF80E8DA3ED86B67BF79BEDD3ED7
:1039D000CCBE66BF4F92E03E880F66BFFA63E33EFF
:1039E0000B5E65BF7533E63E59AA64BFB700E93E7A
:1039F00073F463BFBBCBEB3E5A3C63BF7994EE3E9E
:103A0000108262BFEA5AF13E98C561BF071FF43EBB
:103A1000F20661BFCBE0F63E214660BF2DA0F93E25
:103A200027835FBF275DFC3E05BE5EBFB217FF3E2A
:103A3000BEF65DBFE4E7003F532D5DBFB142023FDC
:103A4000C7615CBF3D9C033F1A945BBF84F4043F95
:103A500050C45ABF824B063F6AF259BF36A1073F96
:103A60006A1E59BF9BF5083F534858BFAD480A3FEF
:103A7000267057BF6B9A0B3FE59556BFD0EA0C3FB7
:103A800093B955BFDA390E3F31DB54BF84870F3FFE
:103A9000C3FA53BFCDD3103F491853BFB01E123FD6
:103AA000C63352BF2A68133F3D4D51BF39B0143F52
:103AB000AF6450BFD9F6153F1F7A4FBF073C173F81
:103AC000908D4EBFC07F183F029F4DBF00C2193F6F
:103AD00079AE4CBFC6021B3FF8BB4BBF0C421C3F2C
:103AE0007FC74ABFD17F1D3F12D149BF12BC1E3FC5
:103AF000B3D848BFCBF61F3F65DE47BFF92F213F44
:103B00002AE246BF9967223F03E445BFA99D233FB0
:103B1000F5E344BF25D2243F00E243BF0A05263F18
:103B200029DE42BF5636273F70D841BF0566283F81
:103B3000DAD040BF1594293F67C73FBF82C02A3FF4
:103B40001BBC3EBF4AEB2B3FF9AE3DBF69142D3F76
:103B500003A03CBFDE3B2E3F3B8F3BBFA5612F3F09
:103B6000A47C3ABFBB85303F426839BF1DA8313FB6
:103B7000165238BFC9C8323F233A37BFBCE7333F7C
:103B80006C2036BFF304353FF30435BF6C20363F5D
:103B9000BCE733BF233A373FC9C832BF1652383F5C
:103BA0001DA831BF4268393FBB8530BFA47C3A3F76
:103BB000A5612FBF3B8F3B3FDE3B2EBF03A03C3FA9
:103BC00069142DBFF9AE3D3F4AEB2BBF1BBC3E3FF6
:103BD00082C02ABF67C73F3F159429BFDAD0403F54
:103BE000056628BF70D8413F563627BF29DE423FC1
:103BF0000A0526BF00E2433F25D224BFF5E3443F38
:103C0000A99D23BF03E4453F996722BF2AE2463FAF
:103C1000F92F21BF65DE473FCBF61FBFB3D8483F22
:103C200012BC1EBF12D1493FD17F1DBF7FC74A3F83
:103C30000C421CBFF8BB4B3FC6021BBF79AE4C3FCA
:103C400000C219BF029F4D3FC07F18BF908D4E3FED
:103C5000073C17BF1F7A4F3FD9F615BFAF64503FDF
:103C600039B014BF3D4D513F2A6813BFC633523F90
:103C7000B01E12BF4918533FCDD310BFC3FA533FF4
:103C800084870FBF31DB543FDA390EBF93B9553FFC
:103C9000D0EA0CBFE595563F6B9A0BBF2670573F95
:103CA000AD480ABF5348583F9BF508BF6A1E593FAD
:103CB00036A107BF6AF2593F824B06BF50C45A3F34
:103CC00084F404BF1A945B3F3D9C03BFC7615C3F13
:103CD000B14202BF532D5D3FE4E700BFBEF65D3F3A
:103CE000B217FFBE05BE5E3F275DFCBE27835F3F68
:103CF0002DA0F9BE2146603FCBE0F6BEF206613F43
:103D0000071FF4BE98C5613FEA5AF1BE1082623FB8
:103D10007994EEBE5A3C633FBBCBEBBE73F4633F7A
:103D2000B700E9BE59AA643F7533E6BE0B5E653F36
:103D3000FA63E3BE880F663F4F92E0BECCBE663F9B
:103D400079BEDDBED86B673F80E8DABEA816683F53
:103D50006B10D8BE3CBF683F4136D5BE9165693F08
:103D6000095AD2BEA7096A3FCA7BCFBE7BAB6A3F66
:103D70008B9BCCBE0C4B6B3F53B9C9BE58E86B3F15
:103D800029D5C6BE5E836C3F15EFC3BE1D1C6D3FBB
:103D90001E07C1BE93B26D3F4A1DBEBEBE466E3FFA
:103DA000A031BBBE9ED86E3F2A44B8BE30686F3F7C
:103DB000EC54B5BE73F56F3FEF63B2BE6680703FE3
:103DC0003A71AFBE0809713FD47CACBE578F713FCA
:103DD000C486A9BE5213723F128FA6BEF894723FDA
:103DE000C595A3BE4714733FE59AA0BE3F91733FAC
:103DF000789E9DBEDD0B743F86A09ABE2284743FE0
:103E000017A197BE0BFA743F31A094BE976D753F12
:103E1000DD9D91BEC6DE753F229A8EBE974D763FE0
:103E200007958BBE07BA763F938E88BE1724773FDF
:103E3000CE8685BEC58B773FC07D82BE10F1773FB1
:103E4000E1E67EBEF853783FCCCF78BE7BB4783FB6
:103E500051B672BE9812793F7F9A6CBE4E6E793F12
:103E6000667C66BE9DC7793F135C60BE841E7A3F48
:103E700097395ABE02737A3F011554BE16C57A3F70
:103E800060EE4DBEBE147B3FC2C547BEFC617B3FAA
:103E9000379B41BECDAC7B3FCF6E3BBE31F57B3F08
:103EA000984035BE283B7C3FA2102FBEB07E7C3FA1
:103EB000FCDE28BEC9BF7C3FB6AB22BE73FE7C3F92
:103EC000DE761CBEAC3A7D3F834016BE74747D3FE7
:103ED000B70810BECCAB7D3F86CF09BEB1E07D3FB9
:103EE000029503BE24137E3F73B2FABD23437E3F87
:103EF0007638EEBDB0707E3F2EBCE1BDC99B7E3FE3
:103F0000B93DD5BD6DC47E3F36BDC8BD9DEA7E3F7F
:103F1000C33ABCBD580E7F3F80B6AFBD9D2F7F3FDB
:103F20008C30A3BD6D4E7F3F05A996BDC76A7F3F0C
:103F30000A208ABDAB847F3F742B7BBD189C7F3FDA
:103F4000681462BD0FB17F3F2FFB48BD8FC37F3F19
:103F500007E02FBD98D37F3F2CC316BD29E17F3FDB
:103F6000B949FBBC43EC7F3FB00AC9BCE6F47F3FD4
:103F7000B6C996BC11FB7F3F900E49BCC4FE7F3F83
:103F8000890FC9BB0000803F000000000FB17F3FD8
:103F90002FFB483D6DC47E3F36BDC83DAC3A7D3FEA
:103FA0008340163EBE147B3FC2C5473EF853783F60
:103FB000CCCF783E0BFA743F31A0943E0809713F94
:103FC000D47CAC3E5E836C3F15EFC33ED86B673F3D
:103FD00080E8DA3E98C5613FEA5AF13E1A945B3FA9
:103FE0003D9C033F31DB543FDA390E3F029F4D3F8A
:103FF000C07F183F03E4453F9967223FF9AE3D3F3C
:104000004AEB2B3FF304353FF304353F4AEB2B3F9C
:10401000F9AE3D3F9967223F03E4453FC07F183F1B
:10402000029F4D3FDA390E3F31DB543F3D9C033F49
:104030001A945B3FEA5AF13E98C5613F80E8DA3E48
:10404000D86B673F15EFC33E5E836C3FD47CAC3EBC
:104050000809713F31A0943E0BFA743FCCCF783EF3
:10406000F853783FC2C5473EBE147B3F8340163E9F
:10407000AC3A7D3F36BDC83D6DC47E3F2FFB483D09
:104080000FB17F3F000000000000803F2FFB48BDC4
:104090000FB17F3F36BDC8BD6DC47E3F834016BEA5
:1040A000AC3A7D3FC2C547BEBE147B3FCCCF78BE85
:1040B000F853783F31A094BE0BFA743FD47CACBE69
:1040C0000809713F15EFC3BE5E836C3F80E8DABE1E
:1040D000D86B673FEA5AF1BE98C5613F3D9C03BF6C
:1040E0001A945B3FDA390EBF31DB543FC07F18BFF3
:1040F000029F4D3F996722BF03E4453F4AEB2BBF28
:10410000F9AE3D3FF30435BFF304353FF9AE3DBF93
:104110004AEB2B3F03E445BF9967223F029F4DBF07
:10412000C07F183F31DB54BFDA390E3F1A945BBFB2
:104130003D9C033F98C561BFEA5AF13ED86B67BF0B
:1041400080E8DA3E5E836CBF15EFC33E080971BF9D
:10415000D47CAC3E0BFA74BF31A0943EF85378BFC8
:10416000CCCF783EBE147BBFC2C5473EAC3A7DBFC4
:104170008340163E6DC47EBF36BDC83D0FB17FBFC4
:104180002FFB483D000080BF000000000FB17FBF43
:104190002FFB48BD6DC47EBF36BDC8BDAC3A7DBFE8
:1041A000834016BEBE147BBFC2C547BEF85378BF5E
:1041B000CCCF78BE0BFA74BF31A094BE080971BF92
:1041C000D47CACBE5E836CBF15EFC3BED86B67BF3B
:1041D00080E8DABE98C561BFEA5AF1BE1A945BBFA7
:1041E0003D9C03BF31DB54BFDA390EBF029F4DBF88
:1041F000C07F18BF03E445BF996722BFF9AE3DBF3A
:104200004AEB2BBFF30435BFF30435BF4AEB2BBF9A
:10421000F9AE3DBF996722BF03E445BFC07F18BF19
:10422000029F4DBFDA390EBF31DB54BF3D9C03BF47
:104230001A945BBFEA5AF1BE98C561BF80E8DABE46
:10424000D86B67BF15EFC3BE5E836CBFD47CACBEBA
:10425000080971BF31A094BE0BFA74BFCCCF78BEF1
:10426000F85378BFC2C547BEBE147BBF834016BE9D
:10427000AC3A7DBF36BDC8BD6DC47EBF2FFB48BD07
:104280000FB17FBF00000080000080BF2FFB483DC2
:104290000FB17FBF36BDC83D6DC47EBF8340163EA3
:1042A000AC3A7DBFC2C5473EBE147BBFCCCF783E83
:1042B000F85378BF31A0943E0BFA74BFD47CAC3E67
:1042C000080971BF15EFC33E5E836CBF80E8DA3E1C
:1042D000D86B67BFEA5AF13E98C561BF3D9C033F6A
:1042E0001A945BBFDA390E3F31DB54BFC07F183FF1
:1042F000029F4DBF9967223F03E445BF4AEB2B3F26
:10430000F9AE3DBFF304353FF30435BFF9AE3D3F91
:104310004AEB2BBF03E4453F996722BF029F4D3F05
:10432000C07F18BF31DB543FDA390EBF1A945B3FB0
:104330003D9C03BF98C5613FEA5AF1BED86B673F09
:1043400080E8DABE5E836C3F15EFC3BE0809713F9B
:10435000D47CACBE0BFA743F31A094BEF853783FC6
:10436000CCCF78BEBE147B3FC2C547BEAC3A7D3FC2
:10437000834016BE6DC47E3F36BDC8BD0FB17F3FC2
:104380002FFB48BD0000803F000000005E836C3FB3
:1043900015EFC33EF304353FF304353F15EFC33E3D
:1043A0005E836C3F000000000000803F15EFC3BE3D
:1043B0005E836C3FF30435BFF304353F5E836CBF0F
:1043C00015EFC33E000080BF000000005E836CBF9D
:1043D00015EFC3BEF30435BFF30435BF15EFC3BEFD
:1043E0005E836CBF00000080000080BF15EFC33EFD
:1043F0005E836CBFF304353FF30435BF5E836C3FCF
:1044000015EFC3BE0000803F00000000B1FF7F3FFA
:10441000C70F493BC4FE7F3F890FC93B39FD7F3F32
:1044200059CB163C11FB7F3F900E493C4AF87F3F29
:104430004B517B3CE6F47F3FB6C9963CE3F07F3FAF
:1044400069EAAF3C43EC7F3FB00AC93C05E77F3FD8
:104450007B2AE23C29E17F3FB949FB3CAFDA7F3F51
:104460002F340A3D98D37F3F2CC3163DE2CB7F3FCC
:10447000CC51233D8FC37F3F07E02F3D9EBA7F3F46
:10448000D56D3C3D0FB17F3F2FFB483DE3A67F3FFD
:104490000E88553D189C7F3F6814623DB1907F3F68
:1044A00038A06E3DAB847F3F742B7B3D08787F3F07
:1044B0000ADB833DC76A7F3F0A208A3DE95C7F3F74
:1044C000B464903D6D4E7F3F05A9963D543F7F3FBC
:1044D000F9EC9C3D9D2F7F3F8C30A33D491F7F3FD2
:1044E000BA73A93D580E7F3F80B6AF3DC9FC7E3FF1
:1044F000DAF8B53D9DEA7E3FC33ABC3DD4D77E3F56
:10450000397CC23D6DC47E3F36BDC83D69B07E3F3B
:10451000B7FDCE3DC99B7E3FB93DD53D8B867E3FE5
:10452000377DDB3DB0707E3F2EBCE13D385A7E3F8B
:104530009AFAE73D23437E3F7638EE3D722B7E3F6D
:10454000C075F43D24137E3F73B2FA3D38FA7D3FC7
:104550004577003EB1E07D3F0295033E8CC67D3F2E
:104560006EB2063ECCAB7D3F86CF093E6E907D3F5E
:104570004AEC0C3E74747D3FB708103EDE577D3F19
:10458000CA24133EAC3A7D3F8340163EDD1C7D3F7E
:10459000E05B193E73FE7C3FDE761C3E6CDF7C3FA9
:1045A0007B911F3EC9BF7C3FB6AB223E8A9F7C3FBA
:1045B0008CC5253EB07E7C3FFCDE283E3A5D7C3FCC
:1045C00004F82B3E283B7C3FA2102F3E7A187C3FFC
:1045D000D428323E31F57B3F9840353E4DD17B3F6C
:1045E000EC57383ECDAC7B3FCF6E3B3EB2877B3F36
:1045F0003E853E3EFC617B3F379B413EAB3B7B3F74
:10460000B9B0443EBE147B3FC2C5473E37ED7A3F4A
:104610004FDA4A3E16C57A3F60EE4D3E599C7A3FCE
:10462000F101513E02737A3F0115543E10497A3F21
:104630008F27573E841E7A3F97395A3E5EF3793F63
:104640001A4B5D3E9DC7793F135C603E439B793FAB
:10465000836C633E4E6E793F667C663EC040793F18
:10466000BA8B693E9812793F7F9A6C3ED6E3783FC9
:10467000B2A86F3E7BB4783F51B6723E8684783FD5
:104680005AC3753EF853783FCCCF783ED122783F5D
:10469000A4DB7B3E10F1773FE1E67E3EB7BE773F7D
:1046A000C0F8803EC58B773FC07D823E3A58773F49
:1046B0007002843E1724773FCE86853E5BEF763FBF
:1046C000DA0A873E07BA763F938E883E1B84763F90
:1046D000F8118A3E974D763F07958B3E7A16763FC6
:1046E000C0178D3EC6DE753F229A8E3E7BA6753F73
:1046F0002C1C903E976D753FDD9D913E1D34753F9E
:10470000351F933E0BFA743F31A0943E62BF743F55
:10471000D220963E2284743F17A1973E4B48743FA7
:10472000FE20993EDD0B743F86A09A3ED9CE733FA2
:10473000AF1F9C3E3F91733F789E9D3E0E53733F4B
:10474000DF1C9F3E4714733FE59AA03EEBD4723FB7
:104750008718A23EF894723FC595A33E7054723FED
:104760009F12A53E5213723F128FA63E9FD1713FFA
:104770001F0BA83E578F713FC486A93E7A4C713FEC
:104780000102AB3E0809713FD47CAC3E02C5703FCC
:104790003CF7AD3E6680703F3A71AF3E373B703FAD
:1047A000CBEAB03E73F56F3FEF63B23E1BAF6F3F96
:1047B000A5DCB33E30686F3FEC54B53EB0206F3F90
:1047C000C3CCB63E9ED86E3F2A44B83EF88F6E3FAB
:1047D0001EBBB93EBE466E3FA031BB3EF2FC6D3FF4
:1047E000AFA7BC3E93B26D3F4A1DBE3EA1676D3F71
:1047F0006F92BF3E1D1C6D3F1E07C13E07D06C3F30
:10480000557BC23E5E836C3F15EFC33E24366C3F42
:104810005C62C53E58E86B3F29D5C63EFB996B3FAD
:104820007C47C83E0C4B6B3F53B9C93E8CFB6A3F7B
:10483000AE2ACB3E7BAB6A3F8B9BCC3ED95A6A3FBC
:10484000EA0BCE3EA7096A3FCA7BCF3EE4B7693F79
:104850002AEBD03E9165693F095AD23EAE12693FBC
:1048600067C8D33E3CBF683F4136D53E396B683F91
:1048700099A3D63EA816683F6B10D83E87C1673F04
:10488000B97CD93ED86B673F80E8DA3E9915673F1F
:10489000C153DC3ECCBE663F79BEDD3E7167663FEC
:1048A000A928DF3E880F663F4F92E03E10B7653F74
:1048B0006AFBE13E0B5E653FFA63E33E7904653FC8
:1048C000FECBE43E59AA643F7533E63EAC4F643FED
:1048D0005D9AE73E73F4633FB700E93EAC98633FEF
:1048E0008166EA3E5A3C633FBBCBEB3E7BDF623FD7
:1048F0006330ED3E1082623F7994EE3E1A24623FAF
:10490000FBF7EF3E98C5613FEA5AF13E8A66613F88
:1049100043BDF23EF206613F071FF43ECFA6603F63
:104920003580F53E2146603FCBE0F63EE9E45F3F4F
:10493000C840F83E27835F3F2DA0F93EDB205F3F54
:10494000F7FEFA3E05BE5E3F275DFC3EA65A5E3F7F
:10495000BBBAFD3EBEF65D3FB217FF3E4D925D3FD6
:10496000063A003F532D5D3FE4E7003FD1C75C3F6F
:104970007395013FC7615C3FB142023F34FB5B3F2F
:104980009FEF023F1A945B3F3D9C033F792C5B3FB6
:104990008948043F50C45A3F84F4043FA05B5A3F07
:1049A0002CA0053F6AF2593F824B063FAD88593F24
:1049B00086F6063F6A1E593F36A1073FA1B3583F0E
:1049C000924B083F5348583F9BF5083F7FDC573FC9
:1049D0004E9F093F2670573FAD480A3F4803573F57
:1049E000B7F10A3FE595563F6B9A0B3FFE27563FBE
:1049F000C9420C3F93B9553FD0EA0C3FA44A553FFA
:104A000081920D3F31DB543FDA390E3F3B6B543F0F
:104A1000DBE00E3FC3FA533F84870F3FC789533F04
:104A2000D52D103F4918533FCDD3103F49A6523FD3
:104A30006B79113FC633523FB01E123FC2C0513F87
:104A40009AC3123F3D4D513F2A68133F37D9503F1B
:104A50005F0C143FAF64503F39B0143FA8EF4F3F95
:104A6000B753153F1F7A4F3FD9F6153F17044F3FF5
:104A70009F99163F908D4E3F073C173F89164E3F3A
:104A800012DE173F029F4D3FC07F183FFD264D3F6E
:104A90000F21193F79AE4C3F00C2193F78354C3F8A
:104AA00093621A3FF8BB4B3FC6021B3FFA414B3F94
:104AB00099A21B3F7FC74A3F0C421C3F874C4A3F8D
:104AC0001FE11C3F12D1493FD17F1D3F2155493F76
:104AD000221E1E3FB3D8483F12BC1E3FCA5B483F50
:104AE0009F591F3F65DE473FCBF61F3F8560473F1D
:104AF0009393203F2AE2463FF92F213F5463463FDC
:104B0000FBCB213F03E4453F9967223F3964453F92
:104B1000D302233FF5E3443FA99D233F3763443F3E
:104B20001A38243F00E2433F25D2243F5160433FDF
:104B3000CB6B253F29DE423F0A05263F895B423F7A
:104B4000E39D263F70D8413F5636273FE154413F11
:104B500061CE273FDAD0403F0566283F5C4C403F9E
:104B600041FD283F67C73F3F1594293FFC413F3F28
:104B7000802A2A3F1BBC3E3F82C02A3FC5353E3FAC
:104B80001B562B3FF9AE3D3F4AEB2B3FB8273D3F2D
:104B90000F802C3F03A03C3F69142D3FD9173C3FA9
:104BA00059A82D3F3B8F3B3FDE3B2E3F29063B3F25
:104BB000F7CE2E3FA47C3A3FA5612F3FACF2393FA0
:104BC000E6F32F3F4268393FBB85303F65DD383F14
:104BD0002217313F1652383F1DA8313F55C6373F87
:104BE000AA38323F233A373FC9C8323F7FAD363FFC
:104BF0007A58333F6C20363FBCE7333FE792353F6E
:104C00008F76343FF304353FF304353F8F76343FDE
:104C1000E792353FBCE7333F6C20363F7A58333F4D
:104C20007FAD363FC9C8323F233A373FAA38323FBB
:104C300055C6373F1DA8313F1652383F2217313F26
:104C400065DD383FBB85303F4268393FE6F32F3F93
:104C5000ACF2393FA5612F3FA47C3A3FF7CE2E3FFF
:104C600029063B3FDE3B2E3F3B8F3B3F59A82D3F64
:104C7000D9173C3F69142D3F03A03C3F0F802C3FC8
:104C8000B8273D3F4AEB2B3FF9AE3D3F1B562B3F2C
:104C9000C5353E3F82C02A3F1BBC3E3F802A2A3F8B
:104CA000FC413F3F1594293F67C73F3F41FD283FE7
:104CB0005C4C403F0566283FDAD0403F61CE273F3D
:104CC000E154413F5636273F70D8413FE39D263F90
:104CD000895B423F0A05263F29DE423FCB6B253FD9
:104CE0005160433F25D2243F00E2433F1A38243F1E
:104CF0003763443FA99D233FF5E3443FD302233F5D
:104D00003964453F9967223F03E4453FFBCB213F90
:104D10005463463FF92F213F2AE2463F9393203FB9
:104D20008560473FCBF61F3F65DE473F9F591F3FDA
:104D3000CA5B483F12BC1E3FB3D8483F221E1E3FED
:104D40002155493FD17F1D3F12D1493F1FE11C3FF3
:104D5000874C4A3F0C421C3F7FC74A3F99A21B3FEA
:104D6000FA414B3FC6021B3FF8BB4B3F93621A3FD1
:104D700078354C3F00C2193F79AE4C3F0F21193FA7
:104D8000FD264D3FC07F183F029F4D3F12DE173F6B
:104D900089164E3F073C173F908D4E3F9F99163F17
:104DA00017044F3FD9F6153F1F7A4F3FB753153FB2
:104DB000A8EF4F3F39B0143FAF64503F5F0C143F32
:104DC00037D9503F2A68133F3D4D513F9AC3123F98
:104DD000C2C0513FB01E123FC633523F6B79113FE4
:104DE00049A6523FCDD3103F4918533FD52D103F10
:104DF000C789533F84870F3FC3FA533FDBE00E3F21
:104E00003B6B543FDA390E3F31DB543F81920D3F0B
:104E1000A44A553FD0EA0C3F93B9553FC9420C3FD5
:104E2000FE27563F6B9A0B3FE595563FB7F10A3F79
:104E30004803573FAD480A3F2670573F4E9F093FF2
:104E40007FDC573F9BF5083F5348583F924B083F44
:104E5000A1B3583F36A1073F6A1E593F86F6063F69
:104E6000AD88593F824B063F6AF2593F2CA0053F5F
:104E7000A05B5A3F84F4043F50C45A3F8948043F22
:104E8000792C5B3F3D9C033F1A945B3F9FEF023FB1
:104E900034FB5B3FB142023FC7615C3F7395013F0A
:104EA000D1C75C3FE4E7003F532D5D3F063A003F2A
:104EB0004D925D3FB217FF3EBEF65D3FBBBAFD3E71
:104EC000A65A5E3F275DFC3E05BE5E3FF7FEFA3EFA
:104ED000DB205F3F2DA0F93E27835F3FC840F83EAF
:104EE000E9E45F3FCBE0F63E2146603F3580F53E8A
:104EF000CFA6603F071FF43EF206613F43BDF23E7E
:104F00008A66613FEA5AF13E98C5613FFBF7EF3E82
:104F10001A24623F7994EE3E1082623F6330ED3E88
:104F20007BDF623FBBCBEB3E5A3C633F8166EA3E90
:104F3000AC98633FB700E93E73F4633F5D9AE73E88
:104F4000AC4F643F7533E63E59AA643FFECBE43E66
:104F50007904653FFA63E33E0B5E653F6AFBE13E21
:104F600010B7653F4F92E03E880F663FA928DF3EAD
:104F70007167663F79BEDD3ECCBE663FC153DC3E05
:104F80009915673F80E8DA3ED86B673FB97CD93E18
:104F900087C1673F6B10D83EA816683F99A3D63EDD
:104FA000396B683F4136D53E3CBF683F67C8D33E4A
:104FB000AE12693F095AD23E9165693F2AEBD03E55
:104FC000E4B7693FCA7BCF3EA7096A3FEA0BCE3EF2
:104FD000D95A6A3F8B9BCC3E7BAB6A3FAE2ACB3E15
:104FE0008CFB6A3F53B9C93E0C4B6B3F7C47C83EB4
:104FF000FB996B3F29D5C63E58E86B3F5C62C53EC6
:1050000024366C3F15EFC33E5E836C3F557BC23E3A
:1050100007D06C3F1E07C13E1D1C6D3F6F92BF3E07
:10502000A1676D3F4A1DBE3E93B26D3FAFA7BC3E28
:10503000F2FC6D3FA031BB3EBE466E3F1EBBB93E8B
:10504000F88F6E3F2A44B83E9ED86E3FC3CCB63E22
:10505000B0206F3FEC54B53E30686F3FA5DCB33EE7
:105060001BAF6F3FEF63B23E73F56F3FCBEAB03ECD
:10507000373B703F3A71AF3E6680703F3CF7AD3EC4
:1050800002C5703FD47CAC3E0809713F0102AB3EC3
:105090007A4C713FC486A93E578F713F1F0BA83EC3
:1050A0009FD1713F128FA63E5213723F9F12A53EB1
:1050B0007054723FC595A33EF894723F8718A23E84
:1050C000EBD4723FE59AA03E4714733FDF1C9F3E2E
:1050D0000E53733F789E9D3E3F91733FAF1F9C3EA2
:1050E000D9CE733F86A09A3EDD0B743FFE20993ED9
:1050F0004B48743F17A1973E2284743FD220963EBE
:1051000062BF743F31A0943E0BFA743F351F933E4B
:105110001D34753FDD9D913E976D753F2C1C903E73
:105120007BA6753F229A8E3EC6DE753FC0178D3E28
:105130007A16763F07958B3E974D763FF8118A3E5B
:105140001B84763F938E883E07BA763FDA0A873E05
:105150005BEF763FCE86853E1724773F7002843E14
:105160003A58773FC07D823EC58B773FC0F8803E7E
:10517000B7BE773FE1E67E3E10F1773FA4DB7B3E92
:10518000D122783FCCCF783EF853783F5AC3753E52
:105190008684783F51B6723E7BB4783FB2A86F3EAA
:1051A000D6E3783F7F9A6C3E9812793FBA8B693E7E
:1051B000C040793F667C663E4E6E793F836C633EAD
:1051C000439B793F135C603E9DC7793F1A4B5D3E20
:1051D0005EF3793F97395A3E841E7A3F8F27573EB8
:1051E00010497A3F0115543E02737A3FF101513E56
:1051F000599C7A3F60EE4D3E16C57A3F4FDA4A3EE3
:1052000037ED7A3FC2C5473EBE147B3FB9B0443E3E
:10521000AB3B7B3F379B413EFC617B3F3E853E3E47
:10522000B2877B3FCF6E3B3ECDAC7B3FEC57383EE9
:105230004DD17B3F9840353E31F57B3FD428323EFF
:105240007A187C3FA2102F3E283B7C3F04F82B3E6F
:105250003A5D7C3FFCDE283EB07E7C3F8CC5253E1F
:105260008A9F7C3FB6AB223EC9BF7C3F7B911F3EED
:105270006CDF7C3FDE761C3E73FE7C3FE05B193EBC
:10528000DD1C7D3F8340163EAC3A7D3FCA24133E71
:10529000DE577D3FB708103E74747D3F4AEC0C3EEC
:1052A0006E907D3F86CF093ECCAB7D3F6EB2063E11
:1052B0008CC67D3F0295033EB1E07D3F4577003EC1
:1052C00038FA7D3F73B2FA3D24137E3FC075F43D3A
:1052D000722B7E3F7638EE3D23437E3F9AFAE73DC0
:1052E000385A7E3F2EBCE13DB0707E3F377DDB3DBE
:1052F0008B867E3FB93DD53DC99B7E3FB7FDCE3DF8
:1053000069B07E3F36BDC83D6DC47E3F397CC23D2D
:10531000D4D77E3FC33ABC3D9DEA7E3FDAF8B53D27
:10532000C9FC7E3F80B6AF3D580E7F3FBA73A93DA2
:10533000491F7F3F8C30A33D9D2F7F3FF9EC9C3D63
:10534000543F7F3F05A9963D6D4E7F3FB464903D2D
:10535000E95C7F3F0A208A3DC76A7F3F0ADB833DC5
:1053600008787F3F742B7B3DAB847F3F38A06E3D38
:10537000B1907F3F6814623D189C7F3F0E88553D79
:10538000E3A67F3F2FFB483D0FB17F3FD56D3C3DEE
:105390009EBA7F3F07E02F3D8FC37F3FCC51233D17
:1053A000E2CB7F3F2CC3163D98D37F3F2F340A3D7D
:1053B000AFDA7F3FB949FB3C29E17F3F7B2AE23CE2
:1053C00005E77F3FB00AC93C43EC7F3F69EAAF3C49
:1053D000E3F07F3FB6C9963CE6F47F3F4B517B3C00
:1053E0004AF87F3F900E493C11FB7F3F59CB163C5A
:1053F00039FD7F3F890FC93BC4FE7F3FC70F493B43
:10540000B1FF7F3F000000000000803FC70F49BB95
:10541000B1FF7F3F890FC9BBC4FE7F3F59CB16BC8C
:1054200039FD7F3F900E49BC11FB7F3F4B517BBC48
:105430004AF87F3FB6C996BCE6F47F3F69EAAFBC45
:10544000E3F07F3FB00AC9BC43EC7F3F7B2AE2BC5C
:1054500005E77F3FB949FBBC29E17F3F2F340ABDF7
:10546000AFDA7F3F2CC316BD98D37F3FCC5123BD0D
:10547000E2CB7F3F07E02FBD8FC37F3FD56D3CBDA3
:105480009EBA7F3F2FFB48BD0FB17F3F0E8855BDB1
:10549000E3A67F3F681462BD189C7F3F38A06EBDB5
:1054A000B1907F3F742B7BBDAB847F3F0ADB83BD14
:1054B00008787F3F0A208ABDC76A7F3FB46490BDE9
:1054C000E95C7F3F05A996BD6D4E7F3FF9EC9CBD21
:1054D000543F7F3F8C30A3BD9D2F7F3FBA73A9BD42
:1054E000491F7F3F80B6AFBD580E7F3FDAF8B5BD8C
:1054F000C9FC7E3FC33ABCBD9DEA7E3F397CC2BD3C
:10550000D4D77E3F36BDC8BD6DC47E3FB7FDCEBD8E
:1055100069B07E3FB93DD5BDC99B7E3F377DDBBDC0
:105520008B867E3F2EBCE1BDB0707E3F9AFAE7BD10
:10553000385A7E3F7638EEBD23437E3FC075F4BDBA
:10554000722B7E3F73B2FABD24137E3F457700BEB7
:1055500038FA7D3F029503BEB1E07D3F6EB206BED4
:105560008CC67D3F86CF09BECCAB7D3F4AEC0CBEDE
:105570006E907D3FB70810BE74747D3FCA2413BE81
:10558000DE577D3F834016BEAC3A7D3FE05B19BEDF
:10559000DD1C7D3FDE761CBE73FE7C3F7B911FBE13
:1055A0006CDF7C3FB6AB22BEC9BF7C3F8CC525BE3D
:1055B0008A9F7C3FFCDE28BEB07E7C3F04F82BBE79
:1055C0003A5D7C3FA2102FBE283B7C3FD42832BEE0
:1055D0007A187C3F984035BE31F57B3FEC5738BE9A
:1055E0004DD17B3FCF6E3BBECDAC7B3F3E853EBEBB
:1055F000B2877B3F379B41BEFC617B3FB9B044BE65
:10560000AB3B7B3FC2C547BEBE147B3F4FDA4ABEB1
:1056100037ED7A3F60EE4DBE16C57A3FF10151BEBF
:10562000599C7A3F011554BE02737A3F8F2757BEAB
:1056300010497A3F97395ABE841E7A3F1A4B5DBE95
:105640005EF3793F135C60BE9DC7793F836C63BE98
:10565000439B793F667C66BE4E6E793FBA8B69BECE
:10566000C040793F7F9A6CBE9812793FB2A86FBE56
:10567000D6E3783F51B672BE7BB4783F5AC375BE4D
:105680008684783FCCCF78BEF853783FA4DB7BBECE
:10569000D122783FE1E67EBE10F1773FC0F880BEB0
:1056A000B7BE773FC07D82BEC58B773F700284BE98
:1056B0003A58773FCE8685BE1724773FDA0A87BEF1
:1056C0005BEF763F938E88BE07BA763FF8118ABEAD
:1056D0001B84763F07958BBE974D763FC0178DBED6
:1056E0007A16763F229A8EBEC6DE753F2C1C90BE7F
:1056F0007BA6753FDD9D91BE976D753F351F93BEAF
:105700001D34753F31A094BE0BFA743FD22096BE73
:1057100062BF743F17A197BE2284743FFE2099BEDA
:105720004B48743F86A09ABEDD0B743FAF1F9CBEF2
:10573000D9CE733F789E9DBE3F91733FDF1C9FBEC5
:105740000E53733FE59AA0BE4714733F8718A2BE5D
:10575000EBD4723FC595A3BEF894723F9F12A5BECD
:105760007054723F128FA6BE5213723F1F0BA8BE19
:105770009FD1713FC486A9BE578F713F0102ABBE56
:105780007A4C713FD47CACBE0809713F3CF7ADBE8A
:1057900002C5703F3A71AFBE6680703FCBEAB0BEC3
:1057A000373B703FEF63B2BE73F56F3FA5DCB3BE0E
:1057B0001BAF6F3FEC54B5BE30686F3FC3CCB6BE75
:1057C000B0206F3F2A44B8BE9ED86E3F1EBBB9BE04
:1057D000F88F6E3FA031BBBEBE466E3FAFA7BCBECA
:1057E000F2FC6D3F4A1DBEBE93B26D3F6F92BFBECD
:1057F000A1676D3F1E07C1BE1D1C6D3F557BC2BE1C
:1058000007D06C3F15EFC3BE5E836C3F5C62C5BEC4
:1058100024366C3F29D5C6BE58E86B3F7C47C8BECE
:10582000FB996B3F53B9C9BE0C4B6B3FAE2ACBBE45
:105830008CFB6A3F8B9BCCBE7BAB6A3FEA0BCEBE38
:10584000D95A6A3FCA7BCFBEA7096A3F2AEBD0BEAE
:10585000E4B7693F095AD2BE9165693F67C8D3BEB4
:10586000AE12693F4136D5BE3CBF683F99A3D6BE54
:10587000396B683F6B10D8BEA816683FB97CD9BE9B
:1058800087C1673F80E8DABED86B673FC153DCBE93
:105890009915673F79BEDDBECCBE663FA928DFBE45
:1058A0007167663F4F92E0BE880F663F6AFBE1BEBC
:1058B00010B7653FFA63E3BE0B5E653FFECBE4BE07
:1058C0007904653F7533E6BE59AA643F5D9AE7BE29
:1058D000AC4F643FB700E9BE73F4633F8166EABE34
:1058E000AC98633FBBCBEBBE5A3C633F6330EDBE2D
:1058F0007BDF623F7994EEBE1082623FFBF7EFBE22
:105900001A24623FEA5AF1BE98C5613F43BDF2BE18
:105910008A66613F071FF4BEF206613F3580F5BE1F
:10592000CFA6603FCBE0F6BE2146603FC840F8BE40
:10593000E9E45F3F2DA0F9BE27835F3FF7FEFABE83
:10594000DB205F3F275DFCBE05BE5E3FBBBAFDBEF0
:10595000A65A5E3FB217FFBEBEF65D3F063A00BFD5
:105960004D925D3FE4E700BF532D5D3F739501BF4E
:10597000D1C75C3FB14202BFC7615C3F9FEF02BF2E
:1059800034FB5B3F3D9C03BF1A945B3F894804BFD7
:10599000792C5B3F84F404BF50C45A3F2CA005BF50
:1059A000A05B5A3F824B06BF6AF2593F86F606BF9C
:1059B000AD88593F36A107BF6A1E593F924B08BFB9
:1059C000A1B3583F9BF508BF5348583F4E9F09BFAE
:1059D0007FDC573FAD480ABF2670573FB7F10ABF7B
:1059E0004803573F6B9A0BBFE595563FC9420CBF22
:1059F000FE27563FD0EA0CBF93B9553F81920DBFA9
:105A0000A44A553FDA390EBF31DB543FDBE00EBF0D
:105A10003B6B543F84870FBFC3FA533FD52D10BF54
:105A2000C789533FCDD310BF4918533F6B7911BF7E
:105A300049A6523FB01E12BFC633523F9AC312BF8F
:105A4000C2C0513F2A6813BF3D4D513F5F0C14BF88
:105A500037D9503F39B014BFAF64503FB75315BF6B
:105A6000A8EF4F3FD9F615BF1F7A4F3F9F9916BF3A
:105A700017044F3F073C17BF908D4E3F12DE17BFF4
:105A800089164E3FC07F18BF029F4D3F0F2119BF9F
:105A9000FD264D3F00C219BF79AE4C3F93621ABF3D
:105AA00078354C3FC6021BBFF8BB4B3F99A21BBFCA
:105AB000FA414B3F0C421CBF7FC74A3F1FE11CBF4E
:105AC000874C4A3FD17F1DBF12D1493F221E1EBFC6
:105AD0002155493F12BC1EBFB3D8483F9F591FBF35
:105AE000CA5B483FCBF61FBF65DE473F939320BF9D
:105AF0008560473FF92F21BF2AE2463FFBCB21BFFC
:105B00005463463F996722BF03E4453FD30223BF56
:105B10003964453FA99D23BFF5E3443F1A3824BFAC
:105B20003763443F25D224BF00E2433FCB6B25BF00
:105B30005160433F0A0526BF29DE423FE39D26BF51
:105B4000895B423F563627BF70D8413F61CE27BFA1
:105B5000E154413F056628BFDAD0403F41FD28BFF0
:105B60005C4C403F159429BF67C73F3F802A2ABF3E
:105B7000FC413F3F82C02ABF1BBC3E3F1B562BBF90
:105B8000C5353E3F4AEB2BBFF9AE3D3F0F802CBFE2
:105B9000B8273D3F69142DBF03A03C3F59A82DBF36
:105BA000D9173C3FDE3B2EBF3B8F3B3FF7CE2EBF8E
:105BB00029063B3FA5612FBFA47C3A3FE6F32FBFE8
:105BC000ACF2393FBB8530BF4268393F221731BF45
:105BD00065DD383F1DA831BF1652383FAA3832BFA5
:105BE00055C6373FC9C832BF233A373F7A5833BF0B
:105BF0007FAD363FBCE733BF6C20363F8F7634BF76
:105C0000E792353FF30435BFF304353FE79235BFE4
:105C10008F76343F6C2036BFBCE7333F7FAD36BF55
:105C20007A58333F233A37BFC9C8323F55C637BFCA
:105C3000AA38323F165238BF1DA8313F65DD38BF44
:105C40002217313F426839BFBB85303FACF239BFC4
:105C5000E6F32F3FA47C3ABFA5612F3F29063BBF47
:105C6000F7CE2E3F3B8F3BBFDE3B2E3FD9173CBFCD
:105C700059A82D3F03A03CBF69142D3FB8273DBF55
:105C80000F802C3FF9AE3DBF4AEB2B3FC5353EBFE1
:105C90001B562B3F1BBC3EBF82C02A3FFC413FBF6F
:105CA000802A2A3F67C73FBF1594293F5C4C40BFFD
:105CB00041FD283FDAD040BF0566283FE15441BF8F
:105CC00061CE273F70D841BF5636273F895B42BF20
:105CD000E39D263F29DE42BF0A05263F516043BFB0
:105CE000CB6B253F00E243BF25D2243F376344BF3F
:105CF0001A38243FF5E344BFA99D233F396445BFCB
:105D0000D302233F03E445BF9967223F546346BF54
:105D1000FBCB213F2AE246BFF92F213F856047BFD9
:105D20009393203F65DE47BFCBF61F3FCA5B48BF5A
:105D30009F591F3FB3D848BF12BC1E3F215549BFD2
:105D4000221E1E3F12D149BFD17F1D3F874C4ABF43
:105D50001FE11C3F7FC74ABF0C421C3FFA414BBFAB
:105D600099A21B3FF8BB4BBFC6021B3F78354CBF07
:105D700093621A3F79AE4CBF00C2193FFD264DBF5A
:105D80000F21193F029F4DBFC07F183F89164EBF9C
:105D900012DE173F908D4EBF073C173F17044FBFD1
:105DA0009F99163F1F7A4FBFD9F6153FA8EF4FBFF7
:105DB000B753153FAF6450BF39B0143F37D950BF08
:105DC0005F0C143F3D4D51BF2A68133FC2C051BF05
:105DD0009AC3123FC63352BFB01E123F49A652BFEC
:105DE0006B79113F491853BFCDD3103FC78953BFBB
:105DF000D52D103FC3FA53BF84870F3F3B6B54BF71
:105E0000DBE00E3F31DB54BFDA390E3FA44A55BF09
:105E100081920D3F93B955BFD0EA0C3FFE2756BF84
:105E2000C9420C3FE59556BF6B9A0B3F480357BFDD
:105E3000B7F10A3F267057BFAD480A3F7FDC57BF16
:105E40004E9F093F534858BF9BF5083FA1B358BF29
:105E5000924B083F6A1E59BF36A1073FAD8859BF14
:105E600086F6063F6AF259BF824B063FA05B5ABFD7
:105E70002CA0053F50C45ABF84F4043F792C5BBF6B
:105E80008948043F1A945BBF3D9C033F34FB5BBFD2
:105E90009FEF023FC7615CBFB142023FD1C75CBF09
:105EA0007395013F532D5DBFE4E7003F4D925DBF09
:105EB000063A003FBEF65DBFB217FF3EA65A5EBF70
:105EC000BBBAFD3E05BE5EBF275DFC3EDB205FBF6B
:105ED000F7FEFA3E27835FBF2DA0F93EE9E45FBFDE
:105EE000C840F83E214660BFCBE0F63ECFA660BF7B
:105EF0003580F53EF20661BF071FF43E8A6661BF3A
:105F000043BDF23E98C561BFEA5AF13E1A2462BF12
:105F1000FBF7EF3E108262BF7994EE3E7BDF62BFFB
:105F20006330ED3E5A3C63BFBBCBEB3EAC9863BFE6
:105F30008166EA3E73F463BFB700E93EAC4F64BFCD
:105F40005D9AE73E59AA64BF7533E63E790465BFA2
:105F5000FECBE43E0B5E65BFFA63E33E10B765BF60
:105F60006AFBE13E880F66BF4F92E03E716766BFF5
:105F7000A928DF3ECCBE66BF79BEDD3E991567BF5E
:105F8000C153DC3ED86B67BF80E8DA3E87C167BF8C
:105F9000B97CD93EA81668BF6B10D83E396B68BF74
:105FA00099A3D63E3CBF68BF4136D53EAE1269BF0D
:105FB00067C8D33E916569BF095AD23EE4B769BF4D
:105FC0002AEBD03EA7096ABFCA7BCF3ED95A6ABF27
:105FD000EA0BCE3E7BAB6ABF8B9BCC3E8CFB6ABF91
:105FE000AE2ACB3E0C4B6BBF53B9C93EFB996BBF7E
:105FF0007C47C83E58E86BBF29D5C63E24366CBFE7
:106000005C62C53E5E836CBF15EFC33E07D06CBFBC
:10601000557BC23E1D1C6DBF1E07C13EA1676DBFF3
:106020006F92BF3E93B26DBF4A1DBE3EF2FC6DBF84
:10603000AFA7BC3EBE466EBFA031BB3EF88F6EBF61
:106040001EBBB93E9ED86EBF2A44B83EB0206FBF7B
:10605000C3CCB63E30686FBFEC54B53E1BAF6FBFCC
:10606000A5DCB33E73F56FBFEF63B23E373B70BF45
:10607000CBEAB03E668070BF3A71AF3E02C570BFDA
:106080003CF7AD3E080971BFD47CAC3E7A4C71BF81
:106090000102AB3E578F71BFC486A93E9FD171BF2D
:1060A0001F0BA83E521372BF128FA63E705472BFD0
:1060B0009F12A53EF89472BFC595A33EEBD472BF64
:1060C0008718A23E471473BFE59AA03E0E5373BFD4
:1060D000DF1C9F3E3F9173BF789E9D3ED9CE73BF1C
:1060E000AF1F9C3EDD0B74BF86A09A3E4B4874BF29
:1060F000FE20993E228474BF17A1973E62BF74BFF1
:10610000D220963E0BFA74BF31A0943E1D3475BF69
:10611000351F933E976D75BFDD9D913E7BA675BF84
:106120002C1C903EC6DE75BF229A8E3E7A1676BF34
:10613000C0178D3E974D76BF07958B3E1B8476BF6B
:10614000F8118A3E07BA76BF938E883E5BEF76BF22
:10615000DA0A873E172477BFCE86853E3A5877BF46
:106160007002843EC58B77BFC07D823EB7BE77BFCD
:10617000C0F8803E10F177BFE1E67E3ED12278BFC5
:10618000A4DB7B3EF85378BFCCCF783E868478BFC3
:106190005AC3753E7BB478BF51B6723ED6E378BF22
:1061A000B2A86F3E981279BF7F9A6C3EC04079BF0B
:1061B000BA8B693E4E6E79BF667C663E439B79BF63
:1061C000836C633E9DC779BF135C603E5EF379BF0D
:1061D0001A4B5D3E841E7ABF97395A3E10497ABFEA
:1061E0008F27573E02737ABF0115543E599C7ABFE0
:1061F000F101513E16C57ABF60EE4D3E37ED7ABFD4
:106200004FDA4A3EBE147BBFC2C5473EAB3B7BBFA5
:10621000B9B0443EFC617BBF379B413EB2877BBF38
:106220003E853E3ECDAC7BBFCF6E3B3E4DD17BBF6E
:10623000EC57383E31F57BBF9840353E7A187CBF2D
:10624000D428323E283B7CBFA2102F3E3A5D7CBF53
:1062500004F82B3EB07E7CBFFCDE283E8A9F7CBFCC
:106260008CC5253EC9BF7CBFB6AB223E6CDF7CBF70
:106270007B911F3E73FE7CBFDE761C3EDD1C7DBF26
:10628000E05B193EAC3A7DBF8340163EDE577DBFD2
:10629000CA24133E74747DBFB708103E6E907DBF54
:1062A0004AEC0C3ECCAB7DBF86CF093E8CC67DBF91
:1062B0006EB2063EB1E07DBF0295033E38FA7DBF67
:1062C0004577003E24137EBF73B2FA3D722B7EBF2A
:1062D000C075F43D23437EBF7638EE3D385A7EBF0D
:1062E0009AFAE73DB0707EBF2EBCE13D8B867EBF43
:1062F000377DDB3DC99B7EBFB93DD53D69B07EBFD3
:10630000B7FDCE3D6DC47EBF36BDC83DD4D77EBF80
:10631000397CC23D9DEA7EBFC33ABC3DC9FC7EBF0D
:10632000DAF8B53D580E7FBF80B6AF3D491F7FBF3D
:10633000BA73A93D9D2F7FBF8C30A33D543F7FBFD3
:10634000F9EC9C3D6D4E7FBF05A9963DE95C7FBF92
:10635000B464903DC76A7FBF0A208A3D08787FBF3A
:106360000ADB833DAB847FBF742B7B3DB1907FBF45
:1063700038A06E3D189C7FBF6814623DE3A67FBFC6
:106380000E88553D0FB17FBF2FFB483D9EBA7FBFA2
:10639000D56D3C3D8FC37FBF07E02F3DE2CB7FBF74
:1063A000CC51233D98D37FBF2CC3163DAFDA7FBFBE
:1063B0002F340A3D29E17FBFB949FB3C05E77FBF88
:1063C0007B2AE23C43EC7FBFB00AC93CE3F07FBFCD
:1063D00069EAAF3CE6F47FBFB6C9963C4AF87FBF96
:1063E0004B517B3C11FB7FBF900E493C39FD7FBF79
:1063F00059CB163CC4FE7FBF890FC93BB1FF7FBF9D
:10640000C70F493B000080BF00000000B1FF7FBF05
:10641000C70F49BBC4FE7FBF890FC9BB39FD7FBF12
:1064200059CB16BC11FB7FBF900E49BC4AF87FBF09
:106430004B517BBCE6F47FBFB6C996BCE3F07FBF8F
:1064400069EAAFBC43EC7FBFB00AC9BC05E77FBFB8
:106450007B2AE2BC29E17FBFB949FBBCAFDA7FBF31
:106460002F340ABD98D37FBF2CC316BDE2CB7FBFAC
:10647000CC5123BD8FC37FBF07E02FBD9EBA7FBF26
:10648000D56D3CBD0FB17FBF2FFB48BDE3A67FBFDD
:106490000E8855BD189C7FBF681462BDB1907FBF48
:1064A00038A06EBDAB847FBF742B7BBD08787FBFE7
:1064B0000ADB83BDC76A7FBF0A208ABDE95C7FBF54
:1064C000B46490BD6D4E7FBF05A996BD543F7FBF9C
:1064D000F9EC9CBD9D2F7FBF8C30A3BD491F7FBFB2
:1064E000BA73A9BD580E7FBF80B6AFBDC9FC7EBFD1
:1064F000DAF8B5BD9DEA7EBFC33ABCBDD4D77EBF36
:10650000397CC2BD6DC47EBF36BDC8BD69B07EBF1B
:10651000B7FDCEBDC99B7EBFB93DD5BD8B867EBFC5
:10652000377DDBBDB0707EBF2EBCE1BD385A7EBF6B
:106530009AFAE7BD23437EBF7638EEBD722B7EBF4D
:10654000C075F4BD24137EBF73B2FABD38FA7DBFA7
:10655000457700BEB1E07DBF029503BE8CC67DBF0E
:106560006EB206BECCAB7DBF86CF09BE6E907DBF3E
:106570004AEC0CBE74747DBFB70810BEDE577DBFF9
:10658000CA2413BEAC3A7DBF834016BEDD1C7DBF5E
:10659000E05B19BE73FE7CBFDE761CBE6CDF7CBF89
:1065A0007B911FBEC9BF7CBFB6AB22BE8A9F7CBF9A
:1065B0008CC525BEB07E7CBFFCDE28BE3A5D7CBFAC
:1065C00004F82BBE283B7CBFA2102FBE7A187CBFDC
:1065D000D42832BE31F57BBF984035BE4DD17BBF4C
:1065E000EC5738BECDAC7BBFCF6E3BBEB2877BBF16
:1065F0003E853EBEFC617BBF379B41BEAB3B7BBF54
:10660000B9B044BEBE147BBFC2C547BE37ED7ABF2A
:106610004FDA4ABE16C57ABF60EE4DBE599C7ABFAE
:10662000F10151BE02737ABF011554BE10497ABF01
:106630008F2757BE841E7ABF97395ABE5EF379BF43
:106640001A4B5DBE9DC779BF135C60BE439B79BF8B
:10665000836C63BE4E6E79BF667C66BEC04079BFF8
:10666000BA8B69BE981279BF7F9A6CBED6E378BFA9
:10667000B2A86FBE7BB478BF51B672BE868478BFB5
:106680005AC375BEF85378BFCCCF78BED12278BF3D
:10669000A4DB7BBE10F177BFE1E67EBEB7BE77BF5D
:1066A000C0F880BEC58B77BFC07D82BE3A5877BF29
:1066B000700284BE172477BFCE8685BE5BEF76BF9F
:1066C000DA0A87BE07BA76BF938E88BE1B8476BF70
:1066D000F8118ABE974D76BF07958BBE7A1676BFA6
:1066E000C0178DBEC6DE75BF229A8EBE7BA675BF53
:1066F0002C1C90BE976D75BFDD9D91BE1D3475BF7E
:10670000351F93BE0BFA74BF31A094BE62BF74BF35
:10671000D22096BE228474BF17A197BE4B4874BF87
:10672000FE2099BEDD0B74BF86A09ABED9CE73BF82
:10673000AF1F9CBE3F9173BF789E9DBE0E5373BF2B
:10674000DF1C9FBE471473BFE59AA0BEEBD472BF97
:106750008718A2BEF89472BFC595A3BE705472BFCD
:106760009F12A5BE521372BF128FA6BE9FD171BFDA
:106770001F0BA8BE578F71BFC486A9BE7A4C71BFCC
:106780000102ABBE080971BFD47CACBE02C570BFAC
:106790003CF7ADBE668070BF3A71AFBE373B70BF8D
:1067A000CBEAB0BE73F56FBFEF63B2BE1BAF6FBF76
:1067B000A5DCB3BE30686FBFEC54B5BEB0206FBF70
:1067C000C3CCB6BE9ED86EBF2A44B8BEF88F6EBF8B
:1067D0001EBBB9BEBE466EBFA031BBBEF2FC6DBFD4
:1067E000AFA7BCBE93B26DBF4A1DBEBEA1676DBF51
:1067F0006F92BFBE1D1C6DBF1E07C1BE07D06CBF10
:10680000557BC2BE5E836CBF15EFC3BE24366CBF22
:106810005C62C5BE58E86BBF29D5C6BEFB996BBF8D
:106820007C47C8BE0C4B6BBF53B9C9BE8CFB6ABF5B
:10683000AE2ACBBE7BAB6ABF8B9BCCBED95A6ABF9C
:10684000EA0BCEBEA7096ABFCA7BCFBEE4B769BF59
:106850002AEBD0BE916569BF095AD2BEAE1269BF9C
:1068600067C8D3BE3CBF68BF4136D5BE396B68BF71
:1068700099A3D6BEA81668BF6B10D8BE87C167BFE4
:10688000B97CD9BED86B67BF80E8DABE991567BFFF
:10689000C153DCBECCBE66BF79BEDDBE716766BFCC
:1068A000A928DFBE880F66BF4F92E0BE10B765BF54
:1068B0006AFBE1BE0B5E65BFFA63E3BE790465BFA8
:1068C000FECBE4BE59AA64BF7533E6BEAC4F64BFCD
:1068D0005D9AE7BE73F463BFB700E9BEAC9863BFCF
:1068E0008166EABE5A3C63BFBBCBEBBE7BDF62BFB7
:1068F0006330EDBE108262BF7994EEBE1A2462BF8F
:10690000FBF7EFBE98C561BFEA5AF1BE8A6661BF68
:1069100043BDF2BEF20661BF071FF4BECFA660BF43
:106920003580F5BE214660BFCBE0F6BEE9E45FBF2F
:10693000C840F8BE27835FBF2DA0F9BEDB205FBF34
:10694000F7FEFABE05BE5EBF275DFCBEA65A5EBF5F
:10695000BBBAFDBEBEF65DBFB217FFBE4D925DBFB6
:10696000063A00BF532D5DBFE4E700BFD1C75CBF4F
:10697000739501BFC7615CBFB14202BF34FB5BBF0F
:106980009FEF02BF1A945BBF3D9C03BF792C5BBF96
:10699000894804BF50C45ABF84F404BFA05B5ABFE7
:1069A0002CA005BF6AF259BF824B06BFAD8859BF04
:1069B00086F606BF6A1E59BF36A107BFA1B358BFEE
:1069C000924B08BF534858BF9BF508BF7FDC57BFA9
:1069D0004E9F09BF267057BFAD480ABF480357BF37
:1069E000B7F10ABFE59556BF6B9A0BBFFE2756BF9E
:1069F000C9420CBF93B955BFD0EA0CBFA44A55BFDA
:106A000081920DBF31DB54BFDA390EBF3B6B54BFEF
:106A1000DBE00EBFC3FA53BF84870FBFC78953BFE4
:106A2000D52D10BF491853BFCDD310BF49A652BFB3
:106A30006B7911BFC63352BFB01E12BFC2C051BF67
:106A40009AC312BF3D4D51BF2A6813BF37D950BFFB
:106A50005F0C14BFAF6450BF39B014BFA8EF4FBF75
:106A6000B75315BF1F7A4FBFD9F615BF17044FBFD5
:106A70009F9916BF908D4EBF073C17BF89164EBF1A
:106A800012DE17BF029F4DBFC07F18BFFD264DBF4E
:106A90000F2119BF79AE4CBF00C219BF78354CBF6A
:106AA00093621ABFF8BB4BBFC6021BBFFA414BBF74
:106AB00099A21BBF7FC74ABF0C421CBF874C4ABF6D
:106AC0001FE11CBF12D149BFD17F1DBF215549BF56
:106AD000221E1EBFB3D848BF12BC1EBFCA5B48BF30
:106AE0009F591FBF65DE47BFCBF61FBF856047BFFD
:106AF000939320BF2AE246BFF92F21BF546346BFBC
:106B0000FBCB21BF03E445BF996722BF396445BF72
:106B1000D30223BFF5E344BFA99D23BF376344BF1E
:106B20001A3824BF00E243BF25D224BF516043BFBF
:106B3000CB6B25BF29DE42BF0A0526BF895B42BF5A
:106B4000E39D26BF70D841BF563627BFE15441BFF1
:106B500061CE27BFDAD040BF056628BF5C4C40BF7E
:106B600041FD28BF67C73FBF159429BFFC413FBF08
:106B7000802A2ABF1BBC3EBF82C02ABFC5353EBF8C
:106B80001B562BBFF9AE3DBF4AEB2BBFB8273DBF0D
:106B90000F802CBF03A03CBF69142DBFD9173CBF89
:106BA00059A82DBF3B8F3BBFDE3B2EBF29063BBF05
:106BB000F7CE2EBFA47C3ABFA5612FBFACF239BF80
:106BC000E6F32FBF426839BFBB8530BF65DD38BFF4
:106BD000221731BF165238BF1DA831BF55C637BF67
:106BE000AA3832BF233A37BFC9C832BF7FAD36BFDC
:106BF0007A5833BF6C2036BFBCE733BFE79235BF4E
:106C00008F7634BFF30435BFF30435BF8F7634BFBE
:106C1000E79235BFBCE733BF6C2036BF7A5833BF2D
:106C20007FAD36BFC9C832BF233A37BFAA3832BF9B
:106C300055C637BF1DA831BF165238BF221731BF06
:106C400065DD38BFBB8530BF426839BFE6F32FBF73
:106C5000ACF239BFA5612FBFA47C3ABFF7CE2EBFDF
:106C600029063BBFDE3B2EBF3B8F3BBF59A82DBF44
:106C7000D9173CBF69142DBF03A03CBF0F802CBFA8
:106C8000B8273DBF4AEB2BBFF9AE3DBF1B562BBF0C
:106C9000C5353EBF82C02ABF1BBC3EBF802A2ABF6B
:106CA000FC413FBF159429BF67C73FBF41FD28BFC7
:106CB0005C4C40BF056628BFDAD040BF61CE27BF1D
:106CC000E15441BF563627BF70D841BFE39D26BF70
:106CD000895B42BF0A0526BF29DE42BFCB6B25BFB9
:106CE000516043BF25D224BF00E243BF1A3824BFFE
:106CF000376344BFA99D23BFF5E344BFD30223BF3D
:106D0000396445BF996722BF03E445BFFBCB21BF70
:106D1000546346BFF92F21BF2AE246BF939320BF99
:106D2000856047BFCBF61FBF65DE47BF9F591FBFBA
:106D3000CA5B48BF12BC1EBFB3D848BF221E1EBFCD
:106D4000215549BFD17F1DBF12D149BF1FE11CBFD3
:106D5000874C4ABF0C421CBF7FC74ABF99A21BBFCA
:106D6000FA414BBFC6021BBFF8BB4BBF93621ABFB1
:106D700078354CBF00C219BF79AE4CBF0F2119BF87
:106D8000FD264DBFC07F18BF029F4DBF12DE17BF4B
:106D900089164EBF073C17BF908D4EBF9F9916BFF7
:106DA00017044FBFD9F615BF1F7A4FBFB75315BF92
:106DB000A8EF4FBF39B014BFAF6450BF5F0C14BF12
:106DC00037D950BF2A6813BF3D4D51BF9AC312BF78
:106DD000C2C051BFB01E12BFC63352BF6B7911BFC4
:106DE00049A652BFCDD310BF491853BFD52D10BFF0
:106DF000C78953BF84870FBFC3FA53BFDBE00EBF01
:106E00003B6B54BFDA390EBF31DB54BF81920DBFEB
:106E1000A44A55BFD0EA0CBF93B955BFC9420CBFB5
:106E2000FE2756BF6B9A0BBFE59556BFB7F10ABF59
:106E3000480357BFAD480ABF267057BF4E9F09BFD2
:106E40007FDC57BF9BF508BF534858BF924B08BF24
:106E5000A1B358BF36A107BF6A1E59BF86F606BF49
:106E6000AD8859BF824B06BF6AF259BF2CA005BF3F
:106E7000A05B5ABF84F404BF50C45ABF894804BF02
:106E8000792C5BBF3D9C03BF1A945BBF9FEF02BF91
:106E900034FB5BBFB14202BFC7615CBF739501BFEA
:106EA000D1C75CBFE4E700BF532D5DBF063A00BF0A
:106EB0004D925DBFB217FFBEBEF65DBFBBBAFDBE51
:106EC000A65A5EBF275DFCBE05BE5EBFF7FEFABEDA
:106ED000DB205FBF2DA0F9BE27835FBFC840F8BE8F
:106EE000E9E45FBFCBE0F6BE214660BF3580F5BE6A
:106EF000CFA660BF071FF4BEF20661BF43BDF2BE5E
:106F00008A6661BFEA5AF1BE98C561BFFBF7EFBE62
:106F10001A2462BF7994EEBE108262BF6330EDBE68
:106F20007BDF62BFBBCBEBBE5A3C63BF8166EABE70
:106F3000AC9863BFB700E9BE73F463BF5D9AE7BE68
:106F4000AC4F64BF7533E6BE59AA64BFFECBE4BE46
:106F5000790465BFFA63E3BE0B5E65BF6AFBE1BE01
:106F600010B765BF4F92E0BE880F66BFA928DFBE8D
:106F7000716766BF79BEDDBECCBE66BFC153DCBEE5
:106F8000991567BF80E8DABED86B67BFB97CD9BEF8
:106F900087C167BF6B10D8BEA81668BF99A3D6BEBD
:106FA000396B68BF4136D5BE3CBF68BF67C8D3BE2A
:106FB000AE1269BF095AD2BE916569BF2AEBD0BE35
:106FC000E4B769BFCA7BCFBEA7096ABFEA0BCEBED2
:106FD000D95A6ABF8B9BCCBE7BAB6ABFAE2ACBBEF5
:106FE0008CFB6ABF53B9C9BE0C4B6BBF7C47C8BE94
:106FF000FB996BBF29D5C6BE58E86BBF5C62C5BEA6
:1070000024366CBF15EFC3BE5E836CBF557BC2BE1A
:1070100007D06CBF1E07C1BE1D1C6DBF6F92BFBEE7
:10702000A1676DBF4A1DBEBE93B26DBFAFA7BCBE08
:10703000F2FC6DBFA031BBBEBE466EBF1EBBB9BE6B
:10704000F88F6EBF2A44B8BE9ED86EBFC3CCB6BE02
:10705000B0206FBFEC54B5BE30686FBFA5DCB3BEC7
:107060001BAF6FBFEF63B2BE73F56FBFCBEAB0BEAD
:10707000373B70BF3A71AFBE668070BF3CF7ADBEA4
:1070800002C570BFD47CACBE080971BF0102ABBEA3
:107090007A4C71BFC486A9BE578F71BF1F0BA8BEA3
:1070A0009FD171BF128FA6BE521372BF9F12A5BE91
:1070B000705472BFC595A3BEF89472BF8718A2BE64
:1070C000EBD472BFE59AA0BE471473BFDF1C9FBE0E
:1070D0000E5373BF789E9DBE3F9173BFAF1F9CBE82
:1070E000D9CE73BF86A09ABEDD0B74BFFE2099BEB9
:1070F0004B4874BF17A197BE228474BFD22096BE9E
:1071000062BF74BF31A094BE0BFA74BF351F93BE2B
:107110001D3475BFDD9D91BE976D75BF2C1C90BE53
:107120007BA675BF229A8EBEC6DE75BFC0178DBE08
:107130007A1676BF07958BBE974D76BFF8118ABE3B
:107140001B8476BF938E88BE07BA76BFDA0A87BEE5
:107150005BEF76BFCE8685BE172477BF700284BEF4
:107160003A5877BFC07D82BEC58B77BFC0F880BE5E
:10717000B7BE77BFE1E67EBE10F177BFA4DB7BBE72
:10718000D12278BFCCCF78BEF85378BF5AC375BE32
:10719000868478BF51B672BE7BB478BFB2A86FBE8A
:1071A000D6E378BF7F9A6CBE981279BFBA8B69BE5E
:1071B000C04079BF667C66BE4E6E79BF836C63BE8D
:1071C000439B79BF135C60BE9DC779BF1A4B5DBE00
:1071D0005EF379BF97395ABE841E7ABF8F2757BE98
:1071E00010497ABF011554BE02737ABFF10151BE36
:1071F000599C7ABF60EE4DBE16C57ABF4FDA4ABEC3
:1072000037ED7ABFC2C547BEBE147BBFB9B044BE1E
:10721000AB3B7BBF379B41BEFC617BBF3E853EBE27
:10722000B2877BBFCF6E3BBECDAC7BBFEC5738BEC9
:107230004DD17BBF984035BE31F57BBFD42832BEDF
:107240007A187CBFA2102FBE283B7CBF04F82BBE4F
:107250003A5D7CBFFCDE28BEB07E7CBF8CC525BEFF
:107260008A9F7CBFB6AB22BEC9BF7CBF7B911FBECD
:107270006CDF7CBFDE761CBE73FE7CBFE05B19BE9C
:10728000DD1C7DBF834016BEAC3A7DBFCA2413BE51
:10729000DE577DBFB70810BE74747DBF4AEC0CBECC
:1072A0006E907DBF86CF09BECCAB7DBF6EB206BEF1
:1072B0008CC67DBF029503BEB1E07DBF457700BEA1
:1072C00038FA7DBF73B2FABD24137EBFC075F4BD1A
:1072D000722B7EBF7638EEBD23437EBF9AFAE7BDA0
:1072E000385A7EBF2EBCE1BDB0707EBF377DDBBD9E
:1072F0008B867EBFB93DD5BDC99B7EBFB7FDCEBDD8
:1073000069B07EBF36BDC8BD6DC47EBF397CC2BD0D
:10731000D4D77EBFC33ABCBD9DEA7EBFDAF8B5BD07
:10732000C9FC7EBF80B6AFBD580E7FBFBA73A9BD82
:10733000491F7FBF8C30A3BD9D2F7FBFF9EC9CBD43
:10734000543F7FBF05A996BD6D4E7FBFB46490BD0D
:10735000E95C7FBF0A208ABDC76A7FBF0ADB83BDA5
:1073600008787FBF742B7BBDAB847FBF38A06EBD18
:10737000B1907FBF681462BD189C7FBF0E8855BD59
:10738000E3A67FBF2FFB48BD0FB17FBFD56D3CBDCE
:107390009EBA7FBF07E02FBD8FC37FBFCC5123BDF7
:1073A000E2CB7FBF2CC316BD98D37FBF2F340ABD5D
:1073B000AFDA7FBFB949FBBC29E17FBF7B2AE2BCC2
:1073C00005E77FBFB00AC9BC43EC7FBF69EAAFBC29
:1073D000E3F07FBFB6C996BCE6F47FBF4B517BBCE0
:1073E0004AF87FBF900E49BC11FB7FBF59CB16BC3A
:1073F00039FD7FBF890FC9BBC4FE7FBFC70F49BB23
:10740000B1FF7FBF00000080000080BFC70F493B75
:10741000B1FF7FBF890FC93BC4FE7FBF59CB163C6C
:1074200039FD7FBF900E493C11FB7FBF4B517B3C28
:107430004AF87FBFB6C9963CE6F47FBF69EAAF3C25
:10744000E3F07FBFB00AC93C43EC7FBF7B2AE23C3C
:1074500005E77FBFB949FB3C29E17FBF2F340A3DD7
:10746000AFDA7FBF2CC3163D98D37FBFCC51233DED
:10747000E2CB7FBF07E02F3D8FC37FBFD56D3C3D83
:107480009EBA7FBF2FFB483D0FB17FBF0E88553D91
:10749000E3A67FBF6814623D189C7FBF38A06E3D95
:1074A000B1907FBF742B7B3DAB847FBF0ADB833DF4
:1074B00008787FBF0A208A3DC76A7FBFB464903DC9
:1074C000E95C7FBF05A9963D6D4E7FBFF9EC9C3D01
:1074D000543F7FBF8C30A33D9D2F7FBFBA73A93D22
:1074E000491F7FBF80B6AF3D580E7FBFDAF8B53D6C
:1074F000C9FC7EBFC33ABC3D9DEA7EBF397CC23D1C
:10750000D4D77EBF36BDC83D6DC47EBFB7FDCE3D6E
:1075100069B07EBFB93DD53DC99B7EBF377DDB3DA0
:107520008B867EBF2EBCE13DB0707EBF9AFAE73DF0
:10753000385A7EBF7638EE3D23437EBFC075F43D9A
:10754000722B7EBF73B2FA3D24137EBF4577003E97
:1075500038FA7DBF0295033EB1E07DBF6EB2063EB4
:107560008CC67DBF86CF093ECCAB7DBF4AEC0C3EBE
:107570006E907DBFB708103E74747DBFCA24133E61
:10758000DE577DBF8340163EAC3A7DBFE05B193EBF
:10759000DD1C7DBFDE761C3E73FE7CBF7B911F3EF3
:1075A0006CDF7CBFB6AB223EC9BF7CBF8CC5253E1D
:1075B0008A9F7CBFFCDE283EB07E7CBF04F82B3E59
:1075C0003A5D7CBFA2102F3E283B7CBFD428323EC0
:1075D0007A187CBF9840353E31F57BBFEC57383E7A
:1075E0004DD17BBFCF6E3B3ECDAC7BBF3E853E3E9B
:1075F000B2877BBF379B413EFC617BBFB9B0443E45
:10760000AB3B7BBFC2C5473EBE147BBF4FDA4A3E91
:1076100037ED7ABF60EE4D3E16C57ABFF101513E9F
:10762000599C7ABF0115543E02737ABF8F27573E8B
:1076300010497ABF97395A3E841E7ABF1A4B5D3E75
:107640005EF379BF135C603E9DC779BF836C633E78
:10765000439B79BF667C663E4E6E79BFBA8B693EAE
:10766000C04079BF7F9A6C3E981279BFB2A86F3E36
:10767000D6E378BF51B6723E7BB478BF5AC3753E2D
:10768000868478BFCCCF783EF85378BFA4DB7B3EAE
:10769000D12278BFE1E67E3E10F177BFC0F8803E90
:1076A000B7BE77BFC07D823EC58B77BF7002843E78
:1076B0003A5877BFCE86853E172477BFDA0A873ED1
:1076C0005BEF76BF938E883E07BA76BFF8118A3E8D
:1076D0001B8476BF07958B3E974D76BFC0178D3EB6
:1076E0007A1676BF229A8E3EC6DE75BF2C1C903E5F
:1076F0007BA675BFDD9D913E976D75BF351F933E8F
:107700001D3475BF31A0943E0BFA74BFD220963E53
:1077100062BF74BF17A1973E228474BFFE20993EBA
:107720004B4874BF86A09A3EDD0B74BFAF1F9C3ED2
:10773000D9CE73BF789E9D3E3F9173BFDF1C9F3EA5
:107740000E5373BFE59AA03E471473BF8718A23E3D
:10775000EBD472BFC595A33EF89472BF9F12A53EAD
:10776000705472BF128FA63E521372BF1F0BA83EF9
:107770009FD171BFC486A93E578F71BF0102AB3E36
:107780007A4C71BFD47CAC3E080971BF3CF7AD3E6A
:1077900002C570BF3A71AF3E668070BFCBEAB03EA3
:1077A000373B70BFEF63B23E73F56FBFA5DCB33EEE
:1077B0001BAF6FBFEC54B53E30686FBFC3CCB63E55
:1077C000B0206FBF2A44B83E9ED86EBF1EBBB93EE4
:1077D000F88F6EBFA031BB3EBE466EBFAFA7BC3EAA
:1077E000F2FC6DBF4A1DBE3E93B26DBF6F92BF3EAD
:1077F000A1676DBF1E07C13E1D1C6DBF557BC23EFC
:1078000007D06CBF15EFC33E5E836CBF5C62C53EA4
:1078100024366CBF29D5C63E58E86BBF7C47C83EAE
:10782000FB996BBF53B9C93E0C4B6BBFAE2ACB3E25
:107830008CFB6ABF8B9BCC3E7BAB6ABFEA0BCE3E18
:10784000D95A6ABFCA7BCF3EA7096ABF2AEBD03E8E
:10785000E4B769BF095AD23E916569BF67C8D33E94
:10786000AE1269BF4136D53E3CBF68BF99A3D63E34
:10787000396B68BF6B10D83EA81668BFB97CD93E7B
:1078800087C167BF80E8DA3ED86B67BFC153DC3E73
:10789000991567BF79BEDD3ECCBE66BFA928DF3E25
:1078A000716766BF4F92E03E880F66BF6AFBE13E9C
:1078B00010B765BFFA63E33E0B5E65BFFECBE43EE7
:1078C000790465BF7533E63E59AA64BF5D9AE73E09
:1078D000AC4F64BFB700E93E73F463BF8166EA3E14
:1078E000AC9863BFBBCBEB3E5A3C63BF6330ED3E0D
:1078F0007BDF62BF7994EE3E108262BFFBF7EF3E02
:107900001A2462BFEA5AF13E98C561BF43BDF23EF8
:107910008A6661BF071FF43EF20661BF3580F53EFF
:10792000CFA660BFCBE0F63E214660BFC840F83E20
:10793000E9E45FBF2DA0F93E27835FBFF7FEFA3E63
:10794000DB205FBF275DFC3E05BE5EBFBBBAFD3ED0
:10795000A65A5EBFB217FF3EBEF65DBF063A003FB5
:107960004D925DBFE4E7003F532D5DBF7395013F2E
:10797000D1C75CBFB142023FC7615CBF9FEF023F0E
:1079800034FB5BBF3D9C033F1A945BBF8948043FB7
:10799000792C5BBF84F4043F50C45ABF2CA0053F30
:1079A000A05B5ABF824B063F6AF259BF86F6063F7C
:1079B000AD8859BF36A1073F6A1E59BF924B083F99
:1079C000A1B358BF9BF5083F534858BF4E9F093F8E
:1079D0007FDC57BFAD480A3F267057BFB7F10A3F5B
:1079E000480357BF6B9A0B3FE59556BFC9420C3F02
:1079F000FE2756BFD0EA0C3F93B955BF81920D3F89
:107A0000A44A55BFDA390E3F31DB54BFDBE00E3FED
:107A10003B6B54BF84870F3FC3FA53BFD52D103F34
:107A2000C78953BFCDD3103F491853BF6B79113F5E
:107A300049A652BFB01E123FC63352BF9AC3123F6F
:107A4000C2C051BF2A68133F3D4D51BF5F0C143F68
:107A500037D950BF39B0143FAF6450BFB753153F4B
:107A6000A8EF4FBFD9F6153F1F7A4FBF9F99163F1A
:107A700017044FBF073C173F908D4EBF12DE173FD4
:107A800089164EBFC07F183F029F4DBF0F21193F7F
:107A9000FD264DBF00C2193F79AE4CBF93621A3F1D
:107AA00078354CBFC6021B3FF8BB4BBF99A21B3FAA
:107AB000FA414BBF0C421C3F7FC74ABF1FE11C3F2E
:107AC000874C4ABFD17F1D3F12D149BF221E1E3FA6
:107AD000215549BF12BC1E3FB3D848BF9F591F3F15
:107AE000CA5B48BFCBF61F3F65DE47BF9393203F7D
:107AF000856047BFF92F213F2AE246BFFBCB213FDC
:107B0000546346BF9967223F03E445BFD302233F36
:107B1000396445BFA99D233FF5E344BF1A38243F8C
:107B2000376344BF25D2243F00E243BFCB6B253FE0
:107B3000516043BF0A05263F29DE42BFE39D263F31
:107B4000895B42BF5636273F70D841BF61CE273F81
:107B5000E15441BF0566283FDAD040BF41FD283FD0
:107B60005C4C40BF1594293F67C73FBF802A2A3F1E
:107B7000FC413FBF82C02A3F1BBC3EBF1B562B3F70
:107B8000C5353EBF4AEB2B3FF9AE3DBF0F802C3FC2
:107B9000B8273DBF69142D3F03A03CBF59A82D3F16
:107BA000D9173CBFDE3B2E3F3B8F3BBFF7CE2E3F6E
:107BB00029063BBFA5612F3FA47C3ABFE6F32F3FC8
:107BC000ACF239BFBB85303F426839BF2217313F25
:107BD00065DD38BF1DA8313F165238BFAA38323F85
:107BE00055C637BFC9C8323F233A37BF7A58333FEB
:107BF0007FAD36BFBCE7333F6C2036BF8F76343F56
:107C0000E79235BFF304353FF30435BFE792353FC4
:107C10008F7634BF6C20363FBCE733BF7FAD363F35
:107C20007A5833BF233A373FC9C832BF55C6373FAA
:107C3000AA3832BF1652383F1DA831BF65DD383F24
:107C4000221731BF4268393FBB8530BFACF2393FA4
:107C5000E6F32FBFA47C3A3FA5612FBF29063B3F27
:107C6000F7CE2EBF3B8F3B3FDE3B2EBFD9173C3FAD
:107C700059A82DBF03A03C3F69142DBFB8273D3F35
:107C80000F802CBFF9AE3D3F4AEB2BBFC5353E3FC1
:107C90001B562BBF1BBC3E3F82C02ABFFC413F3F4F
:107CA000802A2ABF67C73F3F159429BF5C4C403FDD
:107CB00041FD28BFDAD0403F056628BFE154413F6F
:107CC00061CE27BF70D8413F563627BF895B423F00
:107CD000E39D26BF29DE423F0A0526BF5160433F90
:107CE000CB6B25BF00E2433F25D224BF3763443F1F
:107CF0001A3824BFF5E3443FA99D23BF3964453FAB
:107D0000D30223BF03E4453F996722BF5463463F34
:107D1000FBCB21BF2AE2463FF92F21BF8560473FB9
:107D2000939320BF65DE473FCBF61FBFCA5B483F3A
:107D30009F591FBFB3D8483F12BC1EBF2155493FB2
:107D4000221E1EBF12D1493FD17F1DBF874C4A3F23
:107D50001FE11CBF7FC74A3F0C421CBFFA414B3F8B
:107D600099A21BBFF8BB4B3FC6021BBF78354C3FE7
:107D700093621ABF79AE4C3F00C219BFFD264D3F3A
:107D80000F2119BF029F4D3FC07F18BF89164E3F7C
:107D900012DE17BF908D4E3F073C17BF17044F3FB1
:107DA0009F9916BF1F7A4F3FD9F615BFA8EF4F3FD7
:107DB000B75315BFAF64503F39B014BF37D9503FE8
:107DC0005F0C14BF3D4D513F2A6813BFC2C0513FE5
:107DD0009AC312BFC633523FB01E12BF49A6523FCC
:107DE0006B7911BF4918533FCDD310BFC789533F9B
:107DF000D52D10BFC3FA533F84870FBF3B6B543F51
:107E0000DBE00EBF31DB543FDA390EBFA44A553FE9
:107E100081920DBF93B9553FD0EA0CBFFE27563F64
:107E2000C9420CBFE595563F6B9A0BBF4803573FBD
:107E3000B7F10ABF2670573FAD480ABF7FDC573FF6
:107E40004E9F09BF5348583F9BF508BFA1B3583F09
:107E5000924B08BF6A1E593F36A107BFAD88593FF4
:107E600086F606BF6AF2593F824B06BFA05B5A3FB7
:107E70002CA005BF50C45A3F84F404BF792C5B3F4B
:107E8000894804BF1A945B3F3D9C03BF34FB5B3FB2
:107E90009FEF02BFC7615C3FB14202BFD1C75C3FE9
:107EA000739501BF532D5D3FE4E700BF4D925D3FE9
:107EB000063A00BFBEF65D3FB217FFBEA65A5E3F50
:107EC000BBBAFDBE05BE5E3F275DFCBEDB205F3F4B
:107ED000F7FEFABE27835F3F2DA0F9BEE9E45F3FBE
:107EE000C840F8BE2146603FCBE0F6BECFA6603F5B
:107EF0003580F5BEF206613F071FF4BE8A66613F1A
:107F000043BDF2BE98C5613FEA5AF1BE1A24623FF2
:107F1000FBF7EFBE1082623F7994EEBE7BDF623FDB
:107F20006330EDBE5A3C633FBBCBEBBEAC98633FC6
:107F30008166EABE73F4633FB700E9BEAC4F643FAD
:107F40005D9AE7BE59AA643F7533E6BE7904653F82
:107F5000FECBE4BE0B5E653FFA63E3BE10B7653F40
:107F60006AFBE1BE880F663F4F92E0BE7167663FD5
:107F7000A928DFBECCBE663F79BEDDBE9915673F3E
:107F8000C153DCBED86B673F80E8DABE87C1673F6C
:107F9000B97CD9BEA816683F6B10D8BE396B683F54
:107FA00099A3D6BE3CBF683F4136D5BEAE12693FED
:107FB00067C8D3BE9165693F095AD2BEE4B7693F2D
:107FC0002AEBD0BEA7096A3FCA7BCFBED95A6A3F07
:107FD000EA0BCEBE7BAB6A3F8B9BCCBE8CFB6A3F71
:107FE000AE2ACBBE0C4B6B3F53B9C9BEFB996B3F5E
:107FF0007C47C8BE58E86B3F29D5C6BE24366C3FC7
:108000005C62C5BE5E836C3F15EFC3BE07D06C3F9C
:10801000557BC2BE1D1C6D3F1E07C1BEA1676D3FD3
:108020006F92BFBE93B26D3F4A1DBEBEF2FC6D3F64
:10803000AFA7BCBEBE466E3FA031BBBEF88F6E3F41
:108040001EBBB9BE9ED86E3F2A44B8BEB0206F3F5B
:10805000C3CCB6BE30686F3FEC54B5BE1BAF6F3FAC
:10806000A5DCB3BE73F56F3FEF63B2BE373B703F25
:10807000CBEAB0BE6680703F3A71AFBE02C5703FBA
:108080003CF7ADBE0809713FD47CACBE7A4C713F61
:108090000102ABBE578F713FC486A9BE9FD1713F0D
:1080A0001F0BA8BE5213723F128FA6BE7054723FB0
:1080B0009F12A5BEF894723FC595A3BEEBD4723F44
:1080C0008718A2BE4714733FE59AA0BE0E53733FB4
:1080D000DF1C9FBE3F91733F789E9DBED9CE733FFC
:1080E000AF1F9CBEDD0B743F86A09ABE4B48743F09
:1080F000FE2099BE2284743F17A197BE62BF743FD1
:10810000D22096BE0BFA743F31A094BE1D34753F49
:10811000351F93BE976D753FDD9D91BE7BA6753F64
:108120002C1C90BEC6DE753F229A8EBE7A16763F14
:10813000C0178DBE974D763F07958BBE1B84763F4B
:10814000F8118ABE07BA763F938E88BE5BEF763F02
:10815000DA0A87BE1724773FCE8685BE3A58773F26
:10816000700284BEC58B773FC07D82BEB7BE773FAD
:10817000C0F880BE10F1773FE1E67EBED122783FA5
:10818000A4DB7BBEF853783FCCCF78BE8684783FA3
:108190005AC375BE7BB4783F51B672BED6E3783F02
:1081A000B2A86FBE9812793F7F9A6CBEC040793FEB
:1081B000BA8B69BE4E6E793F667C66BE439B793F43
:1081C000836C63BE9DC7793F135C60BE5EF3793FED
:1081D0001A4B5DBE841E7A3F97395ABE10497A3FCA
:1081E0008F2757BE02737A3F011554BE599C7A3FC0
:1081F000F10151BE16C57A3F60EE4DBE37ED7A3FB4
:108200004FDA4ABEBE147B3FC2C547BEAB3B7B3F85
:10821000B9B044BEFC617B3F379B41BEB2877B3F18
:108220003E853EBECDAC7B3FCF6E3BBE4DD17B3F4E
:10823000EC5738BE31F57B3F984035BE7A187C3F0D
:10824000D42832BE283B7C3FA2102FBE3A5D7C3F33
:1082500004F82BBEB07E7C3FFCDE28BE8A9F7C3FAC
:108260008CC525BEC9BF7C3FB6AB22BE6CDF7C3F50
:108270007B911FBE73FE7C3FDE761CBEDD1C7D3F06
:10828000E05B19BEAC3A7D3F834016BEDE577D3FB2
:10829000CA2413BE74747D3FB70810BE6E907D3F34
:1082A0004AEC0CBECCAB7D3F86CF09BE8CC67D3F71
:1082B0006EB206BEB1E07D3F029503BE38FA7D3F47
:1082C000457700BE24137E3F73B2FABD722B7E3F0A
:1082D000C075F4BD23437E3F7638EEBD385A7E3FED
:1082E0009AFAE7BDB0707E3F2EBCE1BD8B867E3F23
:1082F000377DDBBDC99B7E3FB93DD5BD69B07E3FB3
:10830000B7FDCEBD6DC47E3F36BDC8BDD4D77E3F60
:10831000397CC2BD9DEA7E3FC33ABCBDC9FC7E3FED
:10832000DAF8B5BD580E7F3F80B6AFBD491F7F3F1D
:10833000BA73A9BD9D2F7F3F8C30A3BD543F7F3FB3
:10834000F9EC9CBD6D4E7F3F05A996BDE95C7F3F72
:10835000B46490BDC76A7F3F0A208ABD08787F3F1A
:108360000ADB83BDAB847F3F742B7BBDB1907F3F25
:1083700038A06EBD189C7F3F681462BDE3A67F3FA6
:108380000E8855BD0FB17F3F2FFB48BD9EBA7F3F82
:10839000D56D3CBD8FC37F3F07E02FBDE2CB7F3F54
:1083A000CC5123BD98D37F3F2CC316BDAFDA7F3F9E
:1083B0002F340ABD29E17F3FB949FBBC05E77F3F68
:1083C0007B2AE2BC43EC7F3FB00AC9BCE3F07F3FAD
:1083D00069EAAFBCE6F47F3FB6C996BC4AF87F3F76
:1083E0004B517BBC11FB7F3F900E49BC39FD7F3F59
:1083F00059CB16BCC4FE7F3F890FC9BBB1FF7F3F7D
:10840000C70F49BB0000803F0000000043EC7F3FE6
:10841000B00AC93C0FB17F3F2FFB483D6D4E7F3FF7
:1084200005A9963D6DC47E3F36BDC83D24137E3FF1
:1084300073B2FA3DAC3A7D3F8340163E283B7C3F09
:10844000A2102F3EBE147B3FC2C5473E9DC7793F59
:10845000135C603EF853783FCCCF783E07BA763F46
:10846000938E883E0BFA743F31A0943E4714733FBD
:10847000E59AA03E0809713FD47CAC3E9ED86E3F81
:108480002A44B83E5E836C3F15EFC33EA7096A3F9E
:10849000CA7BCF3ED86B673F80E8DA3E59AA643F7B
:1084A0007533E63E98C5613FEA5AF13E05BE5E3F30
:1084B000275DFC3E1A945B3F3D9C033F5348583F69
:1084C0009BF5083F31DB543FDA390E3F3D4D513FBC
:1084D0002A68133F029F4D3FC07F183F12D1493F8A
:1084E000D17F1D3F03E4453F9967223F70D8413F4C
:1084F0005636273FF9AE3D3F4AEB2B3F4268393FA6
:10850000BB85303FF304353FF304353FBB85303F37
:108510004268393F4AEB2B3FF9AE3D3F5636273F85
:1085200070D8413F9967223F03E4453FD17F1D3F0B
:1085300012D1493FC07F183F029F4D3F2A68133F29
:108540003D4D513FDA390E3F31DB543F9BF5083F3B
:108550005348583F3D9C033F1A945B3F275DFC3EC8
:1085600005BE5E3FEA5AF13E98C5613F7533E63E6F
:1085700059AA643F80E8DA3ED86B673FCA7BCF3E9A
:10858000A7096A3F15EFC33E5E836C3F2A44B83E9D
:108590009ED86E3FD47CAC3E0809713FE59AA03E60
:1085A0004714733F31A0943E0BFA743F938E883E7C
:1085B00007BA763FCCCF783EF853783F135C603EE5
:1085C0009DC7793FC2C5473EBE147B3FA2102F3ED8
:1085D000283B7C3F8340163EAC3A7D3F73B2FA3D68
:1085E00024137E3F36BDC83D6DC47E3F05A9963D30
:1085F0006D4E7F3F2FFB483D0FB17F3FB00AC93C16
:1086000043EC7F3F000000000000803FB00AC9BC7F
:1086100043EC7F3F2FFB48BD0FB17F3F05A996BDBF
:108620006D4E7F3F36BDC8BD6DC47E3F73B2FABD8F
:1086300024137E3F834016BEAC3A7D3FA2102FBE6E
:10864000283B7C3FC2C547BEBE147B3F135C60BE67
:108650009DC7793FCCCF78BEF853783F938E88BEC4
:1086600007BA763F31A094BE0BFA743FE59AA0BEDC
:108670004714733FD47CACBE0809713F2A44B8BE8E
:108680009ED86E3F15EFC3BE5E836C3FCA7BCFBEE4
:10869000A7096A3F80E8DABED86B673F7533E6BE4C
:1086A00059AA643FEA5AF1BE98C5613F275DFCBEF6
:1086B00005BE5E3F3D9C03BF1A945B3F9BF508BF20
:1086C0005348583FDA390EBF31DB543F2A6813BF95
:1086D0003D4D513FC07F18BF029F4D3FD17F1DBF11
:1086E00012D1493F996722BF03E4453F563627BF61
:1086F00070D8413F4AEB2BBFF9AE3D3FBB8530BF41
:108700004268393FF30435BFF304353F426839BF4F
:10871000BB85303FF9AE3DBF4AEB2B3F70D841BF20
:108720005636273F03E445BF9967223F12D149BF20
:10873000D17F1D3F029F4DBFC07F183F3D4D51BFB0
:108740002A68133F31DB54BFDA390E3F534858BF14
:108750009BF5083F1A945BBF3D9C033F05BE5EBF7F
:10876000275DFC3E98C561BFEA5AF13E59AA64BF35
:108770007533E63ED86B67BF80E8DA3EA7096ABF6B
:10878000CA7BCF3E5E836CBF15EFC33E9ED86EBFE3
:108790002A44B83E080971BFD47CAC3E471473BF6D
:1087A000E59AA03E0BFA74BF31A0943E07BA76BF9B
:1087B000938E883EF85378BFCCCF783E9DC779BF63
:1087C000135C603EBE147BBFC2C5473E283B7CBFE6
:1087D000A2102F3EAC3A7DBF8340163E24137EBFCD
:1087E00073B2FA3D6DC47EBF36BDC83D6D4E7FBFCE
:1087F00005A9963D0FB17FBF2FFB483D43EC7FBFDE
:10880000B00AC93C000080BF0000000043EC7FBFFD
:10881000B00AC9BC0FB17FBF2FFB48BD6D4E7FBFF3
:1088200005A996BD6DC47EBF36BDC8BD24137EBFED
:1088300073B2FABDAC3A7DBF834016BE283B7CBF05
:10884000A2102FBEBE147BBFC2C547BE9DC779BF55
:10885000135C60BEF85378BFCCCF78BE07BA76BF42
:10886000938E88BE0BFA74BF31A094BE471473BFB9
:10887000E59AA0BE080971BFD47CACBE9ED86EBF7D
:108880002A44B8BE5E836CBF15EFC3BEA7096ABF9A
:10889000CA7BCFBED86B67BF80E8DABE59AA64BF77
:1088A0007533E6BE98C561BFEA5AF1BE05BE5EBF2C
:1088B000275DFCBE1A945BBF3D9C03BF534858BF65
:1088C0009BF508BF31DB54BFDA390EBF3D4D51BFB8
:1088D0002A6813BF029F4DBFC07F18BF12D149BF86
:1088E000D17F1DBF03E445BF996722BF70D841BF48
:1088F000563627BFF9AE3DBF4AEB2BBF426839BFA2
:10890000BB8530BFF30435BFF30435BFBB8530BF33
:10891000426839BF4AEB2BBFF9AE3DBF563627BF81
:1089200070D841BF996722BF03E445BFD17F1DBF07
:1089300012D149BFC07F18BF029F4DBF2A6813BF25
:108940003D4D51BFDA390EBF31DB54BF9BF508BF37
:10895000534858BF3D9C03BF1A945BBF275DFCBEC4
:1089600005BE5EBFEA5AF1BE98C561BF7533E6BE6B
:1089700059AA64BF80E8DABED86B67BFCA7BCFBE96
:10898000A7096ABF15EFC3BE5E836CBF2A44B8BE99
:108990009ED86EBFD47CACBE080971BFE59AA0BE5C
:1089A000471473BF31A094BE0BFA74BF938E88BE78
:1089B00007BA76BFCCCF78BEF85378BF135C60BEE1
:1089C0009DC779BFC2C547BEBE147BBFA2102FBED4
:1089D000283B7CBF834016BEAC3A7DBF73B2FABD64
:1089E00024137EBF36BDC8BD6DC47EBF05A996BD2C
:1089F0006D4E7FBF2FFB48BD0FB17FBFB00AC9BC12
:108A000043EC7FBF00000080000080BFB00AC93C7B
:108A100043EC7FBF2FFB483D0FB17FBF05A9963DBB
:108A20006D4E7FBF36BDC83D6DC47EBF73B2FA3D8B
:108A300024137EBF8340163EAC3A7DBFA2102F3E6A
:108A4000283B7CBFC2C5473EBE147BBF135C603E63
:108A50009DC779BFCCCF783EF85378BF938E883EC0
:108A600007BA76BF31A0943E0BFA74BFE59AA03ED8
:108A7000471473BFD47CAC3E080971BF2A44B83E8A
:108A80009ED86EBF15EFC33E5E836CBFCA7BCF3EE0
:108A9000A7096ABF80E8DA3ED86B67BF7533E63E48
:108AA00059AA64BFEA5AF13E98C561BF275DFC3EF2
:108AB00005BE5EBF3D9C033F1A945BBF9BF5083F1C
:108AC000534858BFDA390E3F31DB54BF2A68133F91
:108AD0003D4D51BFC07F183F029F4DBFD17F1D3F0D
:108AE00012D149BF9967223F03E445BF5636273F5D
:108AF00070D841BF4AEB2B3FF9AE3DBFBB85303F3D
:108B0000426839BFF304353FF30435BF4268393F4B
:108B1000BB8530BFF9AE3D3F4AEB2BBF70D8413F1C
:108B2000563627BF03E4453F996722BF12D1493F1C
:108B3000D17F1DBF029F4D3FC07F18BF3D4D513FAC
:108B40002A6813BF31DB543FDA390EBF5348583F10
:108B50009BF508BF1A945B3F3D9C03BF05BE5E3F7B
:108B6000275DFCBE98C5613FEA5AF1BE59AA643F31
:108B70007533E6BED86B673F80E8DABEA7096A3F67
:108B8000CA7BCFBE5E836C3F15EFC3BE9ED86E3FDF
:108B90002A44B8BE0809713FD47CACBE4714733F69
:108BA000E59AA0BE0BFA743F31A094BE07BA763F97
:108BB000938E88BEF853783FCCCF78BE9DC7793F5F
:108BC000135C60BEBE147B3FC2C547BE283B7C3FE2
:108BD000A2102FBEAC3A7D3F834016BE24137E3FC9
:108BE00073B2FABD6DC47E3F36BDC8BD6D4E7F3FCA
:108BF00005A996BD0FB17F3F2FFB48BD43EC7F3FDA
:108C0000B00AC9BC0000803F00000000BE147B3FDA
:108C1000C2C5473E5E836C3F15EFC33E31DB543F18
:108C2000DA390E3FF304353FF304353FDA390E3FAE
:108C300031DB543F15EFC33E5E836C3FC2C5473EF8
:108C4000BE147B3F000000000000803FC2C547BE4D
:108C5000BE147B3F15EFC3BE5E836C3FDA390EBF97
:108C600031DB543FF30435BFF304353F31DB54BFF0
:108C7000DA390E3F5E836CBF15EFC33EBE147BBF77
:108C8000C2C5473E000080BF00000000BE147BBF8D
:108C9000C2C547BE5E836CBF15EFC3BE31DB54BF98
:108CA000DA390EBFF30435BFF30435BFDA390EBF2E
:108CB00031DB54BF15EFC3BE5E836CBFC2C547BE78
:108CC000BE147BBF00000080000080BFC2C5473ECD
:108CD000BE147BBF15EFC33E5E836CBFDA390E3F17
:108CE00031DB54BFF304353FF30435BF31DB543F70
:108CF000DA390EBF5E836C3F15EFC3BEBE147B3FF7
:108D0000C2C547BE0000803F00000000ECFF7F3F6F
:108D1000D40FC93AB1FF7F3FC70F493B4EFF7F3F9A
:108D2000C1CB963BC4FE7F3F890FC93B13FE7F3FFB
:108D30003053FB3B39FD7F3F59CB163C39FC7F3F1D
:108D400002ED2F3C11FB7F3F900E493CC1F97F3F64
:108D50000030623C4AF87F3F4B517B3CACF67F3F92
:108D600038398A3CE6F47F3FB6C9963CF8F27F3F3B
:108D70001C5AA33CE3F07F3F69EAAF3CA7EE7F3F7C
:108D80009B7ABC3C43EC7F3FB00AC93CB8E97F3FCB
:108D9000A69AD53C05E77F3F7B2AE23C2BE47F3F48
:108DA0002DBAEE3C29E17F3FB949FB3C00DE7F3F15
:108DB00090EC033DAFDA7F3F2F340A3D37D77F3F3A
:108DC000B87B103D98D37F3F2CC3163DD1CF7F3F5A
:108DD000880A1D3DE2CB7F3FCC51233DCCC77F3F6E
:108DE000F698293D8FC37F3F07E02F3D2ABF7F3F85
:108DF000FC26363D9EBA7F3FD56D3C3DEAB57F3FB0
:108E000091B4423D0FB17F3F2FFB483D0DAC7F3FFA
:108E1000AF414F3DE3A67F3F0E88553D91A17F3F77
:108E20004CCE5B3D189C7F3F6814623D78967F3F37
:108E3000625A683DB1907F3F38A06E3DC28A7F3F45
:108E4000E9E5743DAB847F3F742B7B3D6D7E7F3FB6
:108E50006CB8803D08787F3F0ADB833D7B717F3FA4
:108E600094FD863DC76A7F3F0A208A3DEC637F3FC1
:108E70006A428D3DE95C7F3FB464903DBF557F3FC2
:108E8000E786933D6D4E7F3F05A9963DF4467F3FB3
:108E90000ACB993D543F7F3FF9EC9C3D8D377F3F96
:108EA000CF0EA03D9D2F7F3F8C30A33D87277F3F76
:108EB0003052A63D491F7F3FBA73A93DE4167F3F5C
:108EC0002B95AC3D580E7F3F80B6AF3DA4057F3F4C
:108ED000BBD7B23DC9FC7E3FDAF8B53DC7F37E3F54
:108EE000DD19B93D9DEA7E3FC33ABC3D4CE17E3F72
:108EF0008D5BBF3DD4D77E3F397CC23D34CE7E3FB3
:108F0000C69CC53D6DC47E3F36BDC83D7FBA7E3F21
:108F100086DDCB3D69B07E3FB7FDCE3D2DA67E3FC1
:108F2000C81DD23DC99B7E3FB93DD53D3D917E3F99
:108F3000895DD83D8B867E3F377DDB3DB17B7E3FB3
:108F4000C49CDE3DB0707E3F2EBCE13D88657E3F17
:108F500076DBE43D385A7E3F9AFAE73DC14E7E3FCC
:108F60009A19EB3D23437E3F7638EE3D5E377E3FD8
:108F70002E57F13D722B7E3FC075F43D5E1F7E3F44
:108F80002C94F73D24137E3F73B2FA3DC2067E3F18
:108F900092D0FD3D38FA7D3F4577003E88ED7D3F1C
:108FA0002E06023EB1E07D3F0295033EB2D37D3FE7
:108FB000C223053E8CC67D3F6EB2063E40B97D3F62
:108FC0000541083ECCAB7D3F86CF093E309E7D3FBC
:108FD000F35D0B3E6E907D3F4AEC0C3E85827D3FFB
:108FE0008B7A0E3E74747D3FB708103E3D667D3F20
:108FF000CC96113EDE577D3FCA24133E59497D3F32
:10900000B2B2143EAC3A7D3F8340163ED82B7D3F32
:109010003DCE173EDD1C7D3FE05B193EBC0D7D3F24
:109020006BE91A3E73FE7C3FDE761C3E03EF7C3F0D
:1090300038041E3E6CDF7C3F7B911F3EAECF7C3FF1
:10904000A51E213EC9BF7C3FB6AB223EBDAF7C3FD3
:10905000AD38243E8A9F7C3F8CC5253E318F7C3FB6
:109060005152273EB07E7C3FFCDE283E086E7C3F9E
:109070008D6B2A3E3A5D7C3F04F82B3E444C7C3F8E
:1090800061842D3E283B7C3FA2102F3EE5297C3F8A
:10909000C99C303E7A187C3FD428323EE9067C3F9A
:1090A000C4B4333E31F57B3F9840353E53E37B3FBC
:1090B00050CC363E4DD17B3FEC57383E20BF7B3FF6
:1090C0006CE3393ECDAC7B3FCF6E3B3E539A7B3F4A
:1090D00015FA3C3EB2877B3F3E853E3EEA747B3FBD
:1090E0004910403EFC617B3F379B413EE74E7B3F52
:1090F0000726433EAB3B7B3FB9B0443E48287B3F0D
:109100004D3B463EBE147B3FC2C5473E0E017B3FF2
:109110001850493E37ED7A3F4FDA4A3E3AD97A3F06
:1091200067644C3E16C57A3F60EE4D3ECBB07A3F49
:1091300038784F3E599C7A3FF101513EC1877A3FC2
:10914000898B523E02737A3F0115543E1C5E7A3F72
:10915000589E553E10497A3F8F27573EDD337A3F60
:10916000A4B0583E841E7A3F97395A3E04097A3F8C
:109170006AC25B3E5EF3793F1A4B5D3E91DD793FFB
:10918000A8D35E3E9DC7793F135C603E83B1793FB3
:109190005CE4613E439B793F836C633EDC84793FB2
:1091A00086F4643E4E6E793F667C663E9A57793F00
:1091B0002204683EC040793FBA8B693EBF29793F9F
:1091C0002F136B3E9812793F7F9A6C3E4AFB783F93
:1091D000AB216E3ED6E3783FB2A86F3E3BCC783FE2
:1091E000942F713E7BB4783F51B6723E939C783F8A
:1091F000E83C743E8684783F5AC3753E526C783F93
:10920000A649773EF853783FCCCF783E773B783FFE
:10921000CB557A3ED122783FA4DB7B3E040A783FCF
:1092200056617D3E10F1773FE1E67E3EF7D7773F0E
:109230002236803EB7BE773FC0F8803E51A5773FCB
:109240004ABB813EC58B773FC07D823E1372773F1C
:109250002240833E3A58773F7002843E3C3E773F3F
:10926000AAC4843E1724773FCE86853ECC09773F3B
:10927000DF48863E5BEF763FDA0A873EC4D4763F0E
:10928000C1CC873E07BA763F938E883E249F763FB7
:109290005050893E1B84763FF8118A3EEC68763F39
:1092A0008AD38A3E974D763F07958B3E1B32763F99
:1092B0006E568C3E7A16763FC0178D3EB3FA753FD8
:1092C000FCD88D3EC6DE753F229A8E3EB3C2753FF6
:1092D000325B8F3E7BA6753F2C1C903E1C8A753FEF
:1092E00010DD903E976D753FDD9D913EED50753FD1
:1092F000945E923E1D34753F351F933E2717753F90
:10930000BFDF933E0BFA743F31A0943EC9DC743F3B
:109310008D60953E62BF743FD220963ED5A1743FCA
:1093200000E1963E2284743F17A1973E4966743F40
:109330001661983E4B48743FFE20993E272A743FA1
:10934000CEE0993EDD0B743F86A09A3E6EED733FF2
:1093500027609B3ED9CE733FAF1F9C3E1FB0733F2B
:1093600020DF9C3E3F91733F789E9D3E3972733F54
:10937000B85D9E3E0E53733FDF1C9F3EBE33733F6E
:10938000EEDB9F3E4714733FE59AA03EACF4723F7C
:10939000C259A13EEBD4723F8718A23E04B5723F7A
:1093A00033D7A23EF894723FC595A33EC774723F6F
:1093B0003F54A43E7054723F9F12A53EF433723F57
:1093C000E5D0A53E5213723F128FA63E8CF2713F3C
:1093D000254DA73E9FD1713F1F0BA83E8EB0713F18
:1093E000FEC8A83E578F713FC486A93EFB6D713FF2
:1093F0006F44AA3E7A4C713F0102AB3ED42A713FC2
:1094000077BFAB3E0809713FD47CAC3E17E7703F95
:10941000153AAD3E02C5703F3CF7AD3EC6A2703F67
:1094200049B4AE3E6680703F3A71AF3EE15D703F39
:10943000102EB03E373B703FCBEAB03E6718703F0E
:109440006BA7B13E73F56F3FEF63B23E5AD26F3FE9
:109450005820B33E1BAF6F3FA5DCB33EB88B6F3FC8
:10946000D698B43E30686F3FEC54B53E83446F3FAE
:10947000E610B63EB0206F3FC3CCB63EBAFC6E3F9E
:109480008488B73E9ED86E3F2A44B83E5DB46E3F96
:10949000B2FFB83EF88F6E3F1EBBB93E6D6B6E3F9C
:1094A0006E76BA3EBE466E3FA031BB3EEB216E3FAC
:1094B000B6ECBB3EF2FC6D3FAFA7BC3ED5D76D3FCF
:1094C0008B62BD3E93B26D3F4A1DBE3E2D8D6D3FFA
:1094D000EBD7BE3EA1676D3F6F92BF3EF2416D3F3D
:1094E000D54CC03E1D1C6D3F1E07C13E24F66C3F8F
:1094F00048C1C13E07D06C3F557BC23EC5A96C3FF9
:109500004435C33E5E836C3F15EFC33ED45C6C3F75
:10951000C8A8C43E24366C3F5C62C53E500F6C3F09
:10952000D21BC63E58E86B3F29D5C63E3BC16B3FB8
:10953000628EC73EFB996B3F7C47C83E95726B3F7E
:109540007700C93E0C4B6B3F53B9C93E5E236B3F5E
:109550001072CA3E8CFB6A3FAE2ACB3E95D36A3F5F
:109560002CE3CB3E7BAB6A3F8B9BCC3E3C836A3F7C
:10957000CA53CD3ED95A6A3FEA0BCE3E52326A3FB9
:10958000EAC3CE3EA7096A3FCA7BCF3ED7E0693F18
:109590008A33D03EE4B7693F2AEBD03ECC8E693F98
:1095A000AAA2D13E9165693F095AD23E323C693F39
:1095B0004811D33EAE12693F67C8D33E07E9683F02
:1095C000647FD43E3CBF683F4136D53E4C95683FF2
:1095D000FDECD53E396B683F99A3D63E0341683F09
:1095E000135AD73EA816683F6B10D83E2AEC673F47
:1095F000A3C6D83E87C1673FB97CD93EC196673FB5
:10960000AD32DA3ED86B673F80E8DA3ECA40673F4A
:10961000319EDB3E9915673FC153DC3E45EA663F0C
:109620002E09DD3ECCBE663F79BEDD3E3093663FFF
:10963000A273DE3E7167663FA928DF3E8E3B663F20
:109640008DDDDF3E880F663F4F92E03E5EE3653F73
:10965000EE46E13E10B7653F6AFBE13EA08A653FFA
:10966000C4AFE23E0B5E653FFA63E33E5431653FB3
:109670000E18E43E7904653FFECBE43E7BD7643FA1
:10968000CB7FE53E59AA643F7533E63E147D643FC7
:10969000FBE6E63EAC4F643F5D9AE73E2122643F25
:1096A0009C4DE83E73F4633FB700E93EA1C6633FBB
:1096B000AEB3E93EAC98633F8166EA3E956A633F8C
:1096C0003019EB3E5A3C633FBBCBEB3EFC0D633F96
:1096D000217EEC3E7BDF623F6330ED3ED7B0623FE0
:1096E00080E2ED3E1082623F7994EE3E2653623F67
:1096F0004C46EF3E1A24623FFBF7EF3EEAF4613F2F
:1097000085A9F03E98C5613FEA5AF13E2296613F35
:10971000290CF23E8A66613F43BDF23ED036613F7E
:10972000386EF33EF206613F071FF43EF2D6603F0B
:10973000B1CFF43ECFA6603F3580F53E8976603FDD
:109740009330F63E2146603FCBE0F63E9615603FF3
:10975000DC90F73EE9E45F3FC840F83E19B45F3F54
:109760008EF0F83E27835F3F2DA0F93E12525F3FF7
:10977000A54FFA3EDB205F3FF7FEFA3E81EF5E3FEA
:1097800022AEFB3E05BE5E3F275DFC3E678C5E3F22
:10979000040CFD3EA65A5E3FBBBAFD3EC3285E3FA9
:1097A0004A69FE3EBEF65D3FB217FF3E97C45D3F7D
:1097B000F3C5FF3E4D925D3F063A003FE15F5D3FDE
:1097C000FF90003F532D5D3FE4E7003FA3FA5C3F6D
:1097D000B53E013FD1C75C3F7395013FDD945C3FCF
:1097E0001CEC013FC7615C3FB142023F8E2E5C3FE3
:1097F0003299023F34FB5B3F9FEF023FB8C75B3FAC
:10980000F845033F1A945B3F3D9C033F5A605B3F22
:109810006DF2033F792C5B3F8948043F75F85A3F4E
:10982000919E043F50C45A3F84F4043F09905A3F2C
:10983000624A053FA05B5A3F2CA0053F16275A3FBE
:10984000E2F5053F6AF2593F824B063F9CBD593F06
:109850000EA1063FAD88593F86F6063F9C53593FFF
:10986000E84B073F6A1E593F36A1073F17E9583FAB
:109870006FF6073FA1B3583F924B083F0B7E583F0E
:10988000A1A0083F5348583F9BF5083F7912583F25
:109890007F4A093F7FDC573F4E9F093F63A6573FF2
:1098A00009F4093F2670573FAD480A3FC739573F73
:1098B0003D9D0A3F4803573FB7F10A3FA7CC563FAB
:1098C0001C460B3FE595563F6B9A0B3F025F563F98
:1098D000A5EE0B3FFE27563FC9420C3FD9F0553F3E
:1098E000D7960C3F93B9553FD0EA0C3F2C82553F99
:1098F000B33E0D3FA44A553F81920D3FFB12553FA9
:1099000038E60D3F31DB543FDA390E3F47A3543F71
:10991000658D0E3F3B6B543FDBE00E3F0F33543FF2
:109920003B340F3FC3FA533F84870F3F55C2533F29
:10993000B8DA0F3FC789533FD52D103F1851533F19
:10994000DC80103F4918533FCDD3103F59DF523FC1
:10995000A726113F49A6523F6B79113F186D523F20
:1099600019CC113FC633523FB01E123F54FA513F3B
:109970003071123FC2C0513F9AC3123F1087513F0E
:10998000EE15133F3D4D513F2A68133F4A13513F97
:1099900050BA133F37D9503F5F0C143F039F503FDD
:1099A000585E143FAF64503F39B0143F3B2A503FDC
:1099B0000402153FA8EF4F3FB753153FF4B44F3F94
:1099C00054A5153F1F7A4F3FD9F6153F2B3F4F3F08
:1099D0004748163F17044F3F9F99163FE4C84E3F34
:1099E000DFEA163F908D4E3F073C173F1C524E3F1B
:1099F000188D173F89164E3F12DE173FD5DA4D3FBF
:109A0000F52E183F029F4D3FC07F183F10634D3F1A
:109A100073D0183FFD264D3F0F21193FCBEA4C3F35
:109A20009471193F79AE4C3F00C2193F08724C3F08
:109A300055121A3F78354C3F93621A3FC7F84B3F97
:109A4000B8B21A3FF8BB4B3FC6021B3F097F4B3FE2
:109A5000BB521B3FFA414B3F99A21B3FCC044B3FEB
:109A60005FF21B3F7FC74A3F0C421C3F138A4A3FAD
:109A7000A2911C3F874C4A3F1FE11C3FDC0E4A3F2E
:109A800084301D3F12D1493FD17F1D3F2993493F6B
:109A900006CF1D3F2155493F221E1E3FFA16493F62
:109AA000266D1E3FB3D8483F12BC1E3F4E9A483F1A
:109AB000E50A1F3FCA5B483F9F591F3F271D483F8C
:109AC00041A81F3F65DE473FCBF61F3F849F473FBE
:109AD0003B45203F8560473F9393203F6721473FA9
:109AE000D2E1203F2AE2463FF92F213FCEA2463F56
:109AF000067E213F5463463FFBCB213FBB23463FBD
:109B0000D719223F03E4453F9967223F2DA4453FE3
:109B100043B5223F3964453FD302233F2624453FC6
:109B20004B50233FF5E3443FA99D233FA5A3443F6A
:109B3000EEEA233F3763443F1A38243FAB22443FC9
:109B40002C85243F00E2433F25D2243F38A1433FE8
:109B5000041F253F5160433FCB6B253F4C1F433FC4
:109B600077B8253F29DE423F0A05263FE89C423F61
:109B70008451263F895B423FE39D263F0B1A423FBB
:109B80002AEA263F70D8413F5636273FB796413FD5
:109B90006882273FE154413F61CE273FEC12413FAD
:109BA000401A283FDAD0403F0566283FA98E403F43
:109BB000B0B1283F5C4C403F41FD283FF009403F99
:109BC000B848293F67C73F3F1594293FC0843F3FAE
:109BD00057DF293FFC413F3F802A2A3F1BFF3E3F82
:109BE0008E752A3F1BBC3E3F82C02A3FFF783E3F16
:109BF0005B0B2B3FC5353E3F1B562B3F6EF23D3F67
:109C0000BFA02B3FF9AE3D3F4AEB2B3F676B3D3F7B
:109C1000B9352C3FB8273D3F0F802C3FECE33C3F4C
:109C200049CA2C3F03A03C3F69142D3FFC5B3C3FDD
:109C30006F5E2D3FD9173C3F59A82D3F98D33B3F2E
:109C400029F22D3F3B8F3B3FDE3B2E3FC14A3B3F3E
:109C500078852E3F29063B3FF7CE2E3F75C13A3F10
:109C60005B182F3FA47C3A3FA5612F3FB7373A3F9F
:109C7000D3AA2F3FACF2393FE6F32F3F85AD393FF2
:109C8000DE3C303F4268393FBB85303FE122393FFF
:109C90007CCE303F65DD383F2217313FCB97383FD0
:109CA000AD5F313F1652383F1DA8313F430C383F5E
:109CB00071F0313F55C6373FAA38323F4A80373FAF
:109CC000C780323F233A373FC9C8323FDFF3363FC0
:109CD000AF10333F7FAD363F7A58333F0467363F8E
:109CE00029A0333F6C20363FBCE7333FB8D9353F1E
:109CF000342F343FE792353F8F76343FFB4B353F6F
:109D0000CFBD343FF304353FF304353FCFBD343F7F
:109D1000FB4B353F8F76343FE792353F342F343F4E
:109D2000B8D9353FBCE7333F6C20363F29A0333FDD
:109D30000467363F7A58333F7FAD363FAF10333F2D
:109D4000DFF3363FC9C8323F233A373FC780323F3F
:109D50004A80373FAA38323F55C6373F71F0313F0E
:109D6000430C383F1DA8313F1652383FAD5F313F9D
:109D7000CB97383F2217313F65DD383F7CCE303FEF
:109D8000E122393FBB85303F4268393FDE3C303FFE
:109D900085AD393FE6F32F3FACF2393FD3AA2F3FD1
:109DA000B7373A3FA5612F3FA47C3A3F5B182F3F5E
:109DB00075C13A3FF7CE2E3F29063B3F78852E3FAF
:109DC000C14A3B3FDE3B2E3F3B8F3B3F29F22D3FBD
:109DD00098D33B3F59A82D3FD9173C3F6F5E2D3F8D
:109DE000FC5B3C3F69142D3F03A03C3F49CA2C3F1C
:109DF000ECE33C3F0F802C3FB8273D3FB9352C3F6B
:109E0000676B3D3F4AEB2B3FF9AE3D3FBFA02B3F79
:109E10006EF23D3F1B562B3FC5353E3F5B0B2B3F44
:109E2000FF783E3F82C02A3F1BBC3E3F8E752A3FD3
:109E30001BFF3E3F802A2A3FFC413F3F57DF293F1F
:109E4000C0843F3F1594293F67C73F3FB848293F2B
:109E5000F009403F41FD283F5C4C403FB0B1283FF6
:109E6000A98E403F0566283FDAD0403F401A283F80
:109E7000EC12413F61CE273FE154413F6882273FCA
:109E8000B796413F5636273F70D8413F2AEA263FD2
:109E90000B1A423FE39D263F895B423F8451263F98
:109EA000E89C423F0A05263F29DE423F77B8253F1E
:109EB0004C1F433FCB6B253F5160433F041F253F61
:109EC00038A1433F25D2243F00E2433F2C85243F65
:109ED000AB22443F1A38243F3763443FEEEA233F26
:109EE000A5A3443FA99D233FF5E3443F4B50233FA7
:109EF0002624453FD302233F3964453F43B5223FE3
:109F00002DA4453F9967223F03E4453FD719223FDF
:109F1000BB23463FFBCB213F5463463F067E213F98
:109F2000CEA2463FF92F213F2AE2463FD2E1203F11
:109F30006721473F9393203F8560473F3B45203F44
:109F4000849F473FCBF61F3F65DE473F41A81F3F39
:109F5000271D483F9F591F3FCA5B483FE50A1F3FE7
:109F60004E9A483F12BC1E3FB3D8483F266D1E3F55
:109F7000FA16493F221E1E3F2155493F06CF1D3F7D
:109F80002993493FD17F1D3F12D1493F84301D3F66
:109F9000DC0E4A3F1FE11C3F874C4A3FA2911C3F09
:109FA000138A4A3F0C421C3F7FC74A3F5FF21B3F68
:109FB000CC044B3F99A21B3FFA414B3FBB521B3F86
:109FC000097F4B3FC6021B3FF8BB4B3FB8B21A3F5D
:109FD000C7F84B3F93621A3F78354C3F55121A3FF2
:109FE00008724C3F00C2193F79AE4C3F9471193F43
:109FF000CBEA4C3F0F21193FFD264D3F73D0183F50
:10A0000010634D3FC07F183F029F4D3FF52E183F14
:10A01000D5DA4D3F12DE173F89164E3F188D173F98
:10A020001C524E3F073C173F908D4E3FDFEA163FD4
:10A03000E4C84E3F9F99163F17044F3F4748163FCD
:10A040002B3F4F3FD9F6153F1F7A4F3F54A5153F81
:10A05000F4B44F3FB753153FA8EF4F3F0402153FED
:10A060003B2A503F39B0143FAF64503F585E143F15
:10A07000039F503F5F0C143F37D9503F50BA133FF6
:10A080004A13513F2A68133F3D4D513FEE15133F90
:10A090001087513F9AC3123FC2C0513F3071123FE7
:10A0A00054FA513FB01E123FC633523F19CC113FF4
:10A0B000186D523F6B79113F49A6523FA726113FB9
:10A0C00059DF523FCDD3103F4918533FDC80103F3A
:10A0D0001851533FD52D103FC789533FB8DA0F3F72
:10A0E00055C2533F84870F3FC3FA533F3B340F3F62
:10A0F0000F33543FDBE00E3F3B6B543F658D0E3F0B
:10A1000047A3543FDA390E3F31DB543F38E60D3F69
:10A11000FB12553F81920D3FA44A553FB33E0D3F80
:10A120002C82553FD0EA0C3F93B9553FD7960C3F50
:10A13000D9F0553FC9420C3FFE27563FA5EE0B3FD5
:10A14000025F563F6B9A0B3FE595563F1C460B3F0F
:10A15000A7CC563FB7F10A3F4803573F3D9D0A3F02
:10A16000C739573FAD480A3F2670573F09F4093FAA
:10A1700063A6573F4E9F093F7FDC573F7F4A093F09
:10A180007912583F9BF5083F5348583FA1A0083F1C
:10A190000B7E583F924B083FA1B3583F6FF6073FE5
:10A1A00017E9583F36A1073F6A1E593FE84B073F62
:10A1B0009C53593F86F6063FAD88593F0EA1063F96
:10A1C0009CBD593F824B063F6AF2593FE2F5053F7D
:10A1D00016275A3F2CA0053FA05B5A3F624A053F15
:10A1E00009905A3F84F4043F50C45A3F919E043F63
:10A1F00075F85A3F8948043F792C5B3F6DF2033F65
:10A200005A605B3F3D9C033F1A945B3FF845033F18
:10A21000B8C75B3F9FEF023F34FB5B3F3299023F81
:10A220008E2E5C3FB142023FC7615C3F1CEC013F98
:10A23000DD945C3F7395013FD1C75C3FB53E013F64
:10A24000A3FA5C3FE4E7003F532D5D3FFF90003FE2
:10A25000E15F5D3F063A003F4D925D3FF3C5FF3E33
:10A2600097C45D3FB217FF3EBEF65D3F4A69FE3EB2
:10A27000C3285E3FBBBAFD3EA65A5E3F040CFD3EBE
:10A28000678C5E3F275DFC3E05BE5E3F22AEFB3E17
:10A2900081EF5E3FF7FEFA3EDB205F3FA54FFA3EBF
:10A2A00012525F3F2DA0F93E27835F3F8EF0F83EAC
:10A2B00019B45F3FC840F83EE9E45F3FDC90F73EE9
:10A2C0009615603FCBE0F63E2146603F9330F63E68
:10A2D0008976603F3580F53ECFA6603FB1CFF43E32
:10A2E000F2D6603F071FF43EF206613F386EF33E40
:10A2F000D036613F43BDF23E8A66613F290CF23E93
:10A300002296613FEA5AF13E98C5613F85A9F03E29
:10A31000EAF4613FFBF7EF3E1A24623F4C46EF3E02
:10A320002653623F7994EE3E1082623F80E2ED3E1A
:10A33000D7B0623F6330ED3E7BDF623F217EEC3E73
:10A34000FC0D633FBBCBEB3E5A3C633F3019EB3E09
:10A35000956A633F8166EA3EAC98633FAEB3E93EDF
:10A36000A1C6633FB700E93E73F4633F9C4DE83EEE
:10A370002122643F5D9AE73EAC4F643FFBE6E63E38
:10A38000147D643F7533E63E59AA643FCB7FE53EBA
:10A390007BD7643FFECBE43E7904653F0E18E43E74
:10A3A0005431653FFA63E33E0B5E653FC4AFE23E66
:10A3B000A08A653F6AFBE13E10B7653FEE46E13E8D
:10A3C0005EE3653F4F92E03E880F663F8DDDDF3EE6
:10A3D0008E3B663FA928DF3E7167663FA273DE3E73
:10A3E0003093663F79BEDD3ECCBE663F2E09DD3E32
:10A3F00045EA663FC153DC3E9915673F319EDB3E1F
:10A40000CA40673F80E8DA3ED86B673FAD32DA3E3C
:10A41000C196673FB97CD93E87C1673FA3C6D83E86
:10A420002AEC673F6B10D83EA816683F135AD73EF8
:10A430000341683F99A3D63E396B683FFDECD53E9A
:10A440004C95683F4136D53E3CBF683F647FD43E63
:10A4500007E9683F67C8D33EAE12693F4811D33E53
:10A46000323C693F095AD23E9165693FAAA2D13E6A
:10A47000CC8E693F2AEBD03EE4B7693F8A33D03EA9
:10A48000D7E0693FCA7BCF3EA7096A3FEAC3CE3E09
:10A4900052326A3FEA0BCE3ED95A6A3FCA53CD3E8A
:10A4A0003C836A3F8B9BCC3E7BAB6A3F2CE3CB3E2D
:10A4B00095D36A3FAE2ACB3E8CFB6A3F1072CA3EF0
:10A4C0005E236B3F53B9C93E0C4B6B3F7700C93ECF
:10A4D00095726B3F7C47C83EFB996B3F628EC73ECF
:10A4E0003BC16B3F29D5C63E58E86B3FD21BC63EE9
:10A4F000500F6C3F5C62C53E24366C3FC8A8C43E1A
:10A50000D45C6C3F15EFC33E5E836C3F4435C33E65
:10A51000C5A96C3F557BC23E07D06C3F48C1C13EC8
:10A5200024F66C3F1E07C13E1D1C6D3FD54CC03E3E
:10A53000F2416D3F6F92BF3EA1676D3FEBD7BE3ECC
:10A540002D8D6D3F4A1DBE3E93B26D3F8B62BD3E69
:10A55000D5D76D3FAFA7BC3EF2FC6D3FB6ECBB3E1E
:10A56000EB216E3FA031BB3EBE466E3F6E76BA3EDB
:10A570006D6B6E3F1EBBB93EF88F6E3FB2FFB83EAB
:10A580005DB46E3F2A44B83E9ED86E3F8488B73E85
:10A59000BAFC6E3FC3CCB63EB0206F3FE610B63E6D
:10A5A00083446F3FEC54B53E30686F3FD698B43E5D
:10A5B000B88B6F3FA5DCB33E1BAF6F3F5820B33E57
:10A5C0005AD26F3FEF63B23E73F56F3F6BA7B13E58
:10A5D0006718703FCBEAB03E373B703F102EB03E5D
:10A5E000E15D703F3A71AF3E6680703F49B4AE3E68
:10A5F000C6A2703F3CF7AD3E02C5703F153AAD3E76
:10A6000017E7703FD47CAC3E0809713F77BFAB3E83
:10A61000D42A713F0102AB3E7A4C713F6F44AA3E8F
:10A62000FB6D713FC486A93E578F713FFEC8A83E9F
:10A630008EB0713F1F0BA83E9FD1713F254DA73EA5
:10A640008CF2713F128FA63E5213723FE5D0A53EA9
:10A65000F433723F9F12A53E7054723F3F54A43EA4
:10A66000C774723FC595A33EF894723F33D7A23E9C
:10A6700004B5723F8718A23EEBD4723FC259A13E87
:10A68000ACF4723FE59AA03E4714733FEEDB9F3E69
:10A69000BE33733FDF1C9F3E0E53733FB85D9E3E3B
:10A6A0003972733F789E9D3E3F91733F20DF9C3E01
:10A6B0001FB0733FAF1F9C3ED9CE733F27609B3EB8
:10A6C0006EED733F86A09A3EDD0B743FCEE0993E5F
:10A6D000272A743FFE20993E4B48743F1661983EEE
:10A6E0004966743F17A1973E2284743F00E1963E6D
:10A6F000D5A1743FD220963E62BF743F8D60953ED7
:10A70000C9DC743F31A0943E0BFA743FBFDF933E27
:10A710002717753F351F933E1D34753F945E923E5B
:10A72000ED50753FDD9D913E976D753F10DD903E7C
:10A730001C8A753F2C1C903E7BA6753F325B8F3E7A
:10A74000B3C2753F229A8E3EC6DE753FFCD88D3E61
:10A75000B3FA753FC0178D3E7A16763F6E568C3E23
:10A760001B32763F07958B3E974D763F8AD38A3EC4
:10A77000EC68763FF8118A3E1B84763F5050893E44
:10A78000249F763F938E883E07BA763FC1CC873EA2
:10A79000C4D4763FDA0A873E5BEF763FDF48863ED9
:10A7A000CC09773FCE86853E1724773FAAC4843EE6
:10A7B0003C3E773F7002843E3A58773F2240833ECA
:10A7C0001372773FC07D823EC58B773F4ABB813E87
:10A7D00051A5773FC0F8803EB7BE773F2236803E16
:10A7E000F7D7773FE1E67E3E10F1773F56617D3E39
:10A7F000040A783FA4DB7B3ED122783FCB557A3EDA
:10A80000773B783FCCCF783EF853783FA649773EE8
:10A81000526C783F5AC3753E8684783FE83C743E5C
:10A82000939C783F51B6723E7BB4783F942F713E33
:10A830003BCC783FB2A86F3ED6E3783FAB216E3E6B
:10A840004AFB783F7F9A6C3E9812793F2F136B3EFC
:10A85000BF29793FBA8B693EC040793F2204683EE8
:10A860009A57793F667C663E4E6E793F86F4643E29
:10A87000DC84793F836C633E439B793F5CE4613EBB
:10A8800083B1793F135C603E9DC7793FA8D35E3E9C
:10A8900091DD793F1A4B5D3E5EF3793F6AC25B3EC4
:10A8A00004097A3F97395A3E841E7A3FA4B0583E35
:10A8B000DD337A3F8F27573E10497A3F589E553EE9
:10A8C0001C5E7A3F0115543E02737A3F898B523EDB
:10A8D000C1877A3FF101513E599C7A3F38784F3E0B
:10A8E000CBB07A3F60EE4D3E16C57A3F67644C3E72
:10A8F0003AD97A3F4FDA4A3E37ED7A3F1850493E0F
:10A900000E017B3FC2C5473EBE147B3F4D3B463EDA
:10A9100048287B3FB9B0443EAB3B7B3F0726433ED4
:10A92000E74E7B3F379B413EFC617B3F4910403EF9
:10A93000EA747B3F3E853E3EB2877B3F15FA3C3E44
:10A94000539A7B3FCF6E3B3ECDAC7B3F6CE3393EB1
:10A9500020BF7B3FEC57383E4DD17B3F50CC363E3D
:10A9600053E37B3F9840353E31F57B3FC4B4333EE3
:10A97000E9067C3FD428323E7A187C3FC99C303EA1
:10A98000E5297C3FA2102F3E283B7C3F61842D3E71
:10A99000444C7C3F04F82B3E3A5D7C3F8D6B2A3E55
:10A9A000086E7C3FFCDE283EB07E7C3F5152273E45
:10A9B000318F7C3F8CC5253E8A9F7C3FAD38243E3D
:10A9C000BDAF7C3FB6AB223EC9BF7C3FA51E213E3A
:10A9D000AECF7C3F7B911F3E6CDF7C3F38041E3E38
:10A9E00003EF7C3FDE761C3E73FE7C3F6BE91A3E34
:10A9F000BC0D7D3FE05B193EDD1C7D3F3DCE173E2B
:10AA0000D82B7D3F8340163EAC3A7D3FB2B2143E18
:10AA100059497D3FCA24133EDE577D3FCC96113EF7
:10AA20003D667D3FB708103E74747D3F8B7A0E3EC5
:10AA300085827D3F4AEC0C3E6E907D3FF35D0B3E80
:10AA4000309E7D3F86CF093ECCAB7D3F0541083E21
:10AA500040B97D3F6EB2063E8CC67D3FC223053EA7
:10AA6000B2D37D3F0295033EB1E07D3F2E06023E0C
:10AA700088ED7D3F4577003E38FA7D3F92D0FD3D21
:10AA8000C2067E3F73B2FA3D24137E3F2C94F73DFD
:10AA90005E1F7E3FC075F43D722B7E3F2E57F13D09
:10AAA0005E377E3F7638EE3D23437E3F9A19EB3D7D
:10AAB000C14E7E3F9AFAE73D385A7E3F76DBE43D51
:10AAC00088657E3F2EBCE13DB0707E3FC49CDE3D7C
:10AAD000B17B7E3F377DDB3D8B867E3F895DD83DF8
:10AAE0003D917E3FB93DD53DC99B7E3FC81DD23DBE
:10AAF0002DA67E3FB7FDCE3D69B07E3F86DDCB3DC6
:10AB00007FBA7E3F36BDC83D6DC47E3FC69CC53D05
:10AB100034CE7E3F397CC23DD4D77E3F8D5BBF3D76
:10AB20004CE17E3FC33ABC3D9DEA7E3FDD19B93D15
:10AB3000C7F37E3FDAF8B53DC9FC7E3FBBD7B23DD7
:10AB4000A4057F3F80B6AF3D580E7F3F2B95AC3DAF
:10AB5000E4167F3FBA73A93D491F7F3F3052A63D9F
:10AB600087277F3F8C30A33D9D2F7F3FCF0EA03D99
:10AB70008D377F3FF9EC9C3D543F7F3F0ACB993D99
:10AB8000F4467F3F05A9963D6D4E7F3FE786933D96
:10AB9000BF557F3FB464903DE95C7F3F6A428D3D85
:10ABA000EC637F3F0A208A3DC76A7F3F94FD863D64
:10ABB0007B717F3F0ADB833D08787F3F6CB8803D27
:10ABC0006D7E7F3F742B7B3DAB847F3FE9E5743D19
:10ABD000C28A7F3F38A06E3DB1907F3F625A683D88
:10ABE00078967F3F6814623D189C7F3F4CCE5B3D5A
:10ABF00091A17F3F0E88553DE3A67F3FAF414F3D7A
:10AC00000DAC7F3F2FFB483D0FB17F3F91B4423DDC
:10AC1000EAB57F3FD56D3C3D9EBA7F3FFC26363D71
:10AC20002ABF7F3F07E02F3D8FC37F3FF698293D26
:10AC3000CCC77F3FCC51233DE2CB7F3F880A1D3DEF
:10AC4000D1CF7F3F2CC3163D98D37F3FB87B103DBB
:10AC500037D77F3F2F340A3DAFDA7F3F90EC033D7B
:10AC600000DE7F3FB949FB3C29E17F3F2DBAEE3C36
:10AC70002BE47F3F7B2AE23C05E77F3FA69AD53C49
:10AC8000B8E97F3FB00AC93C43EC7F3F9B7ABC3CAC
:10AC9000A7EE7F3F69EAAF3CE3F07F3F1C5AA33C3D
:10ACA000F8F27F3FB6C9963CE6F47F3F38398A3CDC
:10ACB000ACF67F3F4B517B3C4AF87F3F0030623C13
:10ACC000C1F97F3F900E493C11FB7F3F02ED2F3CC5
:10ACD00039FC7F3F59CB163C39FD7F3F3053FB3B5E
:10ACE00013FE7F3F890FC93BC4FE7F3FC1CB963B1C
:10ACF0004EFF7F3FC70F493BB1FF7F3FD40FC93A9B
:10AD0000ECFF7F3F000000000000803FD40FC9BA75
:10AD1000ECFF7F3FC70F49BBB1FF7F3FC1CB96BB65
:10AD20004EFF7F3F890FC9BBC4FE7F3F3053FBBB43
:10AD300013FE7F3F59CB16BC39FD7F3F02ED2FBC80
:10AD400039FC7F3F900E49BC11FB7F3F003062BC55
:10AD5000C1F97F3F4B517BBC4AF87F3F38398ABCF1
:10AD6000ACF67F3FB6C996BCE6F47F3F1C5AA3BC45
:10AD7000F8F27F3F69EAAFBCE3F07F3F9B7ABCBC4F
:10AD8000A7EE7F3FB00AC9BC43EC7F3FA69AD5BC73
:10AD9000B8E97F3F7B2AE2BC05E77F3F2DBAEEBCD6
:10ADA0002BE47F3FB949FBBC29E17F3F90EC03BD19
:10ADB00000DE7F3F2F340ABDAFDA7F3FB87B10BD86
:10ADC00037D77F3F2CC316BD98D37F3F880A1DBD60
:10ADD000D1CF7F3FCC5123BDE2CB7F3FF69829BD39
:10ADE000CCC77F3F07E02FBD8FC37F3FFC2636BD1A
:10ADF0002ABF7F3FD56D3CBD9EBA7F3F91B442BD17
:10AE0000EAB57F3F2FFB48BD0FB17F3FAF414FBD3C
:10AE10000DAC7F3F0E8855BDE3A67F3F4CCE5BBD9A
:10AE200091A17F3F681462BD189C7F3F625A68BD44
:10AE300078967F3F38A06EBDB1907F3FE9E574BD45
:10AE4000C28A7F3F742B7BBDAB847F3F6CB880BDD3
:10AE50006D7E7F3F0ADB83BD08787F3F94FD86BD12
:10AE60007B717F3F0A208ABDC76A7F3F6A428DBDE2
:10AE7000EC637F3FB46490BDE95C7F3FE78693BDA0
:10AE8000BF557F3F05A996BD6D4E7F3F0ACB99BD4B
:10AE9000F4467F3FF9EC9CBD543F7F3FCF0EA0BDF1
:10AEA0008D377F3F8C30A3BD9D2F7F3F3052A6BD95
:10AEB00087277F3FBA73A9BD491F7F3F2B95ACBD44
:10AEC000E4167F3F80B6AFBD580E7F3FBBD7B2BD03
:10AED000A4057F3FDAF8B5BDC9FC7E3FDD19B9BDD9
:10AEE000C7F37E3FC33ABCBD9DEA7E3F8D5BBFBDCD
:10AEF0004CE17E3F397CC2BDD4D77E3FC69CC5BDE8
:10AF000034CE7E3F36BDC8BD6DC47E3F86DDCBBD31
:10AF10007FBA7E3FB7FDCEBD69B07E3FC81DD2BDB2
:10AF20002DA67E3FB93DD5BDC99B7E3F895DD8BD6D
:10AF30003D917E3F377DDBBD8B867E3FC49CDEBD71
:10AF4000B17B7E3F2EBCE1BDB0707E3F76DBE4BDC1
:10AF500088657E3F9AFAE7BD385A7E3F9A19EBBD65
:10AF6000C14E7E3F7638EEBD23437E3F2E57F1BD66
:10AF70005E377E3FC075F4BD722B7E3F2C94F7BDCB
:10AF80005E1F7E3F73B2FABD24137E3F92D0FDBD9B
:10AF9000C2067E3F457700BE38FA7D3F2E0602BED0
:10AFA00088ED7D3F029503BEB1E07D3FC22305BE23
:10AFB000B2D37D3F6EB206BE8CC67D3F054108BE52
:10AFC00040B97D3F86CF09BECCAB7D3FF35D0BBE64
:10AFD000309E7D3F4AEC0CBE6E907D3F8B7A0EBE5C
:10AFE00085827D3FB70810BE74747D3FCC9611BE3C
:10AFF0003D667D3FCA2413BEDE577D3FB2B214BE0C
:10B0000059497D3F834016BEAC3A7D3F3DCE17BEC9
:10B01000D82B7D3FE05B19BEDD1C7D3F6BE91ABE7E
:10B02000BC0D7D3FDE761CBE73FE7C3F38041EBE29
:10B0300003EF7C3F7B911FBE6CDF7C3FA51E21BED2
:10B04000AECF7C3FB6AB22BEC9BF7C3FAD3824BE7D
:10B05000BDAF7C3F8CC525BE8A9F7C3F515227BE29
:10B06000318F7C3FFCDE28BEB07E7C3F8D6B2ABEDC
:10B07000086E7C3F04F82BBE3A5D7C3F61842DBE98
:10B08000444C7C3FA2102FBE283B7C3FC99C30BE65
:10B09000E5297C3FD42832BE7A187C3FC4B433BE45
:10B0A000E9067C3F984035BE31F57B3F50CC36BE3B
:10B0B00053E37B3FEC5738BE4DD17B3F6CE339BE49
:10B0C00020BF7B3FCF6E3BBECDAC7B3F15FA3CBE75
:10B0D000539A7B3F3E853EBEB2877B3F491040BEC0
:10B0E000EA747B3F379B41BEFC617B3F072643BE32
:10B0F000E74E7B3FB9B044BEAB3B7B3F4D3B46BECA
:10B1000048287B3FC2C547BEBE147B3F185049BE8E
:10B110000E017B3F4FDA4ABE37ED7A3F67644CBE83
:10B120003AD97A3F60EE4DBE16C57A3F38784FBEA9
:10B13000CBB07A3FF10151BE599C7A3F898B52BE08
:10B14000C1877A3F011554BE02737A3F589E55BE9F
:10B150001C5E7A3F8F2757BE10497A3FA4B058BE75
:10B16000DD337A3F97395ABE841E7A3F6AC25BBE8E
:10B1700004097A3F1A4B5DBE5EF3793FA8D35EBEE9
:10B1800091DD793F135C60BE9DC7793F5CE461BE91
:10B1900083B1793F836C63BE439B793F86F464BE81
:10B1A000DC84793F667C66BE4E6E793F220468BEC1
:10B1B0009A57793FBA8B69BEC040793F2F136BBE57
:10B1C000BF29793F7F9A6CBE9812793FAB216EBE42
:10B1D0004AFB783FB2A86FBED6E3783F942F71BE8A
:10B1E0003BCC783F51B672BE7BB4783FE83C74BE2E
:10B1F000939C783F5AC375BE8684783FA64977BE34
:10B20000526C783FCCCF78BEF853783FCB557ABE9E
:10B21000773B783FA4DB7BBED122783F56617DBE71
:10B22000040A783FE1E67EBE10F1773F223680BE09
:10B23000F7D7773FC0F880BEB7BE773F4ABB81BE25
:10B2400051A5773FC07D82BEC58B773F224083BE2C
:10B250001372773F700284BE3A58773FAAC484BE07
:10B260003C3E773FCE8685BE1724773FDF4886BEBB
:10B27000CC09773FDA0A87BE5BEF763FC1CC87BE49
:10B28000C4D4763F938E88BE07BA763F505089BEAD
:10B29000249F763FF8118ABE1B84763F8AD38ABEEC
:10B2A000EC68763F07958BBE974D763F6E568CBE09
:10B2B0001B32763FC0178DBE7A16763FFCD88DBE06
:10B2C000B3FA753F229A8EBEC6DE753F325B8FBEE3
:10B2D000B3C2753F2C1C90BE7BA6753F10DD90BE9F
:10B2E0001C8A753FDD9D91BE976D753F945E92BE41
:10B2F000ED50753F351F93BE1D34753FBFDF93BEC4
:10B300002717753F31A094BE0BFA743F8D6095BE30
:10B31000C9DC743FD22096BE62BF743F00E196BE86
:10B32000D5A1743F17A197BE2284743F166198BEC1
:10B330004966743FFE2099BE4B48743FCEE099BEEB
:10B34000272A743F86A09ABEDD0B743F27609BBE00
:10B350006EED733FAF1F9CBED9CE733F20DF9CBE06
:10B360001FB0733F789E9DBE3F91733FB85D9EBEF8
:10B370003972733FDF1C9FBE0E53733FEEDB9FBEDF
:10B38000BE33733FE59AA0BE4714733FC259A1BEB6
:10B39000ACF4723F8718A2BEEBD4723F33D7A2BE83
:10B3A00004B5723FC595A3BEF894723F3F54A4BE46
:10B3B000C774723F9F12A5BE7054723FE5D0A5BE00
:10B3C000F433723F128FA6BE5213723F254DA7BEB3
:10B3D0008CF2713F1F0BA8BE9FD1713FFEC8A8BE63
:10B3E0008EB0713FC486A9BE578F713F6F44AABE0D
:10B3F000FB6D713F0102ABBE7A4C713F77BFABBEB4
:10B40000D42A713FD47CACBE0809713F153AADBE59
:10B4100017E7703F3CF7ADBE02C5703F49B4AEBE02
:10B42000C6A2703F3A71AFBE6680703F102EB0BEAC
:10B43000E15D703FCBEAB0BE373B703F6BA7B1BE5A
:10B440006718703FEF63B2BE73F56F3F5820B3BE0D
:10B450005AD26F3FA5DCB3BE1BAF6F3FD698B4BEC8
:10B46000B88B6F3FEC54B5BE30686F3FE610B6BE88
:10B4700083446F3FC3CCB6BEB0206F3F8488B7BE55
:10B48000BAFC6E3F2A44B8BE9ED86E3FB2FFB8BE2B
:10B490005DB46E3F1EBBB9BEF88F6E3F6E76BABE0E
:10B4A0006D6B6E3FA031BBBEBE466E3FB6ECBBBE01
:10B4B000EB216E3FAFA7BCBEF2FC6D3F8B62BDBE01
:10B4C000D5D76D3F4A1DBEBE93B26D3FEBD7BEBE12
:10B4D0002D8D6D3F6F92BFBEA1676D3FD54CC0BE35
:10B4E000F2416D3F1E07C1BE1D1C6D3F48C1C1BE6C
:10B4F00024F66C3F557BC2BE07D06C3F4435C3BEBB
:10B50000C5A96C3F15EFC3BE5E836C3FC8A8C4BE1F
:10B51000D45C6C3F5C62C5BE24366C3FD21BC6BE99
:10B52000500F6C3F29D5C6BE58E86B3F628EC7BE30
:10B530003BC16B3F7C47C8BEFB996B3F7700C9BEE0
:10B5400095726B3F53B9C9BE0C4B6B3F1072CABEAC
:10B550005E236B3FAE2ACBBE8CFB6A3F2CE3CBBE97
:10B5600095D36A3F8B9BCCBE7BAB6A3FCA53CDBEA3
:10B570003C836A3FEA0BCEBED95A6A3FEAC3CEBECD
:10B5800052326A3FCA7BCFBEA7096A3F8A33D0BE18
:10B59000D7E0693F2AEBD0BEE4B7693FAAA2D1BE8B
:10B5A000CC8E693F095AD2BE9165693F4811D3BE1E
:10B5B000323C693F67C8D3BEAE12693F647FD4BED8
:10B5C00007E9683F4136D5BE3CBF683FFDECD5BEBC
:10B5D0004C95683F99A3D6BE396B683F135AD7BEC6
:10B5E0000341683F6B10D8BEA816683FA3C6D8BEFB
:10B5F0002AEC673FB97CD9BE87C1673FAD32DABE5E
:10B60000C196673F80E8DABED86B673F319EDBBEEC
:10B61000CA40673FC153DCBE9915673F2E09DDBEA6
:10B6200045EA663F79BEDDBECCBE663FA273DEBE94
:10B630003093663FA928DFBE7167663F8DDDDFBEB0
:10B640008E3B663F4F92E0BE880F663FEE46E1BEFE
:10B650005EE3653F6AFBE1BE10B7653FC4AFE2BE83
:10B66000A08A653FFA63E3BE0B5E653F0E18E4BE39
:10B670005431653FFECBE4BE7904653FCB7FE5BE28
:10B680007BD7643F7533E6BE59AA643FFBE6E6BE4E
:10B69000147D643F5D9AE7BEAC4F643F9C4DE8BEAD
:10B6A0002122643FB700E9BE73F4633FAEB3E9BE45
:10B6B000A1C6633F8166EABEAC98633F3019EBBE1A
:10B6C000956A633FBBCBEBBE5A3C633F217EECBE29
:10B6D000FC0D633F6330EDBE7BDF623F80E2EDBE79
:10B6E000D7B0623F7994EEBE1082623F4C46EFBE07
:10B6F0002653623FFBF7EFBE1A24623F85A9F0BED6
:10B70000EAF4613FEA5AF1BE98C5613F290CF2BEE6
:10B710002296613F43BDF2BE8A66613F386EF3BE3A
:10B72000D036613F071FF4BEF206613FB1CFF4BED1
:10B73000F2D6603F3580F5BECFA6603F9330F6BEAF
:10B740008976603FCBE0F6BE2146603FDC90F7BED5
:10B750009615603FC840F8BEE9E45F3F8EF0F8BE42
:10B7600019B45F3F2DA0F9BE27835F3FA54FFABEF6
:10B7700012525F3FF7FEFABEDB205F3F22AEFBBEF8
:10B7800081EF5E3F275DFCBE05BE5E3F040CFDBE43
:10B79000678C5E3FBBBAFDBEA65A5E3F4A69FEBEDD
:10B7A000C3285E3FB217FFBEBEF65D3FF3C5FFBEC6
:10B7B00097C45D3F063A00BF4D925D3FFF9000BFCA
:10B7C000E15F5D3FE4E700BF532D5D3FB53E01BF44
:10B7D000A3FA5C3F739501BFD1C75C3F1CEC01BF6E
:10B7E000DD945C3FB14202BFC7615C3F329902BF4A
:10B7F0008E2E5C3F9FEF02BF34FB5B3FF84503BFDB
:10B80000B8C75B3F3D9C03BF1A945B3F6DF203BF1B
:10B810005A605B3F894804BF792C5B3F919E04BF0F
:10B8200075F85A3F84F404BF50C45A3F624A05BFBA
:10B8300009905A3F2CA005BFA05B5A3FE2F505BF17
:10B8400016275A3F824B06BF6AF2593F0EA106BF28
:10B850009CBD593F86F606BFAD88593FE84B07BFF0
:10B860009C53593F36A107BF6A1E593F6FF607BF69
:10B8700017E9583F924B08BFA1B3583FA1A008BF9A
:10B880000B7E583F9BF508BF5348583F7F4A09BF7E
:10B890007912583F4E9F09BF7FDC573F09F409BF1B
:10B8A00063A6573FAD480ABF2670573F3D9D0ABF6C
:10B8B000C739573FB7F10ABF4803573F1C460BBF74
:10B8C000A7CC563F6B9A0BBFE595563FA5EE0BBF35
:10B8D000025F563FC9420CBFFE27563FD7960CBFAA
:10B8E000D9F0553FD0EA0CBF93B9553FB33E0DBFD9
:10B8F0002C82553F81920DBFA44A553F38E60DBFBB
:10B90000FB12553FDA390EBF31DB543F658D0EBF58
:10B9100047A3543FDBE00EBF3B6B543F3B340FBFAC
:10B920000F33543F84870FBFC3FA533FB8DA0FBFBA
:10B9300055C2533FD52D10BFC789533FDC8010BF80
:10B940001851533FCDD310BF4918533FA72611BFFD
:10B9500059DF523F6B7911BF49A6523F19CC11BF35
:10B96000186D523FB01E12BFC633523F307112BF26
:10B9700054FA513F9AC312BFC2C0513FEE1513BFD4
:10B980001087513F2A6813BF3D4D513F50BA13BF36
:10B990004A13513F5F0C14BF37D9503F585E14BF54
:10B9A000039F503F39B014BFAF64503F040215BF2E
:10B9B0003B2A503FB75315BFA8EF4F3F54A515BFC3
:10B9C000F4B44F3FD9F615BF1F7A4F3F474816BF13
:10B9D0002B3F4F3F9F9916BF17044F3FDFEA16BF1B
:10B9E000E4C84E3F073C17BF908D4E3F188D17BFE0
:10B9F0001C524E3F12DE17BF89164E3FF52E18BF60
:10BA0000D5DA4D3FC07F18BF029F4D3F73D018BF9E
:10BA100010634D3F0F2119BFFD264D3F947119BF93
:10BA2000CBEA4C3F00C219BF79AE4C3F55121ABF4A
:10BA300008724C3F93621ABF78354C3FB8B21ABFB8
:10BA4000C7F84B3FC6021BBFF8BB4B3FBB521BBFE7
:10BA5000097F4B3F99A21BBFFA414B3F5FF21BBFCF
:10BA6000CC044B3F0C421CBF7FC74A3FA2911CBF76
:10BA7000138A4A3F1FE11CBF874C4A3F84301DBFD9
:10BA8000DC0E4A3FD17F1DBF12D1493F06CF1DBFFB
:10BA90002993493F221E1EBF2155493F266D1EBFD7
:10BAA000FA16493F12BC1EBFB3D8483FE50A1FBF74
:10BAB0004E9A483F9F591FBFCA5B483F41A81FBFCE
:10BAC000271D483FCBF61FBF65DE473F3B4520BFE4
:10BAD000849F473F939320BF8560473FD2E120BFBB
:10BAE0006721473FF92F21BF2AE2463F067E21BF4B
:10BAF000CEA2463FFBCB21BF5463463FD71922BF9E
:10BB0000BB23463F996722BF03E4453F43B522BFAD
:10BB10002DA4453FD30223BF3964453F4B5023BF7B
:10BB20002624453FA99D23BFF5E3443FEEEA23BF0A
:10BB3000A5A3443F1A3824BF3763443F2C8524BF54
:10BB4000AB22443F25D224BF00E2433F041F25BF60
:10BB500038A1433FCB6B25BF5160433F77B825BF2A
:10BB60004C1F433F0A0526BF29DE423F845126BFB2
:10BB7000E89C423FE39D26BF895B423F2AEA26BFFD
:10BB80000B1A423F563627BF70D8413F688227BF05
:10BB9000B796413F61CE27BFE154413F401A28BFCD
:10BBA000EC12413F056628BFDAD0403FB0B128BF54
:10BBB000A98E403F41FD28BF5C4C403FB84829BF9B
:10BBC000F009403F159429BF67C73F3F57DF29BFA2
:10BBD000C0843F3F802A2ABFFC413F3F8E752ABF69
:10BBE0001BFF3E3F82C02ABF1BBC3E3F5B0B2BBFEF
:10BBF000FF783E3F1B562BBFC5353E3FBFA02BBF36
:10BC00006EF23D3F4AEB2BBFF9AE3D3FB9352CBF3D
:10BC1000676B3D3F0F802CBFB8273D3F49CA2CBF03
:10BC2000ECE33C3F69142DBF03A03C3F6F5E2DBF8A
:10BC3000FC5B3C3F59A82DBFD9173C3F29F22DBFD3
:10BC400098D33B3FDE3B2EBF3B8F3B3F78852EBFDB
:10BC5000C14A3B3FF7CE2EBF29063B3F5B182FBFA3
:10BC600075C13A3FA5612FBFA47C3A3FD3AA2FBF2D
:10BC7000B7373A3FE6F32FBFACF2393FDE3C30BF77
:10BC800085AD393FBB8530BF4268393F7CCE30BF80
:10BC9000E122393F221731BF65DD383FAD5F31BF4B
:10BCA000CB97383F1DA831BF1652383F71F031BFD6
:10BCB000430C383FAA3832BF55C6373FC78032BF22
:10BCC0004A80373FC9C832BF233A373FAF1033BF2E
:10BCD000DFF3363F7A5833BF7FAD363F29A033BFFD
:10BCE0000467363FBCE733BF6C20363F342F34BF88
:10BCF000B8D9353F8F7634BFE792353FCFBD34BFDB
:10BD0000FB4B353FF30435BFF304353FFB4B35BFE9
:10BD1000CFBD343FE79235BF8F76343FB8D935BFBA
:10BD2000342F343F6C2036BFBCE7333F046736BF47
:10BD300029A0333F7FAD36BF7A58333FDFF336BF9C
:10BD4000AF10333F233A37BFC9C8323F4A8037BFAD
:10BD5000C780323F55C637BFAA38323F430C38BF81
:10BD600071F0313F165238BF1DA8313FCB9738BF15
:10BD7000AD5F313F65DD38BF2217313FE12239BF6A
:10BD80007CCE303F426839BFBB85303F85AD39BF7F
:10BD9000DE3C303FACF239BFE6F32F3FB7373ABF56
:10BDA000D3AA2F3FA47C3ABFA5612F3F75C13ABFEC
:10BDB0005B182F3F29063BBFF7CE2E3FC14A3BBF42
:10BDC00078852E3F3B8F3BBFDE3B2E3F98D33BBF5A
:10BDD00029F22D3FD9173CBF59A82D3FFC5B3CBF32
:10BDE0006F5E2D3F03A03CBF69142D3FECE33CBFC9
:10BDF00049CA2C3FB8273DBF0F802C3F676B3DBF22
:10BE0000B9352C3FF9AE3DBF4AEB2B3F6EF23DBF3B
:10BE1000BFA02B3FC5353EBF1B562B3FFF783EBF13
:10BE20005B0B2B3F1BBC3EBF82C02A3F1BFF3EBFAC
:10BE30008E752A3FFC413FBF802A2A3FC0843FBF06
:10BE400057DF293F67C73FBF1594293FF00940BF1F
:10BE5000B848293F5C4C40BF41FD283FA98E40BFF8
:10BE6000B0B1283FDAD040BF0566283FEC1241BF91
:10BE7000401A283FE15441BF61CE273FB79641BFEA
:10BE80006882273F70D841BF5636273F0B1A42BF02
:10BE90002AEA263F895B42BFE39D263FE89C42BFDA
:10BEA0008451263F29DE42BF0A05263F4C1F43BF6F
:10BEB00077B8253F516043BFCB6B253F38A143BFC7
:10BEC000041F253F00E243BF25D2243FAB2244BFDD
:10BED0002C85243F376344BF1A38243FA5A344BFB1
:10BEE000EEEA233FF5E344BFA99D233F262445BF47
:10BEF0004B50233F396445BFD302233F2DA445BF98
:10BF000043B5223F03E445BF9967223FBB2346BFA9
:10BF1000D719223F546346BFFBCB213FCEA246BF79
:10BF2000067E213F2AE246BFF92F213F672147BF06
:10BF3000D2E1203F856047BF9393203F849F47BF56
:10BF40003B45203F65DE47BFCBF61F3F271D48BF5F
:10BF500041A81F3FCA5B48BF9F591F3F4E9A48BF29
:10BF6000E50A1F3FB3D848BF12BC1E3FFA1649BFAF
:10BF7000266D1E3F215549BF221E1E3F299349BFF2
:10BF800006CF1D3F12D149BFD17F1D3FDC0E4ABFF6
:10BF900084301D3F874C4ABF1FE11C3F138A4ABFB4
:10BFA000A2911C3F7FC74ABF0C421C3FCC044BBF31
:10BFB0005FF21B3FFA414BBF99A21B3F097F4BBF6A
:10BFC000BB521B3FF8BB4BBFC6021B3FC7F84BBF62
:10BFD000B8B21A3F78354CBF93621A3F08724CBF13
:10BFE00055121A3F79AE4CBF00C2193FCBEA4CBF85
:10BFF0009471193FFD264DBF0F21193F10634DBFAE
:10C0000073D0183F029F4DBFC07F183FD5DA4DBF98
:10C01000F52E183F89164EBF12DE173F1C524EBF39
:10C02000188D173F908D4EBF073C173FE4C84EBF99
:10C03000DFEA163F17044FBF9F99163F2B3F4FBFB4
:10C040004748163F1F7A4FBFD9F6153FF4B44FBF8C
:10C0500054A5153FA8EF4FBFB753153F3B2A50BF1C
:10C060000402153FAF6450BF39B0143F039F50BF67
:10C07000585E143F37D950BF5F0C143F4A1351BF6D
:10C0800050BA133F3D4D51BF2A68133F108751BF2F
:10C09000EE15133FC2C051BF9AC3123F54FA51BFAD
:10C0A0003071123FC63352BFB01E123F186D52BFDF
:10C0B00019CC113F49A652BF6B79113F59DF52BFCE
:10C0C000A726113F491853BFCDD3103F185153BF76
:10C0D000DC80103FC78953BFD52D103F55C253BFD9
:10C0E000B8DA0F3FC3FA53BF84870F3F0F3354BFF3
:10C0F0003B340F3F3B6B54BFDBE00E3F47A354BFC5
:10C10000658D0E3F31DB54BFDA390E3FFB1255BF50
:10C1100038E60D3FA44A55BF81920D3F2C8255BF92
:10C12000B33E0D3F93B955BFD0EA0C3FD9F055BF90
:10C13000D7960C3FFE2756BFC9420C3F025F56BF41
:10C14000A5EE0B3FE59556BF6B9A0B3FA7CC56BFAC
:10C150001C460B3F480357BFB7F10A3FC73957BFCB
:10C160003D9D0A3F267057BFAD480A3F63A657BFA3
:10C1700009F4093F7FDC57BF4E9F093F791258BF32
:10C180007F4A093F534858BF9BF5083F0B7E58BF75
:10C19000A1A0083FA1B358BF924B083F17E958BF71
:10C1A0006FF6073F6A1E59BF36A1073F9C5359BF20
:10C1B000E84B073FAD8859BF86F6063F9CBD59BF87
:10C1C0000EA1063F6AF259BF824B063F16275ABF9F
:10C1D000E2F5053FA05B5ABF2CA0053F09905ABF6E
:10C1E000624A053F50C45ABF84F4043F75F85ABFF1
:10C1F000919E043F792C5BBF8948043F5A605BBF26
:10C200006DF2033F1A945BBF3D9C033FB8C75BBF11
:10C21000F845033F34FB5BBF9FEF023F8E2E5CBFB0
:10C220003299023FC7615CBFB142023FDD945CBFFF
:10C230001CEC013FD1C75CBF7395013FA3FA5CBF03
:10C24000B53E013F532D5DBFE4E7003FE15F5DBFB9
:10C25000FF90003F4D925DBF063A003F97C45DBF1F
:10C26000F3C5FF3EBEF65DBFB217FF3EC3285EBFFB
:10C270004A69FE3EA65A5EBFBBBAFD3E678C5EBFF2
:10C28000040CFD3E05BE5EBF275DFC3E81EF5EBF38
:10C2900022AEFB3EDB205FBFF7FEFA3E12525FBFCD
:10C2A000A54FFA3E27835FBF2DA0F93E19B45FBFAB
:10C2B0008EF0F83EE9E45FBFC840F83E961560BFD7
:10C2C000DC90F73E214660BFCBE0F63E897660BF4A
:10C2D0009330F63ECFA660BF3580F53EF2D660BF04
:10C2E000B1CFF43EF20661BF071FF43ED03661BF06
:10C2F000386EF33E8A6661BF43BDF23E229661BF4F
:10C30000290CF23E98C561BFEA5AF13EEAF461BFDA
:10C3100085A9F03E1A2462BFFBF7EF3E265362BFA9
:10C320004C46EF3E108262BF7994EE3ED7B062BFBA
:10C3300080E2ED3E7BDF62BF6330ED3EFC0D63BF0C
:10C34000217EEC3E5A3C63BFBBCBEB3E956A63BF9C
:10C350003019EB3EAC9863BF8166EA3EA1C663BF6D
:10C36000AEB3E93E73F463BFB700E93E212264BF78
:10C370009C4DE83EAC4F64BF5D9AE73E147D64BFC0
:10C38000FBE6E63E59AA64BF7533E63E7BD764BF41
:10C39000CB7FE53E790465BFFECBE43E543165BFFB
:10C3A0000E18E43E0B5E65BFFA63E33EA08A65BFEC
:10C3B000C4AFE23E10B765BF6AFBE13E5EE365BF16
:10C3C000EE46E13E880F66BF4F92E03E8E3B66BF71
:10C3D0008DDDDF3E716766BFA928DF3E309366BF03
:10C3E000A273DE3ECCBE66BF79BEDD3E45EA66BFC7
:10C3F0002E09DD3E991567BFC153DC3ECA4067BFB9
:10C40000319EDB3ED86B67BF80E8DA3EC19667BFDE
:10C41000AD32DA3E87C167BFB97CD93E2AEC67BF2F
:10C42000A3C6D83EA81668BF6B10D83E034168BFAC
:10C43000135AD73E396B68BF99A3D63E4C9568BF57
:10C44000FDECD53E3CBF68BF4136D53E07E968BF2D
:10C45000647FD43EAE1269BF67C8D33E323C69BF29
:10C460004811D33E916569BF095AD23ECC8E69BF4F
:10C47000AAA2D13EE4B769BF2AEBD03ED7E069BF9C
:10C480008A33D03EA7096ABFCA7BCF3E52326ABF09
:10C49000EAC3CE3ED95A6ABFEA0BCE3E3C836ABF9E
:10C4A000CA53CD3E7BAB6ABF8B9BCC3E95D36ABF54
:10C4B0002CE3CB3E8CFB6ABFAE2ACB3E5E236BBF28
:10C4C0001072CA3E0C4B6BBF53B9C93E95726BBF1D
:10C4D0007700C93EFB996BBF7C47C83E3BC16BBF31
:10C4E000628EC73E58E86BBF29D5C63E500F6CBF61
:10C4F000D21BC63E24366CBF5C62C53ED45C6CBFAA
:10C50000C8A8C43E5E836CBF15EFC33EC5A96CBF0F
:10C510004435C33E07D06CBF557BC23E24F66CBF8A
:10C5200048C1C13E1D1C6DBF1E07C13EF2416DBF1B
:10C53000D54CC03EA1676DBF6F92BF3E2D8D6DBFC4
:10C54000EBD7BE3E93B26DBF4A1DBE3ED5D76DBF81
:10C550008B62BD3EF2FC6DBFAFA7BC3EEB216EBF50
:10C56000B6ECBB3EBE466EBFA031BB3E6D6B6EBF30
:10C570006E76BA3EF88F6EBF1EBBB93E5DB46EBF1D
:10C58000B2FFB83E9ED86EBF2A44B83EBAFC6EBF1A
:10C590008488B73EB0206FBFC3CCB63E83446FBF24
:10C5A000E610B63E30686FBFEC54B53EB88B6FBF37
:10C5B000D698B43E1BAF6FBFA5DCB33E5AD26FBF57
:10C5C0005820B33E73F56FBFEF63B23E671870BF7C
:10C5D0006BA7B13E373B70BFCBEAB03EE15D70BFA9
:10C5E000102EB03E668070BF3A71AF3EC6A270BFDB
:10C5F00049B4AE3E02C570BF3CF7AD3E17E770BF11
:10C60000153AAD3E080971BFD47CAC3ED42A71BF47
:10C6100077BFAB3E7A4C71BF0102AB3EFB6D71BF81
:10C620006F44AA3E578F71BFC486A93E8EB071BFBA
:10C63000FEC8A83E9FD171BF1F0BA83E8CF271BFF0
:10C64000254DA73E521372BF128FA63EF43372BF20
:10C65000E5D0A53E705472BF9F12A53EC77472BF4D
:10C660003F54A43EF89472BFC595A33E04B572BF73
:10C6700033D7A23EEBD472BF8718A23EACF472BF90
:10C68000C259A13E471473BFE59AA03EBE3373BFA3
:10C69000EEDB9F3E0E5373BFDF1C9F3E397273BFAC
:10C6A000B85D9E3E3F9173BF789E9D3E1FB073BFA5
:10C6B00020DF9C3ED9CE73BFAF1F9C3E6EED73BF93
:10C6C00027609B3EDD0B74BF86A09A3E272A74BF6D
:10C6D000CEE0993E4B4874BFFE20993E496674BF38
:10C6E0001661983E228474BF17A1973ED5A174BFEE
:10C6F00000E1963E62BF74BFD220963EC9DC74BF93
:10C700008D60953E0BFA74BF31A0943E271775BF1C
:10C71000BFDF933E1D3475BF351F933EED5075BF8F
:10C72000945E923E976D75BFDD9D913E1C8A75BFEC
:10C7300010DD903E7BA675BF2C1C903EB3C275BF2A
:10C74000325B8F3EC6DE75BF229A8E3EB3FA75BF4E
:10C75000FCD88D3E7A1676BFC0178D3E1B3276BF51
:10C760006E568C3E974D76BF07958B3EEC6876BF34
:10C770008AD38A3E1B8476BFF8118A3E249F76BFF7
:10C780005050893E07BA76BF938E883EC4D476BF98
:10C79000C1CC873E5BEF76BFDA0A873ECC0977BF14
:10C7A000DF48863E172477BFCE86853E3C3E77BF66
:10C7B000AAC4843E3A5877BF7002843E137277BF92
:10C7C0002240833EC58B77BFC07D823E51A577BF97
:10C7D0004ABB813EB7BE77BFC0F8803EF7D777BF70
:10C7E0002236803E10F177BFE1E67E3E040A78BF34
:10C7F00056617D3ED12278BFA4DB7B3E773B78BF7C
:10C80000CB557A3EF85378BFCCCF783E526C78BF88
:10C81000A649773E868478BF5AC3753E939C78BFFD
:10C82000E83C743E7BB478BF51B6723E3BCC78BFD7
:10C83000942F713ED6E378BFB2A86F3E4AFB78BF13
:10C84000AB216E3E981279BF7F9A6C3EBF2979BFAB
:10C850002F136B3EC04079BFBA8B693E9A5779BFA0
:10C860002204683E4E6E79BF667C663EDC8479BFEA
:10C8700086F4643E439B79BF836C633E83B179BF8A
:10C880005CE4613E9DC779BF135C603E91DD79BF7A
:10C89000A8D35E3E5EF379BF1A4B5D3E04097ABFB2
:10C8A0006AC25B3E841E7ABF97395A3EDD337ABF37
:10C8B000A4B0583E10497ABF8F27573E1C5E7ABFFE
:10C8C000589E553E02737ABF0115543EC1877ABF08
:10C8D000898B523E599C7ABFF101513ECBB07ABF51
:10C8E00038784F3E16C57ABF60EE4D3E3AD97ABFD2
:10C8F00067644C3E37ED7ABF4FDA4A3E0E017BBF8C
:10C900001850493EBE147BBFC2C5473E48287BBF76
:10C910004D3B463EAB3B7BBFB9B0443EE74E7BBF91
:10C920000726433EFC617BBF379B413EEA747BBFD9
:10C930004910403EB2877BBF3E853E3E539A7BBF47
:10C9400015FA3C3ECDAC7BBFCF6E3B3E20BF7BBFDC
:10C950006CE3393E4DD17BBFEC57383E53E37BBF90
:10C9600050CC363E31F57BBF9840353EE9067CBF62
:10C97000C4B4333E7A187CBFD428323EE5297CBF4C
:10C98000C99C303E283B7CBFA2102F3E444C7CBF4C
:10C9900061842D3E3A5D7CBF04F82B3E086E7CBF5F
:10C9A0008D6B2A3EB07E7CBFFCDE283E318F7CBF83
:10C9B0005152273E8A9F7CBF8CC5253EBDAF7CBFB0
:10C9C000AD38243EC9BF7CBFB6AB223EAECF7CBFE4
:10C9D000A51E213E6CDF7CBF7B911F3E03EF7CBF19
:10C9E00038041E3E73FE7CBFDE761C3EBC0D7DBF50
:10C9F0006BE91A3EDD1C7DBFE05B193ED82B7DBF85
:10CA00003DCE173EAC3A7DBF8340163E59497DBFAF
:10CA1000B2B2143EDE577DBFCA24133E3D667DBFD1
:10CA2000CC96113E74747DBFB708103E85827DBFE1
:10CA30008B7A0E3E6E907DBF4AEC0C3E309E7DBFE1
:10CA4000F35D0B3ECCAB7DBF86CF093E40B97DBFC9
:10CA50000541083E8CC67DBF6EB2063EB2D37DBF97
:10CA6000C223053EB1E07DBF0295033E88ED7DBF48
:10CA70002E06023E38FA7DBF4577003EC2067EBFD5
:10CA800092D0FD3D24137EBF73B2FA3D5E1F7EBF80
:10CA90002C94F73D722B7EBFC075F43D5E377EBF90
:10CAA0002E57F13D23437EBF7638EE3DC14E7EBF0B
:10CAB0009A19EB3D385A7EBF9AFAE73D88657EBFEA
:10CAC00076DBE43DB0707EBF2EBCE13DB17B7EBF26
:10CAD000C49CDE3D8B867EBF377DDB3D3D917EBFB6
:10CAE000895DD83DC99B7EBFB93DD53D2DA67EBF92
:10CAF000C81DD23D69B07EBFB7FDCE3D7FBA7EBFB7
:10CB000086DDCB3D6DC47EBF36BDC83D34CE7EBF15
:10CB1000C69CC53DD4D77EBF397CC23D4CE17EBFAB
:10CB20008D5BBF3D9DEA7EBFC33ABC3DC7F37EBF70
:10CB3000DD19B93DC9FC7EBFDAF8B53DA4057FBF5C
:10CB4000BBD7B23D580E7FBF80B6AF3DE4167FBF66
:10CB50002B95AC3D491F7FBFBA73A93D87277FBF87
:10CB60003052A63D9D2F7FBF8C30A33D8D377FBFB8
:10CB7000CF0EA03D543F7FBFF9EC9C3DF4467FBFF4
:10CB80000ACB993D6D4E7FBF05A9963DBF557FBF2E
:10CB9000E786933DE95C7FBFB464903DEC637FBF63
:10CBA0006A428D3DC76A7FBF0A208A3D7B717FBF85
:10CBB00094FD863D08787FBF0ADB833D6D7E7FBF95
:10CBC0006CB8803DAB847FBF742B7B3DC28A7FBF36
:10CBD000E9E5743DB1907FBF38A06E3D78967FBF88
:10CBE000625A683D189C7FBF6814623D91A17FBF67
:10CBF0004CCE5B3DE3A67FBF0E88553D0DAC7FBF9D
:10CC0000AF414F3D0FB17FBF2FFB483DEAB57FBF1E
:10CC100091B4423D9EBA7FBFD56D3C3D2ABF7FBFD8
:10CC2000FC26363D8FC37FBF07E02F3DCCC77FBFBB
:10CC3000F698293DE2CB7FBFCC51233DD1CF7FBFBA
:10CC4000880A1D3D98D37FBF2CC3163D37D77FBFC1
:10CC5000B87B103DAFDA7FBF2F340A3D00DE7FBFC7
:10CC600090EC033D29E17FBFB949FB3C2BE47FBF3A
:10CC70002DBAEE3C05E77FBF7B2AE23CB8E97FBFD7
:10CC8000A69AD53C43EC7FBFB00AC93CA7EE7FBF54
:10CC90009B7ABC3CE3F07FBF69EAAF3CF8F27FBF10
:10CCA0001C5AA33CE6F47FBFB6C9963CACF67FBFE6
:10CCB00038398A3C4AF87FBF4B517B3CC1F97FBF72
:10CCC0000030623C11FB7FBF900E493C39FC7FBFB6
:10CCD00002ED2F3C39FD7FBF59CB163C13FE7FBFC1
:10CCE0003053FB3BC4FE7FBF890FC93B4EFF7FBF64
:10CCF000C1CB963BB1FF7FBFC70F493BECFF7FBF66
:10CD0000D40FC93A000080BF00000000ECFF7FBFD5
:10CD1000D40FC9BAB1FF7FBFC70F49BB4EFF7FBF5A
:10CD2000C1CB96BBC4FE7FBF890FC9BB13FE7FBFBB
:10CD30003053FBBB39FD7FBF59CB16BC39FC7FBFDD
:10CD400002ED2FBC11FB7FBF900E49BCC1F97FBF24
:10CD5000003062BC4AF87FBF4B517BBCACF67FBF52
:10CD600038398ABCE6F47FBFB6C996BCF8F27FBFFB
:10CD70001C5AA3BCE3F07FBF69EAAFBCA7EE7FBF3C
:10CD80009B7ABCBC43EC7FBFB00AC9BCB8E97FBF8B
:10CD9000A69AD5BC05E77FBF7B2AE2BC2BE47FBF08
:10CDA0002DBAEEBC29E17FBFB949FBBC00DE7FBFD5
:10CDB00090EC03BDAFDA7FBF2F340ABD37D77FBFFA
:10CDC000B87B10BD98D37FBF2CC316BDD1CF7FBF1A
:10CDD000880A1DBDE2CB7FBFCC5123BDCCC77FBF2E
:10CDE000F69829BD8FC37FBF07E02FBD2ABF7FBF45
:10CDF000FC2636BD9EBA7FBFD56D3CBDEAB57FBF70
:10CE000091B442BD0FB17FBF2FFB48BD0DAC7FBFBA
:10CE1000AF414FBDE3A67FBF0E8855BD91A17FBF37
:10CE20004CCE5BBD189C7FBF681462BD78967FBFF7
:10CE3000625A68BDB1907FBF38A06EBDC28A7FBF05
:10CE4000E9E574BDAB847FBF742B7BBD6D7E7FBF76
:10CE50006CB880BD08787FBF0ADB83BD7B717FBF64
:10CE600094FD86BDC76A7FBF0A208ABDEC637FBF81
:10CE70006A428DBDE95C7FBFB46490BDBF557FBF82
:10CE8000E78693BD6D4E7FBF05A996BDF4467FBF73
:10CE90000ACB99BD543F7FBFF9EC9CBD8D377FBF56
:10CEA000CF0EA0BD9D2F7FBF8C30A3BD87277FBF36
:10CEB0003052A6BD491F7FBFBA73A9BDE4167FBF1C
:10CEC0002B95ACBD580E7FBF80B6AFBDA4057FBF0C
:10CED000BBD7B2BDC9FC7EBFDAF8B5BDC7F37EBF14
:10CEE000DD19B9BD9DEA7EBFC33ABCBD4CE17EBF32
:10CEF0008D5BBFBDD4D77EBF397CC2BD34CE7EBF73
:10CF0000C69CC5BD6DC47EBF36BDC8BD7FBA7EBFE1
:10CF100086DDCBBD69B07EBFB7FDCEBD2DA67EBF81
:10CF2000C81DD2BDC99B7EBFB93DD5BD3D917EBF59
:10CF3000895DD8BD8B867EBF377DDBBDB17B7EBF73
:10CF4000C49CDEBDB0707EBF2EBCE1BD88657EBFD7
:10CF500076DBE4BD385A7EBF9AFAE7BDC14E7EBF8C
:10CF60009A19EBBD23437EBF7638EEBD5E377EBF98
:10CF70002E57F1BD722B7EBFC075F4BD5E1F7EBF04
:10CF80002C94F7BD24137EBF73B2FABDC2067EBFD8
:10CF900092D0FDBD38FA7DBF457700BE88ED7DBFDC
:10CFA0002E0602BEB1E07DBF029503BEB2D37DBFA7
:10CFB000C22305BE8CC67DBF6EB206BE40B97DBF22
:10CFC000054108BECCAB7DBF86CF09BE309E7DBF7C
:10CFD000F35D0BBE6E907DBF4AEC0CBE85827DBFBB
:10CFE0008B7A0EBE74747DBFB70810BE3D667DBFE0
:10CFF000CC9611BEDE577DBFCA2413BE59497DBFF2
:10D00000B2B214BEAC3A7DBF834016BED82B7DBFF2
:10D010003DCE17BEDD1C7DBFE05B19BEBC0D7DBFE4
:10D020006BE91ABE73FE7CBFDE761CBE03EF7CBFCD
:10D0300038041EBE6CDF7CBF7B911FBEAECF7CBFB1
:10D04000A51E21BEC9BF7CBFB6AB22BEBDAF7CBF93
:10D05000AD3824BE8A9F7CBF8CC525BE318F7CBF76
:10D06000515227BEB07E7CBFFCDE28BE086E7CBF5E
:10D070008D6B2ABE3A5D7CBF04F82BBE444C7CBF4E
:10D0800061842DBE283B7CBFA2102FBEE5297CBF4A
:10D09000C99C30BE7A187CBFD42832BEE9067CBF5A
:10D0A000C4B433BE31F57BBF984035BE53E37BBF7C
:10D0B00050CC36BE4DD17BBFEC5738BE20BF7BBFB6
:10D0C0006CE339BECDAC7BBFCF6E3BBE539A7BBF0A
:10D0D00015FA3CBEB2877BBF3E853EBEEA747BBF7D
:10D0E000491040BEFC617BBF379B41BEE74E7BBF12
:10D0F000072643BEAB3B7BBFB9B044BE48287BBFCD
:10D100004D3B46BEBE147BBFC2C547BE0E017BBFB2
:10D11000185049BE37ED7ABF4FDA4ABE3AD97ABFC6
:10D1200067644CBE16C57ABF60EE4DBECBB07ABF09
:10D1300038784FBE599C7ABFF10151BEC1877ABF82
:10D14000898B52BE02737ABF011554BE1C5E7ABF32
:10D15000589E55BE10497ABF8F2757BEDD337ABF20
:10D16000A4B058BE841E7ABF97395ABE04097ABF4C
:10D170006AC25BBE5EF379BF1A4B5DBE91DD79BFBB
:10D18000A8D35EBE9DC779BF135C60BE83B179BF73
:10D190005CE461BE439B79BF836C63BEDC8479BF72
:10D1A00086F464BE4E6E79BF667C66BE9A5779BFC0
:10D1B000220468BEC04079BFBA8B69BEBF2979BF5F
:10D1C0002F136BBE981279BF7F9A6CBE4AFB78BF53
:10D1D000AB216EBED6E378BFB2A86FBE3BCC78BFA2
:10D1E000942F71BE7BB478BF51B672BE939C78BF4A
:10D1F000E83C74BE868478BF5AC375BE526C78BF53
:10D20000A64977BEF85378BFCCCF78BE773B78BFBE
:10D21000CB557ABED12278BFA4DB7BBE040A78BF8F
:10D2200056617DBE10F177BFE1E67EBEF7D777BFCE
:10D23000223680BEB7BE77BFC0F880BE51A577BF8B
:10D240004ABB81BEC58B77BFC07D82BE137277BFDC
:10D25000224083BE3A5877BF700284BE3C3E77BFFF
:10D26000AAC484BE172477BFCE8685BECC0977BFFB
:10D27000DF4886BE5BEF76BFDA0A87BEC4D476BFCE
:10D28000C1CC87BE07BA76BF938E88BE249F76BF77
:10D29000505089BE1B8476BFF8118ABEEC6876BFF9
:10D2A0008AD38ABE974D76BF07958BBE1B3276BF59
:10D2B0006E568CBE7A1676BFC0178DBEB3FA75BF98
:10D2C000FCD88DBEC6DE75BF229A8EBEB3C275BFB6
:10D2D000325B8FBE7BA675BF2C1C90BE1C8A75BFAF
:10D2E00010DD90BE976D75BFDD9D91BEED5075BF91
:10D2F000945E92BE1D3475BF351F93BE271775BF50
:10D30000BFDF93BE0BFA74BF31A094BEC9DC74BFFB
:10D310008D6095BE62BF74BFD22096BED5A174BF8A
:10D3200000E196BE228474BF17A197BE496674BF00
:10D33000166198BE4B4874BFFE2099BE272A74BF61
:10D34000CEE099BEDD0B74BF86A09ABE6EED73BFB2
:10D3500027609BBED9CE73BFAF1F9CBE1FB073BFEB
:10D3600020DF9CBE3F9173BF789E9DBE397273BF14
:10D37000B85D9EBE0E5373BFDF1C9FBEBE3373BF2E
:10D38000EEDB9FBE471473BFE59AA0BEACF472BF3C
:10D39000C259A1BEEBD472BF8718A2BE04B572BF3A
:10D3A00033D7A2BEF89472BFC595A3BEC77472BF2F
:10D3B0003F54A4BE705472BF9F12A5BEF43372BF17
:10D3C000E5D0A5BE521372BF128FA6BE8CF271BFFC
:10D3D000254DA7BE9FD171BF1F0BA8BE8EB071BFD8
:10D3E000FEC8A8BE578F71BFC486A9BEFB6D71BFB2
:10D3F0006F44AABE7A4C71BF0102ABBED42A71BF82
:10D4000077BFABBE080971BFD47CACBE17E770BF55
:10D41000153AADBE02C570BF3CF7ADBEC6A270BF27
:10D4200049B4AEBE668070BF3A71AFBEE15D70BFF9
:10D43000102EB0BE373B70BFCBEAB0BE671870BFCE
:10D440006BA7B1BE73F56FBFEF63B2BE5AD26FBFA9
:10D450005820B3BE1BAF6FBFA5DCB3BEB88B6FBF88
:10D46000D698B4BE30686FBFEC54B5BE83446FBF6E
:10D47000E610B6BEB0206FBFC3CCB6BEBAFC6EBF5E
:10D480008488B7BE9ED86EBF2A44B8BE5DB46EBF56
:10D49000B2FFB8BEF88F6EBF1EBBB9BE6D6B6EBF5C
:10D4A0006E76BABEBE466EBFA031BBBEEB216EBF6C
:10D4B000B6ECBBBEF2FC6DBFAFA7BCBED5D76DBF8F
:10D4C0008B62BDBE93B26DBF4A1DBEBE2D8D6DBFBA
:10D4D000EBD7BEBEA1676DBF6F92BFBEF2416DBFFD
:10D4E000D54CC0BE1D1C6DBF1E07C1BE24F66CBF4F
:10D4F00048C1C1BE07D06CBF557BC2BEC5A96CBFB9
:10D500004435C3BE5E836CBF15EFC3BED45C6CBF35
:10D51000C8A8C4BE24366CBF5C62C5BE500F6CBFC9
:10D52000D21BC6BE58E86BBF29D5C6BE3BC16BBF78
:10D53000628EC7BEFB996BBF7C47C8BE95726BBF3E
:10D540007700C9BE0C4B6BBF53B9C9BE5E236BBF1E
:10D550001072CABE8CFB6ABFAE2ACBBE95D36ABF1F
:10D560002CE3CBBE7BAB6ABF8B9BCCBE3C836ABF3C
:10D57000CA53CDBED95A6ABFEA0BCEBE52326ABF79
:10D58000EAC3CEBEA7096ABFCA7BCFBED7E069BFD8
:10D590008A33D0BEE4B769BF2AEBD0BECC8E69BF58
:10D5A000AAA2D1BE916569BF095AD2BE323C69BFF9
:10D5B0004811D3BEAE1269BF67C8D3BE07E968BFC2
:10D5C000647FD4BE3CBF68BF4136D5BE4C9568BFB2
:10D5D000FDECD5BE396B68BF99A3D6BE034168BFC9
:10D5E000135AD7BEA81668BF6B10D8BE2AEC67BF07
:10D5F000A3C6D8BE87C167BFB97CD9BEC19667BF75
:10D60000AD32DABED86B67BF80E8DABECA4067BF0A
:10D61000319EDBBE991567BFC153DCBE45EA66BFCC
:10D620002E09DDBECCBE66BF79BEDDBE309366BFBF
:10D63000A273DEBE716766BFA928DFBE8E3B66BFE0
:10D640008DDDDFBE880F66BF4F92E0BE5EE365BF33
:10D65000EE46E1BE10B765BF6AFBE1BEA08A65BFBA
:10D66000C4AFE2BE0B5E65BFFA63E3BE543165BF73
:10D670000E18E4BE790465BFFECBE4BE7BD764BF61
:10D68000CB7FE5BE59AA64BF7533E6BE147D64BF87
:10D69000FBE6E6BEAC4F64BF5D9AE7BE212264BFE5
:10D6A0009C4DE8BE73F463BFB700E9BEA1C663BF7B
:10D6B000AEB3E9BEAC9863BF8166EABE956A63BF4C
:10D6C0003019EBBE5A3C63BFBBCBEBBEFC0D63BF56
:10D6D000217EECBE7BDF62BF6330EDBED7B062BFA0
:10D6E00080E2EDBE108262BF7994EEBE265362BF27
:10D6F0004C46EFBE1A2462BFFBF7EFBEEAF461BFEF
:10D7000085A9F0BE98C561BFEA5AF1BE229661BFF5
:10D71000290CF2BE8A6661BF43BDF2BED03661BF3E
:10D72000386EF3BEF20661BF071FF4BEF2D660BFCB
:10D73000B1CFF4BECFA660BF3580F5BE897660BF9D
:10D740009330F6BE214660BFCBE0F6BE961560BFB3
:10D75000DC90F7BEE9E45FBFC840F8BE19B45FBF14
:10D760008EF0F8BE27835FBF2DA0F9BE12525FBFB7
:10D77000A54FFABEDB205FBFF7FEFABE81EF5EBFAA
:10D7800022AEFBBE05BE5EBF275DFCBE678C5EBFE2
:10D79000040CFDBEA65A5EBFBBBAFDBEC3285EBF69
:10D7A0004A69FEBEBEF65DBFB217FFBE97C45DBF3D
:10D7B000F3C5FFBE4D925DBF063A00BFE15F5DBF9E
:10D7C000FF9000BF532D5DBFE4E700BFA3FA5CBF2D
:10D7D000B53E01BFD1C75CBF739501BFDD945CBF8F
:10D7E0001CEC01BFC7615CBFB14202BF8E2E5CBFA3
:10D7F000329902BF34FB5BBF9FEF02BFB8C75BBF6C
:10D80000F84503BF1A945BBF3D9C03BF5A605BBFE2
:10D810006DF203BF792C5BBF894804BF75F85ABF0E
:10D82000919E04BF50C45ABF84F404BF09905ABFEC
:10D83000624A05BFA05B5ABF2CA005BF16275ABF7E
:10D84000E2F505BF6AF259BF824B06BF9CBD59BFC6
:10D850000EA106BFAD8859BF86F606BF9C5359BFBF
:10D86000E84B07BF6A1E59BF36A107BF17E958BF6B
:10D870006FF607BFA1B358BF924B08BF0B7E58BFCE
:10D88000A1A008BF534858BF9BF508BF791258BFE5
:10D890007F4A09BF7FDC57BF4E9F09BF63A657BFB2
:10D8A00009F409BF267057BFAD480ABFC73957BF33
:10D8B0003D9D0ABF480357BFB7F10ABFA7CC56BF6B
:10D8C0001C460BBFE59556BF6B9A0BBF025F56BF58
:10D8D000A5EE0BBFFE2756BFC9420CBFD9F055BFFE
:10D8E000D7960CBF93B955BFD0EA0CBF2C8255BF59
:10D8F000B33E0DBFA44A55BF81920DBFFB1255BF69
:10D9000038E60DBF31DB54BFDA390EBF47A354BF31
:10D91000658D0EBF3B6B54BFDBE00EBF0F3354BFB2
:10D920003B340FBFC3FA53BF84870FBF55C253BFE9
:10D93000B8DA0FBFC78953BFD52D10BF185153BFD9
:10D94000DC8010BF491853BFCDD310BF59DF52BF81
:10D95000A72611BF49A652BF6B7911BF186D52BFE0
:10D9600019CC11BFC63352BFB01E12BF54FA51BFFB
:10D97000307112BFC2C051BF9AC312BF108751BFCE
:10D98000EE1513BF3D4D51BF2A6813BF4A1351BF57
:10D9900050BA13BF37D950BF5F0C14BF039F50BF9D
:10D9A000585E14BFAF6450BF39B014BF3B2A50BF9C
:10D9B000040215BFA8EF4FBFB75315BFF4B44FBF54
:10D9C00054A515BF1F7A4FBFD9F615BF2B3F4FBFC8
:10D9D000474816BF17044FBF9F9916BFE4C84EBFF4
:10D9E000DFEA16BF908D4EBF073C17BF1C524EBFDB
:10D9F000188D17BF89164EBF12DE17BFD5DA4DBF7F
:10DA0000F52E18BF029F4DBFC07F18BF10634DBFDA
:10DA100073D018BFFD264DBF0F2119BFCBEA4CBFF5
:10DA2000947119BF79AE4CBF00C219BF08724CBFC8
:10DA300055121ABF78354CBF93621ABFC7F84BBF57
:10DA4000B8B21ABFF8BB4BBFC6021BBF097F4BBFA2
:10DA5000BB521BBFFA414BBF99A21BBFCC044BBFAB
:10DA60005FF21BBF7FC74ABF0C421CBF138A4ABF6D
:10DA7000A2911CBF874C4ABF1FE11CBFDC0E4ABFEE
:10DA800084301DBF12D149BFD17F1DBF299349BF2B
:10DA900006CF1DBF215549BF221E1EBFFA1649BF22
:10DAA000266D1EBFB3D848BF12BC1EBF4E9A48BFDA
:10DAB000E50A1FBFCA5B48BF9F591FBF271D48BF4C
:10DAC00041A81FBF65DE47BFCBF61FBF849F47BF7E
:10DAD0003B4520BF856047BF939320BF672147BF69
:10DAE000D2E120BF2AE246BFF92F21BFCEA246BF16
:10DAF000067E21BF546346BFFBCB21BFBB2346BF7D
:10DB0000D71922BF03E445BF996722BF2DA445BFA3
:10DB100043B522BF396445BFD30223BF262445BF86
:10DB20004B5023BFF5E344BFA99D23BFA5A344BF2A
:10DB3000EEEA23BF376344BF1A3824BFAB2244BF89
:10DB40002C8524BF00E243BF25D224BF38A143BFA8
:10DB5000041F25BF516043BFCB6B25BF4C1F43BF84
:10DB600077B825BF29DE42BF0A0526BFE89C42BF21
:10DB7000845126BF895B42BFE39D26BF0B1A42BF7B
:10DB80002AEA26BF70D841BF563627BFB79641BF95
:10DB9000688227BFE15441BF61CE27BFEC1241BF6D
:10DBA000401A28BFDAD040BF056628BFA98E40BF03
:10DBB000B0B128BF5C4C40BF41FD28BFF00940BF59
:10DBC000B84829BF67C73FBF159429BFC0843FBF6E
:10DBD00057DF29BFFC413FBF802A2ABF1BFF3EBF42
:10DBE0008E752ABF1BBC3EBF82C02ABFFF783EBFD6
:10DBF0005B0B2BBFC5353EBF1B562BBF6EF23DBF27
:10DC0000BFA02BBFF9AE3DBF4AEB2BBF676B3DBF3B
:10DC1000B9352CBFB8273DBF0F802CBFECE33CBF0C
:10DC200049CA2CBF03A03CBF69142DBFFC5B3CBF9D
:10DC30006F5E2DBFD9173CBF59A82DBF98D33BBFEE
:10DC400029F22DBF3B8F3BBFDE3B2EBFC14A3BBFFE
:10DC500078852EBF29063BBFF7CE2EBF75C13ABFD0
:10DC60005B182FBFA47C3ABFA5612FBFB7373ABF5F
:10DC7000D3AA2FBFACF239BFE6F32FBF85AD39BFB2
:10DC8000DE3C30BF426839BFBB8530BFE12239BFBF
:10DC90007CCE30BF65DD38BF221731BFCB9738BF90
:10DCA000AD5F31BF165238BF1DA831BF430C38BF1E
:10DCB00071F031BF55C637BFAA3832BF4A8037BF6F
:10DCC000C78032BF233A37BFC9C832BFDFF336BF80
:10DCD000AF1033BF7FAD36BF7A5833BF046736BF4E
:10DCE00029A033BF6C2036BFBCE733BFB8D935BFDE
:10DCF000342F34BFE79235BF8F7634BFFB4B35BF2F
:10DD0000CFBD34BFF30435BFF30435BFCFBD34BF3F
:10DD1000FB4B35BF8F7634BFE79235BF342F34BF0E
:10DD2000B8D935BFBCE733BF6C2036BF29A033BF9D
:10DD3000046736BF7A5833BF7FAD36BFAF1033BFED
:10DD4000DFF336BFC9C832BF233A37BFC78032BFFF
:10DD50004A8037BFAA3832BF55C637BF71F031BFCE
:10DD6000430C38BF1DA831BF165238BFAD5F31BF5D
:10DD7000CB9738BF221731BF65DD38BF7CCE30BFAF
:10DD8000E12239BFBB8530BF426839BFDE3C30BFBE
:10DD900085AD39BFE6F32FBFACF239BFD3AA2FBF91
:10DDA000B7373ABFA5612FBFA47C3ABF5B182FBF1E
:10DDB00075C13ABFF7CE2EBF29063BBF78852EBF6F
:10DDC000C14A3BBFDE3B2EBF3B8F3BBF29F22DBF7D
:10DDD00098D33BBF59A82DBFD9173CBF6F5E2DBF4D
:10DDE000FC5B3CBF69142DBF03A03CBF49CA2CBFDC
:10DDF000ECE33CBF0F802CBFB8273DBFB9352CBF2B
:10DE0000676B3DBF4AEB2BBFF9AE3DBFBFA02BBF39
:10DE10006EF23DBF1B562BBFC5353EBF5B0B2BBF04
:10DE2000FF783EBF82C02ABF1BBC3EBF8E752ABF93
:10DE30001BFF3EBF802A2ABFFC413FBF57DF29BFDF
:10DE4000C0843FBF159429BF67C73FBFB84829BFEB
:10DE5000F00940BF41FD28BF5C4C40BFB0B128BFB6
:10DE6000A98E40BF056628BFDAD040BF401A28BF40
:10DE7000EC1241BF61CE27BFE15441BF688227BF8A
:10DE8000B79641BF563627BF70D841BF2AEA26BF92
:10DE90000B1A42BFE39D26BF895B42BF845126BF58
:10DEA000E89C42BF0A0526BF29DE42BF77B825BFDE
:10DEB0004C1F43BFCB6B25BF516043BF041F25BF21
:10DEC00038A143BF25D224BF00E243BF2C8524BF25
:10DED000AB2244BF1A3824BF376344BFEEEA23BFE6
:10DEE000A5A344BFA99D23BFF5E344BF4B5023BF67
:10DEF000262445BFD30223BF396445BF43B522BFA3
:10DF00002DA445BF996722BF03E445BFD71922BF9F
:10DF1000BB2346BFFBCB21BF546346BF067E21BF58
:10DF2000CEA246BFF92F21BF2AE246BFD2E120BFD1
:10DF3000672147BF939320BF856047BF3B4520BF04
:10DF4000849F47BFCBF61FBF65DE47BF41A81FBFF9
:10DF5000271D48BF9F591FBFCA5B48BFE50A1FBFA7
:10DF60004E9A48BF12BC1EBFB3D848BF266D1EBF15
:10DF7000FA1649BF221E1EBF215549BF06CF1DBF3D
:10DF8000299349BFD17F1DBF12D149BF84301DBF26
:10DF9000DC0E4ABF1FE11CBF874C4ABFA2911CBFC9
:10DFA000138A4ABF0C421CBF7FC74ABF5FF21BBF28
:10DFB000CC044BBF99A21BBFFA414BBFBB521BBF46
:10DFC000097F4BBFC6021BBFF8BB4BBFB8B21ABF1D
:10DFD000C7F84BBF93621ABF78354CBF55121ABFB2
:10DFE00008724CBF00C219BF79AE4CBF947119BF03
:10DFF000CBEA4CBF0F2119BFFD264DBF73D018BF10
:10E0000010634DBFC07F18BF029F4DBFF52E18BFD4
:10E01000D5DA4DBF12DE17BF89164EBF188D17BF58
:10E020001C524EBF073C17BF908D4EBFDFEA16BF94
:10E03000E4C84EBF9F9916BF17044FBF474816BF8D
:10E040002B3F4FBFD9F615BF1F7A4FBF54A515BF41
:10E05000F4B44FBFB75315BFA8EF4FBF040215BFAD
:10E060003B2A50BF39B014BFAF6450BF585E14BFD5
:10E07000039F50BF5F0C14BF37D950BF50BA13BFB6
:10E080004A1351BF2A6813BF3D4D51BFEE1513BF50
:10E09000108751BF9AC312BFC2C051BF307112BFA7
:10E0A00054FA51BFB01E12BFC63352BF19CC11BFB4
:10E0B000186D52BF6B7911BF49A652BFA72611BF79
:10E0C00059DF52BFCDD310BF491853BFDC8010BFFA
:10E0D000185153BFD52D10BFC78953BFB8DA0FBF32
:10E0E00055C253BF84870FBFC3FA53BF3B340FBF22
:10E0F0000F3354BFDBE00EBF3B6B54BF658D0EBFCB
:10E1000047A354BFDA390EBF31DB54BF38E60DBF29
:10E11000FB1255BF81920DBFA44A55BFB33E0DBF40
:10E120002C8255BFD0EA0CBF93B955BFD7960CBF10
:10E13000D9F055BFC9420CBFFE2756BFA5EE0BBF95
:10E14000025F56BF6B9A0BBFE59556BF1C460BBFCF
:10E15000A7CC56BFB7F10ABF480357BF3D9D0ABFC2
:10E16000C73957BFAD480ABF267057BF09F409BF6A
:10E1700063A657BF4E9F09BF7FDC57BF7F4A09BFC9
:10E18000791258BF9BF508BF534858BFA1A008BFDC
:10E190000B7E58BF924B08BFA1B358BF6FF607BFA5
:10E1A00017E958BF36A107BF6A1E59BFE84B07BF22
:10E1B0009C5359BF86F606BFAD8859BF0EA106BF56
:10E1C0009CBD59BF824B06BF6AF259BFE2F505BF3D
:10E1D00016275ABF2CA005BFA05B5ABF624A05BFD5
:10E1E00009905ABF84F404BF50C45ABF919E04BF23
:10E1F00075F85ABF894804BF792C5BBF6DF203BF25
:10E200005A605BBF3D9C03BF1A945BBFF84503BFD8
:10E21000B8C75BBF9FEF02BF34FB5BBF329902BF41
:10E220008E2E5CBFB14202BFC7615CBF1CEC01BF58
:10E23000DD945CBF739501BFD1C75CBFB53E01BF24
:10E24000A3FA5CBFE4E700BF532D5DBFFF9000BFA2
:10E25000E15F5DBF063A00BF4D925DBFF3C5FFBEF3
:10E2600097C45DBFB217FFBEBEF65DBF4A69FEBE72
:10E27000C3285EBFBBBAFDBEA65A5EBF040CFDBE7E
:10E28000678C5EBF275DFCBE05BE5EBF22AEFBBED7
:10E2900081EF5EBFF7FEFABEDB205FBFA54FFABE7F
:10E2A00012525FBF2DA0F9BE27835FBF8EF0F8BE6C
:10E2B00019B45FBFC840F8BEE9E45FBFDC90F7BEA9
:10E2C000961560BFCBE0F6BE214660BF9330F6BE28
:10E2D000897660BF3580F5BECFA660BFB1CFF4BEF2
:10E2E000F2D660BF071FF4BEF20661BF386EF3BE00
:10E2F000D03661BF43BDF2BE8A6661BF290CF2BE53
:10E30000229661BFEA5AF1BE98C561BF85A9F0BEE9
:10E31000EAF461BFFBF7EFBE1A2462BF4C46EFBEC2
:10E32000265362BF7994EEBE108262BF80E2EDBEDA
:10E33000D7B062BF6330EDBE7BDF62BF217EECBE33
:10E34000FC0D63BFBBCBEBBE5A3C63BF3019EBBEC9
:10E35000956A63BF8166EABEAC9863BFAEB3E9BE9F
:10E36000A1C663BFB700E9BE73F463BF9C4DE8BEAE
:10E37000212264BF5D9AE7BEAC4F64BFFBE6E6BEF8
:10E38000147D64BF7533E6BE59AA64BFCB7FE5BE7A
:10E390007BD764BFFECBE4BE790465BF0E18E4BE34
:10E3A000543165BFFA63E3BE0B5E65BFC4AFE2BE26
:10E3B000A08A65BF6AFBE1BE10B765BFEE46E1BE4D
:10E3C0005EE365BF4F92E0BE880F66BF8DDDDFBEA6
:10E3D0008E3B66BFA928DFBE716766BFA273DEBE33
:10E3E000309366BF79BEDDBECCBE66BF2E09DDBEF2
:10E3F00045EA66BFC153DCBE991567BF319EDBBEDF
:10E40000CA4067BF80E8DABED86B67BFAD32DABEFC
:10E41000C19667BFB97CD9BE87C167BFA3C6D8BE46
:10E420002AEC67BF6B10D8BEA81668BF135AD7BEB8
:10E43000034168BF99A3D6BE396B68BFFDECD5BE5A
:10E440004C9568BF4136D5BE3CBF68BF647FD4BE23
:10E4500007E968BF67C8D3BEAE1269BF4811D3BE13
:10E46000323C69BF095AD2BE916569BFAAA2D1BE2A
:10E47000CC8E69BF2AEBD0BEE4B769BF8A33D0BE69
:10E48000D7E069BFCA7BCFBEA7096ABFEAC3CEBEC9
:10E4900052326ABFEA0BCEBED95A6ABFCA53CDBE4A
:10E4A0003C836ABF8B9BCCBE7BAB6ABF2CE3CBBEED
:10E4B00095D36ABFAE2ACBBE8CFB6ABF1072CABEB0
:10E4C0005E236BBF53B9C9BE0C4B6BBF7700C9BE8F
:10E4D00095726BBF7C47C8BEFB996BBF628EC7BE8F
:10E4E0003BC16BBF29D5C6BE58E86BBFD21BC6BEA9
:10E4F000500F6CBF5C62C5BE24366CBFC8A8C4BEDA
:10E50000D45C6CBF15EFC3BE5E836CBF4435C3BE25
:10E51000C5A96CBF557BC2BE07D06CBF48C1C1BE88
:10E5200024F66CBF1E07C1BE1D1C6DBFD54CC0BEFE
:10E53000F2416DBF6F92BFBEA1676DBFEBD7BEBE8C
:10E540002D8D6DBF4A1DBEBE93B26DBF8B62BDBE29
:10E55000D5D76DBFAFA7BCBEF2FC6DBFB6ECBBBEDE
:10E56000EB216EBFA031BBBEBE466EBF6E76BABE9B
:10E570006D6B6EBF1EBBB9BEF88F6EBFB2FFB8BE6B
:10E580005DB46EBF2A44B8BE9ED86EBF8488B7BE45
:10E59000BAFC6EBFC3CCB6BEB0206FBFE610B6BE2D
:10E5A00083446FBFEC54B5BE30686FBFD698B4BE1D
:10E5B000B88B6FBFA5DCB3BE1BAF6FBF5820B3BE17
:10E5C0005AD26FBFEF63B2BE73F56FBF6BA7B1BE18
:10E5D000671870BFCBEAB0BE373B70BF102EB0BE1D
:10E5E000E15D70BF3A71AFBE668070BF49B4AEBE28
:10E5F000C6A270BF3CF7ADBE02C570BF153AADBE36
:10E6000017E770BFD47CACBE080971BF77BFABBE43
:10E61000D42A71BF0102ABBE7A4C71BF6F44AABE4F
:10E62000FB6D71BFC486A9BE578F71BFFEC8A8BE5F
:10E630008EB071BF1F0BA8BE9FD171BF254DA7BE65
:10E640008CF271BF128FA6BE521372BFE5D0A5BE69
:10E65000F43372BF9F12A5BE705472BF3F54A4BE64
:10E66000C77472BFC595A3BEF89472BF33D7A2BE5C
:10E6700004B572BF8718A2BEEBD472BFC259A1BE47
:10E68000ACF472BFE59AA0BE471473BFEEDB9FBE29
:10E69000BE3373BFDF1C9FBE0E5373BFB85D9EBEFB
:10E6A000397273BF789E9DBE3F9173BF20DF9CBEC1
:10E6B0001FB073BFAF1F9CBED9CE73BF27609BBE78
:10E6C0006EED73BF86A09ABEDD0B74BFCEE099BE1F
:10E6D000272A74BFFE2099BE4B4874BF166198BEAE
:10E6E000496674BF17A197BE228474BF00E196BE2D
:10E6F000D5A174BFD22096BE62BF74BF8D6095BE97
:10E70000C9DC74BF31A094BE0BFA74BFBFDF93BEE7
:10E71000271775BF351F93BE1D3475BF945E92BE1B
:10E72000ED5075BFDD9D91BE976D75BF10DD90BE3C
:10E730001C8A75BF2C1C90BE7BA675BF325B8FBE3A
:10E74000B3C275BF229A8EBEC6DE75BFFCD88DBE21
:10E75000B3FA75BFC0178DBE7A1676BF6E568CBEE3
:10E760001B3276BF07958BBE974D76BF8AD38ABE84
:10E77000EC6876BFF8118ABE1B8476BF505089BE04
:10E78000249F76BF938E88BE07BA76BFC1CC87BE62
:10E79000C4D476BFDA0A87BE5BEF76BFDF4886BE99
:10E7A000CC0977BFCE8685BE172477BFAAC484BEA6
:10E7B0003C3E77BF700284BE3A5877BF224083BE8A
:10E7C000137277BFC07D82BEC58B77BF4ABB81BE47
:10E7D00051A577BFC0F880BEB7BE77BF223680BED6
:10E7E000F7D777BFE1E67EBE10F177BF56617DBEF9
:10E7F000040A78BFA4DB7BBED12278BFCB557ABE9A
:10E80000773B78BFCCCF78BEF85378BFA64977BEA8
:10E81000526C78BF5AC375BE868478BFE83C74BE1C
:10E82000939C78BF51B672BE7BB478BF942F71BEF3
:10E830003BCC78BFB2A86FBED6E378BFAB216EBE2B
:10E840004AFB78BF7F9A6CBE981279BF2F136BBEBC
:10E85000BF2979BFBA8B69BEC04079BF220468BEA8
:10E860009A5779BF667C66BE4E6E79BF86F464BEE9
:10E87000DC8479BF836C63BE439B79BF5CE461BE7B
:10E8800083B179BF135C60BE9DC779BFA8D35EBE5C
:10E8900091DD79BF1A4B5DBE5EF379BF6AC25BBE84
:10E8A00004097ABF97395ABE841E7ABFA4B058BEF5
:10E8B000DD337ABF8F2757BE10497ABF589E55BEA9
:10E8C0001C5E7ABF011554BE02737ABF898B52BE9B
:10E8D000C1877ABFF10151BE599C7ABF38784FBECB
:10E8E000CBB07ABF60EE4DBE16C57ABF67644CBE32
:10E8F0003AD97ABF4FDA4ABE37ED7ABF185049BECF
:10E900000E017BBFC2C547BEBE147BBF4D3B46BE9A
:10E9100048287BBFB9B044BEAB3B7BBF072643BE94
:10E92000E74E7BBF379B41BEFC617BBF491040BEB9
:10E93000EA747BBF3E853EBEB2877BBF15FA3CBE04
:10E94000539A7BBFCF6E3BBECDAC7BBF6CE339BE71
:10E9500020BF7BBFEC5738BE4DD17BBF50CC36BEFD
:10E9600053E37BBF984035BE31F57BBFC4B433BEA3
:10E97000E9067CBFD42832BE7A187CBFC99C30BE61
:10E98000E5297CBFA2102FBE283B7CBF61842DBE31
:10E99000444C7CBF04F82BBE3A5D7CBF8D6B2ABE15
:10E9A000086E7CBFFCDE28BEB07E7CBF515227BE05
:10E9B000318F7CBF8CC525BE8A9F7CBFAD3824BEFD
:10E9C000BDAF7CBFB6AB22BEC9BF7CBFA51E21BEFA
:10E9D000AECF7CBF7B911FBE6CDF7CBF38041EBEF8
:10E9E00003EF7CBFDE761CBE73FE7CBF6BE91ABEF4
:10E9F000BC0D7DBFE05B19BEDD1C7DBF3DCE17BEEB
:10EA0000D82B7DBF834016BEAC3A7DBFB2B214BED8
:10EA100059497DBFCA2413BEDE577DBFCC9611BEB7
:10EA20003D667DBFB70810BE74747DBF8B7A0EBE85
:10EA300085827DBF4AEC0CBE6E907DBFF35D0BBE40
:10EA4000309E7DBF86CF09BECCAB7DBF054108BEE1
:10EA500040B97DBF6EB206BE8CC67DBFC22305BE67
:10EA6000B2D37DBF029503BEB1E07DBF2E0602BECC
:10EA700088ED7DBF457700BE38FA7DBF92D0FDBDE1
:10EA8000C2067EBF73B2FABD24137EBF2C94F7BDBD
:10EA90005E1F7EBFC075F4BD722B7EBF2E57F1BDC9
:10EAA0005E377EBF7638EEBD23437EBF9A19EBBD3D
:10EAB000C14E7EBF9AFAE7BD385A7EBF76DBE4BD11
:10EAC00088657EBF2EBCE1BDB0707EBFC49CDEBD3C
:10EAD000B17B7EBF377DDBBD8B867EBF895DD8BDB8
:10EAE0003D917EBFB93DD5BDC99B7EBFC81DD2BD7E
:10EAF0002DA67EBFB7FDCEBD69B07EBF86DDCBBD86
:10EB00007FBA7EBF36BDC8BD6DC47EBFC69CC5BDC5
:10EB100034CE7EBF397CC2BDD4D77EBF8D5BBFBD36
:10EB20004CE17EBFC33ABCBD9DEA7EBFDD19B9BDD5
:10EB3000C7F37EBFDAF8B5BDC9FC7EBFBBD7B2BD97
:10EB4000A4057FBF80B6AFBD580E7FBF2B95ACBD6F
:10EB5000E4167FBFBA73A9BD491F7FBF3052A6BD5F
:10EB600087277FBF8C30A3BD9D2F7FBFCF0EA0BD59
:10EB70008D377FBFF9EC9CBD543F7FBF0ACB99BD59
:10EB8000F4467FBF05A996BD6D4E7FBFE78693BD56
:10EB9000BF557FBFB46490BDE95C7FBF6A428DBD45
:10EBA000EC637FBF0A208ABDC76A7FBF94FD86BD24
:10EBB0007B717FBF0ADB83BD08787FBF6CB880BDE7
:10EBC0006D7E7FBF742B7BBDAB847FBFE9E574BDD9
:10EBD000C28A7FBF38A06EBDB1907FBF625A68BD48
:10EBE00078967FBF681462BD189C7FBF4CCE5BBD1A
:10EBF00091A17FBF0E8855BDE3A67FBFAF414FBD3A
:10EC00000DAC7FBF2FFB48BD0FB17FBF91B442BD9C
:10EC1000EAB57FBFD56D3CBD9EBA7FBFFC2636BD31
:10EC20002ABF7FBF07E02FBD8FC37FBFF69829BDE6
:10EC3000CCC77FBFCC5123BDE2CB7FBF880A1DBDAF
:10EC4000D1CF7FBF2CC316BD98D37FBFB87B10BD7B
:10EC500037D77FBF2F340ABDAFDA7FBF90EC03BD3B
:10EC600000DE7FBFB949FBBC29E17FBF2DBAEEBCF6
:10EC70002BE47FBF7B2AE2BC05E77FBFA69AD5BC09
:10EC8000B8E97FBFB00AC9BC43EC7FBF9B7ABCBC6C
:10EC9000A7EE7FBF69EAAFBCE3F07FBF1C5AA3BCFD
:10ECA000F8F27FBFB6C996BCE6F47FBF38398ABC9C
:10ECB000ACF67FBF4B517BBC4AF87FBF003062BCD3
:10ECC000C1F97FBF900E49BC11FB7FBF02ED2FBC85
:10ECD00039FC7FBF59CB16BC39FD7FBF3053FBBB1E
:10ECE00013FE7FBF890FC9BBC4FE7FBFC1CB96BBDC
:10ECF0004EFF7FBFC70F49BBB1FF7FBFD40FC9BA5B
:10ED0000ECFF7FBF00000080000080BFD40FC93A35
:10ED1000ECFF7FBFC70F493BB1FF7FBFC1CB963B25
:10ED20004EFF7FBF890FC93BC4FE7FBF3053FB3B03
:10ED300013FE7FBF59CB163C39FD7FBF02ED2F3C40
:10ED400039FC7FBF900E493C11FB7FBF0030623C15
:10ED5000C1F97FBF4B517B3C4AF87FBF38398A3CB1
:10ED6000ACF67FBFB6C9963CE6F47FBF1C5AA33C05
:10ED7000F8F27FBF69EAAF3CE3F07FBF9B7ABC3C0F
:10ED8000A7EE7FBFB00AC93C43EC7FBFA69AD53C33
:10ED9000B8E97FBF7B2AE23C05E77FBF2DBAEE3C96
:10EDA0002BE47FBFB949FB3C29E17FBF90EC033DD9
:10EDB00000DE7FBF2F340A3DAFDA7FBFB87B103D46
:10EDC00037D77FBF2CC3163D98D37FBF880A1D3D20
:10EDD000D1CF7FBFCC51233DE2CB7FBFF698293DF9
:10EDE000CCC77FBF07E02F3D8FC37FBFFC26363DDA
:10EDF0002ABF7FBFD56D3C3D9EBA7FBF91B4423DD7
:10EE0000EAB57FBF2FFB483D0FB17FBFAF414F3DFC
:10EE10000DAC7FBF0E88553DE3A67FBF4CCE5B3D5A
:10EE200091A17FBF6814623D189C7FBF625A683D04
:10EE300078967FBF38A06E3DB1907FBFE9E5743D05
:10EE4000C28A7FBF742B7B3DAB847FBF6CB8803D93
:10EE50006D7E7FBF0ADB833D08787FBF94FD863DD2
:10EE60007B717FBF0A208A3DC76A7FBF6A428D3DA2
:10EE7000EC637FBFB464903DE95C7FBFE786933D60
:10EE8000BF557FBF05A9963D6D4E7FBF0ACB993D0B
:10EE9000F4467FBFF9EC9C3D543F7FBFCF0EA03DB1
:10EEA0008D377FBF8C30A33D9D2F7FBF3052A63D55
:10EEB00087277FBFBA73A93D491F7FBF2B95AC3D04
:10EEC000E4167FBF80B6AF3D580E7FBFBBD7B23DC3
:10EED000A4057FBFDAF8B53DC9FC7EBFDD19B93D99
:10EEE000C7F37EBFC33ABC3D9DEA7EBF8D5BBF3D8D
:10EEF0004CE17EBF397CC23DD4D77EBFC69CC53DA8
:10EF000034CE7EBF36BDC83D6DC47EBF86DDCB3DF1
:10EF10007FBA7EBFB7FDCE3D69B07EBFC81DD23D72
:10EF20002DA67EBFB93DD53DC99B7EBF895DD83D2D
:10EF30003D917EBF377DDB3D8B867EBFC49CDE3D31
:10EF4000B17B7EBF2EBCE13DB0707EBF76DBE43D81
:10EF500088657EBF9AFAE73D385A7EBF9A19EB3D25
:10EF6000C14E7EBF7638EE3D23437EBF2E57F13D26
:10EF70005E377EBFC075F43D722B7EBF2C94F73D8B
:10EF80005E1F7EBF73B2FA3D24137EBF92D0FD3D5B
:10EF9000C2067EBF4577003E38FA7DBF2E06023E90
:10EFA00088ED7DBF0295033EB1E07DBFC223053EE3
:10EFB000B2D37DBF6EB2063E8CC67DBF0541083E12
:10EFC00040B97DBF86CF093ECCAB7DBFF35D0B3E24
:10EFD000309E7DBF4AEC0C3E6E907DBF8B7A0E3E1C
:10EFE00085827DBFB708103E74747DBFCC96113EFC
:10EFF0003D667DBFCA24133EDE577DBFB2B2143ECC
:10F0000059497DBF8340163EAC3A7DBF3DCE173E89
:10F01000D82B7DBFE05B193EDD1C7DBF6BE91A3E3E
:10F02000BC0D7DBFDE761C3E73FE7CBF38041E3EE9
:10F0300003EF7CBF7B911F3E6CDF7CBFA51E213E92
:10F04000AECF7CBFB6AB223EC9BF7CBFAD38243E3D
:10F05000BDAF7CBF8CC5253E8A9F7CBF5152273EE9
:10F06000318F7CBFFCDE283EB07E7CBF8D6B2A3E9C
:10F07000086E7CBF04F82B3E3A5D7CBF61842D3E58
:10F08000444C7CBFA2102F3E283B7CBFC99C303E25
:10F09000E5297CBFD428323E7A187CBFC4B4333E05
:10F0A000E9067CBF9840353E31F57BBF50CC363EFB
:10F0B00053E37BBFEC57383E4DD17BBF6CE3393E09
:10F0C00020BF7BBFCF6E3B3ECDAC7BBF15FA3C3E35
:10F0D000539A7BBF3E853E3EB2877BBF4910403E80
:10F0E000EA747BBF379B413EFC617BBF0726433EF2
:10F0F000E74E7BBFB9B0443EAB3B7BBF4D3B463E8A
:10F1000048287BBFC2C5473EBE147BBF1850493E4E
:10F110000E017BBF4FDA4A3E37ED7ABF67644C3E43
:10F120003AD97ABF60EE4D3E16C57ABF38784F3E69
:10F13000CBB07ABFF101513E599C7ABF898B523EC8
:10F14000C1877ABF0115543E02737ABF589E553E5F
:10F150001C5E7ABF8F27573E10497ABFA4B0583E35
:10F16000DD337ABF97395A3E841E7ABF6AC25B3E4E
:10F1700004097ABF1A4B5D3E5EF379BFA8D35E3EA9
:10F1800091DD79BF135C603E9DC779BF5CE4613E51
:10F1900083B179BF836C633E439B79BF86F4643E41
:10F1A000DC8479BF667C663E4E6E79BF2204683E81
:10F1B0009A5779BFBA8B693EC04079BF2F136B3E17
:10F1C000BF2979BF7F9A6C3E981279BFAB216E3E02
:10F1D0004AFB78BFB2A86F3ED6E378BF942F713E4A
:10F1E0003BCC78BF51B6723E7BB478BFE83C743EEE
:10F1F000939C78BF5AC3753E868478BFA649773EF4
:10F20000526C78BFCCCF783EF85378BFCB557A3E5E
:10F21000773B78BFA4DB7B3ED12278BF56617D3E31
:10F22000040A78BFE1E67E3E10F177BF2236803EC9
:10F23000F7D777BFC0F8803EB7BE77BF4ABB813EE5
:10F2400051A577BFC07D823EC58B77BF2240833EEC
:10F25000137277BF7002843E3A5877BFAAC4843EC7
:10F260003C3E77BFCE86853E172477BFDF48863E7B
:10F27000CC0977BFDA0A873E5BEF76BFC1CC873E09
:10F28000C4D476BF938E883E07BA76BF5050893E6D
:10F29000249F76BFF8118A3E1B8476BF8AD38A3EAC
:10F2A000EC6876BF07958B3E974D76BF6E568C3EC9
:10F2B0001B3276BFC0178D3E7A1676BFFCD88D3EC6
:10F2C000B3FA75BF229A8E3EC6DE75BF325B8F3EA3
:10F2D000B3C275BF2C1C903E7BA675BF10DD903E5F
:10F2E0001C8A75BFDD9D913E976D75BF945E923E01
:10F2F000ED5075BF351F933E1D3475BFBFDF933E84
:10F30000271775BF31A0943E0BFA74BF8D60953EF0
:10F31000C9DC74BFD220963E62BF74BF00E1963E46
:10F32000D5A174BF17A1973E228474BF1661983E81
:10F33000496674BFFE20993E4B4874BFCEE0993EAB
:10F34000272A74BF86A09A3EDD0B74BF27609B3EC0
:10F350006EED73BFAF1F9C3ED9CE73BF20DF9C3EC6
:10F360001FB073BF789E9D3E3F9173BFB85D9E3EB8
:10F37000397273BFDF1C9F3E0E5373BFEEDB9F3E9F
:10F38000BE3373BFE59AA03E471473BFC259A13E76
:10F39000ACF472BF8718A23EEBD472BF33D7A23E43
:10F3A00004B572BFC595A33EF89472BF3F54A43E06
:10F3B000C77472BF9F12A53E705472BFE5D0A53EC0
:10F3C000F43372BF128FA63E521372BF254DA73E73
:10F3D0008CF271BF1F0BA83E9FD171BFFEC8A83E23
:10F3E0008EB071BFC486A93E578F71BF6F44AA3ECD
:10F3F000FB6D71BF0102AB3E7A4C71BF77BFAB3E74
:10F40000D42A71BFD47CAC3E080971BF153AAD3E19
:10F4100017E770BF3CF7AD3E02C570BF49B4AE3EC2
:10F42000C6A270BF3A71AF3E668070BF102EB03E6C
:10F43000E15D70BFCBEAB03E373B70BF6BA7B13E1A
:10F44000671870BFEF63B23E73F56FBF5820B33ECD
:10F450005AD26FBFA5DCB33E1BAF6FBFD698B43E88
:10F46000B88B6FBFEC54B53E30686FBFE610B63E48
:10F4700083446FBFC3CCB63EB0206FBF8488B73E15
:10F48000BAFC6EBF2A44B83E9ED86EBFB2FFB83EEB
:10F490005DB46EBF1EBBB93EF88F6EBF6E76BA3ECE
:10F4A0006D6B6EBFA031BB3EBE466EBFB6ECBB3EC1
:10F4B000EB216EBFAFA7BC3EF2FC6DBF8B62BD3EC1
:10F4C000D5D76DBF4A1DBE3E93B26DBFEBD7BE3ED2
:10F4D0002D8D6DBF6F92BF3EA1676DBFD54CC03EF5
:10F4E000F2416DBF1E07C13E1D1C6DBF48C1C13E2C
:10F4F00024F66CBF557BC23E07D06CBF4435C33E7B
:10F50000C5A96CBF15EFC33E5E836CBFC8A8C43EDF
:10F51000D45C6CBF5C62C53E24366CBFD21BC63E59
:10F52000500F6CBF29D5C63E58E86BBF628EC73EF0
:10F530003BC16BBF7C47C83EFB996BBF7700C93EA0
:10F5400095726BBF53B9C93E0C4B6BBF1072CA3E6C
:10F550005E236BBFAE2ACB3E8CFB6ABF2CE3CB3E57
:10F5600095D36ABF8B9BCC3E7BAB6ABFCA53CD3E63
:10F570003C836ABFEA0BCE3ED95A6ABFEAC3CE3E8D
:10F5800052326ABFCA7BCF3EA7096ABF8A33D03ED8
:10F59000D7E069BF2AEBD03EE4B769BFAAA2D13E4B
:10F5A000CC8E69BF095AD23E916569BF4811D33EDE
:10F5B000323C69BF67C8D33EAE1269BF647FD43E98
:10F5C00007E968BF4136D53E3CBF68BFFDECD53E7C
:10F5D0004C9568BF99A3D63E396B68BF135AD73E86
:10F5E000034168BF6B10D83EA81668BFA3C6D83EBB
:10F5F0002AEC67BFB97CD93E87C167BFAD32DA3E1E
:10F60000C19667BF80E8DA3ED86B67BF319EDB3EAC
:10F61000CA4067BFC153DC3E991567BF2E09DD3E66
:10F6200045EA66BF79BEDD3ECCBE66BFA273DE3E54
:10F63000309366BFA928DF3E716766BF8DDDDF3E70
:10F640008E3B66BF4F92E03E880F66BFEE46E13EBE
:10F650005EE365BF6AFBE13E10B765BFC4AFE23E43
:10F66000A08A65BFFA63E33E0B5E65BF0E18E43EF9
:10F67000543165BFFECBE43E790465BFCB7FE53EE8
:10F680007BD764BF7533E63E59AA64BFFBE6E63E0E
:10F69000147D64BF5D9AE73EAC4F64BF9C4DE83E6D
:10F6A000212264BFB700E93E73F463BFAEB3E93E05
:10F6B000A1C663BF8166EA3EAC9863BF3019EB3EDA
:10F6C000956A63BFBBCBEB3E5A3C63BF217EEC3EE9
:10F6D000FC0D63BF6330ED3E7BDF62BF80E2ED3E39
:10F6E000D7B062BF7994EE3E108262BF4C46EF3EC7
:10F6F000265362BFFBF7EF3E1A2462BF85A9F03E96
:10F70000EAF461BFEA5AF13E98C561BF290CF23EA6
:10F71000229661BF43BDF23E8A6661BF386EF33EFA
:10F72000D03661BF071FF43EF20661BFB1CFF43E91
:10F73000F2D660BF3580F53ECFA660BF9330F63E6F
:10F74000897660BFCBE0F63E214660BFDC90F73E95
:10F75000961560BFC840F83EE9E45FBF8EF0F83E02
:10F7600019B45FBF2DA0F93E27835FBFA54FFA3EB6
:10F7700012525FBFF7FEFA3EDB205FBF22AEFB3EB8
:10F7800081EF5EBF275DFC3E05BE5EBF040CFD3E03
:10F79000678C5EBFBBBAFD3EA65A5EBF4A69FE3E9D
:10F7A000C3285EBFB217FF3EBEF65DBFF3C5FF3E86
:10F7B00097C45DBF063A003F4D925DBFFF90003F8A
:10F7C000E15F5DBFE4E7003F532D5DBFB53E013F04
:10F7D000A3FA5CBF7395013FD1C75CBF1CEC013F2E
:10F7E000DD945CBFB142023FC7615CBF3299023F0A
:10F7F0008E2E5CBF9FEF023F34FB5BBFF845033F9B
:10F80000B8C75BBF3D9C033F1A945BBF6DF2033FDB
:10F810005A605BBF8948043F792C5BBF919E043FCF
:10F8200075F85ABF84F4043F50C45ABF624A053F7A
:10F8300009905ABF2CA0053FA05B5ABFE2F5053FD7
:10F8400016275ABF824B063F6AF259BF0EA1063FE8
:10F850009CBD59BF86F6063FAD8859BFE84B073FB0
:10F860009C5359BF36A1073F6A1E59BF6FF6073F29
:10F8700017E958BF924B083FA1B358BFA1A0083F5A
:10F880000B7E58BF9BF5083F534858BF7F4A093F3E
:10F89000791258BF4E9F093F7FDC57BF09F4093FDB
:10F8A00063A657BFAD480A3F267057BF3D9D0A3F2C
:10F8B000C73957BFB7F10A3F480357BF1C460B3F34
:10F8C000A7CC56BF6B9A0B3FE59556BFA5EE0B3FF5
:10F8D000025F56BFC9420C3FFE2756BFD7960C3F6A
:10F8E000D9F055BFD0EA0C3F93B955BFB33E0D3F99
:10F8F0002C8255BF81920D3FA44A55BF38E60D3F7B
:10F90000FB1255BFDA390E3F31DB54BF658D0E3F18
:10F9100047A354BFDBE00E3F3B6B54BF3B340F3F6C
:10F920000F3354BF84870F3FC3FA53BFB8DA0F3F7A
:10F9300055C253BFD52D103FC78953BFDC80103F40
:10F94000185153BFCDD3103F491853BFA726113FBD
:10F9500059DF52BF6B79113F49A652BF19CC113FF5
:10F96000186D52BFB01E123FC63352BF3071123FE6
:10F9700054FA51BF9AC3123FC2C051BFEE15133F94
:10F98000108751BF2A68133F3D4D51BF50BA133FF6
:10F990004A1351BF5F0C143F37D950BF585E143F14
:10F9A000039F50BF39B0143FAF6450BF0402153FEE
:10F9B0003B2A50BFB753153FA8EF4FBF54A5153F83
:10F9C000F4B44FBFD9F6153F1F7A4FBF4748163FD3
:10F9D0002B3F4FBF9F99163F17044FBFDFEA163FDB
:10F9E000E4C84EBF073C173F908D4EBF188D173FA0
:10F9F0001C524EBF12DE173F89164EBFF52E183F20
:10FA0000D5DA4DBFC07F183F029F4DBF73D0183F5E
:10FA100010634DBF0F21193FFD264DBF9471193F53
:10FA2000CBEA4CBF00C2193F79AE4CBF55121A3F0A
:10FA300008724CBF93621A3F78354CBFB8B21A3F78
:10FA4000C7F84BBFC6021B3FF8BB4BBFBB521B3FA7
:10FA5000097F4BBF99A21B3FFA414BBF5FF21B3F8F
:10FA6000CC044BBF0C421C3F7FC74ABFA2911C3F36
:10FA7000138A4ABF1FE11C3F874C4ABF84301D3F99
:10FA8000DC0E4ABFD17F1D3F12D149BF06CF1D3FBB
:10FA9000299349BF221E1E3F215549BF266D1E3F97
:10FAA000FA1649BF12BC1E3FB3D848BFE50A1F3F34
:10FAB0004E9A48BF9F591F3FCA5B48BF41A81F3F8E
:10FAC000271D48BFCBF61F3F65DE47BF3B45203FA4
:10FAD000849F47BF9393203F856047BFD2E1203F7B
:10FAE000672147BFF92F213F2AE246BF067E213F0B
:10FAF000CEA246BFFBCB213F546346BFD719223F5E
:10FB0000BB2346BF9967223F03E445BF43B5223F6D
:10FB10002DA445BFD302233F396445BF4B50233F3B
:10FB2000262445BFA99D233FF5E344BFEEEA233FCA
:10FB3000A5A344BF1A38243F376344BF2C85243F14
:10FB4000AB2244BF25D2243F00E243BF041F253F20
:10FB500038A143BFCB6B253F516043BF77B8253FEA
:10FB60004C1F43BF0A05263F29DE42BF8451263F72
:10FB7000E89C42BFE39D263F895B42BF2AEA263FBD
:10FB80000B1A42BF5636273F70D841BF6882273FC5
:10FB9000B79641BF61CE273FE15441BF401A283F8D
:10FBA000EC1241BF0566283FDAD040BFB0B1283F14
:10FBB000A98E40BF41FD283F5C4C40BFB848293F5B
:10FBC000F00940BF1594293F67C73FBF57DF293F62
:10FBD000C0843FBF802A2A3FFC413FBF8E752A3F29
:10FBE0001BFF3EBF82C02A3F1BBC3EBF5B0B2B3FAF
:10FBF000FF783EBF1B562B3FC5353EBFBFA02B3FF6
:10FC00006EF23DBF4AEB2B3FF9AE3DBFB9352C3FFD
:10FC1000676B3DBF0F802C3FB8273DBF49CA2C3FC3
:10FC2000ECE33CBF69142D3F03A03CBF6F5E2D3F4A
:10FC3000FC5B3CBF59A82D3FD9173CBF29F22D3F93
:10FC400098D33BBFDE3B2E3F3B8F3BBF78852E3F9B
:10FC5000C14A3BBFF7CE2E3F29063BBF5B182F3F63
:10FC600075C13ABFA5612F3FA47C3ABFD3AA2F3FED
:10FC7000B7373ABFE6F32F3FACF239BFDE3C303F37
:10FC800085AD39BFBB85303F426839BF7CCE303F40
:10FC9000E12239BF2217313F65DD38BFAD5F313F0B
:10FCA000CB9738BF1DA8313F165238BF71F0313F96
:10FCB000430C38BFAA38323F55C637BFC780323FE2
:10FCC0004A8037BFC9C8323F233A37BFAF10333FEE
:10FCD000DFF336BF7A58333F7FAD36BF29A0333FBD
:10FCE000046736BFBCE7333F6C2036BF342F343F48
:10FCF000B8D935BF8F76343FE79235BFCFBD343F9B
:10FD0000FB4B35BFF304353FF30435BFFB4B353FA9
:10FD1000CFBD34BFE792353F8F7634BFB8D9353F7A
:10FD2000342F34BF6C20363FBCE733BF0467363F07
:10FD300029A033BF7FAD363F7A5833BFDFF3363F5C
:10FD4000AF1033BF233A373FC9C832BF4A80373F6D
:10FD5000C78032BF55C6373FAA3832BF430C383F41
:10FD600071F031BF1652383F1DA831BFCB97383FD5
:10FD7000AD5F31BF65DD383F221731BFE122393F2A
:10FD80007CCE30BF4268393FBB8530BF85AD393F3F
:10FD9000DE3C30BFACF2393FE6F32FBFB7373A3F16
:10FDA000D3AA2FBFA47C3A3FA5612FBF75C13A3FAC
:10FDB0005B182FBF29063B3FF7CE2EBFC14A3B3F02
:10FDC00078852EBF3B8F3B3FDE3B2EBF98D33B3F1A
:10FDD00029F22DBFD9173C3F59A82DBFFC5B3C3FF2
:10FDE0006F5E2DBF03A03C3F69142DBFECE33C3F89
:10FDF00049CA2CBFB8273D3F0F802CBF676B3D3FE2
:10FE0000B9352CBFF9AE3D3F4AEB2BBF6EF23D3FFB
:10FE1000BFA02BBFC5353E3F1B562BBFFF783E3FD3
:10FE20005B0B2BBF1BBC3E3F82C02ABF1BFF3E3F6C
:10FE30008E752ABFFC413F3F802A2ABFC0843F3FC6
:10FE400057DF29BF67C73F3F159429BFF009403FDF
:10FE5000B84829BF5C4C403F41FD28BFA98E403FB8
:10FE6000B0B128BFDAD0403F056628BFEC12413F51
:10FE7000401A28BFE154413F61CE27BFB796413FAA
:10FE8000688227BF70D8413F563627BF0B1A423FC2
:10FE90002AEA26BF895B423FE39D26BFE89C423F9A
:10FEA000845126BF29DE423F0A0526BF4C1F433F2F
:10FEB00077B825BF5160433FCB6B25BF38A1433F87
:10FEC000041F25BF00E2433F25D224BFAB22443F9D
:10FED0002C8524BF3763443F1A3824BFA5A3443F71
:10FEE000EEEA23BFF5E3443FA99D23BF2624453F07
:10FEF0004B5023BF3964453FD30223BF2DA4453F58
:10FF000043B522BF03E4453F996722BFBB23463F69
:10FF1000D71922BF5463463FFBCB21BFCEA2463F39
:10FF2000067E21BF2AE2463FF92F21BF6721473FC6
:10FF3000D2E120BF8560473F939320BF849F473F16
:10FF40003B4520BF65DE473FCBF61FBF271D483F1F
:10FF500041A81FBFCA5B483F9F591FBF4E9A483FE9
:10FF6000E50A1FBFB3D8483F12BC1EBFFA16493F6F
:10FF7000266D1EBF2155493F221E1EBF2993493FB2
:10FF800006CF1DBF12D1493FD17F1DBFDC0E4A3FB6
:10FF900084301DBF874C4A3F1FE11CBF138A4A3F74
:10FFA000A2911CBF7FC74A3F0C421CBFCC044B3FF1
:10FFB0005FF21BBFFA414B3F99A21BBF097F4B3F2A
:10FFC000BB521BBFF8BB4B3FC6021BBFC7F84B3F22
:10FFD000B8B21ABF78354C3F93621ABF08724C3FD3
:10FFE00055121ABF79AE4C3F00C219BFCBEA4C3F45
:10FFF000947119BFFD264D3F0F2119BF10634D3F6E
:020000040802F0
:1000000073D018BF029F4D3FC07F18BFD5DA4D3F58
:10001000F52E18BF89164E3F12DE17BF1C524E3FF9
:10002000188D17BF908D4E3F073C17BFE4C84E3F59
:10003000DFEA16BF17044F3F9F9916BF2B3F4F3F74
:10004000474816BF1F7A4F3FD9F615BFF4B44F3F4C
:1000500054A515BFA8EF4F3FB75315BF3B2A503FDC
:10006000040215BFAF64503F39B014BF039F503F27
:10007000585E14BF37D9503F5F0C14BF4A13513F2D
:1000800050BA13BF3D4D513F2A6813BF1087513FEF
:10009000EE1513BFC2C0513F9AC312BF54FA513F6D
:1000A000307112BFC633523FB01E12BF186D523F9F
:1000B00019CC11BF49A6523F6B7911BF59DF523F8E
:1000C000A72611BF4918533FCDD310BF1851533F36
:1000D000DC8010BFC789533FD52D10BF55C2533F99
:1000E000B8DA0FBFC3FA533F84870FBF0F33543FB3
:1000F0003B340FBF3B6B543FDBE00EBF47A3543F85
:10010000658D0EBF31DB543FDA390EBFFB12553F10
:1001100038E60DBFA44A553F81920DBF2C82553F52
:10012000B33E0DBF93B9553FD0EA0CBFD9F0553F50
:10013000D7960CBFFE27563FC9420CBF025F563F01
:10014000A5EE0BBFE595563F6B9A0BBFA7CC563F6C
:100150001C460BBF4803573FB7F10ABFC739573F8B
:100160003D9D0ABF2670573FAD480ABF63A6573F63
:1001700009F409BF7FDC573F4E9F09BF7912583FF2
:100180007F4A09BF5348583F9BF508BF0B7E583F35
:10019000A1A008BFA1B3583F924B08BF17E9583F31
:1001A0006FF607BF6A1E593F36A107BF9C53593FE0
:1001B000E84B07BFAD88593F86F606BF9CBD593F47
:1001C0000EA106BF6AF2593F824B06BF16275A3F5F
:1001D000E2F505BFA05B5A3F2CA005BF09905A3F2E
:1001E000624A05BF50C45A3F84F404BF75F85A3FB1
:1001F000919E04BF792C5B3F894804BF5A605B3FE6
:100200006DF203BF1A945B3F3D9C03BFB8C75B3FD1
:10021000F84503BF34FB5B3F9FEF02BF8E2E5C3F70
:10022000329902BFC7615C3FB14202BFDD945C3FBF
:100230001CEC01BFD1C75C3F739501BFA3FA5C3FC3
:10024000B53E01BF532D5D3FE4E700BFE15F5D3F79
:10025000FF9000BF4D925D3F063A00BF97C45D3FDF
:10026000F3C5FFBEBEF65D3FB217FFBEC3285E3FBB
:100270004A69FEBEA65A5E3FBBBAFDBE678C5E3FB2
:10028000040CFDBE05BE5E3F275DFCBE81EF5E3FF8
:1002900022AEFBBEDB205F3FF7FEFABE12525F3F8D
:1002A000A54FFABE27835F3F2DA0F9BE19B45F3F6B
:1002B0008EF0F8BEE9E45F3FC840F8BE9615603F97
:1002C000DC90F7BE2146603FCBE0F6BE8976603F0A
:1002D0009330F6BECFA6603F3580F5BEF2D6603FC4
:1002E000B1CFF4BEF206613F071FF4BED036613FC6
:1002F000386EF3BE8A66613F43BDF2BE2296613F0F
:10030000290CF2BE98C5613FEA5AF1BEEAF4613F9A
:1003100085A9F0BE1A24623FFBF7EFBE2653623F69
:100320004C46EFBE1082623F7994EEBED7B0623F7A
:1003300080E2EDBE7BDF623F6330EDBEFC0D633FCC
:10034000217EECBE5A3C633FBBCBEBBE956A633F5C
:100350003019EBBEAC98633F8166EABEA1C6633F2D
:10036000AEB3E9BE73F4633FB700E9BE2122643F38
:100370009C4DE8BEAC4F643F5D9AE7BE147D643F80
:10038000FBE6E6BE59AA643F7533E6BE7BD7643F01
:10039000CB7FE5BE7904653FFECBE4BE5431653FBB
:1003A0000E18E4BE0B5E653FFA63E3BEA08A653FAC
:1003B000C4AFE2BE10B7653F6AFBE1BE5EE3653FD6
:1003C000EE46E1BE880F663F4F92E0BE8E3B663F31
:1003D0008DDDDFBE7167663FA928DFBE3093663FC3
:1003E000A273DEBECCBE663F79BEDDBE45EA663F87
:1003F0002E09DDBE9915673FC153DCBECA40673F79
:10040000319EDBBED86B673F80E8DABEC196673F9E
:10041000AD32DABE87C1673FB97CD9BE2AEC673FEF
:10042000A3C6D8BEA816683F6B10D8BE0341683F6C
:10043000135AD7BE396B683F99A3D6BE4C95683F17
:10044000FDECD5BE3CBF683F4136D5BE07E9683FED
:10045000647FD4BEAE12693F67C8D3BE323C693FE9
:100460004811D3BE9165693F095AD2BECC8E693F0F
:10047000AAA2D1BEE4B7693F2AEBD0BED7E0693F5C
:100480008A33D0BEA7096A3FCA7BCFBE52326A3FC9
:10049000EAC3CEBED95A6A3FEA0BCEBE3C836A3F5E
:1004A000CA53CDBE7BAB6A3F8B9BCCBE95D36A3F14
:1004B0002CE3CBBE8CFB6A3FAE2ACBBE5E236B3FE8
:1004C0001072CABE0C4B6B3F53B9C9BE95726B3FDD
:1004D0007700C9BEFB996B3F7C47C8BE3BC16B3FF1
:1004E000628EC7BE58E86B3F29D5C6BE500F6C3F21
:1004F000D21BC6BE24366C3F5C62C5BED45C6C3F6A
:10050000C8A8C4BE5E836C3F15EFC3BEC5A96C3FCF
:100510004435C3BE07D06C3F557BC2BE24F66C3F4A
:1005200048C1C1BE1D1C6D3F1E07C1BEF2416D3FDB
:10053000D54CC0BEA1676D3F6F92BFBE2D8D6D3F84
:10054000EBD7BEBE93B26D3F4A1DBEBED5D76D3F41
:100550008B62BDBEF2FC6D3FAFA7BCBEEB216E3F10
:10056000B6ECBBBEBE466E3FA031BBBE6D6B6E3FF0
:100570006E76BABEF88F6E3F1EBBB9BE5DB46E3FDD
:10058000B2FFB8BE9ED86E3F2A44B8BEBAFC6E3FDA
:100590008488B7BEB0206F3FC3CCB6BE83446F3FE4
:1005A000E610B6BE30686F3FEC54B5BEB88B6F3FF7
:1005B000D698B4BE1BAF6F3FA5DCB3BE5AD26F3F17
:1005C0005820B3BE73F56F3FEF63B2BE6718703F3C
:1005D0006BA7B1BE373B703FCBEAB0BEE15D703F69
:1005E000102EB0BE6680703F3A71AFBEC6A2703F9B
:1005F00049B4AEBE02C5703F3CF7ADBE17E7703FD1
:10060000153AADBE0809713FD47CACBED42A713F07
:1006100077BFABBE7A4C713F0102ABBEFB6D713F41
:100620006F44AABE578F713FC486A9BE8EB0713F7A
:10063000FEC8A8BE9FD1713F1F0BA8BE8CF2713FB0
:10064000254DA7BE5213723F128FA6BEF433723FE0
:10065000E5D0A5BE7054723F9F12A5BEC774723F0D
:100660003F54A4BEF894723FC595A3BE04B5723F33
:1006700033D7A2BEEBD4723F8718A2BEACF4723F50
:10068000C259A1BE4714733FE59AA0BEBE33733F63
:10069000EEDB9FBE0E53733FDF1C9FBE3972733F6C
:1006A000B85D9EBE3F91733F789E9DBE1FB0733F65
:1006B00020DF9CBED9CE733FAF1F9CBE6EED733F53
:1006C00027609BBEDD0B743F86A09ABE272A743F2D
:1006D000CEE099BE4B48743FFE2099BE4966743FF8
:1006E000166198BE2284743F17A197BED5A1743FAE
:1006F00000E196BE62BF743FD22096BEC9DC743F53
:100700008D6095BE0BFA743F31A094BE2717753FDC
:10071000BFDF93BE1D34753F351F93BEED50753F4F
:10072000945E92BE976D753FDD9D91BE1C8A753FAC
:1007300010DD90BE7BA6753F2C1C90BEB3C2753FEA
:10074000325B8FBEC6DE753F229A8EBEB3FA753F0E
:10075000FCD88DBE7A16763FC0178DBE1B32763F11
:100760006E568CBE974D763F07958BBEEC68763FF4
:100770008AD38ABE1B84763FF8118ABE249F763FB7
:10078000505089BE07BA763F938E88BEC4D4763F58
:10079000C1CC87BE5BEF763FDA0A87BECC09773FD4
:1007A000DF4886BE1724773FCE8685BE3C3E773F26
:1007B000AAC484BE3A58773F700284BE1372773F52
:1007C000224083BEC58B773FC07D82BE51A5773F57
:1007D0004ABB81BEB7BE773FC0F880BEF7D7773F30
:1007E000223680BE10F1773FE1E67EBE040A783FF4
:1007F00056617DBED122783FA4DB7BBE773B783F3C
:10080000CB557ABEF853783FCCCF78BE526C783F48
:10081000A64977BE8684783F5AC375BE939C783FBD
:10082000E83C74BE7BB4783F51B672BE3BCC783F97
:10083000942F71BED6E3783FB2A86FBE4AFB783FD3
:10084000AB216EBE9812793F7F9A6CBEBF29793F6B
:100850002F136BBEC040793FBA8B69BE9A57793F60
:10086000220468BE4E6E793F667C66BEDC84793FAA
:1008700086F464BE439B793F836C63BE83B1793F4A
:100880005CE461BE9DC7793F135C60BE91DD793F3A
:10089000A8D35EBE5EF3793F1A4B5DBE04097A3F72
:1008A0006AC25BBE841E7A3F97395ABEDD337A3FF7
:1008B000A4B058BE10497A3F8F2757BE1C5E7A3FBE
:1008C000589E55BE02737A3F011554BEC1877A3FC8
:1008D000898B52BE599C7A3FF10151BECBB07A3F11
:1008E00038784FBE16C57A3F60EE4DBE3AD97A3F92
:1008F00067644CBE37ED7A3F4FDA4ABE0E017B3F4C
:10090000185049BEBE147B3FC2C547BE48287B3F36
:100910004D3B46BEAB3B7B3FB9B044BEE74E7B3F51
:10092000072643BEFC617B3F379B41BEEA747B3F99
:10093000491040BEB2877B3F3E853EBE539A7B3F07
:1009400015FA3CBECDAC7B3FCF6E3BBE20BF7B3F9C
:100950006CE339BE4DD17B3FEC5738BE53E37B3F50
:1009600050CC36BE31F57B3F984035BEE9067C3F22
:10097000C4B433BE7A187C3FD42832BEE5297C3F0C
:10098000C99C30BE283B7C3FA2102FBE444C7C3F0C
:1009900061842DBE3A5D7C3F04F82BBE086E7C3F1F
:1009A0008D6B2ABEB07E7C3FFCDE28BE318F7C3F43
:1009B000515227BE8A9F7C3F8CC525BEBDAF7C3F70
:1009C000AD3824BEC9BF7C3FB6AB22BEAECF7C3FA4
:1009D000A51E21BE6CDF7C3F7B911FBE03EF7C3FD9
:1009E00038041EBE73FE7C3FDE761CBEBC0D7D3F10
:1009F0006BE91ABEDD1C7D3FE05B19BED82B7D3F45
:100A00003DCE17BEAC3A7D3F834016BE59497D3F6F
:100A1000B2B214BEDE577D3FCA2413BE3D667D3F91
:100A2000CC9611BE74747D3FB70810BE85827D3FA1
:100A30008B7A0EBE6E907D3F4AEC0CBE309E7D3FA1
:100A4000F35D0BBECCAB7D3F86CF09BE40B97D3F89
:100A5000054108BE8CC67D3F6EB206BEB2D37D3F57
:100A6000C22305BEB1E07D3F029503BE88ED7D3F08
:100A70002E0602BE38FA7D3F457700BEC2067E3F95
:100A800092D0FDBD24137E3F73B2FABD5E1F7E3F40
:100A90002C94F7BD722B7E3FC075F4BD5E377E3F50
:100AA0002E57F1BD23437E3F7638EEBDC14E7E3FCB
:100AB0009A19EBBD385A7E3F9AFAE7BD88657E3FAA
:100AC00076DBE4BDB0707E3F2EBCE1BDB17B7E3FE6
:100AD000C49CDEBD8B867E3F377DDBBD3D917E3F76
:100AE000895DD8BDC99B7E3FB93DD5BD2DA67E3F52
:100AF000C81DD2BD69B07E3FB7FDCEBD7FBA7E3F77
:100B000086DDCBBD6DC47E3F36BDC8BD34CE7E3FD5
:100B1000C69CC5BDD4D77E3F397CC2BD4CE17E3F6B
:100B20008D5BBFBD9DEA7E3FC33ABCBDC7F37E3F30
:100B3000DD19B9BDC9FC7E3FDAF8B5BDA4057F3F1C
:100B4000BBD7B2BD580E7F3F80B6AFBDE4167F3F26
:100B50002B95ACBD491F7F3FBA73A9BD87277F3F47
:100B60003052A6BD9D2F7F3F8C30A3BD8D377F3F78
:100B7000CF0EA0BD543F7F3FF9EC9CBDF4467F3FB4
:100B80000ACB99BD6D4E7F3F05A996BDBF557F3FEE
:100B9000E78693BDE95C7F3FB46490BDEC637F3F23
:100BA0006A428DBDC76A7F3F0A208ABD7B717F3F45
:100BB00094FD86BD08787F3F0ADB83BD6D7E7F3F55
:100BC0006CB880BDAB847F3F742B7BBDC28A7F3FF6
:100BD000E9E574BDB1907F3F38A06EBD78967F3F48
:100BE000625A68BD189C7F3F681462BD91A17F3F27
:100BF0004CCE5BBDE3A67F3F0E8855BD0DAC7F3F5D
:100C0000AF414FBD0FB17F3F2FFB48BDEAB57F3FDE
:100C100091B442BD9EBA7F3FD56D3CBD2ABF7F3F98
:100C2000FC2636BD8FC37F3F07E02FBDCCC77F3F7B
:100C3000F69829BDE2CB7F3FCC5123BDD1CF7F3F7A
:100C4000880A1DBD98D37F3F2CC316BD37D77F3F81
:100C5000B87B10BDAFDA7F3F2F340ABD00DE7F3F87
:100C600090EC03BD29E17F3FB949FBBC2BE47F3FFA
:100C70002DBAEEBC05E77F3F7B2AE2BCB8E97F3F97
:100C8000A69AD5BC43EC7F3FB00AC9BCA7EE7F3F14
:100C90009B7ABCBCE3F07F3F69EAAFBCF8F27F3FD0
:100CA0001C5AA3BCE6F47F3FB6C996BCACF67F3FA6
:100CB00038398ABC4AF87F3F4B517BBCC1F97F3F32
:100CC000003062BC11FB7F3F900E49BC39FC7F3F76
:100CD00002ED2FBC39FD7F3F59CB16BC13FE7F3F81
:100CE0003053FBBBC4FE7F3F890FC9BB4EFF7F3F24
:100CF000C1CB96BBB1FF7F3FC70F49BBECFF7F3F26
:100D0000D40FC9BA0000803F0000000011FB7F3FF4
:100D1000900E493C43EC7F3FB00AC93C98D37F3FDB
:100D20002CC3163D0FB17F3F2FFB483DAB847F3F67
:100D3000742B7B3D6D4E7F3F05A9963D580E7F3F3E
:100D400080B6AF3D6DC47E3F36BDC83DB0707E3FBE
:100D50002EBCE13D24137E3F73B2FA3DCCAB7D3F08
:100D600086CF093EAC3A7D3F8340163EC9BF7C3FEB
:100D7000B6AB223E283B7C3FA2102F3ECDAC7B3F42
:100D8000CF6E3B3EBE147B3FC2C5473E02737A3FE7
:100D90000115543E9DC7793F135C603E9812793F20
:100DA0007F9A6C3EF853783FCCCF783EC58B773F27
:100DB000C07D823E07BA763F938E883EC6DE753F81
:100DC000229A8E3E0BFA743F31A0943EDD0B743FA5
:100DD00086A09A3E4714733FE59AA03E5213723F95
:100DE000128FA63E0809713FD47CAC3E73F56F3F6D
:100DF000EF63B23E9ED86E3F2A44B83E93B26D3F39
:100E00004A1DBE3E5E836C3F15EFC33E0C4B6B3FED
:100E100053B9C93EA7096A3FCA7BCF3E3CBF683F72
:100E20004136D53ED86B673F80E8DA3E880F663F93
:100E30004F92E03E59AA643F7533E63E5A3C633F09
:100E4000BBCBEB3E98C5613FEA5AF13E2146603F7D
:100E5000CBE0F63E05BE5E3F275DFC3E532D5D3F79
:100E6000E4E7003F1A945B3F3D9C033F6AF2593F21
:100E7000824B063F5348583F9BF5083FE595563F48
:100E80006B9A0B3F31DB543FDA390E3F4918533F21
:100E9000CDD3103F3D4D513F2A68133F1F7A4F3F3E
:100EA000D9F6153F029F4D3FC07F183FF8BB4B3F1F
:100EB000C6021B3F12D1493FD17F1D3F65DE473F30
:100EC000CBF61F3F03E4453F9967223F00E2433FD3
:100ED00025D2243F70D8413F5636273F67C73F3F52
:100EE0001594293FF9AE3D3F4AEB2B3F3B8F3B3FEB
:100EF000DE3B2E3F4268393FBB85303F233A373FC8
:100F0000C9C8323FF304353FF304353FC9C8323F07
:100F1000233A373FBB85303F4268393FDE3B2E3FA7
:100F20003B8F3B3F4AEB2B3FF9AE3D3F1594293FAA
:100F300067C73F3F5636273F70D8413F25D2243FF1
:100F400000E2433F9967223F03E4453FCBF61F3F52
:100F500065DE473FD17F1D3F12D1493FC6021B3F8F
:100F6000F8BB4B3FC07F183F029F4D3FD9F6153F5E
:100F70001F7A4F3F2A68133F3D4D513FCDD3103F5D
:100F80004918533FDA390E3F31DB543F6B9A0B3F20
:100F9000E595563F9BF5083F5348583F824B063F27
:100FA0006AF2593F3D9C033F1A945B3FE4E7003FE0
:100FB000532D5D3F275DFC3E05BE5E3FCBE0F63E18
:100FC0002146603FEA5AF13E98C5613FBBCBEB3EFC
:100FD0005A3C633F7533E63E59AA643F4F92E03E68
:100FE000880F663F80E8DA3ED86B673F4136D53ED2
:100FF0003CBF683FCA7BCF3EA7096A3F53B9C93E91
:101000000C4B6B3F15EFC33E5E836C3F4A1DBE3EEB
:1010100093B26D3F2A44B83E9ED86E3FEF63B23E16
:1010200073F56F3FD47CAC3E0809713F128FA63E2A
:101030005213723FE59AA03E4714733F86A09A3E32
:10104000DD0B743F31A0943E0BFA743F229A8E3E22
:10105000C6DE753F938E883E07BA763FC07D823EDE
:10106000C58B773FCCCF783EF853783F7F9A6C3E64
:101070009812793F135C603E9DC7793F0115543E3D
:1010800002737A3FC2C5473EBE147B3FCF6E3B3EE4
:10109000CDAC7B3FA2102F3E283B7C3FB6AB223E1F
:1010A000C9BF7C3F8340163EAC3A7D3F86CF093EA8
:1010B000CCAB7D3F73B2FA3D24137E3F2EBCE13DA5
:1010C000B0707E3F36BDC83D6DC47E3F80B6AF3D3B
:1010D000580E7F3F05A9963D6D4E7F3F742B7B3D9B
:1010E000AB847F3F2FFB483D0FB17F3F2CC3163DA4
:1010F00098D37F3FB00AC93C43EC7F3F900E493CF8
:1011000011FB7F3F000000000000803F900E49BCB3
:1011100011FB7F3FB00AC9BC43EC7F3F2CC316BD17
:1011200098D37F3F2FFB48BD0FB17F3F742B7BBD12
:10113000AB847F3F05A996BD6D4E7F3F80B6AFBDA6
:10114000580E7F3F36BDC8BD6DC47E3F2EBCE1BD8D
:10115000B0707E3F73B2FABD24137E3F86CF09BEC6
:10116000CCAB7D3F834016BEAC3A7D3FB6AB22BED2
:10117000C9BF7C3FA2102FBE283B7C3FCF6E3BBE39
:10118000CDAC7B3FC2C547BEBE147B3F011554BEEC
:1011900002737A3F135C60BE9DC7793F7F9A6CBE35
:1011A0009812793FCCCF78BEF853783FC07D82BE8D
:1011B000C58B773F938E88BE07BA763F229A8EBE44
:1011C000C6DE753F31A094BE0BFA743F86A09ABE6E
:1011D000DD0B743FE59AA0BE4714733F128FA6BE85
:1011E0005213723FD47CACBE0809713FEF63B2BEAC
:1011F00073F56F3F2A44B8BE9ED86E3F4A1DBEBEEF
:1012000093B26D3F15EFC3BE5E836C3F53B9C9BE49
:101210000C4B6B3FCA7BCFBEA7096A3F4136D5BE98
:101220003CBF683F80E8DABED86B673F4F92E0BEB4
:10123000880F663F7533E6BE59AA643FBBCBEBBE51
:101240005A3C633FEA5AF1BE98C5613FCBE0F6BE17
:101250002146603F275DFCBE05BE5E3FE4E700BF60
:10126000532D5D3F3D9C03BF1A945B3F824B06BFED
:101270006AF2593F9BF508BF5348583F6B9A0BBF22
:10128000E595563FDA390EBF31DB543FCDD310BF61
:101290004918533F2A6813BF3D4D513FD9F615BF3A
:1012A0001F7A4F3FC07F18BF029F4D3FC6021BBF32
:1012B000F8BB4B3FD17F1DBF12D1493FCBF61FBFBB
:1012C00065DE473F996722BF03E4453F25D224BF2F
:1012D00000E2433F563627BF70D8413F159429BFDF
:1012E00067C73F3F4AEB2BBFF9AE3D3FDE3B2EBF0A
:1012F0003B8F3B3FBB8530BF4268393FC9C832BFD7
:10130000233A373FF30435BFF304353F233A37BF61
:10131000C9C8323F426839BFBB85303F3B8F3BBFB6
:10132000DE3B2E3FF9AE3DBF4AEB2B3F67C73FBFC9
:101330001594293F70D841BF5636273F00E243BF7E
:1013400025D2243F03E445BF9967223F65DE47BFAE
:10135000CBF61F3F12D149BFD17F1D3FF8BB4BBF1A
:10136000C6021B3F029F4DBFC07F183F1F7A4FBF71
:10137000D9F6153F3D4D51BF2A68133F491853BF59
:10138000CDD3103F31DB54BFDA390E3FE59556BF60
:101390006B9A0B3F534858BF9BF5083F6AF259BF01
:1013A000824B063F1A945BBF3D9C033F532D5DBFAC
:1013B000E4E7003F05BE5EBF275DFC3E214660BFFF
:1013C000CBE0F63E98C561BFEA5AF13E5A3C63BF96
:1013D000BBCBEB3E59AA64BF7533E63E880F66BFB0
:1013E0004F92E03ED86B67BF80E8DA3E3CBF68BFF3
:1013F0004136D53EA7096ABFCA7BCF3E0C4B6BBFB7
:1014000053B9C93E5E836CBF15EFC33E93B26DBF47
:101410004A1DBE3E9ED86EBF2A44B83E73F56FBFCC
:10142000EF63B23E080971BFD47CAC3E521372BF69
:10143000128FA63E471473BFE59AA03EDD0B74BF22
:1014400086A09A3E0BFA74BF31A0943EC6DE75BFEB
:10145000229A8E3E07BA76BF938E883EC58B77BFA1
:10146000C07D823EF85378BFCCCF783E981279BFCA
:101470007F9A6C3E9DC779BF135C603E02737ABF52
:101480000115543EBE147BBFC2C5473ECDAC7BBFE9
:10149000CF6E3B3E283B7CBFA2102F3EC9BF7CBF16
:1014A000B6AB223EAC3A7DBF8340163ECCAB7DBF8F
:1014B00086CF093E24137EBF73B2FA3DB0707EBF63
:1014C0002EBCE13D6DC47EBF36BDC83D580E7FBF0A
:1014D00080B6AF3D6D4E7FBF05A9963DAB847FBF03
:1014E000742B7B3D0FB17FBF2FFB483D98D37FBF4F
:1014F0002CC3163D43EC7FBFB00AC93C11FB7FBF34
:10150000900E493C000080BF0000000011FB7FBF2F
:10151000900E49BC43EC7FBFB00AC9BC98D37FBFD3
:101520002CC316BD0FB17FBF2FFB48BDAB847FBF5F
:10153000742B7BBD6D4E7FBF05A996BD580E7FBF36
:1015400080B6AFBD6DC47EBF36BDC8BDB0707EBFB6
:101550002EBCE1BD24137EBF73B2FABDCCAB7DBF00
:1015600086CF09BEAC3A7DBF834016BEC9BF7CBFE3
:10157000B6AB22BE283B7CBFA2102FBECDAC7BBF3A
:10158000CF6E3BBEBE147BBFC2C547BE02737ABFDF
:10159000011554BE9DC779BF135C60BE981279BF18
:1015A0007F9A6CBEF85378BFCCCF78BEC58B77BF1F
:1015B000C07D82BE07BA76BF938E88BEC6DE75BF79
:1015C000229A8EBE0BFA74BF31A094BEDD0B74BF9D
:1015D00086A09ABE471473BFE59AA0BE521372BF8D
:1015E000128FA6BE080971BFD47CACBE73F56FBF65
:1015F000EF63B2BE9ED86EBF2A44B8BE93B26DBF31
:101600004A1DBEBE5E836CBF15EFC3BE0C4B6BBFE5
:1016100053B9C9BEA7096ABFCA7BCFBE3CBF68BF6A
:101620004136D5BED86B67BF80E8DABE880F66BF8B
:101630004F92E0BE59AA64BF7533E6BE5A3C63BF01
:10164000BBCBEBBE98C561BFEA5AF1BE214660BF75
:10165000CBE0F6BE05BE5EBF275DFCBE532D5DBF71
:10166000E4E700BF1A945BBF3D9C03BF6AF259BF19
:10167000824B06BF534858BF9BF508BFE59556BF40
:101680006B9A0BBF31DB54BFDA390EBF491853BF19
:10169000CDD310BF3D4D51BF2A6813BF1F7A4FBF36
:1016A000D9F615BF029F4DBFC07F18BFF8BB4BBF17
:1016B000C6021BBF12D149BFD17F1DBF65DE47BF28
:1016C000CBF61FBF03E445BF996722BF00E243BFCB
:1016D00025D224BF70D841BF563627BF67C73FBF4A
:1016E000159429BFF9AE3DBF4AEB2BBF3B8F3BBFE3
:1016F000DE3B2EBF426839BFBB8530BF233A37BFC0
:10170000C9C832BFF30435BFF30435BFC9C832BFFF
:10171000233A37BFBB8530BF426839BFDE3B2EBF9F
:101720003B8F3BBF4AEB2BBFF9AE3DBF159429BFA2
:1017300067C73FBF563627BF70D841BF25D224BFE9
:1017400000E243BF996722BF03E445BFCBF61FBF4A
:1017500065DE47BFD17F1DBF12D149BFC6021BBF87
:10176000F8BB4BBFC07F18BF029F4DBFD9F615BF56
:101770001F7A4FBF2A6813BF3D4D51BFCDD310BF55
:10178000491853BFDA390EBF31DB54BF6B9A0BBF18
:10179000E59556BF9BF508BF534858BF824B06BF1F
:1017A0006AF259BF3D9C03BF1A945BBFE4E700BFD8
:1017B000532D5DBF275DFCBE05BE5EBFCBE0F6BE10
:1017C000214660BFEA5AF1BE98C561BFBBCBEBBEF4
:1017D0005A3C63BF7533E6BE59AA64BF4F92E0BE60
:1017E000880F66BF80E8DABED86B67BF4136D5BECA
:1017F0003CBF68BFCA7BCFBEA7096ABF53B9C9BE89
:101800000C4B6BBF15EFC3BE5E836CBF4A1DBEBEE3
:1018100093B26DBF2A44B8BE9ED86EBFEF63B2BE0E
:1018200073F56FBFD47CACBE080971BF128FA6BE22
:10183000521372BFE59AA0BE471473BF86A09ABE2A
:10184000DD0B74BF31A094BE0BFA74BF229A8EBE1A
:10185000C6DE75BF938E88BE07BA76BFC07D82BED6
:10186000C58B77BFCCCF78BEF85378BF7F9A6CBE5C
:10187000981279BF135C60BE9DC779BF011554BE35
:1018800002737ABFC2C547BEBE147BBFCF6E3BBEDC
:10189000CDAC7BBFA2102FBE283B7CBFB6AB22BE17
:1018A000C9BF7CBF834016BEAC3A7DBF86CF09BEA0
:1018B000CCAB7DBF73B2FABD24137EBF2EBCE1BD9D
:1018C000B0707EBF36BDC8BD6DC47EBF80B6AFBD33
:1018D000580E7FBF05A996BD6D4E7FBF742B7BBD93
:1018E000AB847FBF2FFB48BD0FB17FBF2CC316BD9C
:1018F00098D37FBFB00AC9BC43EC7FBF900E49BCF0
:1019000011FB7FBF00000080000080BF900E493CAB
:1019100011FB7FBFB00AC93C43EC7FBF2CC3163D0F
:1019200098D37FBF2FFB483D0FB17FBF742B7B3D0A
:10193000AB847FBF05A9963D6D4E7FBF80B6AF3D9E
:10194000580E7FBF36BDC83D6DC47EBF2EBCE13D85
:10195000B0707EBF73B2FA3D24137EBF86CF093EBE
:10196000CCAB7DBF8340163EAC3A7DBFB6AB223ECA
:10197000C9BF7CBFA2102F3E283B7CBFCF6E3B3E31
:10198000CDAC7BBFC2C5473EBE147BBF0115543EE4
:1019900002737ABF135C603E9DC779BF7F9A6C3E2D
:1019A000981279BFCCCF783EF85378BFC07D823E85
:1019B000C58B77BF938E883E07BA76BF229A8E3E3C
:1019C000C6DE75BF31A0943E0BFA74BF86A09A3E66
:1019D000DD0B74BFE59AA03E471473BF128FA63E7D
:1019E000521372BFD47CAC3E080971BFEF63B23EA4
:1019F00073F56FBF2A44B83E9ED86EBF4A1DBE3EE7
:101A000093B26DBF15EFC33E5E836CBF53B9C93E41
:101A10000C4B6BBFCA7BCF3EA7096ABF4136D53E90
:101A20003CBF68BF80E8DA3ED86B67BF4F92E03EAC
:101A3000880F66BF7533E63E59AA64BFBBCBEB3E49
:101A40005A3C63BFEA5AF13E98C561BFCBE0F63E0F
:101A5000214660BF275DFC3E05BE5EBFE4E7003F58
:101A6000532D5DBF3D9C033F1A945BBF824B063FE5
:101A70006AF259BF9BF5083F534858BF6B9A0B3F1A
:101A8000E59556BFDA390E3F31DB54BFCDD3103F59
:101A9000491853BF2A68133F3D4D51BFD9F6153F32
:101AA0001F7A4FBFC07F183F029F4DBFC6021B3F2A
:101AB000F8BB4BBFD17F1D3F12D149BFCBF61F3FB3
:101AC00065DE47BF9967223F03E445BF25D2243F27
:101AD00000E243BF5636273F70D841BF1594293FD7
:101AE00067C73FBF4AEB2B3FF9AE3DBFDE3B2E3F02
:101AF0003B8F3BBFBB85303F426839BFC9C8323FCF
:101B0000233A37BFF304353FF30435BF233A373F59
:101B1000C9C832BF4268393FBB8530BF3B8F3B3FAE
:101B2000DE3B2EBFF9AE3D3F4AEB2BBF67C73F3FC1
:101B3000159429BF70D8413F563627BF00E2433F76
:101B400025D224BF03E4453F996722BF65DE473FA6
:101B5000CBF61FBF12D1493FD17F1DBFF8BB4B3F12
:101B6000C6021BBF029F4D3FC07F18BF1F7A4F3F69
:101B7000D9F615BF3D4D513F2A6813BF4918533F51
:101B8000CDD310BF31DB543FDA390EBFE595563F58
:101B90006B9A0BBF5348583F9BF508BF6AF2593FF9
:101BA000824B06BF1A945B3F3D9C03BF532D5D3FA4
:101BB000E4E700BF05BE5E3F275DFCBE2146603FF7
:101BC000CBE0F6BE98C5613FEA5AF1BE5A3C633F8E
:101BD000BBCBEBBE59AA643F7533E6BE880F663FA8
:101BE0004F92E0BED86B673F80E8DABE3CBF683FEB
:101BF0004136D5BEA7096A3FCA7BCFBE0C4B6B3FAF
:101C000053B9C9BE5E836C3F15EFC3BE93B26D3F3F
:101C10004A1DBEBE9ED86E3F2A44B8BE73F56F3FC4
:101C2000EF63B2BE0809713FD47CACBE5213723F61
:101C3000128FA6BE4714733FE59AA0BEDD0B743F1A
:101C400086A09ABE0BFA743F31A094BEC6DE753FE3
:101C5000229A8EBE07BA763F938E88BEC58B773F99
:101C6000C07D82BEF853783FCCCF78BE9812793FC2
:101C70007F9A6CBE9DC7793F135C60BE02737A3F4A
:101C8000011554BEBE147B3FC2C547BECDAC7B3FE1
:101C9000CF6E3BBE283B7C3FA2102FBEC9BF7C3F0E
:101CA000B6AB22BEAC3A7D3F834016BECCAB7D3F87
:101CB00086CF09BE24137E3F73B2FABDB0707E3F5B
:101CC0002EBCE1BD6DC47E3F36BDC8BD580E7F3F02
:101CD00080B6AFBD6D4E7F3F05A996BDAB847F3FFB
:101CE000742B7BBD0FB17F3F2FFB48BD98D37F3F47
:101CF0002CC316BD43EC7F3FB00AC9BC11FB7F3F2C
:101D0000900E49BC0000803F000000006DC47E3F83
:101D100036BDC83DBE147B3FC2C5473E0BFA743F7B
:101D200031A0943E5E836C3F15EFC33E98C5613F82
:101D3000EA5AF13E31DB543FDA390E3F03E4453FC6
:101D40009967223FF304353FF304353F9967223FFB
:101D500003E4453FDA390E3F31DB543FEA5AF13EA6
:101D600098C5613F15EFC33E5E836C3F31A0943E42
:101D70000BFA743FC2C5473EBE147B3F36BDC83D1B
:101D80006DC47E3F000000000000803F36BDC8BD2E
:101D90006DC47E3FC2C547BEBE147B3F31A094BE1A
:101DA0000BFA743F15EFC3BE5E836C3FEA5AF1BE77
:101DB00098C5613FDA390EBF31DB543F996722BFC6
:101DC00003E4453FF30435BFF304353F03E445BF67
:101DD0009967223F31DB54BFDA390E3F98C561BFA6
:101DE000EA5AF13E5E836CBF15EFC33E0BFA74BF37
:101DF00031A0943EBE147BBFC2C5473E6DC47EBFBA
:101E000036BDC83D000080BF000000006DC47EBF2D
:101E100036BDC8BDBE147BBFC2C547BE0BFA74BF7A
:101E200031A094BE5E836CBF15EFC3BE98C561BF81
:101E3000EA5AF1BE31DB54BFDA390EBF03E445BFC5
:101E4000996722BFF30435BFF30435BF996722BFFA
:101E500003E445BFDA390EBF31DB54BFEA5AF1BEA5
:101E600098C561BF15EFC3BE5E836CBF31A094BE41
:101E70000BFA74BFC2C547BEBE147BBF36BDC8BD1A
:101E80006DC47EBF00000080000080BF36BDC83D2D
:101E90006DC47EBFC2C5473EBE147BBF31A0943E19
:101EA0000BFA74BF15EFC33E5E836CBFEA5AF13E76
:101EB00098C561BFDA390E3F31DB54BF9967223FC5
:101EC00003E445BFF304353FF30435BF03E4453F66
:101ED000996722BF31DB543FDA390EBF98C5613FA5
:101EE000EA5AF1BE5E836C3F15EFC3BE0BFA743F36
:101EF00031A094BEBE147B3FC2C547BE6DC47E3FB9
:101F000036BDC8BD000000000000803F890FC93BFE
:101F1000C4FE7F3F900E493C11FB7F3FB6C9963C03
:101F2000E6F47F3FB00AC93C43EC7F3FB949FB3C34
:101F300029E17F3F2CC3163D98D37F3F07E02F3D1B
:101F40008FC37F3F2FFB483D0FB17F3F6814623D39
:101F5000189C7F3F742B7B3DAB847F3F0A208A3DDA
:101F6000C76A7F3F05A9963D6D4E7F3F8C30A33DEC
:101F70009D2F7F3F80B6AF3D580E7F3FC33ABC3D9B
:101F80009DEA7E3F36BDC83D6DC47E3FB93DD53D1F
:101F9000C99B7E3F2EBCE13DB0707E3F7638EE3D62
:101FA00023437E3F73B2FA3D24137E3F0295033EE6
:101FB000B1E07D3F86CF093ECCAB7D3FB708103EF8
:101FC00074747D3F8340163EAC3A7D3FDE761C3E06
:101FD00073FE7C3FB6AB223EC9BF7C3FFCDE283E91
:101FE000B07E7C3FA2102F3E283B7C3F9840353E80
:101FF00031F57B3FCF6E3B3ECDAC7B3F379B413EC7
:10200000FC617B3FC2C5473EBE147B3F60EE4D3E48
:1020100016C57A3F0115543E02737A3F97395A3EEE
:10202000841E7A3F135C603E9DC7793F667C663EA6
:102030004E6E793F7F9A6C3E9812793F51B6723E50
:102040007BB4783FCCCF783EF853783FE1E67E3ED4
:1020500010F1773FC07D823EC58B773FCE86853EAF
:102060001724773F938E883E07BA763F07958B3EBD
:10207000974D763F229A8E3EC6DE753FDD9D913E9E
:10208000976D753F31A0943E0BFA743F17A1973EB0
:102090002284743F86A09A3EDD0B743F789E9D3E5D
:1020A0003F91733FE59AA03E4714733FC595A33E09
:1020B000F894723F128FA63E5213723FC486A93E17
:1020C000578F713FD47CAC3E0809713F3A71AF3EE7
:1020D0006680703FEF63B23E73F56F3FEC54B53EE0
:1020E00030686F3F2A44B83E9ED86E3FA031BB3E59
:1020F000BE466E3F4A1DBE3E93B26D3F1E07C13EB7
:102100001D1C6D3F15EFC33E5E836C3F29D5C63E57
:1021100058E86B3F53B9C93E0C4B6B3F8B9BCC3E91
:102120007BAB6A3FCA7BCF3EA7096A3F095AD23EC2
:102130009165693F4136D53E3CBF683F6B10D83E44
:10214000A816683F80E8DA3ED86B673F79BEDD3E6F
:10215000CCBE663F4F92E03E880F663FFA63E33E97
:102160000B5E653F7533E63E59AA643FB700E93E12
:1021700073F4633FBBCBEB3E5A3C633F7994EE3E36
:102180001082623FEA5AF13E98C5613F071FF43E54
:10219000F206613FCBE0F63E2146603F2DA0F93EBE
:1021A00027835F3F275DFC3E05BE5E3FB217FF3EC3
:1021B000BEF65D3FE4E7003F532D5D3FB142023F75
:1021C000C7615C3F3D9C033F1A945B3F84F4043F2E
:1021D00050C45A3F824B063F6AF2593F36A1073F2F
:1021E0006A1E593F9BF5083F5348583FAD480A3F88
:1021F0002670573F6B9A0B3FE595563FD0EA0C3F50
:1022000093B9553FDA390E3F31DB543F84870F3F96
:10221000C3FA533FCDD3103F4918533FB01E123F6E
:10222000C633523F2A68133F3D4D513F39B0143FEA
:10223000AF64503FD9F6153F1F7A4F3F073C173F19
:10224000908D4E3FC07F183F029F4D3F00C2193F07
:1022500079AE4C3FC6021B3FF8BB4B3F0C421C3FC4
:102260007FC74A3FD17F1D3F12D1493F12BC1E3F5D
:10227000B3D8483FCBF61F3F65DE473FF92F213FDC
:102280002AE2463F9967223F03E4453FA99D233F49
:10229000F5E3443F25D2243F00E2433F0A05263FB1
:1022A00029DE423F5636273F70D8413F0566283F1A
:1022B000DAD0403F1594293F67C73F3F82C02A3F8D
:1022C0001BBC3E3F4AEB2B3FF9AE3D3F69142D3F0F
:1022D00003A03C3FDE3B2E3F3B8F3B3FA5612F3FA2
:1022E000A47C3A3FBB85303F4268393F1DA8313F4F
:1022F0001652383FC9C8323F233A373FBCE7333F15
:102300006C20363FF304353FF304353F6C20363FF5
:10231000BCE7333F233A373FC9C8323F1652383FF4
:102320001DA8313F4268393FBB85303FA47C3A3F0E
:10233000A5612F3F3B8F3B3FDE3B2E3F03A03C3F41
:1023400069142D3FF9AE3D3F4AEB2B3F1BBC3E3F8E
:1023500082C02A3F67C73F3F1594293FDAD0403FEC
:102360000566283F70D8413F5636273F29DE423F59
:102370000A05263F00E2433F25D2243FF5E3443FD0
:10238000A99D233F03E4453F9967223F2AE2463F48
:10239000F92F213F65DE473FCBF61F3FB3D8483FBB
:1023A00012BC1E3F12D1493FD17F1D3F7FC74A3F1C
:1023B0000C421C3FF8BB4B3FC6021B3F79AE4C3F63
:1023C00000C2193F029F4D3FC07F183F908D4E3F86
:1023D000073C173F1F7A4F3FD9F6153FAF64503F78
:1023E00039B0143F3D4D513F2A68133FC633523F29
:1023F000B01E123F4918533FCDD3103FC3FA533F8D
:1024000084870F3F31DB543FDA390E3F93B9553F94
:10241000D0EA0C3FE595563F6B9A0B3F2670573F2D
:10242000AD480A3F5348583F9BF5083F6A1E593F45
:1024300036A1073F6AF2593F824B063F50C45A3FCC
:1024400084F4043F1A945B3F3D9C033FC7615C3FAB
:10245000B142023F532D5D3FE4E7003FBEF65D3FD2
:10246000B217FF3E05BE5E3F275DFC3E27835F3F00
:102470002DA0F93E2146603FCBE0F63EF206613FDB
:10248000071FF43E98C5613FEA5AF13E1082623F51
:102490007994EE3E5A3C633FBBCBEB3E73F4633F13
:1024A000B700E93E59AA643F7533E63E0B5E653FCF
:1024B000FA63E33E880F663F4F92E03ECCBE663F34
:1024C00079BEDD3ED86B673F80E8DA3EA816683FEC
:1024D0006B10D83E3CBF683F4136D53E9165693FA1
:1024E000095AD23EA7096A3FCA7BCF3E7BAB6A3FFF
:1024F0008B9BCC3E0C4B6B3F53B9C93E58E86B3FAE
:1025000029D5C63E5E836C3F15EFC33E1D1C6D3F53
:102510001E07C13E93B26D3F4A1DBE3EBE466E3F92
:10252000A031BB3E9ED86E3F2A44B83E30686F3F14
:10253000EC54B53E73F56F3FEF63B23E6680703F7B
:102540003A71AF3E0809713FD47CAC3E578F713F62
:10255000C486A93E5213723F128FA63EF894723F72
:10256000C595A33E4714733FE59AA03E3F91733F44
:10257000789E9D3EDD0B743F86A09A3E2284743F78
:1025800017A1973E0BFA743F31A0943E976D753FAB
:10259000DD9D913EC6DE753F229A8E3E974D763F79
:1025A00007958B3E07BA763F938E883E1724773F78
:1025B000CE86853EC58B773FC07D823E10F1773F4A
:1025C000E1E67E3EF853783FCCCF783E7BB4783F4F
:1025D00051B6723E9812793F7F9A6C3E4E6E793FAB
:1025E000667C663E9DC7793F135C603E841E7A3FE1
:1025F00097395A3E02737A3F0115543E16C57A3F09
:1026000060EE4D3EBE147B3FC2C5473EFC617B3F42
:10261000379B413ECDAC7B3FCF6E3B3E31F57B3FA0
:102620009840353E283B7C3FA2102F3EB07E7C3F39
:10263000FCDE283EC9BF7C3FB6AB223E73FE7C3F2A
:10264000DE761C3EAC3A7D3F8340163E74747D3F7F
:10265000B708103ECCAB7D3F86CF093EB1E07D3F51
:102660000295033E24137E3F73B2FA3D23437E3F1F
:102670007638EE3DB0707E3F2EBCE13DC99B7E3F7B
:10268000B93DD53D6DC47E3F36BDC83D9DEA7E3F18
:10269000C33ABC3D580E7F3F80B6AF3D9D2F7F3F74
:1026A0008C30A33D6D4E7F3F05A9963DC76A7F3FA5
:1026B0000A208A3DAB847F3F742B7B3D189C7F3F73
:1026C0006814623D0FB17F3F2FFB483D8FC37F3FB2
:1026D00007E02F3D98D37F3F2CC3163D29E17F3F74
:1026E000B949FB3C43EC7F3FB00AC93CE6F47F3F6D
:1026F000B6C9963C11FB7F3F900E493CC4FE7F3F1C
:10270000890FC93B0000803F00000000C4FE7F3FEE
:10271000890FC9BB11FB7F3F900E49BCE6F47F3F98
:10272000B6C996BC43EC7F3FB00AC9BC29E17F3FE4
:10273000B949FBBC98D37F3F2CC316BD8FC37F3FE5
:1027400007E02FBD0FB17F3F2FFB48BD189C7F3F97
:10275000681462BDAB847F3F742B7BBDC76A7F3F2B
:102760000A208ABD6D4E7F3F05A996BD9D2F7F3FF4
:102770008C30A3BD580E7F3F80B6AFBD9DEA7E3F33
:10278000C33ABCBD6DC47E3F36BDC8BDC99B7E3F4C
:10279000B93DD5BDB0707E3F2EBCE1BD23437E3F29
:1027A0007638EEBD24137E3F73B2FABDB1E07D3FB3
:1027B000029503BECCAB7D3F86CF09BE74747D3FCE
:1027C000B70810BEAC3A7D3F834016BE73FE7C3F17
:1027D000DE761CBEC9BF7C3FB6AB22BEB07E7C3F5E
:1027E000FCDE28BE283B7C3FA2102FBE31F57B3F8C
:1027F000984035BECDAC7B3FCF6E3BBEFC617B3F8E
:10280000379B41BEBE147B3FC2C547BE16C57A3F4B
:1028100060EE4DBE02737A3F011554BE841E7A3FAE
:1028200097395ABE9DC7793F135C60BE4E6E793FA3
:10283000667C66BE9812793F7F9A6CBE7BB4783F07
:1028400051B672BEF853783FCCCF78BE10F1773FC7
:10285000E1E67EBEC58B773FC07D82BE1724773F01
:10286000CE8685BE07BA763F938E88BE974D763F5B
:1028700007958BBEC6DE753F229A8EBE976D753F5B
:10288000DD9D91BE0BFA743F31A094BE2284743F4B
:1028900017A197BEDD0B743F86A09ABE3F91733F90
:1028A000789E9DBE4714733FE59AA0BEF894723F90
:1028B000C595A3BE5213723F128FA6BE578F713FAC
:1028C000C486A9BE0809713FD47CACBE6680703F47
:1028D0003A71AFBE73F56F3FEF63B2BE30686F3FC2
:1028E000EC54B5BE9ED86E3F2A44B8BEBE466E3F7D
:1028F000A031BBBE93B26D3F4A1DBEBE1D1C6D3FD5
:102900001E07C1BE5E836C3F15EFC3BE58E86B3F28
:1029100029D5C6BE0C4B6B3F53B9C9BE7BAB6A3FD2
:102920008B9BCCBEA7096A3FCA7BCFBE9165693F2E
:10293000095AD2BE3CBF683F4136D5BEA816683F93
:102940006B10D8BED86B673F80E8DABECCBE663F5E
:1029500079BEDDBE880F663F4F92E0BE0B5E653FDD
:10296000FA63E3BE59AA643F7533E6BE73F4633F6E
:10297000B700E9BE5A3C633FBBCBEBBE1082623F5F
:102980007994EEBE98C5613FEA5AF1BEF206613F06
:10299000071FF4BE2146603FCBE0F6BE27835F3FB2
:1029A0002DA0F9BE05BE5E3F275DFCBEBEF65D3FB5
:1029B000B217FFBE532D5D3FE4E700BFC7615C3F28
:1029C000B14202BF1A945B3F3D9C03BF50C45A3FC3
:1029D00084F404BF6AF2593F824B06BF6A1E593F16
:1029E00036A107BF5348583F9BF508BF2670573F95
:1029F000AD480ABFE595563F6B9A0BBF93B9553F5B
:102A0000D0EA0CBF31DB543FDA390EBFC3FA533F73
:102A100084870FBF4918533FCDD310BFC633523FF1
:102A2000B01E12BF3D4D513F2A6813BFAF64503FE7
:102A300039B014BF1F7A4F3FD9F615BF908D4E3F66
:102A4000073C17BF029F4D3FC07F18BF79AE4C3F78
:102A500000C219BFF8BB4B3FC6021BBF7FC74A3F2E
:102A60000C421CBF12D1493FD17F1DBFB3D8483F94
:102A700012BC1EBF65DE473FCBF61FBF2AE2463FB2
:102A8000F92F21BF03E4453F996722BFF5E3443F97
:102A9000A99D23BF00E2433F25D224BF29DE423F48
:102AA0000A0526BF70D8413F563627BFDAD0403FCF
:102AB000056628BF67C73F3F159429BF1BBC3E3F33
:102AC00082C02ABFF9AE3D3F4AEB2BBF03A03C3F7B
:102AD00069142DBF3B8F3B3FDE3B2EBFA47C3A3FAA
:102AE000A5612FBF4268393FBB8530BF1652383FC2
:102AF0001DA831BF233A373FC9C832BF6C20363FCB
:102B0000BCE733BFF304353FF30435BFBCE7333FC5
:102B10006C2036BFC9C8323F233A37BF1DA8313FAA
:102B2000165238BFBB85303F426839BFA5612F3F81
:102B3000A47C3ABFDE3B2E3F3B8F3BBF69142D3F49
:102B400003A03CBF4AEB2B3FF9AE3DBF82C02A3FFA
:102B50001BBC3EBF1594293F67C73FBF0566283F92
:102B6000DAD040BF5636273F70D841BF0A05263F0E
:102B700029DE42BF25D2243F00E243BFA99D233F67
:102B8000F5E344BF9967223F03E445BFF92F213F96
:102B90002AE246BFCBF61F3F65DE47BF12BC1E3F91
:102BA000B3D848BFD17F1D3F12D149BF0C421C3F53
:102BB0007FC74ABFC6021B3FF8BB4BBF00C2193FCD
:102BC00079AE4CBFC07F183F029F4DBF073C173FF7
:102BD000908D4EBFD9F6153F1F7A4FBF39B0143FC5
:102BE000AF6450BF2A68133F3D4D51BFB01E123F26
:102BF000C63352BFCDD3103F491853BF84870F3F10
:102C0000C3FA53BFDA390E3F31DB54BFD0EA0C3F71
:102C100093B955BF6B9A0B3FE59556BFAD480A3F38
:102C2000267057BF9BF5083F534858BF36A1073F52
:102C30006A1E59BF824B063F6AF259BF84F4043FB3
:102C400050C45ABF3D9C033F1A945BBFB142023F40
:102C5000C7615CBFE4E7003F532D5DBFB217FF3E85
:102C6000BEF65DBF275DFC3E05BE5EBF2DA0F93EF2
:102C700027835FBFCBE0F63E214660BF071FF43ECF
:102C8000F20661BFEA5AF13E98C561BF7994EE3E03
:102C9000108262BFBBCBEB3E5A3C63BFB700E93E3C
:102CA00073F463BF7533E63E59AA64BFFA63E33E2B
:102CB0000B5E65BF4F92E03E880F66BF79BEDD3E7A
:102CC000CCBE66BF80E8DA3ED86B67BF6B10D83EDB
:102CD000A81668BF4136D53E3CBF68BF095AD23EF0
:102CE000916569BFCA7BCF3EA7096ABF8B9BCC3E6B
:102CF0007BAB6ABF53B9C93E0C4B6BBF29D5C63EEF
:102D000058E86BBF15EFC33E5E836CBF1E07C13E24
:102D10001D1C6DBF4A1DBE3E93B26DBFA031BB3EB0
:102D2000BE466EBF2A44B83E9ED86EBFEC54B53E38
:102D300030686FBFEF63B23E73F56FBF3A71AF3E5D
:102D4000668070BFD47CAC3E080971BFC486A93EC2
:102D5000578F71BF128FA63E521372BFC595A33E07
:102D6000F89472BFE59AA03E471473BF789E9D3ECB
:102D70003F9173BF86A09A3EDD0B74BF17A1973EAB
:102D8000228474BF31A0943E0BFA74BFDD9D913E46
:102D9000976D75BF229A8E3EC6DE75BF07958B3E36
:102DA000974D76BF938E883E07BA76BFCE86853E16
:102DB000172477BFC07D823EC58B77BFE1E67E3E9C
:102DC00010F177BFCCCF783EF85378BF51B6723E42
:102DD0007BB478BF7F9A6C3E981279BF667C663E62
:102DE0004E6E79BF135C603E9DC779BF97395A3EDE
:102DF000841E7ABF0115543E02737ABF60EE4D3EC9
:102E000016C57ABFC2C5473EBE147BBF379B413E45
:102E1000FC617BBFCF6E3B3ECDAC7BBF9840353E67
:102E200031F57BBFA2102F3E283B7CBFFCDE283E45
:102E3000B07E7CBFB6AB223EC9BF7CBFDE761C3EF7
:102E400073FE7CBF8340163EAC3A7DBFB708103E90
:102E500074747DBF86CF093ECCAB7DBF0295033E27
:102E6000B1E07DBF73B2FA3D24137EBF7638EE3DEC
:102E700023437EBF2EBCE13DB0707EBFB93DD53D42
:102E8000C99B7EBF36BDC83D6DC47EBFC33ABC3D45
:102E90009DEA7EBF80B6AF3D580E7FBF8C30A33D0C
:102EA0009D2F7FBF05A9963D6D4E7FBF0A208A3DAD
:102EB000C76A7FBF742B7B3DAB847FBF6814623DC4
:102EC000189C7FBF2FFB483D0FB17FBF07E02F3D10
:102ED0008FC37FBF2CC3163D98D37FBFB949FB3C3E
:102EE00029E17FBFB00AC93C43EC7FBFB6C9963C1D
:102EF000E6F47FBF900E493C11FB7FBF890FC93BB1
:102F0000C4FE7FBF000000000000803F2FFB483D53
:102F10000FB17F3F36BDC83D6DC47E3F8340163E36
:102F2000AC3A7D3FC2C5473EBE147B3FCCCF783E16
:102F3000F853783F31A0943E0BFA743FD47CAC3EFA
:102F40000809713F15EFC33E5E836C3F80E8DA3EAF
:102F5000D86B673FEA5AF13E98C5613F3D9C033FFD
:102F60001A945B3FDA390E3F31DB543FC07F183F84
:102F7000029F4D3F9967223F03E4453F4AEB2B3FB9
:102F8000F9AE3D3FF304353FF304353FF9AE3D3F25
:102F90004AEB2B3F03E4453F9967223F029F4D3F99
:102FA000C07F183F31DB543FDA390E3F1A945B3F44
:102FB0003D9C033F98C5613FEA5AF13ED86B673F9D
:102FC00080E8DA3E5E836C3F15EFC33E0809713F2F
:102FD000D47CAC3E0BFA743F31A0943EF853783F5A
:102FE000CCCF783EBE147B3FC2C5473EAC3A7D3F56
:102FF0008340163E6DC47E3F36BDC83D0FB17F3F56
:103000002FFB483D0000803F000000000FB17F3FD4
:103010002FFB48BD6DC47E3F36BDC8BDAC3A7D3F79
:10302000834016BEBE147B3FC2C547BEF853783FEF
:10303000CCCF78BE0BFA743F31A094BE0809713F23
:10304000D47CACBE5E836C3F15EFC3BED86B673FCC
:1030500080E8DABE98C5613FEA5AF1BE1A945B3F38
:103060003D9C03BF31DB543FDA390EBF029F4D3F19
:10307000C07F18BF03E4453F996722BFF9AE3D3FCB
:103080004AEB2BBFF304353FF30435BF4AEB2B3F2C
:10309000F9AE3DBF9967223F03E445BFC07F183FAB
:1030A000029F4DBFDA390E3F31DB54BF3D9C033FD9
:1030B0001A945BBFEA5AF13E98C561BF80E8DA3ED8
:1030C000D86B67BF15EFC33E5E836CBFD47CAC3E4C
:1030D000080971BF31A0943E0BFA74BFCCCF783E83
:1030E000F85378BFC2C5473EBE147BBF8340163E2F
:1030F000AC3A7DBF36BDC83D6DC47EBF2FFB483D99
:103100000FB17FBF000000000000803FC70F493BA8
:10311000B1FF7F3F890FC93BC4FE7F3F59CB163CAF
:1031200039FD7F3F900E493C11FB7F3F4B517B3C6B
:103130004AF87F3FB6C9963CE6F47F3F69EAAF3C68
:10314000E3F07F3FB00AC93C43EC7F3F7B2AE23C7F
:1031500005E77F3FB949FB3C29E17F3F2F340A3D1A
:10316000AFDA7F3F2CC3163D98D37F3FCC51233D30
:10317000E2CB7F3F07E02F3D8FC37F3FD56D3C3DC6
:103180009EBA7F3F2FFB483D0FB17F3F0E88553DD4
:10319000E3A67F3F6814623D189C7F3F38A06E3DD8
:1031A000B1907F3F742B7B3DAB847F3F0ADB833D37
:1031B00008787F3F0A208A3DC76A7F3FB464903D0C
:1031C000E95C7F3F05A9963D6D4E7F3FF9EC9C3D44
:1031D000543F7F3F8C30A33D9D2F7F3FBA73A93D65
:1031E000491F7F3F80B6AF3D580E7F3FDAF8B53DAF
:1031F000C9FC7E3FC33ABC3D9DEA7E3F397CC23D5F
:10320000D4D77E3F36BDC83D6DC47E3FB7FDCE3DB1
:1032100069B07E3FB93DD53DC99B7E3F377DDB3DE3
:103220008B867E3F2EBCE13DB0707E3F9AFAE73D33
:10323000385A7E3F7638EE3D23437E3FC075F43DDD
:10324000722B7E3F73B2FA3D24137E3F4577003EDA
:1032500038FA7D3F0295033EB1E07D3F6EB2063EF7
:103260008CC67D3F86CF093ECCAB7D3F4AEC0C3E01
:103270006E907D3FB708103E74747D3FCA24133EA4
:10328000DE577D3F8340163EAC3A7D3FE05B193E02
:10329000DD1C7D3FDE761C3E73FE7C3F7B911F3E36
:1032A0006CDF7C3FB6AB223EC9BF7C3F8CC5253E60
:1032B0008A9F7C3FFCDE283EB07E7C3F04F82B3E9C
:1032C0003A5D7C3FA2102F3E283B7C3FD428323E03
:1032D0007A187C3F9840353E31F57B3FEC57383EBD
:1032E0004DD17B3FCF6E3B3ECDAC7B3F3E853E3EDE
:1032F000B2877B3F379B413EFC617B3FB9B0443E88
:10330000AB3B7B3FC2C5473EBE147B3F4FDA4A3ED4
:1033100037ED7A3F60EE4D3E16C57A3FF101513EE2
:10332000599C7A3F0115543E02737A3F8F27573ECE
:1033300010497A3F97395A3E841E7A3F1A4B5D3EB8
:103340005EF3793F135C603E9DC7793F836C633EBB
:10335000439B793F667C663E4E6E793FBA8B693EF1
:10336000C040793F7F9A6C3E9812793FB2A86F3E79
:10337000D6E3783F51B6723E7BB4783F5AC3753E70
:103380008684783FCCCF783EF853783FA4DB7B3EF1
:10339000D122783FE1E67E3E10F1773FC0F8803ED3
:1033A000B7BE773FC07D823EC58B773F7002843EBB
:1033B0003A58773FCE86853E1724773FDA0A873E14
:1033C0005BEF763F938E883E07BA763FF8118A3ED0
:1033D0001B84763F07958B3E974D763FC0178D3EF9
:1033E0007A16763F229A8E3EC6DE753F2C1C903EA2
:1033F0007BA6753FDD9D913E976D753F351F933ED2
:103400001D34753F31A0943E0BFA743FD220963E96
:1034100062BF743F17A1973E2284743FFE20993EFD
:103420004B48743F86A09A3EDD0B743FAF1F9C3E15
:10343000D9CE733F789E9D3E3F91733FDF1C9F3EE8
:103440000E53733FE59AA03E4714733F8718A23E80
:10345000EBD4723FC595A33EF894723F9F12A53EF0
:103460007054723F128FA63E5213723F1F0BA83E3C
:103470009FD1713FC486A93E578F713F0102AB3E79
:103480007A4C713FD47CAC3E0809713F3CF7AD3EAD
:1034900002C5703F3A71AF3E6680703FCBEAB03EE6
:1034A000373B703FEF63B23E73F56F3FA5DCB33E31
:1034B0001BAF6F3FEC54B53E30686F3FC3CCB63E98
:1034C000B0206F3F2A44B83E9ED86E3F1EBBB93E27
:1034D000F88F6E3FA031BB3EBE466E3FAFA7BC3EED
:1034E000F2FC6D3F4A1DBE3E93B26D3F6F92BF3EF0
:1034F000A1676D3F1E07C13E1D1C6D3F557BC23E3F
:1035000007D06C3F15EFC33E5E836C3F5C62C53EE7
:1035100024366C3F29D5C63E58E86B3F7C47C83EF1
:10352000FB996B3F53B9C93E0C4B6B3FAE2ACB3E68
:103530008CFB6A3F8B9BCC3E7BAB6A3FEA0BCE3E5B
:10354000D95A6A3FCA7BCF3EA7096A3F2AEBD03ED1
:10355000E4B7693F095AD23E9165693F67C8D33ED7
:10356000AE12693F4136D53E3CBF683F99A3D63E77
:10357000396B683F6B10D83EA816683FB97CD93EBE
:1035800087C1673F80E8DA3ED86B673FC153DC3EB6
:103590009915673F79BEDD3ECCBE663FA928DF3E68
:1035A0007167663F4F92E03E880F663F6AFBE13EDF
:1035B00010B7653FFA63E33E0B5E653FFECBE43E2A
:1035C0007904653F7533E63E59AA643F5D9AE73E4C
:1035D000AC4F643FB700E93E73F4633F8166EA3E57
:1035E000AC98633FBBCBEB3E5A3C633F6330ED3E50
:1035F0007BDF623F7994EE3E1082623FFBF7EF3E45
:103600001A24623FEA5AF13E98C5613F43BDF23E3B
:103610008A66613F071FF43EF206613F3580F53E42
:10362000CFA6603FCBE0F63E2146603FC840F83E63
:10363000E9E45F3F2DA0F93E27835F3FF7FEFA3EA6
:10364000DB205F3F275DFC3E05BE5E3FBBBAFD3E13
:10365000A65A5E3FB217FF3EBEF65D3F063A003FF8
:103660004D925D3FE4E7003F532D5D3F7395013F71
:10367000D1C75C3FB142023FC7615C3F9FEF023F51
:1036800034FB5B3F3D9C033F1A945B3F8948043FFA
:10369000792C5B3F84F4043F50C45A3F2CA0053F73
:1036A000A05B5A3F824B063F6AF2593F86F6063FBF
:1036B000AD88593F36A1073F6A1E593F924B083FDC
:1036C000A1B3583F9BF5083F5348583F4E9F093FD1
:1036D0007FDC573FAD480A3F2670573FB7F10A3F9E
:1036E0004803573F6B9A0B3FE595563FC9420C3F45
:1036F000FE27563FD0EA0C3F93B9553F81920D3FCC
:10370000A44A553FDA390E3F31DB543FDBE00E3F30
:103710003B6B543F84870F3FC3FA533FD52D103F77
:10372000C789533FCDD3103F4918533F6B79113FA1
:1037300049A6523FB01E123FC633523F9AC3123FB2
:10374000C2C0513F2A68133F3D4D513F5F0C143FAB
:1037500037D9503F39B0143FAF64503FB753153F8E
:10376000A8EF4F3FD9F6153F1F7A4F3F9F99163F5D
:1037700017044F3F073C173F908D4E3F12DE173F17
:1037800089164E3FC07F183F029F4D3F0F21193FC2
:10379000FD264D3F00C2193F79AE4C3F93621A3F60
:1037A00078354C3FC6021B3FF8BB4B3F99A21B3FED
:1037B000FA414B3F0C421C3F7FC74A3F1FE11C3F71
:1037C000874C4A3FD17F1D3F12D1493F221E1E3FE9
:1037D0002155493F12BC1E3FB3D8483F9F591F3F58
:1037E000CA5B483FCBF61F3F65DE473F9393203FC0
:1037F0008560473FF92F213F2AE2463FFBCB213F1F
:103800005463463F9967223F03E4453FD302233F79
:103810003964453FA99D233FF5E3443F1A38243FCF
:103820003763443F25D2243F00E2433FCB6B253F23
:103830005160433F0A05263F29DE423FE39D263F74
:10384000895B423F5636273F70D8413F61CE273FC4
:10385000E154413F0566283FDAD0403F41FD283F13
:103860005C4C403F1594293F67C73F3F802A2A3F61
:10387000FC413F3F82C02A3F1BBC3E3F1B562B3FB3
:10388000C5353E3F4AEB2B3FF9AE3D3F0F802C3F05
:10389000B8273D3F69142D3F03A03C3F59A82D3F59
:1038A000D9173C3FDE3B2E3F3B8F3B3FF7CE2E3FB1
:1038B00029063B3FA5612F3FA47C3A3FE6F32F3F0B
:1038C000ACF2393FBB85303F4268393F2217313F68
:1038D00065DD383F1DA8313F1652383FAA38323FC8
:1038E00055C6373FC9C8323F233A373F7A58333F2E
:1038F0007FAD363FBCE7333F6C20363F8F76343F99
:10390000E792353FF304353FF304353FE792353F07
:103910008F76343F6C20363FBCE7333F7FAD363F78
:103920007A58333F233A373FC9C8323F55C6373FED
:10393000AA38323F1652383F1DA8313F65DD383F67
:103940002217313F4268393FBB85303FACF2393FE7
:10395000E6F32F3FA47C3A3FA5612F3F29063B3F6A
:10396000F7CE2E3F3B8F3B3FDE3B2E3FD9173C3FF0
:1039700059A82D3F03A03C3F69142D3FB8273D3F78
:103980000F802C3FF9AE3D3F4AEB2B3FC5353E3F04
:103990001B562B3F1BBC3E3F82C02A3FFC413F3F92
:1039A000802A2A3F67C73F3F1594293F5C4C403F20
:1039B00041FD283FDAD0403F0566283FE154413FB2
:1039C00061CE273F70D8413F5636273F895B423F43
:1039D000E39D263F29DE423F0A05263F5160433FD3
:1039E000CB6B253F00E2433F25D2243F3763443F62
:1039F0001A38243FF5E3443FA99D233F3964453FEE
:103A0000D302233F03E4453F9967223F5463463F77
:103A1000FBCB213F2AE2463FF92F213F8560473FFC
:103A20009393203F65DE473FCBF61F3FCA5B483F7D
:103A30009F591F3FB3D8483F12BC1E3F2155493FF5
:103A4000221E1E3F12D1493FD17F1D3F874C4A3F66
:103A50001FE11C3F7FC74A3F0C421C3FFA414B3FCE
:103A600099A21B3FF8BB4B3FC6021B3F78354C3F2A
:103A700093621A3F79AE4C3F00C2193FFD264D3F7D
:103A80000F21193F029F4D3FC07F183F89164E3FBF
:103A900012DE173F908D4E3F073C173F17044F3FF4
:103AA0009F99163F1F7A4F3FD9F6153FA8EF4F3F1A
:103AB000B753153FAF64503F39B0143F37D9503F2B
:103AC0005F0C143F3D4D513F2A68133FC2C0513F28
:103AD0009AC3123FC633523FB01E123F49A6523F0F
:103AE0006B79113F4918533FCDD3103FC789533FDE
:103AF000D52D103FC3FA533F84870F3F3B6B543F94
:103B0000DBE00E3F31DB543FDA390E3FA44A553F2C
:103B100081920D3F93B9553FD0EA0C3FFE27563FA7
:103B2000C9420C3FE595563F6B9A0B3F4803573F00
:103B3000B7F10A3F2670573FAD480A3F7FDC573F39
:103B40004E9F093F5348583F9BF5083FA1B3583F4C
:103B5000924B083F6A1E593F36A1073FAD88593F37
:103B600086F6063F6AF2593F824B063FA05B5A3FFA
:103B70002CA0053F50C45A3F84F4043F792C5B3F8E
:103B80008948043F1A945B3F3D9C033F34FB5B3FF5
:103B90009FEF023FC7615C3FB142023FD1C75C3F2C
:103BA0007395013F532D5D3FE4E7003F4D925D3F2C
:103BB000063A003FBEF65D3FB217FF3EA65A5E3F93
:103BC000BBBAFD3E05BE5E3F275DFC3EDB205F3F8E
:103BD000F7FEFA3E27835F3F2DA0F93EE9E45F3F01
:103BE000C840F83E2146603FCBE0F63ECFA6603F9E
:103BF0003580F53EF206613F071FF43E8A66613F5D
:103C000043BDF23E98C5613FEA5AF13E1A24623F35
:103C1000FBF7EF3E1082623F7994EE3E7BDF623F1E
:103C20006330ED3E5A3C633FBBCBEB3EAC98633F09
:103C30008166EA3E73F4633FB700E93EAC4F643FF0
:103C40005D9AE73E59AA643F7533E63E7904653FC5
:103C5000FECBE43E0B5E653FFA63E33E10B7653F83
:103C60006AFBE13E880F663F4F92E03E7167663F18
:103C7000A928DF3ECCBE663F79BEDD3E9915673F81
:103C8000C153DC3ED86B673F80E8DA3E87C1673FAF
:103C9000B97CD93EA816683F6B10D83E396B683F97
:103CA00099A3D63E3CBF683F4136D53EAE12693F30
:103CB00067C8D33E9165693F095AD23EE4B7693F70
:103CC0002AEBD03EA7096A3FCA7BCF3ED95A6A3F4A
:103CD000EA0BCE3E7BAB6A3F8B9BCC3E8CFB6A3FB4
:103CE000AE2ACB3E0C4B6B3F53B9C93EFB996B3FA1
:103CF0007C47C83E58E86B3F29D5C63E24366C3F0A
:103D00005C62C53E5E836C3F15EFC33E07D06C3FDF
:103D1000557BC23E1D1C6D3F1E07C13EA1676D3F16
:103D20006F92BF3E93B26D3F4A1DBE3EF2FC6D3FA7
:103D3000AFA7BC3EBE466E3FA031BB3EF88F6E3F84
:103D40001EBBB93E9ED86E3F2A44B83EB0206F3F9E
:103D5000C3CCB63E30686F3FEC54B53E1BAF6F3FEF
:103D6000A5DCB33E73F56F3FEF63B23E373B703F68
:103D7000CBEAB03E6680703F3A71AF3E02C5703FFD
:103D80003CF7AD3E0809713FD47CAC3E7A4C713FA4
:103D90000102AB3E578F713FC486A93E9FD1713F50
:103DA0001F0BA83E5213723F128FA63E7054723FF3
:103DB0009F12A53EF894723FC595A33EEBD4723F87
:103DC0008718A23E4714733FE59AA03E0E53733FF7
:103DD000DF1C9F3E3F91733F789E9D3ED9CE733F3F
:103DE000AF1F9C3EDD0B743F86A09A3E4B48743F4C
:103DF000FE20993E2284743F17A1973E62BF743F14
:103E0000D220963E0BFA743F31A0943E1D34753F8C
:103E1000351F933E976D753FDD9D913E7BA6753FA7
:103E20002C1C903EC6DE753F229A8E3E7A16763F57
:103E3000C0178D3E974D763F07958B3E1B84763F8E
:103E4000F8118A3E07BA763F938E883E5BEF763F45
:103E5000DA0A873E1724773FCE86853E3A58773F69
:103E60007002843EC58B773FC07D823EB7BE773FF0
:103E7000C0F8803E10F1773FE1E67E3ED122783FE8
:103E8000A4DB7B3EF853783FCCCF783E8684783FE6
:103E90005AC3753E7BB4783F51B6723ED6E3783F45
:103EA000B2A86F3E9812793F7F9A6C3EC040793F2E
:103EB000BA8B693E4E6E793F667C663E439B793F86
:103EC000836C633E9DC7793F135C603E5EF3793F30
:103ED0001A4B5D3E841E7A3F97395A3E10497A3F0D
:103EE0008F27573E02737A3F0115543E599C7A3F03
:103EF000F101513E16C57A3F60EE4D3E37ED7A3FF7
:103F00004FDA4A3EBE147B3FC2C5473EAB3B7B3FC8
:103F1000B9B0443EFC617B3F379B413EB2877B3F5B
:103F20003E853E3ECDAC7B3FCF6E3B3E4DD17B3F91
:103F3000EC57383E31F57B3F9840353E7A187C3F50
:103F4000D428323E283B7C3FA2102F3E3A5D7C3F76
:103F500004F82B3EB07E7C3FFCDE283E8A9F7C3FEF
:103F60008CC5253EC9BF7C3FB6AB223E6CDF7C3F93
:103F70007B911F3E73FE7C3FDE761C3EDD1C7D3F49
:103F8000E05B193EAC3A7D3F8340163EDE577D3FF5
:103F9000CA24133E74747D3FB708103E6E907D3F77
:103FA0004AEC0C3ECCAB7D3F86CF093E8CC67D3FB4
:103FB0006EB2063EB1E07D3F0295033E38FA7D3F8A
:103FC0004577003E24137E3F73B2FA3D722B7E3F4D
:103FD000C075F43D23437E3F7638EE3D385A7E3F30
:103FE0009AFAE73DB0707E3F2EBCE13D8B867E3F66
:103FF000377DDB3DC99B7E3FB93DD53D69B07E3FF6
:10400000B7FDCE3D6DC47E3F36BDC83DD4D77E3FA3
:10401000397CC23D9DEA7E3FC33ABC3DC9FC7E3F30
:10402000DAF8B53D580E7F3F80B6AF3D491F7F3F60
:10403000BA73A93D9D2F7F3F8C30A33D543F7F3FF6
:10404000F9EC9C3D6D4E7F3F05A9963DE95C7F3FB5
:10405000B464903DC76A7F3F0A208A3D08787F3F5D
:104060000ADB833DAB847F3F742B7B3DB1907F3F68
:1040700038A06E3D189C7F3F6814623DE3A67F3FE9
:104080000E88553D0FB17F3F2FFB483D9EBA7F3FC5
:10409000D56D3C3D8FC37F3F07E02F3DE2CB7F3F97
:1040A000CC51233D98D37F3F2CC3163DAFDA7F3FE1
:1040B0002F340A3D29E17F3FB949FB3C05E77F3FAB
:1040C0007B2AE23C43EC7F3FB00AC93CE3F07F3FF0
:1040D00069EAAF3CE6F47F3FB6C9963C4AF87F3FB9
:1040E0004B517B3C11FB7F3F900E493C39FD7F3F9C
:1040F00059CB163CC4FE7F3F890FC93BB1FF7F3FC0
:10410000C70F493B0000803F00000000B1FF7F3F28
:10411000C70F49BBC4FE7F3F890FC9BB39FD7F3F35
:1041200059CB16BC11FB7F3F900E49BC4AF87F3F2C
:104130004B517BBCE6F47F3FB6C996BCE3F07F3FB2
:1041400069EAAFBC43EC7F3FB00AC9BC05E77F3FDB
:104150007B2AE2BC29E17F3FB949FBBCAFDA7F3F54
:104160002F340ABD98D37F3F2CC316BDE2CB7F3FCF
:10417000CC5123BD8FC37F3F07E02FBD9EBA7F3F49
:10418000D56D3CBD0FB17F3F2FFB48BDE3A67F3F00
:104190000E8855BD189C7F3F681462BDB1907F3F6B
:1041A00038A06EBDAB847F3F742B7BBD08787F3F0A
:1041B0000ADB83BDC76A7F3F0A208ABDE95C7F3F77
:1041C000B46490BD6D4E7F3F05A996BD543F7F3FBF
:1041D000F9EC9CBD9D2F7F3F8C30A3BD491F7F3FD5
:1041E000BA73A9BD580E7F3F80B6AFBDC9FC7E3FF4
:1041F000DAF8B5BD9DEA7E3FC33ABCBDD4D77E3F59
:10420000397CC2BD6DC47E3F36BDC8BD69B07E3F3E
:10421000B7FDCEBDC99B7E3FB93DD5BD8B867E3FE8
:10422000377DDBBDB0707E3F2EBCE1BD385A7E3F8E
:104230009AFAE7BD23437E3F7638EEBD722B7E3F70
:10424000C075F4BD24137E3F73B2FABD38FA7D3FCA
:10425000457700BEB1E07D3F029503BE8CC67D3F31
:104260006EB206BECCAB7D3F86CF09BE6E907D3F61
:104270004AEC0CBE74747D3FB70810BEDE577D3F1C
:10428000CA2413BEAC3A7D3F834016BEDD1C7D3F81
:10429000E05B19BE73FE7C3FDE761CBE6CDF7C3FAC
:1042A0007B911FBEC9BF7C3FB6AB22BE8A9F7C3FBD
:1042B0008CC525BEB07E7C3FFCDE28BE3A5D7C3FCF
:1042C00004F82BBE283B7C3FA2102FBE7A187C3FFF
:1042D000D42832BE31F57B3F984035BE4DD17B3F6F
:1042E000EC5738BECDAC7B3FCF6E3BBEB2877B3F39
:1042F0003E853EBEFC617B3F379B41BEAB3B7B3F77
:10430000B9B044BEBE147B3FC2C547BE37ED7A3F4D
:104310004FDA4ABE16C57A3F60EE4DBE599C7A3FD1
:10432000F10151BE02737A3F011554BE10497A3F24
:104330008F2757BE841E7A3F97395ABE5EF3793F66
:104340001A4B5DBE9DC7793F135C60BE439B793FAE
:10435000836C63BE4E6E793F667C66BEC040793F1B
:10436000BA8B69BE9812793F7F9A6CBED6E3783FCC
:10437000B2A86FBE7BB4783F51B672BE8684783FD8
:104380005AC375BEF853783FCCCF78BED122783F60
:10439000A4DB7BBE10F1773FE1E67EBEB7BE773F80
:1043A000C0F880BEC58B773FC07D82BE3A58773F4C
:1043B000700284BE1724773FCE8685BE5BEF763FC2
:1043C000DA0A87BE07BA763F938E88BE1B84763F93
:1043D000F8118ABE974D763F07958BBE7A16763FC9
:1043E000C0178DBEC6DE753F229A8EBE7BA6753F76
:1043F0002C1C90BE976D753FDD9D91BE1D34753FA1
:10440000351F93BE0BFA743F31A094BE62BF743F58
:10441000D22096BE2284743F17A197BE4B48743FAA
:10442000FE2099BEDD0B743F86A09ABED9CE733FA5
:10443000AF1F9CBE3F91733F789E9DBE0E53733F4E
:10444000DF1C9FBE4714733FE59AA0BEEBD4723FBA
:104450008718A2BEF894723FC595A3BE7054723FF0
:104460009F12A5BE5213723F128FA6BE9FD1713FFD
:104470001F0BA8BE578F713FC486A9BE7A4C713FEF
:104480000102ABBE0809713FD47CACBE02C5703FCF
:104490003CF7ADBE6680703F3A71AFBE373B703FB0
:1044A000CBEAB0BE73F56F3FEF63B2BE1BAF6F3F99
:1044B000A5DCB3BE30686F3FEC54B5BEB0206F3F93
:1044C000C3CCB6BE9ED86E3F2A44B8BEF88F6E3FAE
:1044D0001EBBB9BEBE466E3FA031BBBEF2FC6D3FF7
:1044E000AFA7BCBE93B26D3F4A1DBEBEA1676D3F74
:1044F0006F92BFBE1D1C6D3F1E07C1BE07D06C3F33
:10450000557BC2BE5E836C3F15EFC3BE24366C3F45
:104510005C62C5BE58E86B3F29D5C6BEFB996B3FB0
:104520007C47C8BE0C4B6B3F53B9C9BE8CFB6A3F7E
:10453000AE2ACBBE7BAB6A3F8B9BCCBED95A6A3FBF
:10454000EA0BCEBEA7096A3FCA7BCFBEE4B7693F7C
:104550002AEBD0BE9165693F095AD2BEAE12693FBF
:1045600067C8D3BE3CBF683F4136D5BE396B683F94
:1045700099A3D6BEA816683F6B10D8BE87C1673F07
:10458000B97CD9BED86B673F80E8DABE9915673F22
:10459000C153DCBECCBE663F79BEDDBE7167663FEF
:1045A000A928DFBE880F663F4F92E0BE10B7653F77
:1045B0006AFBE1BE0B5E653FFA63E3BE7904653FCB
:1045C000FECBE4BE59AA643F7533E6BEAC4F643FF0
:1045D0005D9AE7BE73F4633FB700E9BEAC98633FF2
:1045E0008166EABE5A3C633FBBCBEBBE7BDF623FDA
:1045F0006330EDBE1082623F7994EEBE1A24623FB2
:10460000FBF7EFBE98C5613FEA5AF1BE8A66613F8B
:1046100043BDF2BEF206613F071FF4BECFA6603F66
:104620003580F5BE2146603FCBE0F6BEE9E45F3F52
:10463000C840F8BE27835F3F2DA0F9BEDB205F3F57
:10464000F7FEFABE05BE5E3F275DFCBEA65A5E3F82
:10465000BBBAFDBEBEF65D3FB217FFBE4D925D3FD9
:10466000063A00BF532D5D3FE4E700BFD1C75C3F72
:10467000739501BFC7615C3FB14202BF34FB5B3F32
:104680009FEF02BF1A945B3F3D9C03BF792C5B3FB9
:10469000894804BF50C45A3F84F404BFA05B5A3F0A
:1046A0002CA005BF6AF2593F824B06BFAD88593F27
:1046B00086F606BF6A1E593F36A107BFA1B3583F11
:1046C000924B08BF5348583F9BF508BF7FDC573FCC
:1046D0004E9F09BF2670573FAD480ABF4803573F5A
:1046E000B7F10ABFE595563F6B9A0BBFFE27563FC1
:1046F000C9420CBF93B9553FD0EA0CBFA44A553FFD
:1047000081920DBF31DB543FDA390EBF3B6B543F12
:10471000DBE00EBFC3FA533F84870FBFC789533F07
:10472000D52D10BF4918533FCDD310BF49A6523FD6
:104730006B7911BFC633523FB01E12BFC2C0513F8A
:104740009AC312BF3D4D513F2A6813BF37D9503F1E
:104750005F0C14BFAF64503F39B014BFA8EF4F3F98
:10476000B75315BF1F7A4F3FD9F615BF17044F3FF8
:104770009F9916BF908D4E3F073C17BF89164E3F3D
:1047800012DE17BF029F4D3FC07F18BFFD264D3F71
:104790000F2119BF79AE4C3F00C219BF78354C3F8D
:1047A00093621ABFF8BB4B3FC6021BBFFA414B3F97
:1047B00099A21BBF7FC74A3F0C421CBF874C4A3F90
:1047C0001FE11CBF12D1493FD17F1DBF2155493F79
:1047D000221E1EBFB3D8483F12BC1EBFCA5B483F53
:1047E0009F591FBF65DE473FCBF61FBF8560473F20
:1047F000939320BF2AE2463FF92F21BF5463463FDF
:10480000FBCB21BF03E4453F996722BF3964453F95
:10481000D30223BFF5E3443FA99D23BF3763443F41
:104820001A3824BF00E2433F25D224BF5160433FE2
:10483000CB6B25BF29DE423F0A0526BF895B423F7D
:10484000E39D26BF70D8413F563627BFE154413F14
:1048500061CE27BFDAD0403F056628BF5C4C403FA1
:1048600041FD28BF67C73F3F159429BFFC413F3F2B
:10487000802A2ABF1BBC3E3F82C02ABFC5353E3FAF
:104880001B562BBFF9AE3D3F4AEB2BBFB8273D3F30
:104890000F802CBF03A03C3F69142DBFD9173C3FAC
:1048A00059A82DBF3B8F3B3FDE3B2EBF29063B3F28
:1048B000F7CE2EBFA47C3A3FA5612FBFACF2393FA3
:1048C000E6F32FBF4268393FBB8530BF65DD383F17
:1048D000221731BF1652383F1DA831BF55C6373F8A
:1048E000AA3832BF233A373FC9C832BF7FAD363FFF
:1048F0007A5833BF6C20363FBCE733BFE792353F71
:104900008F7634BFF304353FF30435BF8F76343FE1
:10491000E79235BFBCE7333F6C2036BF7A58333F50
:104920007FAD36BFC9C8323F233A37BFAA38323FBE
:1049300055C637BF1DA8313F165238BF2217313F29
:1049400065DD38BFBB85303F426839BFE6F32F3F96
:10495000ACF239BFA5612F3FA47C3ABFF7CE2E3F02
:1049600029063BBFDE3B2E3F3B8F3BBF59A82D3F67
:10497000D9173CBF69142D3F03A03CBF0F802C3FCB
:10498000B8273DBF4AEB2B3FF9AE3DBF1B562B3F2F
:10499000C5353EBF82C02A3F1BBC3EBF802A2A3F8E
:1049A000FC413FBF1594293F67C73FBF41FD283FEA
:1049B0005C4C40BF0566283FDAD040BF61CE273F40
:1049C000E15441BF5636273F70D841BFE39D263F93
:1049D000895B42BF0A05263F29DE42BFCB6B253FDC
:1049E000516043BF25D2243F00E243BF1A38243F21
:1049F000376344BFA99D233FF5E344BFD302233F60
:104A0000396445BF9967223F03E445BFFBCB213F93
:104A1000546346BFF92F213F2AE246BF9393203FBC
:104A2000856047BFCBF61F3F65DE47BF9F591F3FDD
:104A3000CA5B48BF12BC1E3FB3D848BF221E1E3FF0
:104A4000215549BFD17F1D3F12D149BF1FE11C3FF6
:104A5000874C4ABF0C421C3F7FC74ABF99A21B3FED
:104A6000FA414BBFC6021B3FF8BB4BBF93621A3FD4
:104A700078354CBF00C2193F79AE4CBF0F21193FAA
:104A8000FD264DBFC07F183F029F4DBF12DE173F6E
:104A900089164EBF073C173F908D4EBF9F99163F1A
:104AA00017044FBFD9F6153F1F7A4FBFB753153FB5
:104AB000A8EF4FBF39B0143FAF6450BF5F0C143F35
:104AC00037D950BF2A68133F3D4D51BF9AC3123F9B
:104AD000C2C051BFB01E123FC63352BF6B79113FE7
:104AE00049A652BFCDD3103F491853BFD52D103F13
:104AF000C78953BF84870F3FC3FA53BFDBE00E3F24
:104B00003B6B54BFDA390E3F31DB54BF81920D3F0E
:104B1000A44A55BFD0EA0C3F93B955BFC9420C3FD8
:104B2000FE2756BF6B9A0B3FE59556BFB7F10A3F7C
:104B3000480357BFAD480A3F267057BF4E9F093FF5
:104B40007FDC57BF9BF5083F534858BF924B083F47
:104B5000A1B358BF36A1073F6A1E59BF86F6063F6C
:104B6000AD8859BF824B063F6AF259BF2CA0053F62
:104B7000A05B5ABF84F4043F50C45ABF8948043F25
:104B8000792C5BBF3D9C033F1A945BBF9FEF023FB4
:104B900034FB5BBFB142023FC7615CBF7395013F0D
:104BA000D1C75CBFE4E7003F532D5DBF063A003F2D
:104BB0004D925DBFB217FF3EBEF65DBFBBBAFD3E74
:104BC000A65A5EBF275DFC3E05BE5EBFF7FEFA3EFD
:104BD000DB205FBF2DA0F93E27835FBFC840F83EB2
:104BE000E9E45FBFCBE0F63E214660BF3580F53E8D
:104BF000CFA660BF071FF43EF20661BF43BDF23E81
:104C00008A6661BFEA5AF13E98C561BFFBF7EF3E85
:104C10001A2462BF7994EE3E108262BF6330ED3E8B
:104C20007BDF62BFBBCBEB3E5A3C63BF8166EA3E93
:104C3000AC9863BFB700E93E73F463BF5D9AE73E8B
:104C4000AC4F64BF7533E63E59AA64BFFECBE43E69
:104C5000790465BFFA63E33E0B5E65BF6AFBE13E24
:104C600010B765BF4F92E03E880F66BFA928DF3EB0
:104C7000716766BF79BEDD3ECCBE66BFC153DC3E08
:104C8000991567BF80E8DA3ED86B67BFB97CD93E1B
:104C900087C167BF6B10D83EA81668BF99A3D63EE0
:104CA000396B68BF4136D53E3CBF68BF67C8D33E4D
:104CB000AE1269BF095AD23E916569BF2AEBD03E58
:104CC000E4B769BFCA7BCF3EA7096ABFEA0BCE3EF5
:104CD000D95A6ABF8B9BCC3E7BAB6ABFAE2ACB3E18
:104CE0008CFB6ABF53B9C93E0C4B6BBF7C47C83EB7
:104CF000FB996BBF29D5C63E58E86BBF5C62C53EC9
:104D000024366CBF15EFC33E5E836CBF557BC23E3D
:104D100007D06CBF1E07C13E1D1C6DBF6F92BF3E0A
:104D2000A1676DBF4A1DBE3E93B26DBFAFA7BC3E2B
:104D3000F2FC6DBFA031BB3EBE466EBF1EBBB93E8E
:104D4000F88F6EBF2A44B83E9ED86EBFC3CCB63E25
:104D5000B0206FBFEC54B53E30686FBFA5DCB33EEA
:104D60001BAF6FBFEF63B23E73F56FBFCBEAB03ED0
:104D7000373B70BF3A71AF3E668070BF3CF7AD3EC7
:104D800002C570BFD47CAC3E080971BF0102AB3EC6
:104D90007A4C71BFC486A93E578F71BF1F0BA83EC6
:104DA0009FD171BF128FA63E521372BF9F12A53EB4
:104DB000705472BFC595A33EF89472BF8718A23E87
:104DC000EBD472BFE59AA03E471473BFDF1C9F3E31
:104DD0000E5373BF789E9D3E3F9173BFAF1F9C3EA5
:104DE000D9CE73BF86A09A3EDD0B74BFFE20993EDC
:104DF0004B4874BF17A1973E228474BFD220963EC1
:104E000062BF74BF31A0943E0BFA74BF351F933E4E
:104E10001D3475BFDD9D913E976D75BF2C1C903E76
:104E20007BA675BF229A8E3EC6DE75BFC0178D3E2B
:104E30007A1676BF07958B3E974D76BFF8118A3E5E
:104E40001B8476BF938E883E07BA76BFDA0A873E08
:104E50005BEF76BFCE86853E172477BF7002843E17
:104E60003A5877BFC07D823EC58B77BFC0F8803E81
:104E7000B7BE77BFE1E67E3E10F177BFA4DB7B3E95
:104E8000D12278BFCCCF783EF85378BF5AC3753E55
:104E9000868478BF51B6723E7BB478BFB2A86F3EAD
:104EA000D6E378BF7F9A6C3E981279BFBA8B693E81
:104EB000C04079BF667C663E4E6E79BF836C633EB0
:104EC000439B79BF135C603E9DC779BF1A4B5D3E23
:104ED0005EF379BF97395A3E841E7ABF8F27573EBB
:104EE00010497ABF0115543E02737ABFF101513E59
:104EF000599C7ABF60EE4D3E16C57ABF4FDA4A3EE6
:104F000037ED7ABFC2C5473EBE147BBFB9B0443E41
:104F1000AB3B7BBF379B413EFC617BBF3E853E3E4A
:104F2000B2877BBFCF6E3B3ECDAC7BBFEC57383EEC
:104F30004DD17BBF9840353E31F57BBFD428323E02
:104F40007A187CBFA2102F3E283B7CBF04F82B3E72
:104F50003A5D7CBFFCDE283EB07E7CBF8CC5253E22
:104F60008A9F7CBFB6AB223EC9BF7CBF7B911F3EF0
:104F70006CDF7CBFDE761C3E73FE7CBFE05B193EBF
:104F8000DD1C7DBF8340163EAC3A7DBFCA24133E74
:104F9000DE577DBFB708103E74747DBF4AEC0C3EEF
:104FA0006E907DBF86CF093ECCAB7DBF6EB2063E14
:104FB0008CC67DBF0295033EB1E07DBF4577003EC4
:104FC00038FA7DBF73B2FA3D24137EBFC075F43D3D
:104FD000722B7EBF7638EE3D23437EBF9AFAE73DC3
:104FE000385A7EBF2EBCE13DB0707EBF377DDB3DC1
:104FF0008B867EBFB93DD53DC99B7EBFB7FDCE3DFB
:1050000069B07EBF36BDC83D6DC47EBF397CC23D30
:10501000D4D77EBFC33ABC3D9DEA7EBFDAF8B53D2A
:10502000C9FC7EBF80B6AF3D580E7FBFBA73A93DA5
:10503000491F7FBF8C30A33D9D2F7FBFF9EC9C3D66
:10504000543F7FBF05A9963D6D4E7FBFB464903D30
:10505000E95C7FBF0A208A3DC76A7FBF0ADB833DC8
:1050600008787FBF742B7B3DAB847FBF38A06E3D3B
:10507000B1907FBF6814623D189C7FBF0E88553D7C
:10508000E3A67FBF2FFB483D0FB17FBFD56D3C3DF1
:105090009EBA7FBF07E02F3D8FC37FBFCC51233D1A
:1050A000E2CB7FBF2CC3163D98D37FBF2F340A3D80
:1050B000AFDA7FBFB949FB3C29E17FBF7B2AE23CE5
:1050C00005E77FBFB00AC93C43EC7FBF69EAAF3C4C
:1050D000E3F07FBFB6C9963CE6F47FBF4B517B3C03
:1050E0004AF87FBF900E493C11FB7FBF59CB163C5D
:1050F00039FD7FBF890FC93BC4FE7FBFC70F493B46
:10510000B1FF7FBF000000000000803FB00AC93C33
:1051100043EC7F3F2FFB483D0FB17F3F05A9963DF4
:105120006D4E7F3F36BDC83D6DC47E3F73B2FA3DC4
:1051300024137E3F8340163EAC3A7D3FA2102F3EA3
:10514000283B7C3FC2C5473EBE147B3F135C603E9C
:105150009DC7793FCCCF783EF853783F938E883EF9
:1051600007BA763F31A0943E0BFA743FE59AA03E11
:105170004714733FD47CAC3E0809713F2A44B83EC3
:105180009ED86E3F15EFC33E5E836C3FCA7BCF3E19
:10519000A7096A3F80E8DA3ED86B673F7533E63E81
:1051A00059AA643FEA5AF13E98C5613F275DFC3E2B
:1051B00005BE5E3F3D9C033F1A945B3F9BF5083F55
:1051C0005348583FDA390E3F31DB543F2A68133FCA
:1051D0003D4D513FC07F183F029F4D3FD17F1D3F46
:1051E00012D1493F9967223F03E4453F5636273F96
:1051F00070D8413F4AEB2B3FF9AE3D3FBB85303F76
:105200004268393FF304353FF304353F4268393F84
:10521000BB85303FF9AE3D3F4AEB2B3F70D8413F55
:105220005636273F03E4453F9967223F12D1493F55
:10523000D17F1D3F029F4D3FC07F183F3D4D513FE5
:105240002A68133F31DB543FDA390E3F5348583F49
:105250009BF5083F1A945B3F3D9C033F05BE5E3FB4
:10526000275DFC3E98C5613FEA5AF13E59AA643F6A
:105270007533E63ED86B673F80E8DA3EA7096A3FA0
:10528000CA7BCF3E5E836C3F15EFC33E9ED86E3F18
:105290002A44B83E0809713FD47CAC3E4714733FA2
:1052A000E59AA03E0BFA743F31A0943E07BA763FD0
:1052B000938E883EF853783FCCCF783E9DC7793F98
:1052C000135C603EBE147B3FC2C5473E283B7C3F1B
:1052D000A2102F3EAC3A7D3F8340163E24137E3F02
:1052E00073B2FA3D6DC47E3F36BDC83D6D4E7F3F03
:1052F00005A9963D0FB17F3F2FFB483D43EC7F3F13
:10530000B00AC93C0000803F0000000043EC7F3F32
:10531000B00AC9BC0FB17F3F2FFB48BD6D4E7F3F28
:1053200005A996BD6DC47E3F36BDC8BD24137E3F22
:1053300073B2FABDAC3A7D3F834016BE283B7C3F3A
:10534000A2102FBEBE147B3FC2C547BE9DC7793F8A
:10535000135C60BEF853783FCCCF78BE07BA763F77
:10536000938E88BE0BFA743F31A094BE4714733FEE
:10537000E59AA0BE0809713FD47CACBE9ED86E3FB2
:105380002A44B8BE5E836C3F15EFC3BEA7096A3FCF
:10539000CA7BCFBED86B673F80E8DABE59AA643FAC
:1053A0007533E6BE98C5613FEA5AF1BE05BE5E3F61
:1053B000275DFCBE1A945B3F3D9C03BF5348583F9A
:1053C0009BF508BF31DB543FDA390EBF3D4D513FED
:1053D0002A6813BF029F4D3FC07F18BF12D1493FBB
:1053E000D17F1DBF03E4453F996722BF70D8413F7D
:1053F000563627BFF9AE3D3F4AEB2BBF4268393FD7
:10540000BB8530BFF304353FF30435BFBB85303F68
:10541000426839BF4AEB2B3FF9AE3DBF5636273FB6
:1054200070D841BF9967223F03E445BFD17F1D3F3C
:1054300012D149BFC07F183F029F4DBF2A68133F5A
:105440003D4D51BFDA390E3F31DB54BF9BF5083F6C
:10545000534858BF3D9C033F1A945BBF275DFC3EF9
:1054600005BE5EBFEA5AF13E98C561BF7533E63EA0
:1054700059AA64BF80E8DA3ED86B67BFCA7BCF3ECB
:10548000A7096ABF15EFC33E5E836CBF2A44B83ECE
:105490009ED86EBFD47CAC3E080971BFE59AA03E91
:1054A000471473BF31A0943E0BFA74BF938E883EAD
:1054B00007BA76BFCCCF783EF85378BF135C603E16
:1054C0009DC779BFC2C5473EBE147BBFA2102F3E09
:1054D000283B7CBF8340163EAC3A7DBF73B2FA3D99
:1054E00024137EBF36BDC83D6DC47EBF05A9963D61
:1054F0006D4E7FBF2FFB483D0FB17FBFB00AC93C47
:1055000043EC7FBF000000000000803FC2C5473E63
:10551000BE147B3F15EFC33E5E836C3FDA390E3F0E
:1055200031DB543FF304353FF304353F31DB543F67
:10553000DA390E3F5E836C3F15EFC33EBE147B3FEE
:10554000C2C5473E0000803F00000000BE147B3F04
:10555000C2C547BE5E836C3F15EFC3BE31DB543F0F
:10556000DA390EBFF304353FF30435BFDA390E3FA5
:1055700031DB54BF15EFC33E5E836CBFC2C5473EEF
:10558000BE147BBF000000000000803FD40FC93A6A
:10559000ECFF7F3FC70F493BB1FF7F3FC1CB963B3D
:1055A0004EFF7F3F890FC93BC4FE7F3F3053FB3B1B
:1055B00013FE7F3F59CB163C39FD7F3F02ED2F3C58
:1055C00039FC7F3F900E493C11FB7F3F0030623C2D
:1055D000C1F97F3F4B517B3C4AF87F3F38398A3CC9
:1055E000ACF67F3FB6C9963CE6F47F3F1C5AA33C1D
:1055F000F8F27F3F69EAAF3CE3F07F3F9B7ABC3C27
:10560000A7EE7F3FB00AC93C43EC7F3FA69AD53C4A
:10561000B8E97F3F7B2AE23C05E77F3F2DBAEE3CAD
:105620002BE47F3FB949FB3C29E17F3F90EC033DF0
:1056300000DE7F3F2F340A3DAFDA7F3FB87B103D5D
:1056400037D77F3F2CC3163D98D37F3F880A1D3D37
:10565000D1CF7F3FCC51233DE2CB7F3FF698293D10
:10566000CCC77F3F07E02F3D8FC37F3FFC26363DF1
:105670002ABF7F3FD56D3C3D9EBA7F3F91B4423DEE
:10568000EAB57F3F2FFB483D0FB17F3FAF414F3D14
:105690000DAC7F3F0E88553DE3A67F3F4CCE5B3D72
:1056A00091A17F3F6814623D189C7F3F625A683D1C
:1056B00078967F3F38A06E3DB1907F3FE9E5743D1D
:1056C000C28A7F3F742B7B3DAB847F3F6CB8803DAB
:1056D0006D7E7F3F0ADB833D08787F3F94FD863DEA
:1056E0007B717F3F0A208A3DC76A7F3F6A428D3DBA
:1056F000EC637F3FB464903DE95C7F3FE786933D78
:10570000BF557F3F05A9963D6D4E7F3F0ACB993D22
:10571000F4467F3FF9EC9C3D543F7F3FCF0EA03DC8
:105720008D377F3F8C30A33D9D2F7F3F3052A63D6C
:1057300087277F3FBA73A93D491F7F3F2B95AC3D1B
:10574000E4167F3F80B6AF3D580E7F3FBBD7B23DDA
:10575000A4057F3FDAF8B53DC9FC7E3FDD19B93DB0
:10576000C7F37E3FC33ABC3D9DEA7E3F8D5BBF3DA4
:105770004CE17E3F397CC23DD4D77E3FC69CC53DBF
:1057800034CE7E3F36BDC83D6DC47E3F86DDCB3D09
:105790007FBA7E3FB7FDCE3D69B07E3FC81DD23D8A
:1057A0002DA67E3FB93DD53DC99B7E3F895DD83D45
:1057B0003D917E3F377DDB3D8B867E3FC49CDE3D49
:1057C000B17B7E3F2EBCE13DB0707E3F76DBE43D99
:1057D00088657E3F9AFAE73D385A7E3F9A19EB3D3D
:1057E000C14E7E3F7638EE3D23437E3F2E57F13D3E
:1057F0005E377E3FC075F43D722B7E3F2C94F73DA3
:105800005E1F7E3F73B2FA3D24137E3F92D0FD3D72
:10581000C2067E3F4577003E38FA7D3F2E06023EA7
:1058200088ED7D3F0295033EB1E07D3FC223053EFA
:10583000B2D37D3F6EB2063E8CC67D3F0541083E29
:1058400040B97D3F86CF093ECCAB7D3FF35D0B3E3B
:10585000309E7D3F4AEC0C3E6E907D3F8B7A0E3E33
:1058600085827D3FB708103E74747D3FCC96113E13
:105870003D667D3FCA24133EDE577D3FB2B2143EE3
:1058800059497D3F8340163EAC3A7D3F3DCE173EA1
:10589000D82B7D3FE05B193EDD1C7D3F6BE91A3E56
:1058A000BC0D7D3FDE761C3E73FE7C3F38041E3E01
:1058B00003EF7C3F7B911F3E6CDF7C3FA51E213EAA
:1058C000AECF7C3FB6AB223EC9BF7C3FAD38243E55
:1058D000BDAF7C3F8CC5253E8A9F7C3F5152273E01
:1058E000318F7C3FFCDE283EB07E7C3F8D6B2A3EB4
:1058F000086E7C3F04F82B3E3A5D7C3F61842D3E70
:10590000444C7C3FA2102F3E283B7C3FC99C303E3C
:10591000E5297C3FD428323E7A187C3FC4B4333E1C
:10592000E9067C3F9840353E31F57B3F50CC363E12
:1059300053E37B3FEC57383E4DD17B3F6CE3393E20
:1059400020BF7B3FCF6E3B3ECDAC7B3F15FA3C3E4C
:10595000539A7B3F3E853E3EB2877B3F4910403E97
:10596000EA747B3F379B413EFC617B3F0726433E09
:10597000E74E7B3FB9B0443EAB3B7B3F4D3B463EA1
:1059800048287B3FC2C5473EBE147B3F1850493E66
:105990000E017B3F4FDA4A3E37ED7A3F67644C3E5B
:1059A0003AD97A3F60EE4D3E16C57A3F38784F3E81
:1059B000CBB07A3FF101513E599C7A3F898B523EE0
:1059C000C1877A3F0115543E02737A3F589E553E77
:1059D0001C5E7A3F8F27573E10497A3FA4B0583E4D
:1059E000DD337A3F97395A3E841E7A3F6AC25B3E66
:1059F00004097A3F1A4B5D3E5EF3793FA8D35E3EC1
:105A000091DD793F135C603E9DC7793F5CE4613E68
:105A100083B1793F836C633E439B793F86F4643E58
:105A2000DC84793F667C663E4E6E793F2204683E98
:105A30009A57793FBA8B693EC040793F2F136B3E2E
:105A4000BF29793F7F9A6C3E9812793FAB216E3E19
:105A50004AFB783FB2A86F3ED6E3783F942F713E61
:105A60003BCC783F51B6723E7BB4783FE83C743E05
:105A7000939C783F5AC3753E8684783FA649773E0B
:105A8000526C783FCCCF783EF853783FCB557A3E76
:105A9000773B783FA4DB7B3ED122783F56617D3E49
:105AA000040A783FE1E67E3E10F1773F2236803EE1
:105AB000F7D7773FC0F8803EB7BE773F4ABB813EFD
:105AC00051A5773FC07D823EC58B773F2240833E04
:105AD0001372773F7002843E3A58773FAAC4843EDF
:105AE0003C3E773FCE86853E1724773FDF48863E93
:105AF000CC09773FDA0A873E5BEF763FC1CC873E21
:105B0000C4D4763F938E883E07BA763F5050893E84
:105B1000249F763FF8118A3E1B84763F8AD38A3EC3
:105B2000EC68763F07958B3E974D763F6E568C3EE0
:105B30001B32763FC0178D3E7A16763FFCD88D3EDD
:105B4000B3FA753F229A8E3EC6DE753F325B8F3EBA
:105B5000B3C2753F2C1C903E7BA6753F10DD903E76
:105B60001C8A753FDD9D913E976D753F945E923E18
:105B7000ED50753F351F933E1D34753FBFDF933E9B
:105B80002717753F31A0943E0BFA743F8D60953E08
:105B9000C9DC743FD220963E62BF743F00E1963E5E
:105BA000D5A1743F17A1973E2284743F1661983E99
:105BB0004966743FFE20993E4B48743FCEE0993EC3
:105BC000272A743F86A09A3EDD0B743F27609B3ED8
:105BD0006EED733FAF1F9C3ED9CE733F20DF9C3EDE
:105BE0001FB0733F789E9D3E3F91733FB85D9E3ED0
:105BF0003972733FDF1C9F3E0E53733FEEDB9F3EB7
:105C0000BE33733FE59AA03E4714733FC259A13E8D
:105C1000ACF4723F8718A23EEBD4723F33D7A23E5A
:105C200004B5723FC595A33EF894723F3F54A43E1D
:105C3000C774723F9F12A53E7054723FE5D0A53ED7
:105C4000F433723F128FA63E5213723F254DA73E8A
:105C50008CF2713F1F0BA83E9FD1713FFEC8A83E3A
:105C60008EB0713FC486A93E578F713F6F44AA3EE4
:105C7000FB6D713F0102AB3E7A4C713F77BFAB3E8B
:105C8000D42A713FD47CAC3E0809713F153AAD3E31
:105C900017E7703F3CF7AD3E02C5703F49B4AE3EDA
:105CA000C6A2703F3A71AF3E6680703F102EB03E84
:105CB000E15D703FCBEAB03E373B703F6BA7B13E32
:105CC0006718703FEF63B23E73F56F3F5820B33EE5
:105CD0005AD26F3FA5DCB33E1BAF6F3FD698B43EA0
:105CE000B88B6F3FEC54B53E30686F3FE610B63E60
:105CF00083446F3FC3CCB63EB0206F3F8488B73E2D
:105D0000BAFC6E3F2A44B83E9ED86E3FB2FFB83E02
:105D10005DB46E3F1EBBB93EF88F6E3F6E76BA3EE5
:105D20006D6B6E3FA031BB3EBE466E3FB6ECBB3ED8
:105D3000EB216E3FAFA7BC3EF2FC6D3F8B62BD3ED8
:105D4000D5D76D3F4A1DBE3E93B26D3FEBD7BE3EE9
:105D50002D8D6D3F6F92BF3EA1676D3FD54CC03E0C
:105D6000F2416D3F1E07C13E1D1C6D3F48C1C13E43
:105D700024F66C3F557BC23E07D06C3F4435C33E92
:105D8000C5A96C3F15EFC33E5E836C3FC8A8C43EF7
:105D9000D45C6C3F5C62C53E24366C3FD21BC63E71
:105DA000500F6C3F29D5C63E58E86B3F628EC73E08
:105DB0003BC16B3F7C47C83EFB996B3F7700C93EB8
:105DC00095726B3F53B9C93E0C4B6B3F1072CA3E84
:105DD0005E236B3FAE2ACB3E8CFB6A3F2CE3CB3E6F
:105DE00095D36A3F8B9BCC3E7BAB6A3FCA53CD3E7B
:105DF0003C836A3FEA0BCE3ED95A6A3FEAC3CE3EA5
:105E000052326A3FCA7BCF3EA7096A3F8A33D03EEF
:105E1000D7E0693F2AEBD03EE4B7693FAAA2D13E62
:105E2000CC8E693F095AD23E9165693F4811D33EF5
:105E3000323C693F67C8D33EAE12693F647FD43EAF
:105E400007E9683F4136D53E3CBF683FFDECD53E93
:105E50004C95683F99A3D63E396B683F135AD73E9D
:105E60000341683F6B10D83EA816683FA3C6D83ED2
:105E70002AEC673FB97CD93E87C1673FAD32DA3E35
:105E8000C196673F80E8DA3ED86B673F319EDB3EC4
:105E9000CA40673FC153DC3E9915673F2E09DD3E7E
:105EA00045EA663F79BEDD3ECCBE663FA273DE3E6C
:105EB0003093663FA928DF3E7167663F8DDDDF3E88
:105EC0008E3B663F4F92E03E880F663FEE46E13ED6
:105ED0005EE3653F6AFBE13E10B7653FC4AFE23E5B
:105EE000A08A653FFA63E33E0B5E653F0E18E43E11
:105EF0005431653FFECBE43E7904653FCB7FE53E00
:105F00007BD7643F7533E63E59AA643FFBE6E63E25
:105F1000147D643F5D9AE73EAC4F643F9C4DE83E84
:105F20002122643FB700E93E73F4633FAEB3E93E1C
:105F3000A1C6633F8166EA3EAC98633F3019EB3EF1
:105F4000956A633FBBCBEB3E5A3C633F217EEC3E00
:105F5000FC0D633F6330ED3E7BDF623F80E2ED3E50
:105F6000D7B0623F7994EE3E1082623F4C46EF3EDE
:105F70002653623FFBF7EF3E1A24623F85A9F03EAD
:105F8000EAF4613FEA5AF13E98C5613F290CF23EBE
:105F90002296613F43BDF23E8A66613F386EF33E12
:105FA000D036613F071FF43EF206613FB1CFF43EA9
:105FB000F2D6603F3580F53ECFA6603F9330F63E87
:105FC0008976603FCBE0F63E2146603FDC90F73EAD
:105FD0009615603FC840F83EE9E45F3F8EF0F83E1A
:105FE00019B45F3F2DA0F93E27835F3FA54FFA3ECE
:105FF00012525F3FF7FEFA3EDB205F3F22AEFB3ED0
:1060000081EF5E3F275DFC3E05BE5E3F040CFD3E1A
:10601000678C5E3FBBBAFD3EA65A5E3F4A69FE3EB4
:10602000C3285E3FB217FF3EBEF65D3FF3C5FF3E9D
:1060300097C45D3F063A003F4D925D3FFF90003FA1
:10604000E15F5D3FE4E7003F532D5D3FB53E013F1B
:10605000A3FA5C3F7395013FD1C75C3F1CEC013F45
:10606000DD945C3FB142023FC7615C3F3299023F21
:106070008E2E5C3F9FEF023F34FB5B3FF845033FB2
:10608000B8C75B3F3D9C033F1A945B3F6DF2033FF3
:106090005A605B3F8948043F792C5B3F919E043FE7
:1060A00075F85A3F84F4043F50C45A3F624A053F92
:1060B00009905A3F2CA0053FA05B5A3FE2F5053FEF
:1060C00016275A3F824B063F6AF2593F0EA1063F00
:1060D0009CBD593F86F6063FAD88593FE84B073FC8
:1060E0009C53593F36A1073F6A1E593F6FF6073F41
:1060F00017E9583F924B083FA1B3583FA1A0083F72
:106100000B7E583F9BF5083F5348583F7F4A093F55
:106110007912583F4E9F093F7FDC573F09F4093FF2
:1061200063A6573FAD480A3F2670573F3D9D0A3F43
:10613000C739573FB7F10A3F4803573F1C460B3F4B
:10614000A7CC563F6B9A0B3FE595563FA5EE0B3F0C
:10615000025F563FC9420C3FFE27563FD7960C3F81
:10616000D9F0553FD0EA0C3F93B9553FB33E0D3FB0
:106170002C82553F81920D3FA44A553F38E60D3F92
:10618000FB12553FDA390E3F31DB543F658D0E3F30
:1061900047A3543FDBE00E3F3B6B543F3B340F3F84
:1061A0000F33543F84870F3FC3FA533FB8DA0F3F92
:1061B00055C2533FD52D103FC789533FDC80103F58
:1061C0001851533FCDD3103F4918533FA726113FD5
:1061D00059DF523F6B79113F49A6523F19CC113F0D
:1061E000186D523FB01E123FC633523F3071123FFE
:1061F00054FA513F9AC3123FC2C0513FEE15133FAC
:106200001087513F2A68133F3D4D513F50BA133F0D
:106210004A13513F5F0C143F37D9503F585E143F2B
:10622000039F503F39B0143FAF64503F0402153F05
:106230003B2A503FB753153FA8EF4F3F54A5153F9A
:10624000F4B44F3FD9F6153F1F7A4F3F4748163FEA
:106250002B3F4F3F9F99163F17044F3FDFEA163FF2
:10626000E4C84E3F073C173F908D4E3F188D173FB7
:106270001C524E3F12DE173F89164E3FF52E183F37
:10628000D5DA4D3FC07F183F029F4D3F73D0183F76
:1062900010634D3F0F21193FFD264D3F9471193F6B
:1062A000CBEA4C3F00C2193F79AE4C3F55121A3F22
:1062B00008724C3F93621A3F78354C3FB8B21A3F90
:1062C000C7F84B3FC6021B3FF8BB4B3FBB521B3FBF
:1062D000097F4B3F99A21B3FFA414B3F5FF21B3FA7
:1062E000CC044B3F0C421C3F7FC74A3FA2911C3F4E
:1062F000138A4A3F1FE11C3F874C4A3F84301D3FB1
:10630000DC0E4A3FD17F1D3F12D1493F06CF1D3FD2
:106310002993493F221E1E3F2155493F266D1E3FAE
:10632000FA16493F12BC1E3FB3D8483FE50A1F3F4B
:106330004E9A483F9F591F3FCA5B483F41A81F3FA5
:10634000271D483FCBF61F3F65DE473F3B45203FBB
:10635000849F473F9393203F8560473FD2E1203F92
:106360006721473FF92F213F2AE2463F067E213F22
:10637000CEA2463FFBCB213F5463463FD719223F75
:10638000BB23463F9967223F03E4453F43B5223F85
:106390002DA4453FD302233F3964453F4B50233F53
:1063A0002624453FA99D233FF5E3443FEEEA233FE2
:1063B000A5A3443F1A38243F3763443F2C85243F2C
:1063C000AB22443F25D2243F00E2433F041F253F38
:1063D00038A1433FCB6B253F5160433F77B8253F02
:1063E0004C1F433F0A05263F29DE423F8451263F8A
:1063F000E89C423FE39D263F895B423F2AEA263FD5
:106400000B1A423F5636273F70D8413F6882273FDC
:10641000B796413F61CE273FE154413F401A283FA4
:10642000EC12413F0566283FDAD0403FB0B1283F2B
:10643000A98E403F41FD283F5C4C403FB848293F72
:10644000F009403F1594293F67C73F3F57DF293F79
:10645000C0843F3F802A2A3FFC413F3F8E752A3F40
:106460001BFF3E3F82C02A3F1BBC3E3F5B0B2B3FC6
:10647000FF783E3F1B562B3FC5353E3FBFA02B3F0D
:106480006EF23D3F4AEB2B3FF9AE3D3FB9352C3F15
:10649000676B3D3F0F802C3FB8273D3F49CA2C3FDB
:1064A000ECE33C3F69142D3F03A03C3F6F5E2D3F62
:1064B000FC5B3C3F59A82D3FD9173C3F29F22D3FAB
:1064C00098D33B3FDE3B2E3F3B8F3B3F78852E3FB3
:1064D000C14A3B3FF7CE2E3F29063B3F5B182F3F7B
:1064E00075C13A3FA5612F3FA47C3A3FD3AA2F3F05
:1064F000B7373A3FE6F32F3FACF2393FDE3C303F4F
:1065000085AD393FBB85303F4268393F7CCE303F57
:10651000E122393F2217313F65DD383FAD5F313F22
:10652000CB97383F1DA8313F1652383F71F0313FAD
:10653000430C383FAA38323F55C6373FC780323FF9
:106540004A80373FC9C8323F233A373FAF10333F05
:10655000DFF3363F7A58333F7FAD363F29A0333FD4
:106560000467363FBCE7333F6C20363F342F343F5F
:10657000B8D9353F8F76343FE792353FCFBD343FB2
:10658000FB4B353FF304353FF304353FFB4B353FC1
:10659000CFBD343FE792353F8F76343FB8D9353F92
:1065A000342F343F6C20363FBCE7333F0467363F1F
:1065B00029A0333F7FAD363F7A58333FDFF3363F74
:1065C000AF10333F233A373FC9C8323F4A80373F85
:1065D000C780323F55C6373FAA38323F430C383F59
:1065E00071F0313F1652383F1DA8313FCB97383FED
:1065F000AD5F313F65DD383F2217313FE122393F42
:106600007CCE303F4268393FBB85303F85AD393F56
:10661000DE3C303FACF2393FE6F32F3FB7373A3F2D
:10662000D3AA2F3FA47C3A3FA5612F3F75C13A3FC3
:106630005B182F3F29063B3FF7CE2E3FC14A3B3F19
:1066400078852E3F3B8F3B3FDE3B2E3F98D33B3F31
:1066500029F22D3FD9173C3F59A82D3FFC5B3C3F09
:106660006F5E2D3F03A03C3F69142D3FECE33C3FA0
:1066700049CA2C3FB8273D3F0F802C3F676B3D3FF9
:10668000B9352C3FF9AE3D3F4AEB2B3F6EF23D3F13
:10669000BFA02B3FC5353E3F1B562B3FFF783E3FEB
:1066A0005B0B2B3F1BBC3E3F82C02A3F1BFF3E3F84
:1066B0008E752A3FFC413F3F802A2A3FC0843F3FDE
:1066C00057DF293F67C73F3F1594293FF009403FF7
:1066D000B848293F5C4C403F41FD283FA98E403FD0
:1066E000B0B1283FDAD0403F0566283FEC12413F69
:1066F000401A283FE154413F61CE273FB796413FC2
:106700006882273F70D8413F5636273F0B1A423FD9
:106710002AEA263F895B423FE39D263FE89C423FB1
:106720008451263F29DE423F0A05263F4C1F433F46
:1067300077B8253F5160433FCB6B253F38A1433F9E
:10674000041F253F00E2433F25D2243FAB22443FB4
:106750002C85243F3763443F1A38243FA5A3443F88
:10676000EEEA233FF5E3443FA99D233F2624453F1E
:106770004B50233F3964453FD302233F2DA4453F6F
:1067800043B5223F03E4453F9967223FBB23463F81
:10679000D719223F5463463FFBCB213FCEA2463F51
:1067A000067E213F2AE2463FF92F213F6721473FDE
:1067B000D2E1203F8560473F9393203F849F473F2E
:1067C0003B45203F65DE473FCBF61F3F271D483F37
:1067D00041A81F3FCA5B483F9F591F3F4E9A483F01
:1067E000E50A1F3FB3D8483F12BC1E3FFA16493F87
:1067F000266D1E3F2155493F221E1E3F2993493FCA
:1068000006CF1D3F12D1493FD17F1D3FDC0E4A3FCD
:1068100084301D3F874C4A3F1FE11C3F138A4A3F8B
:10682000A2911C3F7FC74A3F0C421C3FCC044B3F08
:106830005FF21B3FFA414B3F99A21B3F097F4B3F41
:10684000BB521B3FF8BB4B3FC6021B3FC7F84B3F39
:10685000B8B21A3F78354C3F93621A3F08724C3FEA
:1068600055121A3F79AE4C3F00C2193FCBEA4C3F5C
:106870009471193FFD264D3F0F21193F10634D3F85
:1068800073D0183F029F4D3FC07F183FD5DA4D3F70
:10689000F52E183F89164E3F12DE173F1C524E3F11
:1068A000188D173F908D4E3F073C173FE4C84E3F71
:1068B000DFEA163F17044F3F9F99163F2B3F4F3F8C
:1068C0004748163F1F7A4F3FD9F6153FF4B44F3F64
:1068D00054A5153FA8EF4F3FB753153F3B2A503FF4
:1068E0000402153FAF64503F39B0143F039F503F3F
:1068F000585E143F37D9503F5F0C143F4A13513F45
:1069000050BA133F3D4D513F2A68133F1087513F06
:10691000EE15133FC2C0513F9AC3123F54FA513F84
:106920003071123FC633523FB01E123F186D523FB6
:1069300019CC113F49A6523F6B79113F59DF523FA5
:10694000A726113F4918533FCDD3103F1851533F4D
:10695000DC80103FC789533FD52D103F55C2533FB0
:10696000B8DA0F3FC3FA533F84870F3F0F33543FCA
:106970003B340F3F3B6B543FDBE00E3F47A3543F9C
:10698000658D0E3F31DB543FDA390E3FFB12553F28
:1069900038E60D3FA44A553F81920D3F2C82553F6A
:1069A000B33E0D3F93B9553FD0EA0C3FD9F0553F68
:1069B000D7960C3FFE27563FC9420C3F025F563F19
:1069C000A5EE0B3FE595563F6B9A0B3FA7CC563F84
:1069D0001C460B3F4803573FB7F10A3FC739573FA3
:1069E0003D9D0A3F2670573FAD480A3F63A6573F7B
:1069F00009F4093F7FDC573F4E9F093F7912583F0A
:106A00007F4A093F5348583F9BF5083F0B7E583F4C
:106A1000A1A0083FA1B3583F924B083F17E9583F48
:106A20006FF6073F6A1E593F36A1073F9C53593FF7
:106A3000E84B073FAD88593F86F6063F9CBD593F5E
:106A40000EA1063F6AF2593F824B063F16275A3F76
:106A5000E2F5053FA05B5A3F2CA0053F09905A3F45
:106A6000624A053F50C45A3F84F4043F75F85A3FC8
:106A7000919E043F792C5B3F8948043F5A605B3FFD
:106A80006DF2033F1A945B3F3D9C033FB8C75B3FE9
:106A9000F845033F34FB5B3F9FEF023F8E2E5C3F88
:106AA0003299023FC7615C3FB142023FDD945C3FD7
:106AB0001CEC013FD1C75C3F7395013FA3FA5C3FDB
:106AC000B53E013F532D5D3FE4E7003FE15F5D3F91
:106AD000FF90003F4D925D3F063A003F97C45D3FF7
:106AE000F3C5FF3EBEF65D3FB217FF3EC3285E3FD3
:106AF0004A69FE3EA65A5E3FBBBAFD3E678C5E3FCA
:106B0000040CFD3E05BE5E3F275DFC3E81EF5E3F0F
:106B100022AEFB3EDB205F3FF7FEFA3E12525F3FA4
:106B2000A54FFA3E27835F3F2DA0F93E19B45F3F82
:106B30008EF0F83EE9E45F3FC840F83E9615603FAE
:106B4000DC90F73E2146603FCBE0F63E8976603F21
:106B50009330F63ECFA6603F3580F53EF2D6603FDB
:106B6000B1CFF43EF206613F071FF43ED036613FDD
:106B7000386EF33E8A66613F43BDF23E2296613F26
:106B8000290CF23E98C5613FEA5AF13EEAF4613FB2
:106B900085A9F03E1A24623FFBF7EF3E2653623F81
:106BA0004C46EF3E1082623F7994EE3ED7B0623F92
:106BB00080E2ED3E7BDF623F6330ED3EFC0D633FE4
:106BC000217EEC3E5A3C633FBBCBEB3E956A633F74
:106BD0003019EB3EAC98633F8166EA3EA1C6633F45
:106BE000AEB3E93E73F4633FB700E93E2122643F50
:106BF0009C4DE83EAC4F643F5D9AE73E147D643F98
:106C0000FBE6E63E59AA643F7533E63E7BD7643F18
:106C1000CB7FE53E7904653FFECBE43E5431653FD2
:106C20000E18E43E0B5E653FFA63E33EA08A653FC3
:106C3000C4AFE23E10B7653F6AFBE13E5EE3653FED
:106C4000EE46E13E880F663F4F92E03E8E3B663F48
:106C50008DDDDF3E7167663FA928DF3E3093663FDA
:106C6000A273DE3ECCBE663F79BEDD3E45EA663F9E
:106C70002E09DD3E9915673FC153DC3ECA40673F90
:106C8000319EDB3ED86B673F80E8DA3EC196673FB6
:106C9000AD32DA3E87C1673FB97CD93E2AEC673F07
:106CA000A3C6D83EA816683F6B10D83E0341683F84
:106CB000135AD73E396B683F99A3D63E4C95683F2F
:106CC000FDECD53E3CBF683F4136D53E07E9683F05
:106CD000647FD43EAE12693F67C8D33E323C693F01
:106CE0004811D33E9165693F095AD23ECC8E693F27
:106CF000AAA2D13EE4B7693F2AEBD03ED7E0693F74
:106D00008A33D03EA7096A3FCA7BCF3E52326A3FE0
:106D1000EAC3CE3ED95A6A3FEA0BCE3E3C836A3F75
:106D2000CA53CD3E7BAB6A3F8B9BCC3E95D36A3F2B
:106D30002CE3CB3E8CFB6A3FAE2ACB3E5E236B3FFF
:106D40001072CA3E0C4B6B3F53B9C93E95726B3FF4
:106D50007700C93EFB996B3F7C47C83E3BC16B3F08
:106D6000628EC73E58E86B3F29D5C63E500F6C3F38
:106D7000D21BC63E24366C3F5C62C53ED45C6C3F81
:106D8000C8A8C43E5E836C3F15EFC33EC5A96C3FE7
:106D90004435C33E07D06C3F557BC23E24F66C3F62
:106DA00048C1C13E1D1C6D3F1E07C13EF2416D3FF3
:106DB000D54CC03EA1676D3F6F92BF3E2D8D6D3F9C
:106DC000EBD7BE3E93B26D3F4A1DBE3ED5D76D3F59
:106DD0008B62BD3EF2FC6D3FAFA7BC3EEB216E3F28
:106DE000B6ECBB3EBE466E3FA031BB3E6D6B6E3F08
:106DF0006E76BA3EF88F6E3F1EBBB93E5DB46E3FF5
:106E0000B2FFB83E9ED86E3F2A44B83EBAFC6E3FF1
:106E10008488B73EB0206F3FC3CCB63E83446F3FFB
:106E2000E610B63E30686F3FEC54B53EB88B6F3F0E
:106E3000D698B43E1BAF6F3FA5DCB33E5AD26F3F2E
:106E40005820B33E73F56F3FEF63B23E6718703F53
:106E50006BA7B13E373B703FCBEAB03EE15D703F80
:106E6000102EB03E6680703F3A71AF3EC6A2703FB2
:106E700049B4AE3E02C5703F3CF7AD3E17E7703FE8
:106E8000153AAD3E0809713FD47CAC3ED42A713F1F
:106E900077BFAB3E7A4C713F0102AB3EFB6D713F59
:106EA0006F44AA3E578F713FC486A93E8EB0713F92
:106EB000FEC8A83E9FD1713F1F0BA83E8CF2713FC8
:106EC000254DA73E5213723F128FA63EF433723FF8
:106ED000E5D0A53E7054723F9F12A53EC774723F25
:106EE0003F54A43EF894723FC595A33E04B5723F4B
:106EF00033D7A23EEBD4723F8718A23EACF4723F68
:106F0000C259A13E4714733FE59AA03EBE33733F7A
:106F1000EEDB9F3E0E53733FDF1C9F3E3972733F83
:106F2000B85D9E3E3F91733F789E9D3E1FB0733F7C
:106F300020DF9C3ED9CE733FAF1F9C3E6EED733F6A
:106F400027609B3EDD0B743F86A09A3E272A743F44
:106F5000CEE0993E4B48743FFE20993E4966743F0F
:106F60001661983E2284743F17A1973ED5A1743FC5
:106F700000E1963E62BF743FD220963EC9DC743F6A
:106F80008D60953E0BFA743F31A0943E2717753FF4
:106F9000BFDF933E1D34753F351F933EED50753F67
:106FA000945E923E976D753FDD9D913E1C8A753FC4
:106FB00010DD903E7BA6753F2C1C903EB3C2753F02
:106FC000325B8F3EC6DE753F229A8E3EB3FA753F26
:106FD000FCD88D3E7A16763FC0178D3E1B32763F29
:106FE0006E568C3E974D763F07958B3EEC68763F0C
:106FF0008AD38A3E1B84763FF8118A3E249F763FCF
:107000005050893E07BA763F938E883EC4D4763F6F
:10701000C1CC873E5BEF763FDA0A873ECC09773FEB
:10702000DF48863E1724773FCE86853E3C3E773F3D
:10703000AAC4843E3A58773F7002843E1372773F69
:107040002240833EC58B773FC07D823E51A5773F6E
:107050004ABB813EB7BE773FC0F8803EF7D7773F47
:107060002236803E10F1773FE1E67E3E040A783F0B
:1070700056617D3ED122783FA4DB7B3E773B783F53
:10708000CB557A3EF853783FCCCF783E526C783F60
:10709000A649773E8684783F5AC3753E939C783FD5
:1070A000E83C743E7BB4783F51B6723E3BCC783FAF
:1070B000942F713ED6E3783FB2A86F3E4AFB783FEB
:1070C000AB216E3E9812793F7F9A6C3EBF29793F83
:1070D0002F136B3EC040793FBA8B693E9A57793F78
:1070E0002204683E4E6E793F667C663EDC84793FC2
:1070F00086F4643E439B793F836C633E83B1793F62
:107100005CE4613E9DC7793F135C603E91DD793F51
:10711000A8D35E3E5EF3793F1A4B5D3E04097A3F89
:107120006AC25B3E841E7A3F97395A3EDD337A3F0E
:10713000A4B0583E10497A3F8F27573E1C5E7A3FD5
:10714000589E553E02737A3F0115543EC1877A3FDF
:10715000898B523E599C7A3FF101513ECBB07A3F28
:1071600038784F3E16C57A3F60EE4D3E3AD97A3FA9
:1071700067644C3E37ED7A3F4FDA4A3E0E017B3F63
:107180001850493EBE147B3FC2C5473E48287B3F4E
:107190004D3B463EAB3B7B3FB9B0443EE74E7B3F69
:1071A0000726433EFC617B3F379B413EEA747B3FB1
:1071B0004910403EB2877B3F3E853E3E539A7B3F1F
:1071C00015FA3C3ECDAC7B3FCF6E3B3E20BF7B3FB4
:1071D0006CE3393E4DD17B3FEC57383E53E37B3F68
:1071E00050CC363E31F57B3F9840353EE9067C3F3A
:1071F000C4B4333E7A187C3FD428323EE5297C3F24
:10720000C99C303E283B7C3FA2102F3E444C7C3F23
:1072100061842D3E3A5D7C3F04F82B3E086E7C3F36
:107220008D6B2A3EB07E7C3FFCDE283E318F7C3F5A
:107230005152273E8A9F7C3F8CC5253EBDAF7C3F87
:10724000AD38243EC9BF7C3FB6AB223EAECF7C3FBB
:10725000A51E213E6CDF7C3F7B911F3E03EF7C3FF0
:1072600038041E3E73FE7C3FDE761C3EBC0D7D3F27
:107270006BE91A3EDD1C7D3FE05B193ED82B7D3F5C
:107280003DCE173EAC3A7D3F8340163E59497D3F87
:10729000B2B2143EDE577D3FCA24133E3D667D3FA9
:1072A000CC96113E74747D3FB708103E85827D3FB9
:1072B0008B7A0E3E6E907D3F4AEC0C3E309E7D3FB9
:1072C000F35D0B3ECCAB7D3F86CF093E40B97D3FA1
:1072D0000541083E8CC67D3F6EB2063EB2D37D3F6F
:1072E000C223053EB1E07D3F0295033E88ED7D3F20
:1072F0002E06023E38FA7D3F4577003EC2067E3FAD
:1073000092D0FD3D24137E3F73B2FA3D5E1F7E3F57
:107310002C94F73D722B7E3FC075F43D5E377E3F67
:107320002E57F13D23437E3F7638EE3DC14E7E3FE2
:107330009A19EB3D385A7E3F9AFAE73D88657E3FC1
:1073400076DBE43DB0707E3F2EBCE13DB17B7E3FFD
:10735000C49CDE3D8B867E3F377DDB3D3D917E3F8D
:10736000895DD83DC99B7E3FB93DD53D2DA67E3F69
:10737000C81DD23D69B07E3FB7FDCE3D7FBA7E3F8E
:1073800086DDCB3D6DC47E3F36BDC83D34CE7E3FED
:10739000C69CC53DD4D77E3F397CC23D4CE17E3F83
:1073A0008D5BBF3D9DEA7E3FC33ABC3DC7F37E3F48
:1073B000DD19B93DC9FC7E3FDAF8B53DA4057F3F34
:1073C000BBD7B23D580E7F3F80B6AF3DE4167F3F3E
:1073D0002B95AC3D491F7F3FBA73A93D87277F3F5F
:1073E0003052A63D9D2F7F3F8C30A33D8D377F3F90
:1073F000CF0EA03D543F7F3FF9EC9C3DF4467F3FCC
:107400000ACB993D6D4E7F3F05A9963DBF557F3F05
:10741000E786933DE95C7F3FB464903DEC637F3F3A
:107420006A428D3DC76A7F3F0A208A3D7B717F3F5C
:1074300094FD863D08787F3F0ADB833D6D7E7F3F6C
:107440006CB8803DAB847F3F742B7B3DC28A7F3F0D
:10745000E9E5743DB1907F3F38A06E3D78967F3F5F
:10746000625A683D189C7F3F6814623D91A17F3F3E
:107470004CCE5B3DE3A67F3F0E88553D0DAC7F3F74
:10748000AF414F3D0FB17F3F2FFB483DEAB57F3FF6
:1074900091B4423D9EBA7F3FD56D3C3D2ABF7F3FB0
:1074A000FC26363D8FC37F3F07E02F3DCCC77F3F93
:1074B000F698293DE2CB7F3FCC51233DD1CF7F3F92
:1074C000880A1D3D98D37F3F2CC3163D37D77F3F99
:1074D000B87B103DAFDA7F3F2F340A3D00DE7F3F9F
:1074E00090EC033D29E17F3FB949FB3C2BE47F3F12
:1074F0002DBAEE3C05E77F3F7B2AE23CB8E97F3FAF
:10750000A69AD53C43EC7F3FB00AC93CA7EE7F3F2B
:107510009B7ABC3CE3F07F3F69EAAF3CF8F27F3FE7
:107520001C5AA33CE6F47F3FB6C9963CACF67F3FBD
:1075300038398A3C4AF87F3F4B517B3CC1F97F3F49
:107540000030623C11FB7F3F900E493C39FC7F3F8D
:1075500002ED2F3C39FD7F3F59CB163C13FE7F3F98
:107560003053FB3BC4FE7F3F890FC93B4EFF7F3F3B
:10757000C1CB963BB1FF7F3FC70F493BECFF7F3F3D
:10758000D40FC93A0000803F00000000ECFF7F3FAD
:10759000D40FC9BAB1FF7F3FC70F49BB4EFF7F3F32
:1075A000C1CB96BBC4FE7F3F890FC9BB13FE7F3F93
:1075B0003053FBBB39FD7F3F59CB16BC39FC7F3FB5
:1075C00002ED2FBC11FB7F3F900E49BCC1F97F3FFC
:1075D000003062BC4AF87F3F4B517BBCACF67F3F2A
:1075E00038398ABCE6F47F3FB6C996BCF8F27F3FD3
:1075F0001C5AA3BCE3F07F3F69EAAFBCA7EE7F3F14
:107600009B7ABCBC43EC7F3FB00AC9BCB8E97F3F62
:10761000A69AD5BC05E77F3F7B2AE2BC2BE47F3FDF
:107620002DBAEEBC29E17F3FB949FBBC00DE7F3FAC
:1076300090EC03BDAFDA7F3F2F340ABD37D77F3FD1
:10764000B87B10BD98D37F3F2CC316BDD1CF7F3FF1
:10765000880A1DBDE2CB7F3FCC5123BDCCC77F3F05
:10766000F69829BD8FC37F3F07E02FBD2ABF7F3F1C
:10767000FC2636BD9EBA7F3FD56D3CBDEAB57F3F47
:1076800091B442BD0FB17F3F2FFB48BD0DAC7F3F92
:10769000AF414FBDE3A67F3F0E8855BD91A17F3F0F
:1076A0004CCE5BBD189C7F3F681462BD78967F3FCF
:1076B000625A68BDB1907F3F38A06EBDC28A7F3FDD
:1076C000E9E574BDAB847F3F742B7BBD6D7E7F3F4E
:1076D0006CB880BD08787F3F0ADB83BD7B717F3F3C
:1076E00094FD86BDC76A7F3F0A208ABDEC637F3F59
:1076F0006A428DBDE95C7F3FB46490BDBF557F3F5A
:10770000E78693BD6D4E7F3F05A996BDF4467F3F4A
:107710000ACB99BD543F7F3FF9EC9CBD8D377F3F2D
:10772000CF0EA0BD9D2F7F3F8C30A3BD87277F3F0D
:107730003052A6BD491F7F3FBA73A9BDE4167F3FF3
:107740002B95ACBD580E7F3F80B6AFBDA4057F3FE3
:10775000BBD7B2BDC9FC7E3FDAF8B5BDC7F37E3FEB
:10776000DD19B9BD9DEA7E3FC33ABCBD4CE17E3F09
:107770008D5BBFBDD4D77E3F397CC2BD34CE7E3F4A
:10778000C69CC5BD6DC47E3F36BDC8BD7FBA7E3FB9
:1077900086DDCBBD69B07E3FB7FDCEBD2DA67E3F59
:1077A000C81DD2BDC99B7E3FB93DD5BD3D917E3F31
:1077B000895DD8BD8B867E3F377DDBBDB17B7E3F4B
:1077C000C49CDEBDB0707E3F2EBCE1BD88657E3FAF
:1077D00076DBE4BD385A7E3F9AFAE7BDC14E7E3F64
:1077E0009A19EBBD23437E3F7638EEBD5E377E3F70
:1077F0002E57F1BD722B7E3FC075F4BD5E1F7E3FDC
:107800002C94F7BD24137E3F73B2FABDC2067E3FAF
:1078100092D0FDBD38FA7D3F457700BE88ED7D3FB3
:107820002E0602BEB1E07D3F029503BEB2D37D3F7E
:10783000C22305BE8CC67D3F6EB206BE40B97D3FF9
:10784000054108BECCAB7D3F86CF09BE309E7D3F53
:10785000F35D0BBE6E907D3F4AEC0CBE85827D3F92
:107860008B7A0EBE74747D3FB70810BE3D667D3FB7
:10787000CC9611BEDE577D3FCA2413BE59497D3FC9
:10788000B2B214BEAC3A7D3F834016BED82B7D3FCA
:107890003DCE17BEDD1C7D3FE05B19BEBC0D7D3FBC
:1078A0006BE91ABE73FE7C3FDE761CBE03EF7C3FA5
:1078B00038041EBE6CDF7C3F7B911FBEAECF7C3F89
:1078C000A51E21BEC9BF7C3FB6AB22BEBDAF7C3F6B
:1078D000AD3824BE8A9F7C3F8CC525BE318F7C3F4E
:1078E000515227BEB07E7C3FFCDE28BE086E7C3F36
:1078F0008D6B2ABE3A5D7C3F04F82BBE444C7C3F26
:1079000061842DBE283B7C3FA2102FBEE5297C3F21
:10791000C99C30BE7A187C3FD42832BEE9067C3F31
:10792000C4B433BE31F57B3F984035BE53E37B3F53
:1079300050CC36BE4DD17B3FEC5738BE20BF7B3F8D
:107940006CE339BECDAC7B3FCF6E3BBE539A7B3FE1
:1079500015FA3CBEB2877B3F3E853EBEEA747B3F54
:10796000491040BEFC617B3F379B41BEE74E7B3FE9
:10797000072643BEAB3B7B3FB9B044BE48287B3FA4
:107980004D3B46BEBE147B3FC2C547BE0E017B3F8A
:10799000185049BE37ED7A3F4FDA4ABE3AD97A3F9E
:1079A00067644CBE16C57A3F60EE4DBECBB07A3FE1
:1079B00038784FBE599C7A3FF10151BEC1877A3F5A
:1079C000898B52BE02737A3F011554BE1C5E7A3F0A
:1079D000589E55BE10497A3F8F2757BEDD337A3FF8
:1079E000A4B058BE841E7A3F97395ABE04097A3F24
:1079F0006AC25BBE5EF3793F1A4B5DBE91DD793F93
:107A0000A8D35EBE9DC7793F135C60BE83B1793F4A
:107A10005CE461BE439B793F836C63BEDC84793F49
:107A200086F464BE4E6E793F667C66BE9A57793F97
:107A3000220468BEC040793FBA8B69BEBF29793F36
:107A40002F136BBE9812793F7F9A6CBE4AFB783F2A
:107A5000AB216EBED6E3783FB2A86FBE3BCC783F79
:107A6000942F71BE7BB4783F51B672BE939C783F21
:107A7000E83C74BE8684783F5AC375BE526C783F2A
:107A8000A64977BEF853783FCCCF78BE773B783F96
:107A9000CB557ABED122783FA4DB7BBE040A783F67
:107AA00056617DBE10F1773FE1E67EBEF7D7773FA6
:107AB000223680BEB7BE773FC0F880BE51A5773F63
:107AC0004ABB81BEC58B773FC07D82BE1372773FB4
:107AD000224083BE3A58773F700284BE3C3E773FD7
:107AE000AAC484BE1724773FCE8685BECC09773FD3
:107AF000DF4886BE5BEF763FDA0A87BEC4D4763FA6
:107B0000C1CC87BE07BA763F938E88BE249F763F4E
:107B1000505089BE1B84763FF8118ABEEC68763FD0
:107B20008AD38ABE974D763F07958BBE1B32763F30
:107B30006E568CBE7A16763FC0178DBEB3FA753F6F
:107B4000FCD88DBEC6DE753F229A8EBEB3C2753F8D
:107B5000325B8FBE7BA6753F2C1C90BE1C8A753F86
:107B600010DD90BE976D753FDD9D91BEED50753F68
:107B7000945E92BE1D34753F351F93BE2717753F27
:107B8000BFDF93BE0BFA743F31A094BEC9DC743FD3
:107B90008D6095BE62BF743FD22096BED5A1743F62
:107BA00000E196BE2284743F17A197BE4966743FD8
:107BB000166198BE4B48743FFE2099BE272A743F39
:107BC000CEE099BEDD0B743F86A09ABE6EED733F8A
:107BD00027609BBED9CE733FAF1F9CBE1FB0733FC3
:107BE00020DF9CBE3F91733F789E9DBE3972733FEC
:107BF000B85D9EBE0E53733FDF1C9FBEBE33733F06
:107C0000EEDB9FBE4714733FE59AA0BEACF4723F13
:107C1000C259A1BEEBD4723F8718A2BE04B5723F11
:107C200033D7A2BEF894723FC595A3BEC774723F06
:107C30003F54A4BE7054723F9F12A5BEF433723FEE
:107C4000E5D0A5BE5213723F128FA6BE8CF2713FD3
:107C5000254DA7BE9FD1713F1F0BA8BE8EB0713FAF
:107C6000FEC8A8BE578F713FC486A9BEFB6D713F89
:107C70006F44AABE7A4C713F0102ABBED42A713F59
:107C800077BFABBE0809713FD47CACBE17E7703F2D
:107C9000153AADBE02C5703F3CF7ADBEC6A2703FFF
:107CA00049B4AEBE6680703F3A71AFBEE15D703FD1
:107CB000102EB0BE373B703FCBEAB0BE6718703FA6
:107CC0006BA7B1BE73F56F3FEF63B2BE5AD26F3F81
:107CD0005820B3BE1BAF6F3FA5DCB3BEB88B6F3F60
:107CE000D698B4BE30686F3FEC54B5BE83446F3F46
:107CF000E610B6BEB0206F3FC3CCB6BEBAFC6E3F36
:107D00008488B7BE9ED86E3F2A44B8BE5DB46E3F2D
:107D1000B2FFB8BEF88F6E3F1EBBB9BE6D6B6E3F33
:107D20006E76BABEBE466E3FA031BBBEEB216E3F43
:107D3000B6ECBBBEF2FC6D3FAFA7BCBED5D76D3F66
:107D40008B62BDBE93B26D3F4A1DBEBE2D8D6D3F91
:107D5000EBD7BEBEA1676D3F6F92BFBEF2416D3FD4
:107D6000D54CC0BE1D1C6D3F1E07C1BE24F66C3F26
:107D700048C1C1BE07D06C3F557BC2BEC5A96C3F90
:107D80004435C3BE5E836C3F15EFC3BED45C6C3F0D
:107D9000C8A8C4BE24366C3F5C62C5BE500F6C3FA1
:107DA000D21BC6BE58E86B3F29D5C6BE3BC16B3F50
:107DB000628EC7BEFB996B3F7C47C8BE95726B3F16
:107DC0007700C9BE0C4B6B3F53B9C9BE5E236B3FF6
:107DD0001072CABE8CFB6A3FAE2ACBBE95D36A3FF7
:107DE0002CE3CBBE7BAB6A3F8B9BCCBE3C836A3F14
:107DF000CA53CDBED95A6A3FEA0BCEBE52326A3F51
:107E0000EAC3CEBEA7096A3FCA7BCFBED7E0693FAF
:107E10008A33D0BEE4B7693F2AEBD0BECC8E693F2F
:107E2000AAA2D1BE9165693F095AD2BE323C693FD0
:107E30004811D3BEAE12693F67C8D3BE07E9683F99
:107E4000647FD4BE3CBF683F4136D5BE4C95683F89
:107E5000FDECD5BE396B683F99A3D6BE0341683FA0
:107E6000135AD7BEA816683F6B10D8BE2AEC673FDE
:107E7000A3C6D8BE87C1673FB97CD9BEC196673F4C
:107E8000AD32DABED86B673F80E8DABECA40673FE2
:107E9000319EDBBE9915673FC153DCBE45EA663FA4
:107EA0002E09DDBECCBE663F79BEDDBE3093663F97
:107EB000A273DEBE7167663FA928DFBE8E3B663FB8
:107EC0008DDDDFBE880F663F4F92E0BE5EE3653F0B
:107ED000EE46E1BE10B7653F6AFBE1BEA08A653F92
:107EE000C4AFE2BE0B5E653FFA63E3BE5431653F4B
:107EF0000E18E4BE7904653FFECBE4BE7BD7643F39
:107F0000CB7FE5BE59AA643F7533E6BE147D643F5E
:107F1000FBE6E6BEAC4F643F5D9AE7BE2122643FBC
:107F20009C4DE8BE73F4633FB700E9BEA1C6633F52
:107F3000AEB3E9BEAC98633F8166EABE956A633F23
:107F40003019EBBE5A3C633FBBCBEBBEFC0D633F2D
:107F5000217EECBE7BDF623F6330EDBED7B0623F77
:107F600080E2EDBE1082623F7994EEBE2653623FFE
:107F70004C46EFBE1A24623FFBF7EFBEEAF4613FC6
:107F800085A9F0BE98C5613FEA5AF1BE2296613FCD
:107F9000290CF2BE8A66613F43BDF2BED036613F16
:107FA000386EF3BEF206613F071FF4BEF2D6603FA3
:107FB000B1CFF4BECFA6603F3580F5BE8976603F75
:107FC0009330F6BE2146603FCBE0F6BE9615603F8B
:107FD000DC90F7BEE9E45F3FC840F8BE19B45F3FEC
:107FE0008EF0F8BE27835F3F2DA0F9BE12525F3F8F
:107FF000A54FFABEDB205F3FF7FEFABE81EF5E3F82
:1080000022AEFBBE05BE5E3F275DFCBE678C5E3FB9
:10801000040CFDBEA65A5E3FBBBAFDBEC3285E3F40
:108020004A69FEBEBEF65D3FB217FFBE97C45D3F14
:10803000F3C5FFBE4D925D3F063A00BFE15F5D3F75
:10804000FF9000BF532D5D3FE4E700BFA3FA5C3F04
:10805000B53E01BFD1C75C3F739501BFDD945C3F66
:108060001CEC01BFC7615C3FB14202BF8E2E5C3F7A
:10807000329902BF34FB5B3F9FEF02BFB8C75B3F43
:10808000F84503BF1A945B3F3D9C03BF5A605B3FBA
:108090006DF203BF792C5B3F894804BF75F85A3FE6
:1080A000919E04BF50C45A3F84F404BF09905A3FC4
:1080B000624A05BFA05B5A3F2CA005BF16275A3F56
:1080C000E2F505BF6AF2593F824B06BF9CBD593F9E
:1080D0000EA106BFAD88593F86F606BF9C53593F97
:1080E000E84B07BF6A1E593F36A107BF17E9583F43
:1080F0006FF607BFA1B3583F924B08BF0B7E583FA6
:10810000A1A008BF5348583F9BF508BF7912583FBC
:108110007F4A09BF7FDC573F4E9F09BF63A6573F89
:1081200009F409BF2670573FAD480ABFC739573F0A
:108130003D9D0ABF4803573FB7F10ABFA7CC563F42
:108140001C460BBFE595563F6B9A0BBF025F563F2F
:10815000A5EE0BBFFE27563FC9420CBFD9F0553FD5
:10816000D7960CBF93B9553FD0EA0CBF2C82553F30
:10817000B33E0DBFA44A553F81920DBFFB12553F40
:1081800038E60DBF31DB543FDA390EBF47A3543F09
:10819000658D0EBF3B6B543FDBE00EBF0F33543F8A
:1081A0003B340FBFC3FA533F84870FBF55C2533FC1
:1081B000B8DA0FBFC789533FD52D10BF1851533FB1
:1081C000DC8010BF4918533FCDD310BF59DF523F59
:1081D000A72611BF49A6523F6B7911BF186D523FB8
:1081E00019CC11BFC633523FB01E12BF54FA513FD3
:1081F000307112BFC2C0513F9AC312BF1087513FA6
:10820000EE1513BF3D4D513F2A6813BF4A13513F2E
:1082100050BA13BF37D9503F5F0C14BF039F503F74
:10822000585E14BFAF64503F39B014BF3B2A503F73
:10823000040215BFA8EF4F3FB75315BFF4B44F3F2B
:1082400054A515BF1F7A4F3FD9F615BF2B3F4F3F9F
:10825000474816BF17044F3F9F9916BFE4C84E3FCB
:10826000DFEA16BF908D4E3F073C17BF1C524E3FB2
:10827000188D17BF89164E3F12DE17BFD5DA4D3F56
:10828000F52E18BF029F4D3FC07F18BF10634D3FB2
:1082900073D018BFFD264D3F0F2119BFCBEA4C3FCD
:1082A000947119BF79AE4C3F00C219BF08724C3FA0
:1082B00055121ABF78354C3F93621ABFC7F84B3F2F
:1082C000B8B21ABFF8BB4B3FC6021BBF097F4B3F7A
:1082D000BB521BBFFA414B3F99A21BBFCC044B3F83
:1082E0005FF21BBF7FC74A3F0C421CBF138A4A3F45
:1082F000A2911CBF874C4A3F1FE11CBFDC0E4A3FC6
:1083000084301DBF12D1493FD17F1DBF2993493F02
:1083100006CF1DBF2155493F221E1EBFFA16493FF9
:10832000266D1EBFB3D8483F12BC1EBF4E9A483FB1
:10833000E50A1FBFCA5B483F9F591FBF271D483F23
:1083400041A81FBF65DE473FCBF61FBF849F473F55
:108350003B4520BF8560473F939320BF6721473F40
:10836000D2E120BF2AE2463FF92F21BFCEA2463FED
:10837000067E21BF5463463FFBCB21BFBB23463F54
:10838000D71922BF03E4453F996722BF2DA4453F7B
:1083900043B522BF3964453FD30223BF2624453F5E
:1083A0004B5023BFF5E3443FA99D23BFA5A3443F02
:1083B000EEEA23BF3763443F1A3824BFAB22443F61
:1083C0002C8524BF00E2433F25D224BF38A1433F80
:1083D000041F25BF5160433FCB6B25BF4C1F433F5C
:1083E00077B825BF29DE423F0A0526BFE89C423FF9
:1083F000845126BF895B423FE39D26BF0B1A423F53
:108400002AEA26BF70D8413F563627BFB796413F6C
:10841000688227BFE154413F61CE27BFEC12413F44
:10842000401A28BFDAD0403F056628BFA98E403FDA
:10843000B0B128BF5C4C403F41FD28BFF009403F30
:10844000B84829BF67C73F3F159429BFC0843F3F45
:1084500057DF29BFFC413F3F802A2ABF1BFF3E3F19
:108460008E752ABF1BBC3E3F82C02ABFFF783E3FAD
:108470005B0B2BBFC5353E3F1B562BBF6EF23D3FFE
:10848000BFA02BBFF9AE3D3F4AEB2BBF676B3D3F13
:10849000B9352CBFB8273D3F0F802CBFECE33C3FE4
:1084A00049CA2CBF03A03C3F69142DBFFC5B3C3F75
:1084B0006F5E2DBFD9173C3F59A82DBF98D33B3FC6
:1084C00029F22DBF3B8F3B3FDE3B2EBFC14A3B3FD6
:1084D00078852EBF29063B3FF7CE2EBF75C13A3FA8
:1084E0005B182FBFA47C3A3FA5612FBFB7373A3F37
:1084F000D3AA2FBFACF2393FE6F32FBF85AD393F8A
:10850000DE3C30BF4268393FBB8530BFE122393F96
:108510007CCE30BF65DD383F221731BFCB97383F67
:10852000AD5F31BF1652383F1DA831BF430C383FF5
:1085300071F031BF55C6373FAA3832BF4A80373F46
:10854000C78032BF233A373FC9C832BFDFF3363F57
:10855000AF1033BF7FAD363F7A5833BF0467363F25
:1085600029A033BF6C20363FBCE733BFB8D9353FB5
:10857000342F34BFE792353F8F7634BFFB4B353F06
:10858000CFBD34BFF304353FF30435BFCFBD343F17
:10859000FB4B35BF8F76343FE79235BF342F343FE6
:1085A000B8D935BFBCE7333F6C2036BF29A0333F75
:1085B000046736BF7A58333F7FAD36BFAF10333FC5
:1085C000DFF336BFC9C8323F233A37BFC780323FD7
:1085D0004A8037BFAA38323F55C637BF71F0313FA6
:1085E000430C38BF1DA8313F165238BFAD5F313F35
:1085F000CB9738BF2217313F65DD38BF7CCE303F87
:10860000E12239BFBB85303F426839BFDE3C303F95
:1086100085AD39BFE6F32F3FACF239BFD3AA2F3F68
:10862000B7373ABFA5612F3FA47C3ABF5B182F3FF5
:1086300075C13ABFF7CE2E3F29063BBF78852E3F46
:10864000C14A3BBFDE3B2E3F3B8F3BBF29F22D3F54
:1086500098D33BBF59A82D3FD9173CBF6F5E2D3F24
:10866000FC5B3CBF69142D3F03A03CBF49CA2C3FB3
:10867000ECE33CBF0F802C3FB8273DBFB9352C3F02
:10868000676B3DBF4AEB2B3FF9AE3DBFBFA02B3F11
:108690006EF23DBF1B562B3FC5353EBF5B0B2B3FDC
:1086A000FF783EBF82C02A3F1BBC3EBF8E752A3F6B
:1086B0001BFF3EBF802A2A3FFC413FBF57DF293FB7
:1086C000C0843FBF1594293F67C73FBFB848293FC3
:1086D000F00940BF41FD283F5C4C40BFB0B1283F8E
:1086E000A98E40BF0566283FDAD040BF401A283F18
:1086F000EC1241BF61CE273FE15441BF6882273F62
:10870000B79641BF5636273F70D841BF2AEA263F69
:108710000B1A42BFE39D263F895B42BF8451263F2F
:10872000E89C42BF0A05263F29DE42BF77B8253FB5
:108730004C1F43BFCB6B253F516043BF041F253FF8
:1087400038A143BF25D2243F00E243BF2C85243FFC
:10875000AB2244BF1A38243F376344BFEEEA233FBD
:10876000A5A344BFA99D233FF5E344BF4B50233F3E
:10877000262445BFD302233F396445BF43B5223F7A
:108780002DA445BF9967223F03E445BFD719223F77
:10879000BB2346BFFBCB213F546346BF067E213F30
:1087A000CEA246BFF92F213F2AE246BFD2E1203FA9
:1087B000672147BF9393203F856047BF3B45203FDC
:1087C000849F47BFCBF61F3F65DE47BF41A81F3FD1
:1087D000271D48BF9F591F3FCA5B48BFE50A1F3F7F
:1087E0004E9A48BF12BC1E3FB3D848BF266D1E3FED
:1087F000FA1649BF221E1E3F215549BF06CF1D3F15
:10880000299349BFD17F1D3F12D149BF84301D3FFD
:10881000DC0E4ABF1FE11C3F874C4ABFA2911C3FA0
:10882000138A4ABF0C421C3F7FC74ABF5FF21B3FFF
:10883000CC044BBF99A21B3FFA414BBFBB521B3F1D
:10884000097F4BBFC6021B3FF8BB4BBFB8B21A3FF4
:10885000C7F84BBF93621A3F78354CBF55121A3F89
:1088600008724CBF00C2193F79AE4CBF9471193FDA
:10887000CBEA4CBF0F21193FFD264DBF73D0183FE7
:1088800010634DBFC07F183F029F4DBFF52E183FAC
:10889000D5DA4DBF12DE173F89164EBF188D173F30
:1088A0001C524EBF073C173F908D4EBFDFEA163F6C
:1088B000E4C84EBF9F99163F17044FBF4748163F65
:1088C0002B3F4FBFD9F6153F1F7A4FBF54A5153F19
:1088D000F4B44FBFB753153FA8EF4FBF0402153F85
:1088E0003B2A50BF39B0143FAF6450BF585E143FAD
:1088F000039F50BF5F0C143F37D950BF50BA133F8E
:108900004A1351BF2A68133F3D4D51BFEE15133F27
:10891000108751BF9AC3123FC2C051BF3071123F7E
:1089200054FA51BFB01E123FC63352BF19CC113F8B
:10893000186D52BF6B79113F49A652BFA726113F50
:1089400059DF52BFCDD3103F491853BFDC80103FD1
:10895000185153BFD52D103FC78953BFB8DA0F3F09
:1089600055C253BF84870F3FC3FA53BF3B340F3FF9
:108970000F3354BFDBE00E3F3B6B54BF658D0E3FA2
:1089800047A354BFDA390E3F31DB54BF38E60D3F01
:10899000FB1255BF81920D3FA44A55BFB33E0D3F18
:1089A0002C8255BFD0EA0C3F93B955BFD7960C3FE8
:1089B000D9F055BFC9420C3FFE2756BFA5EE0B3F6D
:1089C000025F56BF6B9A0B3FE59556BF1C460B3FA7
:1089D000A7CC56BFB7F10A3F480357BF3D9D0A3F9A
:1089E000C73957BFAD480A3F267057BF09F4093F42
:1089F00063A657BF4E9F093F7FDC57BF7F4A093FA1
:108A0000791258BF9BF5083F534858BFA1A0083FB3
:108A10000B7E58BF924B083FA1B358BF6FF6073F7C
:108A200017E958BF36A1073F6A1E59BFE84B073FF9
:108A30009C5359BF86F6063FAD8859BF0EA1063F2D
:108A40009CBD59BF824B063F6AF259BFE2F5053F14
:108A500016275ABF2CA0053FA05B5ABF624A053FAC
:108A600009905ABF84F4043F50C45ABF919E043FFA
:108A700075F85ABF8948043F792C5BBF6DF2033FFC
:108A80005A605BBF3D9C033F1A945BBFF845033FB0
:108A9000B8C75BBF9FEF023F34FB5BBF3299023F19
:108AA0008E2E5CBFB142023FC7615CBF1CEC013F30
:108AB000DD945CBF7395013FD1C75CBFB53E013FFC
:108AC000A3FA5CBFE4E7003F532D5DBFFF90003F7A
:108AD000E15F5DBF063A003F4D925DBFF3C5FF3ECB
:108AE00097C45DBFB217FF3EBEF65DBF4A69FE3E4A
:108AF000C3285EBFBBBAFD3EA65A5EBF040CFD3E56
:108B0000678C5EBF275DFC3E05BE5EBF22AEFB3EAE
:108B100081EF5EBFF7FEFA3EDB205FBFA54FFA3E56
:108B200012525FBF2DA0F93E27835FBF8EF0F83E43
:108B300019B45FBFC840F83EE9E45FBFDC90F73E80
:108B4000961560BFCBE0F63E214660BF9330F63EFF
:108B5000897660BF3580F53ECFA660BFB1CFF43EC9
:108B6000F2D660BF071FF43EF20661BF386EF33ED7
:108B7000D03661BF43BDF23E8A6661BF290CF23E2A
:108B8000229661BFEA5AF13E98C561BF85A9F03EC1
:108B9000EAF461BFFBF7EF3E1A2462BF4C46EF3E9A
:108BA000265362BF7994EE3E108262BF80E2ED3EB2
:108BB000D7B062BF6330ED3E7BDF62BF217EEC3E0B
:108BC000FC0D63BFBBCBEB3E5A3C63BF3019EB3EA1
:108BD000956A63BF8166EA3EAC9863BFAEB3E93E77
:108BE000A1C663BFB700E93E73F463BF9C4DE83E86
:108BF000212264BF5D9AE73EAC4F64BFFBE6E63ED0
:108C0000147D64BF7533E63E59AA64BFCB7FE53E51
:108C10007BD764BFFECBE43E790465BF0E18E43E0B
:108C2000543165BFFA63E33E0B5E65BFC4AFE23EFD
:108C3000A08A65BF6AFBE13E10B765BFEE46E13E24
:108C40005EE365BF4F92E03E880F66BF8DDDDF3E7D
:108C50008E3B66BFA928DF3E716766BFA273DE3E0A
:108C6000309366BF79BEDD3ECCBE66BF2E09DD3EC9
:108C700045EA66BFC153DC3E991567BF319EDB3EB6
:108C8000CA4067BF80E8DA3ED86B67BFAD32DA3ED4
:108C9000C19667BFB97CD93E87C167BFA3C6D83E1E
:108CA0002AEC67BF6B10D83EA81668BF135AD73E90
:108CB000034168BF99A3D63E396B68BFFDECD53E32
:108CC0004C9568BF4136D53E3CBF68BF647FD43EFB
:108CD00007E968BF67C8D33EAE1269BF4811D33EEB
:108CE000323C69BF095AD23E916569BFAAA2D13E02
:108CF000CC8E69BF2AEBD03EE4B769BF8A33D03E41
:108D0000D7E069BFCA7BCF3EA7096ABFEAC3CE3EA0
:108D100052326ABFEA0BCE3ED95A6ABFCA53CD3E21
:108D20003C836ABF8B9BCC3E7BAB6ABF2CE3CB3EC4
:108D300095D36ABFAE2ACB3E8CFB6ABF1072CA3E87
:108D40005E236BBF53B9C93E0C4B6BBF7700C93E66
:108D500095726BBF7C47C83EFB996BBF628EC73E66
:108D60003BC16BBF29D5C63E58E86BBFD21BC63E80
:108D7000500F6CBF5C62C53E24366CBFC8A8C43EB1
:108D8000D45C6CBF15EFC33E5E836CBF4435C33EFD
:108D9000C5A96CBF557BC23E07D06CBF48C1C13E60
:108DA00024F66CBF1E07C13E1D1C6DBFD54CC03ED6
:108DB000F2416DBF6F92BF3EA1676DBFEBD7BE3E64
:108DC0002D8D6DBF4A1DBE3E93B26DBF8B62BD3E01
:108DD000D5D76DBFAFA7BC3EF2FC6DBFB6ECBB3EB6
:108DE000EB216EBFA031BB3EBE466EBF6E76BA3E73
:108DF0006D6B6EBF1EBBB93EF88F6EBFB2FFB83E43
:108E00005DB46EBF2A44B83E9ED86EBF8488B73E1C
:108E1000BAFC6EBFC3CCB63EB0206FBFE610B63E04
:108E200083446FBFEC54B53E30686FBFD698B43EF4
:108E3000B88B6FBFA5DCB33E1BAF6FBF5820B33EEE
:108E40005AD26FBFEF63B23E73F56FBF6BA7B13EEF
:108E5000671870BFCBEAB03E373B70BF102EB03EF4
:108E6000E15D70BF3A71AF3E668070BF49B4AE3EFF
:108E7000C6A270BF3CF7AD3E02C570BF153AAD3E0D
:108E800017E770BFD47CAC3E080971BF77BFAB3E1B
:108E9000D42A71BF0102AB3E7A4C71BF6F44AA3E27
:108EA000FB6D71BFC486A93E578F71BFFEC8A83E37
:108EB0008EB071BF1F0BA83E9FD171BF254DA73E3D
:108EC0008CF271BF128FA63E521372BFE5D0A53E41
:108ED000F43372BF9F12A53E705472BF3F54A43E3C
:108EE000C77472BFC595A33EF89472BF33D7A23E34
:108EF00004B572BF8718A23EEBD472BFC259A13E1F
:108F0000ACF472BFE59AA03E471473BFEEDB9F3E00
:108F1000BE3373BFDF1C9F3E0E5373BFB85D9E3ED2
:108F2000397273BF789E9D3E3F9173BF20DF9C3E98
:108F30001FB073BFAF1F9C3ED9CE73BF27609B3E4F
:108F40006EED73BF86A09A3EDD0B74BFCEE0993EF6
:108F5000272A74BFFE20993E4B4874BF1661983E85
:108F6000496674BF17A1973E228474BF00E1963E04
:108F7000D5A174BFD220963E62BF74BF8D60953E6E
:108F8000C9DC74BF31A0943E0BFA74BFBFDF933EBF
:108F9000271775BF351F933E1D3475BF945E923EF3
:108FA000ED5075BFDD9D913E976D75BF10DD903E14
:108FB0001C8A75BF2C1C903E7BA675BF325B8F3E12
:108FC000B3C275BF229A8E3EC6DE75BFFCD88D3EF9
:108FD000B3FA75BFC0178D3E7A1676BF6E568C3EBB
:108FE0001B3276BF07958B3E974D76BF8AD38A3E5C
:108FF000EC6876BFF8118A3E1B8476BF5050893EDC
:10900000249F76BF938E883E07BA76BFC1CC873E39
:10901000C4D476BFDA0A873E5BEF76BFDF48863E70
:10902000CC0977BFCE86853E172477BFAAC4843E7D
:109030003C3E77BF7002843E3A5877BF2240833E61
:10904000137277BFC07D823EC58B77BF4ABB813E1E
:1090500051A577BFC0F8803EB7BE77BF2236803EAD
:10906000F7D777BFE1E67E3E10F177BF56617D3ED0
:10907000040A78BFA4DB7B3ED12278BFCB557A3E71
:10908000773B78BFCCCF783EF85378BFA649773E80
:10909000526C78BF5AC3753E868478BFE83C743EF4
:1090A000939C78BF51B6723E7BB478BF942F713ECB
:1090B0003BCC78BFB2A86F3ED6E378BFAB216E3E03
:1090C0004AFB78BF7F9A6C3E981279BF2F136B3E94
:1090D000BF2979BFBA8B693EC04079BF2204683E80
:1090E0009A5779BF667C663E4E6E79BF86F4643EC1
:1090F000DC8479BF836C633E439B79BF5CE4613E53
:1091000083B179BF135C603E9DC779BFA8D35E3E33
:1091100091DD79BF1A4B5D3E5EF379BF6AC25B3E5B
:1091200004097ABF97395A3E841E7ABFA4B0583ECC
:10913000DD337ABF8F27573E10497ABF589E553E80
:109140001C5E7ABF0115543E02737ABF898B523E72
:10915000C1877ABFF101513E599C7ABF38784F3EA2
:10916000CBB07ABF60EE4D3E16C57ABF67644C3E09
:109170003AD97ABF4FDA4A3E37ED7ABF1850493EA6
:109180000E017BBFC2C5473EBE147BBF4D3B463E72
:1091900048287BBFB9B0443EAB3B7BBF0726433E6C
:1091A000E74E7BBF379B413EFC617BBF4910403E91
:1091B000EA747BBF3E853E3EB2877BBF15FA3C3EDC
:1091C000539A7BBFCF6E3B3ECDAC7BBF6CE3393E49
:1091D00020BF7BBFEC57383E4DD17BBF50CC363ED5
:1091E00053E37BBF9840353E31F57BBFC4B4333E7B
:1091F000E9067CBFD428323E7A187CBFC99C303E39
:10920000E5297CBFA2102F3E283B7CBF61842D3E08
:10921000444C7CBF04F82B3E3A5D7CBF8D6B2A3EEC
:10922000086E7CBFFCDE283EB07E7CBF5152273EDC
:10923000318F7CBF8CC5253E8A9F7CBFAD38243ED4
:10924000BDAF7CBFB6AB223EC9BF7CBFA51E213ED1
:10925000AECF7CBF7B911F3E6CDF7CBF38041E3ECF
:1092600003EF7CBFDE761C3E73FE7CBF6BE91A3ECB
:10927000BC0D7DBFE05B193EDD1C7DBF3DCE173EC2
:10928000D82B7DBF8340163EAC3A7DBFB2B2143EB0
:1092900059497DBFCA24133EDE577DBFCC96113E8F
:1092A0003D667DBFB708103E74747DBF8B7A0E3E5D
:1092B00085827DBF4AEC0C3E6E907DBFF35D0B3E18
:1092C000309E7DBF86CF093ECCAB7DBF0541083EB9
:1092D00040B97DBF6EB2063E8CC67DBFC223053E3F
:1092E000B2D37DBF0295033EB1E07DBF2E06023EA4
:1092F00088ED7DBF4577003E38FA7DBF92D0FD3DB9
:10930000C2067EBF73B2FA3D24137EBF2C94F73D94
:109310005E1F7EBFC075F43D722B7EBF2E57F13DA0
:109320005E377EBF7638EE3D23437EBF9A19EB3D14
:10933000C14E7EBF9AFAE73D385A7EBF76DBE43DE8
:1093400088657EBF2EBCE13DB0707EBFC49CDE3D13
:10935000B17B7EBF377DDB3D8B867EBF895DD83D8F
:109360003D917EBFB93DD53DC99B7EBFC81DD23D55
:109370002DA67EBFB7FDCE3D69B07EBF86DDCB3D5D
:109380007FBA7EBF36BDC83D6DC47EBFC69CC53D9D
:1093900034CE7EBF397CC23DD4D77EBF8D5BBF3D0E
:1093A0004CE17EBFC33ABC3D9DEA7EBFDD19B93DAD
:1093B000C7F37EBFDAF8B53DC9FC7EBFBBD7B23D6F
:1093C000A4057FBF80B6AF3D580E7FBF2B95AC3D47
:1093D000E4167FBFBA73A93D491F7FBF3052A63D37
:1093E00087277FBF8C30A33D9D2F7FBFCF0EA03D31
:1093F0008D377FBFF9EC9C3D543F7FBF0ACB993D31
:10940000F4467FBF05A9963D6D4E7FBFE786933D2D
:10941000BF557FBFB464903DE95C7FBF6A428D3D1C
:10942000EC637FBF0A208A3DC76A7FBF94FD863DFB
:109430007B717FBF0ADB833D08787FBF6CB8803DBE
:109440006D7E7FBF742B7B3DAB847FBFE9E5743DB0
:10945000C28A7FBF38A06E3DB1907FBF625A683D1F
:1094600078967FBF6814623D189C7FBF4CCE5B3DF1
:1094700091A17FBF0E88553DE3A67FBFAF414F3D11
:109480000DAC7FBF2FFB483D0FB17FBF91B4423D74
:10949000EAB57FBFD56D3C3D9EBA7FBFFC26363D09
:1094A0002ABF7FBF07E02F3D8FC37FBFF698293DBE
:1094B000CCC77FBFCC51233DE2CB7FBF880A1D3D87
:1094C000D1CF7FBF2CC3163D98D37FBFB87B103D53
:1094D00037D77FBF2F340A3DAFDA7FBF90EC033D13
:1094E00000DE7FBFB949FB3C29E17FBF2DBAEE3CCE
:1094F0002BE47FBF7B2AE23C05E77FBFA69AD53CE1
:10950000B8E97FBFB00AC93C43EC7FBF9B7ABC3C43
:10951000A7EE7FBF69EAAF3CE3F07FBF1C5AA33CD4
:10952000F8F27FBFB6C9963CE6F47FBF38398A3C73
:10953000ACF67FBF4B517B3C4AF87FBF0030623CAA
:10954000C1F97FBF900E493C11FB7FBF02ED2F3C5C
:1095500039FC7FBF59CB163C39FD7FBF3053FB3BF5
:1095600013FE7FBF890FC93BC4FE7FBFC1CB963BB3
:109570004EFF7FBFC70F493BB1FF7FBFD40FC93A32
:10958000ECFF7FBF000000000000803F900E493CD0
:1095900011FB7F3FB00AC93C43EC7F3F2CC3163D13
:1095A00098D37F3F2FFB483D0FB17F3F742B7B3D0E
:1095B000AB847F3F05A9963D6D4E7F3F80B6AF3DA2
:1095C000580E7F3F36BDC83D6DC47E3F2EBCE13D89
:1095D000B0707E3F73B2FA3D24137E3F86CF093EC2
:1095E000CCAB7D3F8340163EAC3A7D3FB6AB223ECE
:1095F000C9BF7C3FA2102F3E283B7C3FCF6E3B3E35
:10960000CDAC7B3FC2C5473EBE147B3F0115543EE7
:1096100002737A3F135C603E9DC7793F7F9A6C3E30
:109620009812793FCCCF783EF853783FC07D823E88
:10963000C58B773F938E883E07BA763F229A8E3E3F
:10964000C6DE753F31A0943E0BFA743F86A09A3E69
:10965000DD0B743FE59AA03E4714733F128FA63E80
:109660005213723FD47CAC3E0809713FEF63B23EA7
:1096700073F56F3F2A44B83E9ED86E3F4A1DBE3EEA
:1096800093B26D3F15EFC33E5E836C3F53B9C93E45
:109690000C4B6B3FCA7BCF3EA7096A3F4136D53E94
:1096A0003CBF683F80E8DA3ED86B673F4F92E03EB0
:1096B000880F663F7533E63E59AA643FBBCBEB3E4D
:1096C0005A3C633FEA5AF13E98C5613FCBE0F63E13
:1096D0002146603F275DFC3E05BE5E3FE4E7003F5C
:1096E000532D5D3F3D9C033F1A945B3F824B063FE9
:1096F0006AF2593F9BF5083F5348583F6B9A0B3F1E
:10970000E595563FDA390E3F31DB543FCDD3103F5C
:109710004918533F2A68133F3D4D513FD9F6153F35
:109720001F7A4F3FC07F183F029F4D3FC6021B3F2D
:10973000F8BB4B3FD17F1D3F12D1493FCBF61F3FB6
:1097400065DE473F9967223F03E4453F25D2243F2A
:1097500000E2433F5636273F70D8413F1594293FDA
:1097600067C73F3F4AEB2B3FF9AE3D3FDE3B2E3F05
:109770003B8F3B3FBB85303F4268393FC9C8323FD2
:10978000233A373FF304353FF304353F233A373F5D
:10979000C9C8323F4268393FBB85303F3B8F3B3FB2
:1097A000DE3B2E3FF9AE3D3F4AEB2B3F67C73F3FC5
:1097B0001594293F70D8413F5636273F00E2433F7A
:1097C00025D2243F03E4453F9967223F65DE473FAA
:1097D000CBF61F3F12D1493FD17F1D3FF8BB4B3F16
:1097E000C6021B3F029F4D3FC07F183F1F7A4F3F6D
:1097F000D9F6153F3D4D513F2A68133F4918533F55
:10980000CDD3103F31DB543FDA390E3FE595563F5B
:109810006B9A0B3F5348583F9BF5083F6AF2593FFC
:10982000824B063F1A945B3F3D9C033F532D5D3FA7
:10983000E4E7003F05BE5E3F275DFC3E2146603FFA
:10984000CBE0F63E98C5613FEA5AF13E5A3C633F91
:10985000BBCBEB3E59AA643F7533E63E880F663FAB
:109860004F92E03ED86B673F80E8DA3E3CBF683FEE
:109870004136D53EA7096A3FCA7BCF3E0C4B6B3FB2
:1098800053B9C93E5E836C3F15EFC33E93B26D3F43
:109890004A1DBE3E9ED86E3F2A44B83E73F56F3FC8
:1098A000EF63B23E0809713FD47CAC3E5213723F65
:1098B000128FA63E4714733FE59AA03EDD0B743F1E
:1098C00086A09A3E0BFA743F31A0943EC6DE753FE7
:1098D000229A8E3E07BA763F938E883EC58B773F9D
:1098E000C07D823EF853783FCCCF783E9812793FC6
:1098F0007F9A6C3E9DC7793F135C603E02737A3F4E
:109900000115543EBE147B3FC2C5473ECDAC7B3FE4
:10991000CF6E3B3E283B7C3FA2102F3EC9BF7C3F11
:10992000B6AB223EAC3A7D3F8340163ECCAB7D3F8A
:1099300086CF093E24137E3F73B2FA3DB0707E3F5E
:109940002EBCE13D6DC47E3F36BDC83D580E7F3F05
:1099500080B6AF3D6D4E7F3F05A9963DAB847F3FFE
:10996000742B7B3D0FB17F3F2FFB483D98D37F3F4A
:109970002CC3163D43EC7F3FB00AC93C11FB7F3F2F
:10998000900E493C0000803F0000000011FB7F3F2B
:10999000900E49BC43EC7F3FB00AC9BC98D37F3FCF
:1099A0002CC316BD0FB17F3F2FFB48BDAB847F3F5B
:1099B000742B7BBD6D4E7F3F05A996BD580E7F3F32
:1099C00080B6AFBD6DC47E3F36BDC8BDB0707E3FB2
:1099D0002EBCE1BD24137E3F73B2FABDCCAB7D3FFC
:1099E00086CF09BEAC3A7D3F834016BEC9BF7C3FDF
:1099F000B6AB22BE283B7C3FA2102FBECDAC7B3F36
:109A0000CF6E3BBEBE147B3FC2C547BE02737A3FDA
:109A1000011554BE9DC7793F135C60BE9812793F13
:109A20007F9A6CBEF853783FCCCF78BEC58B773F1A
:109A3000C07D82BE07BA763F938E88BEC6DE753F74
:109A4000229A8EBE0BFA743F31A094BEDD0B743F98
:109A500086A09ABE4714733FE59AA0BE5213723F88
:109A6000128FA6BE0809713FD47CACBE73F56F3F60
:109A7000EF63B2BE9ED86E3F2A44B8BE93B26D3F2C
:109A80004A1DBEBE5E836C3F15EFC3BE0C4B6B3FE1
:109A900053B9C9BEA7096A3FCA7BCFBE3CBF683F66
:109AA0004136D5BED86B673F80E8DABE880F663F87
:109AB0004F92E0BE59AA643F7533E6BE5A3C633FFD
:109AC000BBCBEBBE98C5613FEA5AF1BE2146603F71
:109AD000CBE0F6BE05BE5E3F275DFCBE532D5D3F6D
:109AE000E4E700BF1A945B3F3D9C03BF6AF2593F15
:109AF000824B06BF5348583F9BF508BFE595563F3C
:109B00006B9A0BBF31DB543FDA390EBF4918533F14
:109B1000CDD310BF3D4D513F2A6813BF1F7A4F3F31
:109B2000D9F615BF029F4D3FC07F18BFF8BB4B3F12
:109B3000C6021BBF12D1493FD17F1DBF65DE473F23
:109B4000CBF61FBF03E4453F996722BF00E2433FC6
:109B500025D224BF70D8413F563627BF67C73F3F45
:109B6000159429BFF9AE3D3F4AEB2BBF3B8F3B3FDE
:109B7000DE3B2EBF4268393FBB8530BF233A373FBB
:109B8000C9C832BFF304353FF30435BFC9C8323FFB
:109B9000233A37BFBB85303F426839BFDE3B2E3F9B
:109BA0003B8F3BBF4AEB2B3FF9AE3DBF1594293F9E
:109BB00067C73FBF5636273F70D841BF25D2243FE5
:109BC00000E243BF9967223F03E445BFCBF61F3F46
:109BD00065DE47BFD17F1D3F12D149BFC6021B3F83
:109BE000F8BB4BBFC07F183F029F4DBFD9F6153F52
:109BF0001F7A4FBF2A68133F3D4D51BFCDD3103F51
:109C0000491853BFDA390E3F31DB54BF6B9A0B3F13
:109C1000E59556BF9BF5083F534858BF824B063F1A
:109C20006AF259BF3D9C033F1A945BBFE4E7003FD3
:109C3000532D5DBF275DFC3E05BE5EBFCBE0F63E0B
:109C4000214660BFEA5AF13E98C561BFBBCBEB3EEF
:109C50005A3C63BF7533E63E59AA64BF4F92E03E5B
:109C6000880F66BF80E8DA3ED86B67BF4136D53EC5
:109C70003CBF68BFCA7BCF3EA7096ABF53B9C93E84
:109C80000C4B6BBF15EFC33E5E836CBF4A1DBE3EDF
:109C900093B26DBF2A44B83E9ED86EBFEF63B23E0A
:109CA00073F56FBFD47CAC3E080971BF128FA63E1E
:109CB000521372BFE59AA03E471473BF86A09A3E26
:109CC000DD0B74BF31A0943E0BFA74BF229A8E3E16
:109CD000C6DE75BF938E883E07BA76BFC07D823ED2
:109CE000C58B77BFCCCF783EF85378BF7F9A6C3E58
:109CF000981279BF135C603E9DC779BF0115543E31
:109D000002737ABFC2C5473EBE147BBFCF6E3B3ED7
:109D1000CDAC7BBFA2102F3E283B7CBFB6AB223E12
:109D2000C9BF7CBF8340163EAC3A7DBF86CF093E9B
:109D3000CCAB7DBF73B2FA3D24137EBF2EBCE13D98
:109D4000B0707EBF36BDC83D6DC47EBF80B6AF3D2E
:109D5000580E7FBF05A9963D6D4E7FBF742B7B3D8E
:109D6000AB847FBF2FFB483D0FB17FBF2CC3163D97
:109D700098D37FBFB00AC93C43EC7FBF900E493CEB
:109D800011FB7FBF000000000000803F36BDC83DD2
:109D90006DC47E3FC2C5473EBE147B3F31A0943E9A
:109DA0000BFA743F15EFC33E5E836C3FEA5AF13EF7
:109DB00098C5613FDA390E3F31DB543F9967223F46
:109DC00003E4453FF304353FF304353F03E4453FE7
:109DD0009967223F31DB543FDA390E3F98C5613F26
:109DE000EA5AF13E5E836C3F15EFC33E0BFA743FB7
:109DF00031A0943EBE147B3FC2C5473E6DC47E3F3A
:109E000036BDC83D0000803F000000006DC47E3FAD
:109E100036BDC8BDBE147B3FC2C547BE0BFA743FFA
:109E200031A094BE5E836C3F15EFC3BE98C5613F01
:109E3000EA5AF1BE31DB543FDA390EBF03E4453F45
:109E4000996722BFF304353FF30435BF9967223F7A
:109E500003E445BFDA390E3F31DB54BFEA5AF13E25
:109E600098C561BF15EFC33E5E836CBF31A0943EC1
:109E70000BFA74BFC2C5473EBE147BBF36BDC83D9A
:109E80006DC47EBFA89E02080000002010000000E4
:109E9000EC010008B89E020810000020C8E0000095
:109EA0000C0200080000000001000000100000008B
:089EB0000024F4000000000092
:040000050800018965
:00000001FF
