Fitter report for ADC_RAM_G
Wed Jul 29 19:35:23 2026
Quartus Prime Version 18.0.0 Build 614 04/24/2018 SJ Standard Edition


---------------------
; Table of Contents ;
---------------------
  1. Legal Notice
  2. Fitter Summary
  3. Fitter Settings
  4. Parallel Compilation
  5. Fitter Netlist Optimizations
  6. Incremental Compilation Preservation Summary
  7. Incremental Compilation Partition Settings
  8. Incremental Compilation Placement Preservation
  9. Pin-Out File
 10. Fitter Resource Usage Summary
 11. Fitter Partition Statistics
 12. Input Pins
 13. Output Pins
 14. Dual Purpose and Dedicated Pins
 15. I/O Bank Usage
 16. All Package Pins
 17. PLL Summary
 18. PLL Usage
 19. I/O Assignment Warnings
 20. Fitter Resource Utilization by Entity
 21. Delay Chain Summary
 22. Pad To Core Delay Chain Fanout
 23. Control Signals
 24. Global & Other Fast Signals
 25. Fitter RAM Summary
 26. Fitter DSP Block Usage Summary
 27. DSP Block Details
 28. Routing Usage Summary
 29. LAB Logic Elements
 30. LAB-wide Signals
 31. LAB Signals Sourced
 32. LAB Signals Sourced Out
 33. LAB Distinct Inputs
 34. I/O Rules Summary
 35. I/O Rules Details
 36. I/O Rules Matrix
 37. Fitter Device Options
 38. Operating Settings and Conditions
 39. Estimated Delay Added for Hold Timing Summary
 40. Estimated Delay Added for Hold Timing Details
 41. Fitter Messages
 42. Fitter Suppressed Messages



----------------
; Legal Notice ;
----------------
Copyright (C) 2018  Intel Corporation. All rights reserved.
Your use of Intel Corporation's design tools, logic functions 
and other software and tools, and its AMPP partner logic 
functions, and any output files from any of the foregoing 
(including device programming or simulation files), and any 
associated documentation or information are expressly subject 
to the terms and conditions of the Intel Program License 
Subscription Agreement, the Intel Quartus Prime License Agreement,
the Intel FPGA IP License Agreement, or other applicable license
agreement, including, without limitation, that your use is for
the sole purpose of programming logic devices manufactured by
Intel and sold by Intel or its authorized distributors.  Please
refer to the applicable agreement for further details.



+--------------------------------------------------------------------------------------+
; Fitter Summary                                                                       ;
+------------------------------------+-------------------------------------------------+
; Fitter Status                      ; Successful - Wed Jul 29 19:35:23 2026           ;
; Quartus Prime Version              ; 18.0.0 Build 614 04/24/2018 SJ Standard Edition ;
; Revision Name                      ; ADC_RAM_G                                       ;
; Top-level Entity Name              ; g_measure_top                                   ;
; Family                             ; Cyclone IV E                                    ;
; Device                             ; EP4CE6E22C8                                     ;
; Timing Models                      ; Final                                           ;
; Total logic elements               ; 1,189 / 6,272 ( 19 % )                          ;
;     Total combinational functions  ; 848 / 6,272 ( 14 % )                            ;
;     Dedicated logic registers      ; 860 / 6,272 ( 14 % )                            ;
; Total registers                    ; 860                                             ;
; Total pins                         ; 64 / 92 ( 70 % )                                ;
; Total virtual pins                 ; 0                                               ;
; Total memory bits                  ; 65,536 / 276,480 ( 24 % )                       ;
; Embedded Multiplier 9-bit elements ; 10 / 30 ( 33 % )                                ;
; Total PLLs                         ; 1 / 2 ( 50 % )                                  ;
+------------------------------------+-------------------------------------------------+


+----------------------------------------------------------------------------------------------------------------------------------------------------+
; Fitter Settings                                                                                                                                    ;
+--------------------------------------------------------------------+---------------------------------------+---------------------------------------+
; Option                                                             ; Setting                               ; Default Value                         ;
+--------------------------------------------------------------------+---------------------------------------+---------------------------------------+
; Device                                                             ; EP4CE6E22C8                           ;                                       ;
; Nominal Core Supply Voltage                                        ; 1.2V                                  ;                                       ;
; Minimum Core Junction Temperature                                  ; 0                                     ;                                       ;
; Maximum Core Junction Temperature                                  ; 85                                    ;                                       ;
; Fit Attempts to Skip                                               ; 0                                     ; 0.0                                   ;
; Use smart compilation                                              ; Off                                   ; Off                                   ;
; Enable parallel Assembler and Timing Analyzer during compilation   ; On                                    ; On                                    ;
; Enable compact report table                                        ; Off                                   ; Off                                   ;
; Auto Merge PLLs                                                    ; On                                    ; On                                    ;
; Router Timing Optimization Level                                   ; Normal                                ; Normal                                ;
; Perform Clocking Topology Analysis During Routing                  ; Off                                   ; Off                                   ;
; Placement Effort Multiplier                                        ; 1.0                                   ; 1.0                                   ;
; Router Effort Multiplier                                           ; 1.0                                   ; 1.0                                   ;
; Optimize Hold Timing                                               ; All Paths                             ; All Paths                             ;
; Optimize Multi-Corner Timing                                       ; On                                    ; On                                    ;
; Power Optimization During Fitting                                  ; Normal compilation                    ; Normal compilation                    ;
; SSN Optimization                                                   ; Off                                   ; Off                                   ;
; Optimize Timing                                                    ; Normal compilation                    ; Normal compilation                    ;
; Optimize Timing for ECOs                                           ; Off                                   ; Off                                   ;
; Regenerate Full Fit Report During ECO Compiles                     ; Off                                   ; Off                                   ;
; Optimize IOC Register Placement for Timing                         ; Normal                                ; Normal                                ;
; Limit to One Fitting Attempt                                       ; Off                                   ; Off                                   ;
; Final Placement Optimizations                                      ; Automatically                         ; Automatically                         ;
; Fitter Aggressive Routability Optimizations                        ; Automatically                         ; Automatically                         ;
; Fitter Initial Placement Seed                                      ; 1                                     ; 1                                     ;
; Periphery to Core Placement and Routing Optimization               ; Off                                   ; Off                                   ;
; PCI I/O                                                            ; Off                                   ; Off                                   ;
; Weak Pull-Up Resistor                                              ; Off                                   ; Off                                   ;
; Enable Bus-Hold Circuitry                                          ; Off                                   ; Off                                   ;
; Auto Packed Registers                                              ; Auto                                  ; Auto                                  ;
; Auto Delay Chains                                                  ; On                                    ; On                                    ;
; Auto Delay Chains for High Fanout Input Pins                       ; Off                                   ; Off                                   ;
; Allow Single-ended Buffer for Differential-XSTL Input              ; Off                                   ; Off                                   ;
; Treat Bidirectional Pin as Output Pin                              ; Off                                   ; Off                                   ;
; Perform Physical Synthesis for Combinational Logic for Fitting     ; Off                                   ; Off                                   ;
; Perform Physical Synthesis for Combinational Logic for Performance ; Off                                   ; Off                                   ;
; Perform Register Duplication for Performance                       ; Off                                   ; Off                                   ;
; Perform Logic to Memory Mapping for Fitting                        ; Off                                   ; Off                                   ;
; Perform Register Retiming for Performance                          ; Off                                   ; Off                                   ;
; Perform Asynchronous Signal Pipelining                             ; Off                                   ; Off                                   ;
; Fitter Effort                                                      ; Auto Fit                              ; Auto Fit                              ;
; Physical Synthesis Effort Level                                    ; Normal                                ; Normal                                ;
; Logic Cell Insertion - Logic Duplication                           ; Auto                                  ; Auto                                  ;
; Auto Register Duplication                                          ; Auto                                  ; Auto                                  ;
; Auto Global Clock                                                  ; On                                    ; On                                    ;
; Auto Global Register Control Signals                               ; On                                    ; On                                    ;
; Reserve all unused pins                                            ; As input tri-stated with weak pull-up ; As input tri-stated with weak pull-up ;
; Synchronizer Identification                                        ; Auto                                  ; Auto                                  ;
; Enable Beneficial Skew Optimization                                ; On                                    ; On                                    ;
; Optimize Design for Metastability                                  ; On                                    ; On                                    ;
; Force Fitter to Avoid Periphery Placement Warnings                 ; Off                                   ; Off                                   ;
; Enable input tri-state on active configuration pins in user mode   ; Off                                   ; Off                                   ;
+--------------------------------------------------------------------+---------------------------------------+---------------------------------------+


+------------------------------------------+
; Parallel Compilation                     ;
+----------------------------+-------------+
; Processors                 ; Number      ;
+----------------------------+-------------+
; Number detected on machine ; 12          ;
; Maximum allowed            ; 6           ;
;                            ;             ;
; Average used               ; 1.14        ;
; Maximum used               ; 6           ;
;                            ;             ;
; Usage by Processor         ; % Time Used ;
;     Processor 1            ; 100.0%      ;
;     Processor 2            ;   3.2%      ;
;     Processor 3            ;   2.9%      ;
;     Processor 4            ;   2.8%      ;
;     Processor 5            ;   2.8%      ;
;     Processor 6            ;   2.7%      ;
+----------------------------+-------------+


+---------------------------------------------------------------------------------------------------------------------------------------------------------------------------------------------------------------------------------------------------------------------------+
; Fitter Netlist Optimizations                                                                                                                                                                                                                                              ;
+---------------------------------------------------------+-----------------+------------------+---------------------+-----------+----------------+------------------------------------------------------------------------------+------------------+-----------------------+
; Node                                                    ; Action          ; Operation        ; Reason              ; Node Port ; Node Port Name ; Destination Node                                                             ; Destination Port ; Destination Port Name ;
+---------------------------------------------------------+-----------------+------------------+---------------------+-----------+----------------+------------------------------------------------------------------------------+------------------+-----------------------+
; g_sos3_lowpass:lowpass_inst|a1_register[0]              ; Packed Register ; Register Packing ; Timing optimization ; Q         ;                ; g_sos3_lowpass:lowpass_inst|lpm_mult:Mult3|mult_c6t:auto_generated|mac_mult1 ; DATAB            ;                       ;
; g_sos3_lowpass:lowpass_inst|a1_register[0]~0            ; Deleted         ; Register Packing ; Timing optimization ; COMBOUT   ;                ;                                                                              ;                  ;                       ;
; g_sos3_lowpass:lowpass_inst|a1_register[1]              ; Packed Register ; Register Packing ; Timing optimization ; Q         ;                ; g_sos3_lowpass:lowpass_inst|lpm_mult:Mult3|mult_c6t:auto_generated|mac_mult1 ; DATAB            ;                       ;
; g_sos3_lowpass:lowpass_inst|a1_register[1]~1            ; Deleted         ; Register Packing ; Timing optimization ; COMBOUT   ;                ;                                                                              ;                  ;                       ;
; g_sos3_lowpass:lowpass_inst|a1_register[2]              ; Packed Register ; Register Packing ; Timing optimization ; Q         ;                ; g_sos3_lowpass:lowpass_inst|lpm_mult:Mult3|mult_c6t:auto_generated|mac_mult1 ; DATAB            ;                       ;
; g_sos3_lowpass:lowpass_inst|a1_register[2]~2            ; Deleted         ; Register Packing ; Timing optimization ; COMBOUT   ;                ;                                                                              ;                  ;                       ;
; g_sos3_lowpass:lowpass_inst|a1_register[3]              ; Packed Register ; Register Packing ; Timing optimization ; Q         ;                ; g_sos3_lowpass:lowpass_inst|lpm_mult:Mult3|mult_c6t:auto_generated|mac_mult1 ; DATAB            ;                       ;
; g_sos3_lowpass:lowpass_inst|a1_register[4]              ; Packed Register ; Register Packing ; Timing optimization ; Q         ;                ; g_sos3_lowpass:lowpass_inst|lpm_mult:Mult3|mult_c6t:auto_generated|mac_mult1 ; DATAB            ;                       ;
; g_sos3_lowpass:lowpass_inst|a1_register[5]              ; Packed Register ; Register Packing ; Timing optimization ; Q         ;                ; g_sos3_lowpass:lowpass_inst|lpm_mult:Mult3|mult_c6t:auto_generated|mac_mult1 ; DATAB            ;                       ;
; g_sos3_lowpass:lowpass_inst|a1_register[6]              ; Packed Register ; Register Packing ; Timing optimization ; Q         ;                ; g_sos3_lowpass:lowpass_inst|lpm_mult:Mult3|mult_c6t:auto_generated|mac_mult1 ; DATAB            ;                       ;
; g_sos3_lowpass:lowpass_inst|a1_register[6]~3            ; Deleted         ; Register Packing ; Timing optimization ; COMBOUT   ;                ;                                                                              ;                  ;                       ;
; g_sos3_lowpass:lowpass_inst|a1_register[7]              ; Packed Register ; Register Packing ; Timing optimization ; Q         ;                ; g_sos3_lowpass:lowpass_inst|lpm_mult:Mult3|mult_c6t:auto_generated|mac_mult1 ; DATAB            ;                       ;
; g_sos3_lowpass:lowpass_inst|a1_register[8]              ; Packed Register ; Register Packing ; Timing optimization ; Q         ;                ; g_sos3_lowpass:lowpass_inst|lpm_mult:Mult3|mult_c6t:auto_generated|mac_mult1 ; DATAB            ;                       ;
; g_sos3_lowpass:lowpass_inst|a1_register[8]~4            ; Deleted         ; Register Packing ; Timing optimization ; COMBOUT   ;                ;                                                                              ;                  ;                       ;
; g_sos3_lowpass:lowpass_inst|a1_register[9]              ; Packed Register ; Register Packing ; Timing optimization ; Q         ;                ; g_sos3_lowpass:lowpass_inst|lpm_mult:Mult3|mult_c6t:auto_generated|mac_mult1 ; DATAB            ;                       ;
; g_sos3_lowpass:lowpass_inst|a1_register[10]             ; Packed Register ; Register Packing ; Timing optimization ; Q         ;                ; g_sos3_lowpass:lowpass_inst|lpm_mult:Mult3|mult_c6t:auto_generated|mac_mult1 ; DATAB            ;                       ;
; g_sos3_lowpass:lowpass_inst|a1_register[10]~5           ; Deleted         ; Register Packing ; Timing optimization ; COMBOUT   ;                ;                                                                              ;                  ;                       ;
; g_sos3_lowpass:lowpass_inst|a1_register[11]             ; Packed Register ; Register Packing ; Timing optimization ; Q         ;                ; g_sos3_lowpass:lowpass_inst|lpm_mult:Mult3|mult_c6t:auto_generated|mac_mult1 ; DATAB            ;                       ;
; g_sos3_lowpass:lowpass_inst|a1_register[11]~6           ; Deleted         ; Register Packing ; Timing optimization ; COMBOUT   ;                ;                                                                              ;                  ;                       ;
; g_sos3_lowpass:lowpass_inst|a1_register[12]             ; Packed Register ; Register Packing ; Timing optimization ; Q         ;                ; g_sos3_lowpass:lowpass_inst|lpm_mult:Mult3|mult_c6t:auto_generated|mac_mult1 ; DATAB            ;                       ;
; g_sos3_lowpass:lowpass_inst|a1_register[12]~7           ; Deleted         ; Register Packing ; Timing optimization ; COMBOUT   ;                ;                                                                              ;                  ;                       ;
; g_sos3_lowpass:lowpass_inst|a1_register[13]             ; Packed Register ; Register Packing ; Timing optimization ; Q         ;                ; g_sos3_lowpass:lowpass_inst|lpm_mult:Mult3|mult_c6t:auto_generated|mac_mult1 ; DATAB            ;                       ;
; g_sos3_lowpass:lowpass_inst|a1_register[14]             ; Packed Register ; Register Packing ; Timing optimization ; Q         ;                ; g_sos3_lowpass:lowpass_inst|lpm_mult:Mult3|mult_c6t:auto_generated|mac_mult1 ; DATAB            ;                       ;
; g_sos3_lowpass:lowpass_inst|a1_register[15]             ; Packed Register ; Register Packing ; Timing optimization ; Q         ;                ; g_sos3_lowpass:lowpass_inst|lpm_mult:Mult3|mult_c6t:auto_generated|mac_mult1 ; DATAB            ;                       ;
; g_sos3_lowpass:lowpass_inst|a1_register[15]~8           ; Deleted         ; Register Packing ; Timing optimization ; COMBOUT   ;                ;                                                                              ;                  ;                       ;
; g_sos3_lowpass:lowpass_inst|a1_register[17]             ; Packed Register ; Register Packing ; Timing optimization ; Q         ;                ; g_sos3_lowpass:lowpass_inst|lpm_mult:Mult3|mult_c6t:auto_generated|mac_mult1 ; DATAB            ;                       ;
; g_sos3_lowpass:lowpass_inst|a2_register[0]              ; Packed Register ; Register Packing ; Timing optimization ; Q         ;                ; g_sos3_lowpass:lowpass_inst|lpm_mult:Mult4|mult_a6t:auto_generated|mac_mult1 ; DATAB            ;                       ;
; g_sos3_lowpass:lowpass_inst|a2_register[3]              ; Packed Register ; Register Packing ; Timing optimization ; Q         ;                ; g_sos3_lowpass:lowpass_inst|lpm_mult:Mult4|mult_a6t:auto_generated|mac_mult1 ; DATAB            ;                       ;
; g_sos3_lowpass:lowpass_inst|a2_register[4]              ; Packed Register ; Register Packing ; Timing optimization ; Q         ;                ; g_sos3_lowpass:lowpass_inst|lpm_mult:Mult4|mult_a6t:auto_generated|mac_mult1 ; DATAB            ;                       ;
; g_sos3_lowpass:lowpass_inst|a2_register[5]              ; Packed Register ; Register Packing ; Timing optimization ; Q         ;                ; g_sos3_lowpass:lowpass_inst|lpm_mult:Mult4|mult_a6t:auto_generated|mac_mult1 ; DATAB            ;                       ;
; g_sos3_lowpass:lowpass_inst|a2_register[5]~0            ; Deleted         ; Register Packing ; Timing optimization ; COMBOUT   ;                ;                                                                              ;                  ;                       ;
; g_sos3_lowpass:lowpass_inst|a2_register[6]              ; Packed Register ; Register Packing ; Timing optimization ; Q         ;                ; g_sos3_lowpass:lowpass_inst|lpm_mult:Mult4|mult_a6t:auto_generated|mac_mult1 ; DATAB            ;                       ;
; g_sos3_lowpass:lowpass_inst|a2_register[8]              ; Packed Register ; Register Packing ; Timing optimization ; Q         ;                ; g_sos3_lowpass:lowpass_inst|lpm_mult:Mult4|mult_a6t:auto_generated|mac_mult1 ; DATAB            ;                       ;
; g_sos3_lowpass:lowpass_inst|a2_register[9]              ; Packed Register ; Register Packing ; Timing optimization ; Q         ;                ; g_sos3_lowpass:lowpass_inst|lpm_mult:Mult4|mult_a6t:auto_generated|mac_mult1 ; DATAB            ;                       ;
; g_sos3_lowpass:lowpass_inst|a2_register[10]             ; Packed Register ; Register Packing ; Timing optimization ; Q         ;                ; g_sos3_lowpass:lowpass_inst|lpm_mult:Mult4|mult_a6t:auto_generated|mac_mult1 ; DATAB            ;                       ;
; g_sos3_lowpass:lowpass_inst|a2_register[11]             ; Packed Register ; Register Packing ; Timing optimization ; Q         ;                ; g_sos3_lowpass:lowpass_inst|lpm_mult:Mult4|mult_a6t:auto_generated|mac_mult1 ; DATAB            ;                       ;
; g_sos3_lowpass:lowpass_inst|a2_register[11]~1           ; Deleted         ; Register Packing ; Timing optimization ; COMBOUT   ;                ;                                                                              ;                  ;                       ;
; g_sos3_lowpass:lowpass_inst|a2_register[12]             ; Packed Register ; Register Packing ; Timing optimization ; Q         ;                ; g_sos3_lowpass:lowpass_inst|lpm_mult:Mult4|mult_a6t:auto_generated|mac_mult1 ; DATAB            ;                       ;
; g_sos3_lowpass:lowpass_inst|a2_register[13]             ; Packed Register ; Register Packing ; Timing optimization ; Q         ;                ; g_sos3_lowpass:lowpass_inst|lpm_mult:Mult4|mult_a6t:auto_generated|mac_mult1 ; DATAB            ;                       ;
; g_sos3_lowpass:lowpass_inst|a2_register[13]~2           ; Deleted         ; Register Packing ; Timing optimization ; COMBOUT   ;                ;                                                                              ;                  ;                       ;
; g_sos3_lowpass:lowpass_inst|a2_register[14]             ; Packed Register ; Register Packing ; Timing optimization ; Q         ;                ; g_sos3_lowpass:lowpass_inst|lpm_mult:Mult4|mult_a6t:auto_generated|mac_mult1 ; DATAB            ;                       ;
; g_sos3_lowpass:lowpass_inst|a2_register[15]             ; Packed Register ; Register Packing ; Timing optimization ; Q         ;                ; g_sos3_lowpass:lowpass_inst|lpm_mult:Mult4|mult_a6t:auto_generated|mac_mult1 ; DATAB            ;                       ;
; g_sos3_lowpass:lowpass_inst|b0_register[1]              ; Packed Register ; Register Packing ; Timing optimization ; Q         ;                ; g_sos3_lowpass:lowpass_inst|lpm_mult:Mult0|mult_c6t:auto_generated|mac_mult1 ; DATAB            ;                       ;
; g_sos3_lowpass:lowpass_inst|b0_register[2]              ; Packed Register ; Register Packing ; Timing optimization ; Q         ;                ; g_sos3_lowpass:lowpass_inst|lpm_mult:Mult0|mult_c6t:auto_generated|mac_mult1 ; DATAB            ;                       ;
; g_sos3_lowpass:lowpass_inst|b0_register[3]              ; Packed Register ; Register Packing ; Timing optimization ; Q         ;                ; g_sos3_lowpass:lowpass_inst|lpm_mult:Mult0|mult_c6t:auto_generated|mac_mult1 ; DATAB            ;                       ;
; g_sos3_lowpass:lowpass_inst|b0_register[5]              ; Packed Register ; Register Packing ; Timing optimization ; Q         ;                ; g_sos3_lowpass:lowpass_inst|lpm_mult:Mult0|mult_c6t:auto_generated|mac_mult1 ; DATAB            ;                       ;
; g_sos3_lowpass:lowpass_inst|b0_register[6]              ; Packed Register ; Register Packing ; Timing optimization ; Q         ;                ; g_sos3_lowpass:lowpass_inst|lpm_mult:Mult0|mult_c6t:auto_generated|mac_mult1 ; DATAB            ;                       ;
; g_sos3_lowpass:lowpass_inst|b0_register[7]              ; Packed Register ; Register Packing ; Timing optimization ; Q         ;                ; g_sos3_lowpass:lowpass_inst|lpm_mult:Mult0|mult_c6t:auto_generated|mac_mult1 ; DATAB            ;                       ;
; g_sos3_lowpass:lowpass_inst|b0_register[16]             ; Packed Register ; Register Packing ; Timing optimization ; Q         ;                ; g_sos3_lowpass:lowpass_inst|lpm_mult:Mult0|mult_c6t:auto_generated|mac_mult1 ; DATAB            ;                       ;
; g_sos3_lowpass:lowpass_inst|b0_register[16]~0           ; Deleted         ; Register Packing ; Timing optimization ; COMBOUT   ;                ;                                                                              ;                  ;                       ;
; g_sos3_lowpass:lowpass_inst|b1_register[0]              ; Packed Register ; Register Packing ; Timing optimization ; Q         ;                ; g_sos3_lowpass:lowpass_inst|lpm_mult:Mult1|mult_c6t:auto_generated|mac_mult1 ; DATAB            ;                       ;
; g_sos3_lowpass:lowpass_inst|b1_register[2]              ; Packed Register ; Register Packing ; Timing optimization ; Q         ;                ; g_sos3_lowpass:lowpass_inst|lpm_mult:Mult1|mult_c6t:auto_generated|mac_mult1 ; DATAB            ;                       ;
; g_sos3_lowpass:lowpass_inst|b1_register[2]~0            ; Deleted         ; Register Packing ; Timing optimization ; COMBOUT   ;                ;                                                                              ;                  ;                       ;
; g_sos3_lowpass:lowpass_inst|b1_register[3]              ; Packed Register ; Register Packing ; Timing optimization ; Q         ;                ; g_sos3_lowpass:lowpass_inst|lpm_mult:Mult1|mult_c6t:auto_generated|mac_mult1 ; DATAB            ;                       ;
; g_sos3_lowpass:lowpass_inst|b1_register[4]              ; Packed Register ; Register Packing ; Timing optimization ; Q         ;                ; g_sos3_lowpass:lowpass_inst|lpm_mult:Mult1|mult_c6t:auto_generated|mac_mult1 ; DATAB            ;                       ;
; g_sos3_lowpass:lowpass_inst|b1_register[5]              ; Packed Register ; Register Packing ; Timing optimization ; Q         ;                ; g_sos3_lowpass:lowpass_inst|lpm_mult:Mult1|mult_c6t:auto_generated|mac_mult1 ; DATAB            ;                       ;
; g_sos3_lowpass:lowpass_inst|b1_register[6]              ; Packed Register ; Register Packing ; Timing optimization ; Q         ;                ; g_sos3_lowpass:lowpass_inst|lpm_mult:Mult1|mult_c6t:auto_generated|mac_mult1 ; DATAB            ;                       ;
; g_sos3_lowpass:lowpass_inst|b1_register[6]~1            ; Deleted         ; Register Packing ; Timing optimization ; COMBOUT   ;                ;                                                                              ;                  ;                       ;
; g_sos3_lowpass:lowpass_inst|b1_register[7]              ; Packed Register ; Register Packing ; Timing optimization ; Q         ;                ; g_sos3_lowpass:lowpass_inst|lpm_mult:Mult1|mult_c6t:auto_generated|mac_mult1 ; DATAB            ;                       ;
; g_sos3_lowpass:lowpass_inst|b1_register[7]~2            ; Deleted         ; Register Packing ; Timing optimization ; COMBOUT   ;                ;                                                                              ;                  ;                       ;
; g_sos3_lowpass:lowpass_inst|b1_register[8]              ; Packed Register ; Register Packing ; Timing optimization ; Q         ;                ; g_sos3_lowpass:lowpass_inst|lpm_mult:Mult1|mult_c6t:auto_generated|mac_mult1 ; DATAB            ;                       ;
; g_sos3_lowpass:lowpass_inst|b1_register[9]              ; Packed Register ; Register Packing ; Timing optimization ; Q         ;                ; g_sos3_lowpass:lowpass_inst|lpm_mult:Mult1|mult_c6t:auto_generated|mac_mult1 ; DATAB            ;                       ;
; g_sos3_lowpass:lowpass_inst|b1_register[10]             ; Packed Register ; Register Packing ; Timing optimization ; Q         ;                ; g_sos3_lowpass:lowpass_inst|lpm_mult:Mult1|mult_c6t:auto_generated|mac_mult1 ; DATAB            ;                       ;
; g_sos3_lowpass:lowpass_inst|b1_register[10]~3           ; Deleted         ; Register Packing ; Timing optimization ; COMBOUT   ;                ;                                                                              ;                  ;                       ;
; g_sos3_lowpass:lowpass_inst|b1_register[11]             ; Packed Register ; Register Packing ; Timing optimization ; Q         ;                ; g_sos3_lowpass:lowpass_inst|lpm_mult:Mult1|mult_c6t:auto_generated|mac_mult1 ; DATAB            ;                       ;
; g_sos3_lowpass:lowpass_inst|b1_register[12]             ; Packed Register ; Register Packing ; Timing optimization ; Q         ;                ; g_sos3_lowpass:lowpass_inst|lpm_mult:Mult1|mult_c6t:auto_generated|mac_mult1 ; DATAB            ;                       ;
; g_sos3_lowpass:lowpass_inst|b1_register[12]~4           ; Deleted         ; Register Packing ; Timing optimization ; COMBOUT   ;                ;                                                                              ;                  ;                       ;
; g_sos3_lowpass:lowpass_inst|b1_register[13]             ; Packed Register ; Register Packing ; Timing optimization ; Q         ;                ; g_sos3_lowpass:lowpass_inst|lpm_mult:Mult1|mult_c6t:auto_generated|mac_mult1 ; DATAB            ;                       ;
; g_sos3_lowpass:lowpass_inst|b1_register[14]             ; Packed Register ; Register Packing ; Timing optimization ; Q         ;                ; g_sos3_lowpass:lowpass_inst|lpm_mult:Mult1|mult_c6t:auto_generated|mac_mult1 ; DATAB            ;                       ;
; g_sos3_lowpass:lowpass_inst|b1_register[15]             ; Packed Register ; Register Packing ; Timing optimization ; Q         ;                ; g_sos3_lowpass:lowpass_inst|lpm_mult:Mult1|mult_c6t:auto_generated|mac_mult1 ; DATAB            ;                       ;
; g_sos3_lowpass:lowpass_inst|b1_register[16]             ; Packed Register ; Register Packing ; Timing optimization ; Q         ;                ; g_sos3_lowpass:lowpass_inst|lpm_mult:Mult1|mult_c6t:auto_generated|mac_mult1 ; DATAB            ;                       ;
; g_sos3_lowpass:lowpass_inst|b1_register[17]             ; Packed Register ; Register Packing ; Timing optimization ; Q         ;                ; g_sos3_lowpass:lowpass_inst|lpm_mult:Mult1|mult_c6t:auto_generated|mac_mult1 ; DATAB            ;                       ;
; g_sos3_lowpass:lowpass_inst|b1_register[17]~5           ; Deleted         ; Register Packing ; Timing optimization ; COMBOUT   ;                ;                                                                              ;                  ;                       ;
; g_sos3_lowpass:lowpass_inst|b2_register[1]              ; Packed Register ; Register Packing ; Timing optimization ; Q         ;                ; g_sos3_lowpass:lowpass_inst|lpm_mult:Mult2|mult_c6t:auto_generated|mac_mult1 ; DATAB            ;                       ;
; g_sos3_lowpass:lowpass_inst|b2_register[2]              ; Packed Register ; Register Packing ; Timing optimization ; Q         ;                ; g_sos3_lowpass:lowpass_inst|lpm_mult:Mult2|mult_c6t:auto_generated|mac_mult1 ; DATAB            ;                       ;
; g_sos3_lowpass:lowpass_inst|b2_register[3]              ; Packed Register ; Register Packing ; Timing optimization ; Q         ;                ; g_sos3_lowpass:lowpass_inst|lpm_mult:Mult2|mult_c6t:auto_generated|mac_mult1 ; DATAB            ;                       ;
; g_sos3_lowpass:lowpass_inst|b2_register[5]              ; Packed Register ; Register Packing ; Timing optimization ; Q         ;                ; g_sos3_lowpass:lowpass_inst|lpm_mult:Mult2|mult_c6t:auto_generated|mac_mult1 ; DATAB            ;                       ;
; g_sos3_lowpass:lowpass_inst|b2_register[6]              ; Packed Register ; Register Packing ; Timing optimization ; Q         ;                ; g_sos3_lowpass:lowpass_inst|lpm_mult:Mult2|mult_c6t:auto_generated|mac_mult1 ; DATAB            ;                       ;
; g_sos3_lowpass:lowpass_inst|b2_register[7]              ; Packed Register ; Register Packing ; Timing optimization ; Q         ;                ; g_sos3_lowpass:lowpass_inst|lpm_mult:Mult2|mult_c6t:auto_generated|mac_mult1 ; DATAB            ;                       ;
; g_sos3_lowpass:lowpass_inst|b2_register[16]             ; Packed Register ; Register Packing ; Timing optimization ; Q         ;                ; g_sos3_lowpass:lowpass_inst|lpm_mult:Mult2|mult_c6t:auto_generated|mac_mult1 ; DATAB            ;                       ;
; g_sos3_lowpass:lowpass_inst|b2_register[16]~0           ; Deleted         ; Register Packing ; Timing optimization ; COMBOUT   ;                ;                                                                              ;                  ;                       ;
; g_sos3_lowpass:lowpass_inst|x_register[0]               ; Packed Register ; Register Packing ; Timing optimization ; Q         ;                ; g_sos3_lowpass:lowpass_inst|lpm_mult:Mult0|mult_c6t:auto_generated|mac_mult1 ; DATAA            ;                       ;
; g_sos3_lowpass:lowpass_inst|x_register[0]               ; Duplicated      ; Register Packing ; Timing optimization ; Q         ;                ; g_sos3_lowpass:lowpass_inst|x_register[0]~_Duplicate_1                       ; Q                ;                       ;
; g_sos3_lowpass:lowpass_inst|x_register[0]~_Duplicate_1  ; Packed Register ; Register Packing ; Timing optimization ; Q         ;                ; g_sos3_lowpass:lowpass_inst|lpm_mult:Mult1|mult_c6t:auto_generated|mac_mult1 ; DATAA            ;                       ;
; g_sos3_lowpass:lowpass_inst|x_register[0]~_Duplicate_1  ; Duplicated      ; Register Packing ; Timing optimization ; Q         ;                ; g_sos3_lowpass:lowpass_inst|x_register[0]~_Duplicate_2                       ; Q                ;                       ;
; g_sos3_lowpass:lowpass_inst|x_register[0]~_Duplicate_2  ; Packed Register ; Register Packing ; Timing optimization ; Q         ;                ; g_sos3_lowpass:lowpass_inst|lpm_mult:Mult2|mult_c6t:auto_generated|mac_mult1 ; DATAA            ;                       ;
; g_sos3_lowpass:lowpass_inst|x_register[1]               ; Packed Register ; Register Packing ; Timing optimization ; Q         ;                ; g_sos3_lowpass:lowpass_inst|lpm_mult:Mult0|mult_c6t:auto_generated|mac_mult1 ; DATAA            ;                       ;
; g_sos3_lowpass:lowpass_inst|x_register[1]               ; Duplicated      ; Register Packing ; Timing optimization ; Q         ;                ; g_sos3_lowpass:lowpass_inst|x_register[1]~_Duplicate_1                       ; Q                ;                       ;
; g_sos3_lowpass:lowpass_inst|x_register[1]~_Duplicate_1  ; Packed Register ; Register Packing ; Timing optimization ; Q         ;                ; g_sos3_lowpass:lowpass_inst|lpm_mult:Mult1|mult_c6t:auto_generated|mac_mult1 ; DATAA            ;                       ;
; g_sos3_lowpass:lowpass_inst|x_register[1]~_Duplicate_1  ; Duplicated      ; Register Packing ; Timing optimization ; Q         ;                ; g_sos3_lowpass:lowpass_inst|x_register[1]~_Duplicate_2                       ; Q                ;                       ;
; g_sos3_lowpass:lowpass_inst|x_register[1]~_Duplicate_2  ; Packed Register ; Register Packing ; Timing optimization ; Q         ;                ; g_sos3_lowpass:lowpass_inst|lpm_mult:Mult2|mult_c6t:auto_generated|mac_mult1 ; DATAA            ;                       ;
; g_sos3_lowpass:lowpass_inst|x_register[2]               ; Packed Register ; Register Packing ; Timing optimization ; Q         ;                ; g_sos3_lowpass:lowpass_inst|lpm_mult:Mult0|mult_c6t:auto_generated|mac_mult1 ; DATAA            ;                       ;
; g_sos3_lowpass:lowpass_inst|x_register[2]               ; Duplicated      ; Register Packing ; Timing optimization ; Q         ;                ; g_sos3_lowpass:lowpass_inst|x_register[2]~_Duplicate_1                       ; Q                ;                       ;
; g_sos3_lowpass:lowpass_inst|x_register[2]~_Duplicate_1  ; Packed Register ; Register Packing ; Timing optimization ; Q         ;                ; g_sos3_lowpass:lowpass_inst|lpm_mult:Mult1|mult_c6t:auto_generated|mac_mult1 ; DATAA            ;                       ;
; g_sos3_lowpass:lowpass_inst|x_register[2]~_Duplicate_1  ; Duplicated      ; Register Packing ; Timing optimization ; Q         ;                ; g_sos3_lowpass:lowpass_inst|x_register[2]~_Duplicate_2                       ; Q                ;                       ;
; g_sos3_lowpass:lowpass_inst|x_register[2]~_Duplicate_2  ; Packed Register ; Register Packing ; Timing optimization ; Q         ;                ; g_sos3_lowpass:lowpass_inst|lpm_mult:Mult2|mult_c6t:auto_generated|mac_mult1 ; DATAA            ;                       ;
; g_sos3_lowpass:lowpass_inst|x_register[3]               ; Packed Register ; Register Packing ; Timing optimization ; Q         ;                ; g_sos3_lowpass:lowpass_inst|lpm_mult:Mult0|mult_c6t:auto_generated|mac_mult1 ; DATAA            ;                       ;
; g_sos3_lowpass:lowpass_inst|x_register[3]               ; Duplicated      ; Register Packing ; Timing optimization ; Q         ;                ; g_sos3_lowpass:lowpass_inst|x_register[3]~_Duplicate_1                       ; Q                ;                       ;
; g_sos3_lowpass:lowpass_inst|x_register[3]~_Duplicate_1  ; Packed Register ; Register Packing ; Timing optimization ; Q         ;                ; g_sos3_lowpass:lowpass_inst|lpm_mult:Mult1|mult_c6t:auto_generated|mac_mult1 ; DATAA            ;                       ;
; g_sos3_lowpass:lowpass_inst|x_register[3]~_Duplicate_1  ; Duplicated      ; Register Packing ; Timing optimization ; Q         ;                ; g_sos3_lowpass:lowpass_inst|x_register[3]~_Duplicate_2                       ; Q                ;                       ;
; g_sos3_lowpass:lowpass_inst|x_register[3]~_Duplicate_2  ; Packed Register ; Register Packing ; Timing optimization ; Q         ;                ; g_sos3_lowpass:lowpass_inst|lpm_mult:Mult2|mult_c6t:auto_generated|mac_mult1 ; DATAA            ;                       ;
; g_sos3_lowpass:lowpass_inst|x_register[4]               ; Packed Register ; Register Packing ; Timing optimization ; Q         ;                ; g_sos3_lowpass:lowpass_inst|lpm_mult:Mult0|mult_c6t:auto_generated|mac_mult1 ; DATAA            ;                       ;
; g_sos3_lowpass:lowpass_inst|x_register[4]               ; Duplicated      ; Register Packing ; Timing optimization ; Q         ;                ; g_sos3_lowpass:lowpass_inst|x_register[4]~_Duplicate_1                       ; Q                ;                       ;
; g_sos3_lowpass:lowpass_inst|x_register[4]~_Duplicate_1  ; Packed Register ; Register Packing ; Timing optimization ; Q         ;                ; g_sos3_lowpass:lowpass_inst|lpm_mult:Mult1|mult_c6t:auto_generated|mac_mult1 ; DATAA            ;                       ;
; g_sos3_lowpass:lowpass_inst|x_register[4]~_Duplicate_1  ; Duplicated      ; Register Packing ; Timing optimization ; Q         ;                ; g_sos3_lowpass:lowpass_inst|x_register[4]~_Duplicate_2                       ; Q                ;                       ;
; g_sos3_lowpass:lowpass_inst|x_register[4]~_Duplicate_2  ; Packed Register ; Register Packing ; Timing optimization ; Q         ;                ; g_sos3_lowpass:lowpass_inst|lpm_mult:Mult2|mult_c6t:auto_generated|mac_mult1 ; DATAA            ;                       ;
; g_sos3_lowpass:lowpass_inst|x_register[5]               ; Packed Register ; Register Packing ; Timing optimization ; Q         ;                ; g_sos3_lowpass:lowpass_inst|lpm_mult:Mult0|mult_c6t:auto_generated|mac_mult1 ; DATAA            ;                       ;
; g_sos3_lowpass:lowpass_inst|x_register[5]               ; Duplicated      ; Register Packing ; Timing optimization ; Q         ;                ; g_sos3_lowpass:lowpass_inst|x_register[5]~_Duplicate_1                       ; Q                ;                       ;
; g_sos3_lowpass:lowpass_inst|x_register[5]~_Duplicate_1  ; Packed Register ; Register Packing ; Timing optimization ; Q         ;                ; g_sos3_lowpass:lowpass_inst|lpm_mult:Mult1|mult_c6t:auto_generated|mac_mult1 ; DATAA            ;                       ;
; g_sos3_lowpass:lowpass_inst|x_register[5]~_Duplicate_1  ; Duplicated      ; Register Packing ; Timing optimization ; Q         ;                ; g_sos3_lowpass:lowpass_inst|x_register[5]~_Duplicate_2                       ; Q                ;                       ;
; g_sos3_lowpass:lowpass_inst|x_register[5]~_Duplicate_2  ; Packed Register ; Register Packing ; Timing optimization ; Q         ;                ; g_sos3_lowpass:lowpass_inst|lpm_mult:Mult2|mult_c6t:auto_generated|mac_mult1 ; DATAA            ;                       ;
; g_sos3_lowpass:lowpass_inst|x_register[6]               ; Packed Register ; Register Packing ; Timing optimization ; Q         ;                ; g_sos3_lowpass:lowpass_inst|lpm_mult:Mult0|mult_c6t:auto_generated|mac_mult1 ; DATAA            ;                       ;
; g_sos3_lowpass:lowpass_inst|x_register[6]               ; Duplicated      ; Register Packing ; Timing optimization ; Q         ;                ; g_sos3_lowpass:lowpass_inst|x_register[6]~_Duplicate_1                       ; Q                ;                       ;
; g_sos3_lowpass:lowpass_inst|x_register[6]~_Duplicate_1  ; Packed Register ; Register Packing ; Timing optimization ; Q         ;                ; g_sos3_lowpass:lowpass_inst|lpm_mult:Mult1|mult_c6t:auto_generated|mac_mult1 ; DATAA            ;                       ;
; g_sos3_lowpass:lowpass_inst|x_register[6]~_Duplicate_1  ; Duplicated      ; Register Packing ; Timing optimization ; Q         ;                ; g_sos3_lowpass:lowpass_inst|x_register[6]~_Duplicate_2                       ; Q                ;                       ;
; g_sos3_lowpass:lowpass_inst|x_register[6]~_Duplicate_2  ; Packed Register ; Register Packing ; Timing optimization ; Q         ;                ; g_sos3_lowpass:lowpass_inst|lpm_mult:Mult2|mult_c6t:auto_generated|mac_mult1 ; DATAA            ;                       ;
; g_sos3_lowpass:lowpass_inst|x_register[7]               ; Packed Register ; Register Packing ; Timing optimization ; Q         ;                ; g_sos3_lowpass:lowpass_inst|lpm_mult:Mult0|mult_c6t:auto_generated|mac_mult1 ; DATAA            ;                       ;
; g_sos3_lowpass:lowpass_inst|x_register[7]               ; Duplicated      ; Register Packing ; Timing optimization ; Q         ;                ; g_sos3_lowpass:lowpass_inst|x_register[7]~_Duplicate_1                       ; Q                ;                       ;
; g_sos3_lowpass:lowpass_inst|x_register[7]~_Duplicate_1  ; Packed Register ; Register Packing ; Timing optimization ; Q         ;                ; g_sos3_lowpass:lowpass_inst|lpm_mult:Mult1|mult_c6t:auto_generated|mac_mult1 ; DATAA            ;                       ;
; g_sos3_lowpass:lowpass_inst|x_register[7]~_Duplicate_1  ; Duplicated      ; Register Packing ; Timing optimization ; Q         ;                ; g_sos3_lowpass:lowpass_inst|x_register[7]~_Duplicate_2                       ; Q                ;                       ;
; g_sos3_lowpass:lowpass_inst|x_register[7]~_Duplicate_2  ; Packed Register ; Register Packing ; Timing optimization ; Q         ;                ; g_sos3_lowpass:lowpass_inst|lpm_mult:Mult2|mult_c6t:auto_generated|mac_mult1 ; DATAA            ;                       ;
; g_sos3_lowpass:lowpass_inst|x_register[8]               ; Packed Register ; Register Packing ; Timing optimization ; Q         ;                ; g_sos3_lowpass:lowpass_inst|lpm_mult:Mult0|mult_c6t:auto_generated|mac_mult1 ; DATAA            ;                       ;
; g_sos3_lowpass:lowpass_inst|x_register[8]               ; Duplicated      ; Register Packing ; Timing optimization ; Q         ;                ; g_sos3_lowpass:lowpass_inst|x_register[8]~_Duplicate_1                       ; Q                ;                       ;
; g_sos3_lowpass:lowpass_inst|x_register[8]~_Duplicate_1  ; Packed Register ; Register Packing ; Timing optimization ; Q         ;                ; g_sos3_lowpass:lowpass_inst|lpm_mult:Mult1|mult_c6t:auto_generated|mac_mult1 ; DATAA            ;                       ;
; g_sos3_lowpass:lowpass_inst|x_register[8]~_Duplicate_1  ; Duplicated      ; Register Packing ; Timing optimization ; Q         ;                ; g_sos3_lowpass:lowpass_inst|x_register[8]~_Duplicate_2                       ; Q                ;                       ;
; g_sos3_lowpass:lowpass_inst|x_register[8]~_Duplicate_2  ; Packed Register ; Register Packing ; Timing optimization ; Q         ;                ; g_sos3_lowpass:lowpass_inst|lpm_mult:Mult2|mult_c6t:auto_generated|mac_mult1 ; DATAA            ;                       ;
; g_sos3_lowpass:lowpass_inst|x_register[9]               ; Packed Register ; Register Packing ; Timing optimization ; Q         ;                ; g_sos3_lowpass:lowpass_inst|lpm_mult:Mult0|mult_c6t:auto_generated|mac_mult1 ; DATAA            ;                       ;
; g_sos3_lowpass:lowpass_inst|x_register[9]               ; Duplicated      ; Register Packing ; Timing optimization ; Q         ;                ; g_sos3_lowpass:lowpass_inst|x_register[9]~_Duplicate_1                       ; Q                ;                       ;
; g_sos3_lowpass:lowpass_inst|x_register[9]~_Duplicate_1  ; Packed Register ; Register Packing ; Timing optimization ; Q         ;                ; g_sos3_lowpass:lowpass_inst|lpm_mult:Mult1|mult_c6t:auto_generated|mac_mult1 ; DATAA            ;                       ;
; g_sos3_lowpass:lowpass_inst|x_register[9]~_Duplicate_1  ; Duplicated      ; Register Packing ; Timing optimization ; Q         ;                ; g_sos3_lowpass:lowpass_inst|x_register[9]~_Duplicate_2                       ; Q                ;                       ;
; g_sos3_lowpass:lowpass_inst|x_register[9]~_Duplicate_2  ; Packed Register ; Register Packing ; Timing optimization ; Q         ;                ; g_sos3_lowpass:lowpass_inst|lpm_mult:Mult2|mult_c6t:auto_generated|mac_mult1 ; DATAA            ;                       ;
; g_sos3_lowpass:lowpass_inst|x_register[10]              ; Packed Register ; Register Packing ; Timing optimization ; Q         ;                ; g_sos3_lowpass:lowpass_inst|lpm_mult:Mult0|mult_c6t:auto_generated|mac_mult1 ; DATAA            ;                       ;
; g_sos3_lowpass:lowpass_inst|x_register[10]              ; Duplicated      ; Register Packing ; Timing optimization ; Q         ;                ; g_sos3_lowpass:lowpass_inst|x_register[10]~_Duplicate_1                      ; Q                ;                       ;
; g_sos3_lowpass:lowpass_inst|x_register[10]~_Duplicate_1 ; Packed Register ; Register Packing ; Timing optimization ; Q         ;                ; g_sos3_lowpass:lowpass_inst|lpm_mult:Mult1|mult_c6t:auto_generated|mac_mult1 ; DATAA            ;                       ;
; g_sos3_lowpass:lowpass_inst|x_register[10]~_Duplicate_1 ; Duplicated      ; Register Packing ; Timing optimization ; Q         ;                ; g_sos3_lowpass:lowpass_inst|x_register[10]~_Duplicate_2                      ; Q                ;                       ;
; g_sos3_lowpass:lowpass_inst|x_register[10]~_Duplicate_2 ; Packed Register ; Register Packing ; Timing optimization ; Q         ;                ; g_sos3_lowpass:lowpass_inst|lpm_mult:Mult2|mult_c6t:auto_generated|mac_mult1 ; DATAA            ;                       ;
; g_sos3_lowpass:lowpass_inst|x_register[11]              ; Packed Register ; Register Packing ; Timing optimization ; Q         ;                ; g_sos3_lowpass:lowpass_inst|lpm_mult:Mult0|mult_c6t:auto_generated|mac_mult1 ; DATAA            ;                       ;
; g_sos3_lowpass:lowpass_inst|x_register[11]              ; Duplicated      ; Register Packing ; Timing optimization ; Q         ;                ; g_sos3_lowpass:lowpass_inst|x_register[11]~_Duplicate_1                      ; Q                ;                       ;
; g_sos3_lowpass:lowpass_inst|x_register[11]~_Duplicate_1 ; Packed Register ; Register Packing ; Timing optimization ; Q         ;                ; g_sos3_lowpass:lowpass_inst|lpm_mult:Mult1|mult_c6t:auto_generated|mac_mult1 ; DATAA            ;                       ;
; g_sos3_lowpass:lowpass_inst|x_register[11]~_Duplicate_1 ; Duplicated      ; Register Packing ; Timing optimization ; Q         ;                ; g_sos3_lowpass:lowpass_inst|x_register[11]~_Duplicate_2                      ; Q                ;                       ;
; g_sos3_lowpass:lowpass_inst|x_register[11]~_Duplicate_2 ; Packed Register ; Register Packing ; Timing optimization ; Q         ;                ; g_sos3_lowpass:lowpass_inst|lpm_mult:Mult2|mult_c6t:auto_generated|mac_mult1 ; DATAA            ;                       ;
; g_sos3_lowpass:lowpass_inst|x_register[12]              ; Packed Register ; Register Packing ; Timing optimization ; Q         ;                ; g_sos3_lowpass:lowpass_inst|lpm_mult:Mult0|mult_c6t:auto_generated|mac_mult1 ; DATAA            ;                       ;
; g_sos3_lowpass:lowpass_inst|x_register[12]              ; Duplicated      ; Register Packing ; Timing optimization ; Q         ;                ; g_sos3_lowpass:lowpass_inst|x_register[12]~_Duplicate_1                      ; Q                ;                       ;
; g_sos3_lowpass:lowpass_inst|x_register[12]~_Duplicate_1 ; Packed Register ; Register Packing ; Timing optimization ; Q         ;                ; g_sos3_lowpass:lowpass_inst|lpm_mult:Mult1|mult_c6t:auto_generated|mac_mult1 ; DATAA            ;                       ;
; g_sos3_lowpass:lowpass_inst|x_register[12]~_Duplicate_1 ; Duplicated      ; Register Packing ; Timing optimization ; Q         ;                ; g_sos3_lowpass:lowpass_inst|x_register[12]~_Duplicate_2                      ; Q                ;                       ;
; g_sos3_lowpass:lowpass_inst|x_register[12]~_Duplicate_2 ; Packed Register ; Register Packing ; Timing optimization ; Q         ;                ; g_sos3_lowpass:lowpass_inst|lpm_mult:Mult2|mult_c6t:auto_generated|mac_mult1 ; DATAA            ;                       ;
; g_sos3_lowpass:lowpass_inst|x_register[13]              ; Packed Register ; Register Packing ; Timing optimization ; Q         ;                ; g_sos3_lowpass:lowpass_inst|lpm_mult:Mult0|mult_c6t:auto_generated|mac_mult1 ; DATAA            ;                       ;
; g_sos3_lowpass:lowpass_inst|x_register[13]              ; Duplicated      ; Register Packing ; Timing optimization ; Q         ;                ; g_sos3_lowpass:lowpass_inst|x_register[13]~_Duplicate_1                      ; Q                ;                       ;
; g_sos3_lowpass:lowpass_inst|x_register[13]~_Duplicate_1 ; Packed Register ; Register Packing ; Timing optimization ; Q         ;                ; g_sos3_lowpass:lowpass_inst|lpm_mult:Mult1|mult_c6t:auto_generated|mac_mult1 ; DATAA            ;                       ;
; g_sos3_lowpass:lowpass_inst|x_register[13]~_Duplicate_1 ; Duplicated      ; Register Packing ; Timing optimization ; Q         ;                ; g_sos3_lowpass:lowpass_inst|x_register[13]~_Duplicate_2                      ; Q                ;                       ;
; g_sos3_lowpass:lowpass_inst|x_register[13]~_Duplicate_2 ; Packed Register ; Register Packing ; Timing optimization ; Q         ;                ; g_sos3_lowpass:lowpass_inst|lpm_mult:Mult2|mult_c6t:auto_generated|mac_mult1 ; DATAA            ;                       ;
; g_sos3_lowpass:lowpass_inst|x_register[14]              ; Packed Register ; Register Packing ; Timing optimization ; Q         ;                ; g_sos3_lowpass:lowpass_inst|lpm_mult:Mult0|mult_c6t:auto_generated|mac_mult1 ; DATAA            ;                       ;
; g_sos3_lowpass:lowpass_inst|x_register[14]              ; Duplicated      ; Register Packing ; Timing optimization ; Q         ;                ; g_sos3_lowpass:lowpass_inst|x_register[14]~_Duplicate_1                      ; Q                ;                       ;
; g_sos3_lowpass:lowpass_inst|x_register[14]~_Duplicate_1 ; Packed Register ; Register Packing ; Timing optimization ; Q         ;                ; g_sos3_lowpass:lowpass_inst|lpm_mult:Mult1|mult_c6t:auto_generated|mac_mult1 ; DATAA            ;                       ;
; g_sos3_lowpass:lowpass_inst|x_register[14]~_Duplicate_1 ; Duplicated      ; Register Packing ; Timing optimization ; Q         ;                ; g_sos3_lowpass:lowpass_inst|x_register[14]~_Duplicate_2                      ; Q                ;                       ;
; g_sos3_lowpass:lowpass_inst|x_register[14]~_Duplicate_2 ; Packed Register ; Register Packing ; Timing optimization ; Q         ;                ; g_sos3_lowpass:lowpass_inst|lpm_mult:Mult2|mult_c6t:auto_generated|mac_mult1 ; DATAA            ;                       ;
; g_sos3_lowpass:lowpass_inst|x_register[15]              ; Packed Register ; Register Packing ; Timing optimization ; Q         ;                ; g_sos3_lowpass:lowpass_inst|lpm_mult:Mult0|mult_c6t:auto_generated|mac_mult1 ; DATAA            ;                       ;
; g_sos3_lowpass:lowpass_inst|x_register[15]              ; Duplicated      ; Register Packing ; Timing optimization ; Q         ;                ; g_sos3_lowpass:lowpass_inst|x_register[15]~_Duplicate_1                      ; Q                ;                       ;
; g_sos3_lowpass:lowpass_inst|x_register[15]~_Duplicate_1 ; Packed Register ; Register Packing ; Timing optimization ; Q         ;                ; g_sos3_lowpass:lowpass_inst|lpm_mult:Mult1|mult_c6t:auto_generated|mac_mult1 ; DATAA            ;                       ;
; g_sos3_lowpass:lowpass_inst|x_register[15]~_Duplicate_1 ; Duplicated      ; Register Packing ; Timing optimization ; Q         ;                ; g_sos3_lowpass:lowpass_inst|x_register[15]~_Duplicate_2                      ; Q                ;                       ;
; g_sos3_lowpass:lowpass_inst|x_register[15]~_Duplicate_2 ; Packed Register ; Register Packing ; Timing optimization ; Q         ;                ; g_sos3_lowpass:lowpass_inst|lpm_mult:Mult2|mult_c6t:auto_generated|mac_mult1 ; DATAA            ;                       ;
; g_sos3_lowpass:lowpass_inst|x_register[16]              ; Packed Register ; Register Packing ; Timing optimization ; Q         ;                ; g_sos3_lowpass:lowpass_inst|lpm_mult:Mult0|mult_c6t:auto_generated|mac_mult1 ; DATAA            ;                       ;
; g_sos3_lowpass:lowpass_inst|x_register[16]              ; Duplicated      ; Register Packing ; Timing optimization ; Q         ;                ; g_sos3_lowpass:lowpass_inst|x_register[16]~_Duplicate_1                      ; Q                ;                       ;
; g_sos3_lowpass:lowpass_inst|x_register[16]~_Duplicate_1 ; Packed Register ; Register Packing ; Timing optimization ; Q         ;                ; g_sos3_lowpass:lowpass_inst|lpm_mult:Mult1|mult_c6t:auto_generated|mac_mult1 ; DATAA            ;                       ;
; g_sos3_lowpass:lowpass_inst|x_register[16]~_Duplicate_1 ; Duplicated      ; Register Packing ; Timing optimization ; Q         ;                ; g_sos3_lowpass:lowpass_inst|x_register[16]~_Duplicate_2                      ; Q                ;                       ;
; g_sos3_lowpass:lowpass_inst|x_register[16]~_Duplicate_2 ; Packed Register ; Register Packing ; Timing optimization ; Q         ;                ; g_sos3_lowpass:lowpass_inst|lpm_mult:Mult2|mult_c6t:auto_generated|mac_mult1 ; DATAA            ;                       ;
; g_sos3_lowpass:lowpass_inst|x_register[17]              ; Packed Register ; Register Packing ; Timing optimization ; Q         ;                ; g_sos3_lowpass:lowpass_inst|lpm_mult:Mult0|mult_c6t:auto_generated|mac_mult1 ; DATAA            ;                       ;
; g_sos3_lowpass:lowpass_inst|x_register[17]              ; Duplicated      ; Register Packing ; Timing optimization ; Q         ;                ; g_sos3_lowpass:lowpass_inst|x_register[17]~_Duplicate_1                      ; Q                ;                       ;
; g_sos3_lowpass:lowpass_inst|x_register[17]~_Duplicate_1 ; Packed Register ; Register Packing ; Timing optimization ; Q         ;                ; g_sos3_lowpass:lowpass_inst|lpm_mult:Mult1|mult_c6t:auto_generated|mac_mult1 ; DATAA            ;                       ;
; g_sos3_lowpass:lowpass_inst|x_register[17]~_Duplicate_1 ; Duplicated      ; Register Packing ; Timing optimization ; Q         ;                ; g_sos3_lowpass:lowpass_inst|x_register[17]~_Duplicate_2                      ; Q                ;                       ;
; g_sos3_lowpass:lowpass_inst|x_register[17]~_Duplicate_2 ; Packed Register ; Register Packing ; Timing optimization ; Q         ;                ; g_sos3_lowpass:lowpass_inst|lpm_mult:Mult2|mult_c6t:auto_generated|mac_mult1 ; DATAA            ;                       ;
+---------------------------------------------------------+-----------------+------------------+---------------------+-----------+----------------+------------------------------------------------------------------------------+------------------+-----------------------+


+---------------------------------------------------------------------------------------------------+
; Incremental Compilation Preservation Summary                                                      ;
+---------------------+---------------------+----------------------------+--------------------------+
; Type                ; Total [A + B]       ; From Design Partitions [A] ; From Rapid Recompile [B] ;
+---------------------+---------------------+----------------------------+--------------------------+
; Placement (by node) ;                     ;                            ;                          ;
;     -- Requested    ; 0.00 % ( 0 / 1993 ) ; 0.00 % ( 0 / 1993 )        ; 0.00 % ( 0 / 1993 )      ;
;     -- Achieved     ; 0.00 % ( 0 / 1993 ) ; 0.00 % ( 0 / 1993 )        ; 0.00 % ( 0 / 1993 )      ;
;                     ;                     ;                            ;                          ;
; Routing (by net)    ;                     ;                            ;                          ;
;     -- Requested    ; 0.00 % ( 0 / 0 )    ; 0.00 % ( 0 / 0 )           ; 0.00 % ( 0 / 0 )         ;
;     -- Achieved     ; 0.00 % ( 0 / 0 )    ; 0.00 % ( 0 / 0 )           ; 0.00 % ( 0 / 0 )         ;
+---------------------+---------------------+----------------------------+--------------------------+


+----------------------------------------------------------------------------------------------------------------------------------------------------------------------------------------+
; Incremental Compilation Partition Settings                                                                                                                                             ;
+--------------------------------+----------------+-------------------+-------------------------+------------------------+------------------------------+--------------------------------+
; Partition Name                 ; Partition Type ; Netlist Type Used ; Preservation Level Used ; Netlist Type Requested ; Preservation Level Requested ; Contents                       ;
+--------------------------------+----------------+-------------------+-------------------------+------------------------+------------------------------+--------------------------------+
; Top                            ; User-created   ; Source File       ; N/A                     ; Source File            ; N/A                          ;                                ;
; hard_block:auto_generated_inst ; Auto-generated ; Source File       ; N/A                     ; Source File            ; N/A                          ; hard_block:auto_generated_inst ;
+--------------------------------+----------------+-------------------+-------------------------+------------------------+------------------------------+--------------------------------+


+------------------------------------------------------------------------------------------------------------------------------------+
; Incremental Compilation Placement Preservation                                                                                     ;
+--------------------------------+-----------------------+-------------------------+-------------------+---------------------+-------+
; Partition Name                 ; Preservation Achieved ; Preservation Level Used ; Netlist Type Used ; Preservation Method ; Notes ;
+--------------------------------+-----------------------+-------------------------+-------------------+---------------------+-------+
; Top                            ; 0.00 % ( 0 / 1980 )   ; N/A                     ; Source File       ; N/A                 ;       ;
; hard_block:auto_generated_inst ; 0.00 % ( 0 / 13 )     ; N/A                     ; Source File       ; N/A                 ;       ;
+--------------------------------+-----------------------+-------------------------+-------------------+---------------------+-------+


+--------------+
; Pin-Out File ;
+--------------+
The pin-out file can be found in C:/Users/19516/Desktop/2026G/FPGA/output_files_g/ADC_RAM_G.pin.


+-------------------------------------------------------------------------+
; Fitter Resource Usage Summary                                           ;
+---------------------------------------------+---------------------------+
; Resource                                    ; Usage                     ;
+---------------------------------------------+---------------------------+
; Total logic elements                        ; 1,189 / 6,272 ( 19 % )    ;
;     -- Combinational with no register       ; 329                       ;
;     -- Register only                        ; 341                       ;
;     -- Combinational with a register        ; 519                       ;
;                                             ;                           ;
; Logic element usage by number of LUT inputs ;                           ;
;     -- 4 input functions                    ; 138                       ;
;     -- 3 input functions                    ; 490                       ;
;     -- <=2 input functions                  ; 220                       ;
;     -- Register only                        ; 341                       ;
;                                             ;                           ;
; Logic elements by mode                      ;                           ;
;     -- normal mode                          ; 365                       ;
;     -- arithmetic mode                      ; 483                       ;
;                                             ;                           ;
; Total registers*                            ; 860 / 6,684 ( 13 % )      ;
;     -- Dedicated logic registers            ; 860 / 6,272 ( 14 % )      ;
;     -- I/O registers                        ; 0 / 412 ( 0 % )           ;
;                                             ;                           ;
; Total LABs:  partially or completely used   ; 104 / 392 ( 27 % )        ;
; Virtual pins                                ; 0                         ;
; I/O pins                                    ; 64 / 92 ( 70 % )          ;
;     -- Clock pins                           ; 2 / 3 ( 67 % )            ;
;     -- Dedicated input pins                 ; 0 / 9 ( 0 % )             ;
;                                             ;                           ;
; M9Ks                                        ; 8 / 30 ( 27 % )           ;
; Total block memory bits                     ; 65,536 / 276,480 ( 24 % ) ;
; Total block memory implementation bits      ; 73,728 / 276,480 ( 27 % ) ;
; Embedded Multiplier 9-bit elements          ; 10 / 30 ( 33 % )          ;
; PLLs                                        ; 1 / 2 ( 50 % )            ;
; Global signals                              ; 4                         ;
;     -- Global clocks                        ; 4 / 10 ( 40 % )           ;
; JTAGs                                       ; 0 / 1 ( 0 % )             ;
; CRC blocks                                  ; 0 / 1 ( 0 % )             ;
; ASMI blocks                                 ; 0 / 1 ( 0 % )             ;
; Oscillator blocks                           ; 0 / 1 ( 0 % )             ;
; Impedance control blocks                    ; 0 / 4 ( 0 % )             ;
; Average interconnect usage (total/H/V)      ; 4.5% / 4.6% / 4.2%        ;
; Peak interconnect usage (total/H/V)         ; 10.4% / 9.9% / 11.2%      ;
; Maximum fan-out                             ; 865                       ;
; Highest non-global fan-out                  ; 161                       ;
; Total fan-out                               ; 6732                      ;
; Average fan-out                             ; 3.09                      ;
+---------------------------------------------+---------------------------+
*  Register count does not include registers inside RAM blocks or DSP blocks.



+-----------------------------------------------------------------------------------------------------+
; Fitter Partition Statistics                                                                         ;
+---------------------------------------------+----------------------+--------------------------------+
; Statistic                                   ; Top                  ; hard_block:auto_generated_inst ;
+---------------------------------------------+----------------------+--------------------------------+
; Difficulty Clustering Region                ; Low                  ; Low                            ;
;                                             ;                      ;                                ;
; Total logic elements                        ; 1189 / 6272 ( 19 % ) ; 0 / 6272 ( 0 % )               ;
;     -- Combinational with no register       ; 329                  ; 0                              ;
;     -- Register only                        ; 341                  ; 0                              ;
;     -- Combinational with a register        ; 519                  ; 0                              ;
;                                             ;                      ;                                ;
; Logic element usage by number of LUT inputs ;                      ;                                ;
;     -- 4 input functions                    ; 138                  ; 0                              ;
;     -- 3 input functions                    ; 490                  ; 0                              ;
;     -- <=2 input functions                  ; 220                  ; 0                              ;
;     -- Register only                        ; 341                  ; 0                              ;
;                                             ;                      ;                                ;
; Logic elements by mode                      ;                      ;                                ;
;     -- normal mode                          ; 365                  ; 0                              ;
;     -- arithmetic mode                      ; 483                  ; 0                              ;
;                                             ;                      ;                                ;
; Total registers                             ; 860                  ; 0                              ;
;     -- Dedicated logic registers            ; 860 / 6272 ( 14 % )  ; 0 / 6272 ( 0 % )               ;
;     -- I/O registers                        ; 0                    ; 0                              ;
;                                             ;                      ;                                ;
; Total LABs:  partially or completely used   ; 104 / 392 ( 27 % )   ; 0 / 392 ( 0 % )                ;
;                                             ;                      ;                                ;
; Virtual pins                                ; 0                    ; 0                              ;
; I/O pins                                    ; 64                   ; 0                              ;
; Embedded Multiplier 9-bit elements          ; 10 / 30 ( 33 % )     ; 0 / 30 ( 0 % )                 ;
; Total memory bits                           ; 65536                ; 0                              ;
; Total RAM block bits                        ; 73728                ; 0                              ;
; PLL                                         ; 0 / 2 ( 0 % )        ; 1 / 2 ( 50 % )                 ;
; M9K                                         ; 8 / 30 ( 26 % )      ; 0 / 30 ( 0 % )                 ;
; Clock control block                         ; 2 / 12 ( 16 % )      ; 2 / 12 ( 16 % )                ;
;                                             ;                      ;                                ;
; Connections                                 ;                      ;                                ;
;     -- Input Connections                    ; 727                  ; 1                              ;
;     -- Registered Input Connections         ; 716                  ; 0                              ;
;     -- Output Connections                   ; 1                    ; 727                            ;
;     -- Registered Output Connections        ; 0                    ; 0                              ;
;                                             ;                      ;                                ;
; Internal Connections                        ;                      ;                                ;
;     -- Total Connections                    ; 6953                 ; 736                            ;
;     -- Registered Connections               ; 2658                 ; 0                              ;
;                                             ;                      ;                                ;
; External Connections                        ;                      ;                                ;
;     -- Top                                  ; 0                    ; 728                            ;
;     -- hard_block:auto_generated_inst       ; 728                  ; 0                              ;
;                                             ;                      ;                                ;
; Partition Interface                         ;                      ;                                ;
;     -- Input Ports                          ; 29                   ; 1                              ;
;     -- Output Ports                         ; 35                   ; 2                              ;
;     -- Bidir Ports                          ; 0                    ; 0                              ;
;                                             ;                      ;                                ;
; Registered Ports                            ;                      ;                                ;
;     -- Registered Input Ports               ; 0                    ; 0                              ;
;     -- Registered Output Ports              ; 0                    ; 0                              ;
;                                             ;                      ;                                ;
; Port Connectivity                           ;                      ;                                ;
;     -- Input Ports driven by GND            ; 0                    ; 0                              ;
;     -- Output Ports driven by GND           ; 0                    ; 0                              ;
;     -- Input Ports driven by VCC            ; 0                    ; 0                              ;
;     -- Output Ports driven by VCC           ; 0                    ; 0                              ;
;     -- Input Ports with no Source           ; 0                    ; 0                              ;
;     -- Output Ports with no Source          ; 0                    ; 0                              ;
;     -- Input Ports with no Fanout           ; 0                    ; 0                              ;
;     -- Output Ports with no Fanout          ; 0                    ; 0                              ;
+---------------------------------------------+----------------------+--------------------------------+


+---------------------------------------------------------------------------------------------------------------------------------------------------------------------------------------------------------------------------------------------------------------------------------------------+
; Input Pins                                                                                                                                                                                                                                                                                  ;
+------------+-------+----------+--------------+--------------+--------------+-----------------------+--------------------+--------+----------------+---------------+-----------------+----------+--------------+--------------+---------------------------+----------------------+-----------+
; Name       ; Pin # ; I/O Bank ; X coordinate ; Y coordinate ; Z coordinate ; Combinational Fan-Out ; Registered Fan-Out ; Global ; Input Register ; Power Up High ; PCI I/O Enabled ; Bus Hold ; Weak Pull Up ; I/O Standard ; Termination Control Block ; Location assigned by ; Slew Rate ;
+------------+-------+----------+--------------+--------------+--------------+-----------------------+--------------------+--------+----------------+---------------+-----------------+----------+--------------+--------------+---------------------------+----------------------+-----------+
; MOSI       ; 32    ; 2        ; 0            ; 6            ; 14           ; 1                     ; 0                  ; no     ; no             ; no            ; yes             ; no       ; Off          ; 3.3-V LVTTL  ; --                        ; User                 ; no        ;
; SCLK_R     ; 30    ; 2        ; 0            ; 8            ; 14           ; 1                     ; 0                  ; no     ; no             ; no            ; yes             ; no       ; Off          ; 3.3-V LVTTL  ; --                        ; User                 ; no        ;
; SPI_CS_R   ; 28    ; 2        ; 0            ; 9            ; 7            ; 1                     ; 0                  ; no     ; no             ; no            ; yes             ; no       ; Off          ; 3.3-V LVTTL  ; --                        ; User                 ; no        ;
; ad1_in[0]  ; 127   ; 7        ; 16           ; 24           ; 7            ; 1                     ; 0                  ; no     ; no             ; no            ; yes             ; no       ; Off          ; 3.3-V LVTTL  ; --                        ; User                 ; no        ;
; ad1_in[10] ; 112   ; 7        ; 28           ; 24           ; 0            ; 1                     ; 0                  ; no     ; no             ; no            ; yes             ; no       ; Off          ; 3.3-V LVTTL  ; --                        ; User                 ; no        ;
; ad1_in[11] ; 111   ; 7        ; 30           ; 24           ; 21           ; 2                     ; 0                  ; no     ; no             ; no            ; yes             ; no       ; Off          ; 3.3-V LVTTL  ; --                        ; User                 ; no        ;
; ad1_in[1]  ; 126   ; 7        ; 16           ; 24           ; 0            ; 1                     ; 0                  ; no     ; no             ; no            ; yes             ; no       ; Off          ; 3.3-V LVTTL  ; --                        ; User                 ; no        ;
; ad1_in[2]  ; 125   ; 7        ; 18           ; 24           ; 21           ; 1                     ; 0                  ; no     ; no             ; no            ; yes             ; no       ; Off          ; 3.3-V LVTTL  ; --                        ; User                 ; no        ;
; ad1_in[3]  ; 124   ; 7        ; 18           ; 24           ; 14           ; 1                     ; 0                  ; no     ; no             ; no            ; yes             ; no       ; Off          ; 3.3-V LVTTL  ; --                        ; User                 ; no        ;
; ad1_in[4]  ; 121   ; 7        ; 23           ; 24           ; 14           ; 1                     ; 0                  ; no     ; no             ; no            ; yes             ; no       ; Off          ; 3.3-V LVTTL  ; --                        ; User                 ; no        ;
; ad1_in[5]  ; 120   ; 7        ; 23           ; 24           ; 7            ; 1                     ; 0                  ; no     ; no             ; no            ; yes             ; no       ; Off          ; 3.3-V LVTTL  ; --                        ; User                 ; no        ;
; ad1_in[6]  ; 119   ; 7        ; 23           ; 24           ; 0            ; 1                     ; 0                  ; no     ; no             ; no            ; yes             ; no       ; Off          ; 3.3-V LVTTL  ; --                        ; User                 ; no        ;
; ad1_in[7]  ; 115   ; 7        ; 28           ; 24           ; 21           ; 1                     ; 0                  ; no     ; no             ; no            ; yes             ; no       ; Off          ; 3.3-V LVTTL  ; --                        ; User                 ; no        ;
; ad1_in[8]  ; 114   ; 7        ; 28           ; 24           ; 14           ; 1                     ; 0                  ; no     ; no             ; no            ; yes             ; no       ; Off          ; 3.3-V LVTTL  ; --                        ; User                 ; no        ;
; ad1_in[9]  ; 113   ; 7        ; 28           ; 24           ; 7            ; 1                     ; 0                  ; no     ; no             ; no            ; yes             ; no       ; Off          ; 3.3-V LVTTL  ; --                        ; User                 ; no        ;
; ad2_in[0]  ; 144   ; 8        ; 1            ; 24           ; 7            ; 0                     ; 0                  ; no     ; no             ; no            ; yes             ; no       ; Off          ; 3.3-V LVTTL  ; --                        ; User                 ; no        ;
; ad2_in[10] ; 129   ; 8        ; 16           ; 24           ; 21           ; 0                     ; 0                  ; no     ; no             ; no            ; yes             ; no       ; Off          ; 3.3-V LVTTL  ; --                        ; User                 ; no        ;
; ad2_in[11] ; 128   ; 8        ; 16           ; 24           ; 14           ; 0                     ; 0                  ; no     ; no             ; no            ; yes             ; no       ; Off          ; 3.3-V LVTTL  ; --                        ; User                 ; no        ;
; ad2_in[1]  ; 143   ; 8        ; 1            ; 24           ; 0            ; 0                     ; 0                  ; no     ; no             ; no            ; yes             ; no       ; Off          ; 3.3-V LVTTL  ; --                        ; User                 ; no        ;
; ad2_in[2]  ; 142   ; 8        ; 3            ; 24           ; 21           ; 0                     ; 0                  ; no     ; no             ; no            ; yes             ; no       ; Off          ; 3.3-V LVTTL  ; --                        ; User                 ; no        ;
; ad2_in[3]  ; 141   ; 8        ; 5            ; 24           ; 7            ; 0                     ; 0                  ; no     ; no             ; no            ; yes             ; no       ; Off          ; 3.3-V LVTTL  ; --                        ; User                 ; no        ;
; ad2_in[4]  ; 138   ; 8        ; 7            ; 24           ; 7            ; 0                     ; 0                  ; no     ; no             ; no            ; yes             ; no       ; Off          ; 3.3-V LVTTL  ; --                        ; User                 ; no        ;
; ad2_in[5]  ; 137   ; 8        ; 7            ; 24           ; 0            ; 0                     ; 0                  ; no     ; no             ; no            ; yes             ; no       ; Off          ; 3.3-V LVTTL  ; --                        ; User                 ; no        ;
; ad2_in[6]  ; 136   ; 8        ; 9            ; 24           ; 7            ; 0                     ; 0                  ; no     ; no             ; no            ; yes             ; no       ; Off          ; 3.3-V LVTTL  ; --                        ; User                 ; no        ;
; ad2_in[7]  ; 135   ; 8        ; 11           ; 24           ; 14           ; 0                     ; 0                  ; no     ; no             ; no            ; yes             ; no       ; Off          ; 3.3-V LVTTL  ; --                        ; User                 ; no        ;
; ad2_in[8]  ; 133   ; 8        ; 13           ; 24           ; 21           ; 0                     ; 0                  ; no     ; no             ; no            ; yes             ; no       ; Off          ; 3.3-V LVTTL  ; --                        ; User                 ; no        ;
; ad2_in[9]  ; 132   ; 8        ; 13           ; 24           ; 14           ; 0                     ; 0                  ; no     ; no             ; no            ; yes             ; no       ; Off          ; 3.3-V LVTTL  ; --                        ; User                 ; no        ;
; sys_clk    ; 23    ; 1        ; 0            ; 11           ; 7            ; 161                   ; 0                  ; yes    ; no             ; no            ; yes             ; no       ; Off          ; 3.3-V LVTTL  ; --                        ; User                 ; no        ;
; sys_rst_n  ; 25    ; 2        ; 0            ; 11           ; 21           ; 865                   ; 0                  ; yes    ; no             ; no            ; yes             ; no       ; Off          ; 3.3-V LVTTL  ; --                        ; User                 ; no        ;
+------------+-------+----------+--------------+--------------+--------------+-----------------------+--------------------+--------+----------------+---------------+-----------------+----------+--------------+--------------+---------------------------+----------------------+-----------+


+------------------------------------------------------------------------------------------------------------------------------------------------------------------------------------------------------------------------------------------------------------------------------------------------------------------------------------------------------------------------------------------------------------------------------------------+
; Output Pins                                                                                                                                                                                                                                                                                                                                                                                                                              ;
+---------------+-------+----------+--------------+--------------+--------------+-----------------+------------------------+---------------+-----------+-----------------+------------+---------------+----------+--------------+--------------+------------------+-------------+---------------------------+----------------------------+-----------------------------+----------------------+----------------------+---------------------+
; Name          ; Pin # ; I/O Bank ; X coordinate ; Y coordinate ; Z coordinate ; Output Register ; Output Enable Register ; Power Up High ; Slew Rate ; PCI I/O Enabled ; Open Drain ; TRI Primitive ; Bus Hold ; Weak Pull Up ; I/O Standard ; Current Strength ; Termination ; Termination Control Block ; Output Buffer Pre-emphasis ; Voltage Output Differential ; Location assigned by ; Output Enable Source ; Output Enable Group ;
+---------------+-------+----------+--------------+--------------+--------------+-----------------+------------------------+---------------+-----------+-----------------+------------+---------------+----------+--------------+--------------+------------------+-------------+---------------------------+----------------------------+-----------------------------+----------------------+----------------------+---------------------+
; MISO          ; 31    ; 2        ; 0            ; 7            ; 0            ; no              ; no                     ; no            ; 2         ; no              ; no         ; no            ; no       ; Off          ; 3.3-V LVTTL  ; 8mA              ; Off         ; --                        ; no                         ; no                          ; User                 ; -                    ; -                   ;
; ad1_clk       ; 7     ; 1        ; 0            ; 21           ; 7            ; no              ; no                     ; no            ; 2         ; no              ; no         ; no            ; no       ; Off          ; 3.3-V LVTTL  ; 8mA              ; Off         ; --                        ; no                         ; no                          ; User                 ; -                    ; -                   ;
; ad2_clk       ; 3     ; 1        ; 0            ; 23           ; 14           ; no              ; no                     ; no            ; 2         ; no              ; no         ; no            ; no       ; Off          ; 3.3-V LVTTL  ; 8mA              ; Off         ; --                        ; no                         ; no                          ; User                 ; -                    ; -                   ;
; dac_clkA      ; 68    ; 4        ; 30           ; 0            ; 7            ; no              ; no                     ; no            ; 2         ; no              ; no         ; no            ; no       ; Off          ; 3.3-V LVTTL  ; 8mA              ; Off         ; --                        ; no                         ; no                          ; User                 ; -                    ; -                   ;
; dac_clkB      ; 67    ; 4        ; 30           ; 0            ; 21           ; no              ; no                     ; no            ; 2         ; no              ; no         ; no            ; no       ; Off          ; 3.3-V LVTTL  ; 8mA              ; Off         ; --                        ; no                         ; no                          ; User                 ; -                    ; -                   ;
; dac_dataA[0]  ; 70    ; 4        ; 32           ; 0            ; 21           ; no              ; no                     ; no            ; 2         ; no              ; no         ; no            ; no       ; Off          ; 3.3-V LVTTL  ; 8mA              ; Off         ; --                        ; no                         ; no                          ; User                 ; -                    ; -                   ;
; dac_dataA[10] ; 84    ; 5        ; 34           ; 9            ; 14           ; no              ; no                     ; no            ; 2         ; no              ; no         ; no            ; no       ; Off          ; 3.3-V LVTTL  ; 8mA              ; Off         ; --                        ; no                         ; no                          ; User                 ; -                    ; -                   ;
; dac_dataA[11] ; 85    ; 5        ; 34           ; 9            ; 7            ; no              ; no                     ; no            ; 2         ; no              ; no         ; no            ; no       ; Off          ; 3.3-V LVTTL  ; 8mA              ; Off         ; --                        ; no                         ; no                          ; User                 ; -                    ; -                   ;
; dac_dataA[12] ; 86    ; 5        ; 34           ; 9            ; 0            ; no              ; no                     ; no            ; 2         ; no              ; no         ; no            ; no       ; Off          ; 3.3-V LVTTL  ; 8mA              ; Off         ; --                        ; no                         ; no                          ; User                 ; -                    ; -                   ;
; dac_dataA[13] ; 87    ; 5        ; 34           ; 10           ; 7            ; no              ; no                     ; no            ; 2         ; no              ; no         ; no            ; no       ; Off          ; 3.3-V LVTTL  ; 8mA              ; Off         ; --                        ; no                         ; no                          ; User                 ; -                    ; -                   ;
; dac_dataA[1]  ; 71    ; 4        ; 32           ; 0            ; 14           ; no              ; no                     ; no            ; 2         ; no              ; no         ; no            ; no       ; Off          ; 3.3-V LVTTL  ; 8mA              ; Off         ; --                        ; no                         ; no                          ; User                 ; -                    ; -                   ;
; dac_dataA[2]  ; 72    ; 4        ; 32           ; 0            ; 7            ; no              ; no                     ; no            ; 2         ; no              ; no         ; no            ; no       ; Off          ; 3.3-V LVTTL  ; 8mA              ; Off         ; --                        ; no                         ; no                          ; User                 ; -                    ; -                   ;
; dac_dataA[3]  ; 73    ; 5        ; 34           ; 2            ; 21           ; no              ; no                     ; no            ; 2         ; no              ; no         ; no            ; no       ; Off          ; 3.3-V LVTTL  ; 8mA              ; Off         ; --                        ; no                         ; no                          ; User                 ; -                    ; -                   ;
; dac_dataA[4]  ; 74    ; 5        ; 34           ; 2            ; 14           ; no              ; no                     ; no            ; 2         ; no              ; no         ; no            ; no       ; Off          ; 3.3-V LVTTL  ; 8mA              ; Off         ; --                        ; no                         ; no                          ; User                 ; -                    ; -                   ;
; dac_dataA[5]  ; 75    ; 5        ; 34           ; 3            ; 21           ; no              ; no                     ; no            ; 2         ; no              ; no         ; no            ; no       ; Off          ; 3.3-V LVTTL  ; 8mA              ; Off         ; --                        ; no                         ; no                          ; User                 ; -                    ; -                   ;
; dac_dataA[6]  ; 76    ; 5        ; 34           ; 4            ; 21           ; no              ; no                     ; no            ; 2         ; no              ; no         ; no            ; no       ; Off          ; 3.3-V LVTTL  ; 8mA              ; Off         ; --                        ; no                         ; no                          ; User                 ; -                    ; -                   ;
; dac_dataA[7]  ; 77    ; 5        ; 34           ; 4            ; 14           ; no              ; no                     ; no            ; 2         ; no              ; no         ; no            ; no       ; Off          ; 3.3-V LVTTL  ; 8mA              ; Off         ; --                        ; no                         ; no                          ; User                 ; -                    ; -                   ;
; dac_dataA[8]  ; 80    ; 5        ; 34           ; 7            ; 7            ; no              ; no                     ; no            ; 2         ; no              ; no         ; no            ; no       ; Off          ; 3.3-V LVTTL  ; 8mA              ; Off         ; --                        ; no                         ; no                          ; User                 ; -                    ; -                   ;
; dac_dataA[9]  ; 83    ; 5        ; 34           ; 9            ; 21           ; no              ; no                     ; no            ; 2         ; no              ; no         ; no            ; no       ; Off          ; 3.3-V LVTTL  ; 8mA              ; Off         ; --                        ; no                         ; no                          ; User                 ; -                    ; -                   ;
; dac_dataB[0]  ; 44    ; 3        ; 5            ; 0            ; 14           ; no              ; no                     ; no            ; 2         ; no              ; no         ; no            ; no       ; Off          ; 3.3-V LVTTL  ; 8mA              ; Off         ; --                        ; no                         ; no                          ; User                 ; -                    ; -                   ;
; dac_dataB[10] ; 59    ; 4        ; 23           ; 0            ; 14           ; no              ; no                     ; no            ; 2         ; no              ; no         ; no            ; no       ; Off          ; 3.3-V LVTTL  ; 8mA              ; Off         ; --                        ; no                         ; no                          ; User                 ; -                    ; -                   ;
; dac_dataB[11] ; 60    ; 4        ; 23           ; 0            ; 7            ; no              ; no                     ; no            ; 2         ; no              ; no         ; no            ; no       ; Off          ; 3.3-V LVTTL  ; 8mA              ; Off         ; --                        ; no                         ; no                          ; User                 ; -                    ; -                   ;
; dac_dataB[12] ; 64    ; 4        ; 25           ; 0            ; 0            ; no              ; no                     ; no            ; 2         ; no              ; no         ; no            ; no       ; Off          ; 3.3-V LVTTL  ; 8mA              ; Off         ; --                        ; no                         ; no                          ; User                 ; -                    ; -                   ;
; dac_dataB[13] ; 65    ; 4        ; 28           ; 0            ; 21           ; no              ; no                     ; no            ; 2         ; no              ; no         ; no            ; no       ; Off          ; 3.3-V LVTTL  ; 8mA              ; Off         ; --                        ; no                         ; no                          ; User                 ; -                    ; -                   ;
; dac_dataB[1]  ; 46    ; 3        ; 7            ; 0            ; 0            ; no              ; no                     ; no            ; 2         ; no              ; no         ; no            ; no       ; Off          ; 3.3-V LVTTL  ; 8mA              ; Off         ; --                        ; no                         ; no                          ; User                 ; -                    ; -                   ;
; dac_dataB[2]  ; 49    ; 3        ; 13           ; 0            ; 14           ; no              ; no                     ; no            ; 2         ; no              ; no         ; no            ; no       ; Off          ; 3.3-V LVTTL  ; 8mA              ; Off         ; --                        ; no                         ; no                          ; User                 ; -                    ; -                   ;
; dac_dataB[3]  ; 50    ; 3        ; 13           ; 0            ; 0            ; no              ; no                     ; no            ; 2         ; no              ; no         ; no            ; no       ; Off          ; 3.3-V LVTTL  ; 8mA              ; Off         ; --                        ; no                         ; no                          ; User                 ; -                    ; -                   ;
; dac_dataB[4]  ; 51    ; 3        ; 16           ; 0            ; 21           ; no              ; no                     ; no            ; 2         ; no              ; no         ; no            ; no       ; Off          ; 3.3-V LVTTL  ; 8mA              ; Off         ; --                        ; no                         ; no                          ; User                 ; -                    ; -                   ;
; dac_dataB[5]  ; 52    ; 3        ; 16           ; 0            ; 7            ; no              ; no                     ; no            ; 2         ; no              ; no         ; no            ; no       ; Off          ; 3.3-V LVTTL  ; 8mA              ; Off         ; --                        ; no                         ; no                          ; User                 ; -                    ; -                   ;
; dac_dataB[6]  ; 53    ; 3        ; 16           ; 0            ; 0            ; no              ; no                     ; no            ; 2         ; no              ; no         ; no            ; no       ; Off          ; 3.3-V LVTTL  ; 8mA              ; Off         ; --                        ; no                         ; no                          ; User                 ; -                    ; -                   ;
; dac_dataB[7]  ; 54    ; 4        ; 18           ; 0            ; 21           ; no              ; no                     ; no            ; 2         ; no              ; no         ; no            ; no       ; Off          ; 3.3-V LVTTL  ; 8mA              ; Off         ; --                        ; no                         ; no                          ; User                 ; -                    ; -                   ;
; dac_dataB[8]  ; 55    ; 4        ; 18           ; 0            ; 14           ; no              ; no                     ; no            ; 2         ; no              ; no         ; no            ; no       ; Off          ; 3.3-V LVTTL  ; 8mA              ; Off         ; --                        ; no                         ; no                          ; User                 ; -                    ; -                   ;
; dac_dataB[9]  ; 58    ; 4        ; 21           ; 0            ; 7            ; no              ; no                     ; no            ; 2         ; no              ; no         ; no            ; no       ; Off          ; 3.3-V LVTTL  ; 8mA              ; Off         ; --                        ; no                         ; no                          ; User                 ; -                    ; -                   ;
; dac_wrtA      ; 69    ; 4        ; 30           ; 0            ; 0            ; no              ; no                     ; no            ; 2         ; no              ; no         ; no            ; no       ; Off          ; 3.3-V LVTTL  ; 8mA              ; Off         ; --                        ; no                         ; no                          ; User                 ; -                    ; -                   ;
; dac_wrtB      ; 66    ; 4        ; 28           ; 0            ; 0            ; no              ; no                     ; no            ; 2         ; no              ; no         ; no            ; no       ; Off          ; 3.3-V LVTTL  ; 8mA              ; Off         ; --                        ; no                         ; no                          ; User                 ; -                    ; -                   ;
+---------------+-------+----------+--------------+--------------+--------------+-----------------+------------------------+---------------+-----------+-----------------+------------+---------------+----------+--------------+--------------+------------------+-------------+---------------------------+----------------------------+-----------------------------+----------------------+----------------------+---------------------+


+-------------------------------------------------------------------------------------------------------------------------+
; Dual Purpose and Dedicated Pins                                                                                         ;
+----------+-----------------------------+--------------------------+-------------------------+---------------------------+
; Location ; Pin Name                    ; Reserved As              ; User Signal Name        ; Pin Type                  ;
+----------+-----------------------------+--------------------------+-------------------------+---------------------------+
; 6        ; DIFFIO_L1n, DATA1, ASDO     ; As input tri-stated      ; ~ALTERA_ASDO_DATA1~     ; Dual Purpose Pin          ;
; 8        ; DIFFIO_L2p, FLASH_nCE, nCSO ; As input tri-stated      ; ~ALTERA_FLASH_nCE_nCSO~ ; Dual Purpose Pin          ;
; 9        ; nSTATUS                     ; -                        ; -                       ; Dedicated Programming Pin ;
; 12       ; DCLK                        ; As output driving ground ; ~ALTERA_DCLK~           ; Dual Purpose Pin          ;
; 13       ; DATA0                       ; As input tri-stated      ; ~ALTERA_DATA0~          ; Dual Purpose Pin          ;
; 14       ; nCONFIG                     ; -                        ; -                       ; Dedicated Programming Pin ;
; 21       ; nCE                         ; -                        ; -                       ; Dedicated Programming Pin ;
; 86       ; DIFFIO_R7n, DEV_OE          ; Use as regular IO        ; dac_dataA[12]           ; Dual Purpose Pin          ;
; 87       ; DIFFIO_R7p, DEV_CLRn        ; Use as regular IO        ; dac_dataA[13]           ; Dual Purpose Pin          ;
; 92       ; CONF_DONE                   ; -                        ; -                       ; Dedicated Programming Pin ;
; 94       ; MSEL0                       ; -                        ; -                       ; Dedicated Programming Pin ;
; 96       ; MSEL1                       ; -                        ; -                       ; Dedicated Programming Pin ;
; 97       ; MSEL2                       ; -                        ; -                       ; Dedicated Programming Pin ;
; 97       ; MSEL3                       ; -                        ; -                       ; Dedicated Programming Pin ;
; 101      ; DIFFIO_R3n, nCEO            ; Use as programming pin   ; ~ALTERA_nCEO~           ; Dual Purpose Pin          ;
; 132      ; DIFFIO_T10n, DATA2          ; Use as regular IO        ; ad2_in[9]               ; Dual Purpose Pin          ;
; 133      ; DIFFIO_T10p, DATA3          ; Use as regular IO        ; ad2_in[8]               ; Dual Purpose Pin          ;
; 137      ; DATA5                       ; Use as regular IO        ; ad2_in[5]               ; Dual Purpose Pin          ;
; 138      ; DATA6                       ; Use as regular IO        ; ad2_in[4]               ; Dual Purpose Pin          ;
+----------+-----------------------------+--------------------------+-------------------------+---------------------------+


+-------------------------------------------------------------+
; I/O Bank Usage                                              ;
+----------+-------------------+---------------+--------------+
; I/O Bank ; Usage             ; VCCIO Voltage ; VREF Voltage ;
+----------+-------------------+---------------+--------------+
; 1        ; 7 / 11 ( 64 % )   ; 3.3V          ; --           ;
; 2        ; 5 / 8 ( 63 % )    ; 3.3V          ; --           ;
; 3        ; 7 / 11 ( 64 % )   ; 3.3V          ; --           ;
; 4        ; 14 / 14 ( 100 % ) ; 3.3V          ; --           ;
; 5        ; 11 / 13 ( 85 % )  ; 3.3V          ; --           ;
; 6        ; 1 / 10 ( 10 % )   ; 2.5V          ; --           ;
; 7        ; 12 / 13 ( 92 % )  ; 3.3V          ; --           ;
; 8        ; 12 / 12 ( 100 % ) ; 3.3V          ; --           ;
+----------+-------------------+---------------+--------------+


+-----------------------------------------------------------------------------------------------------------------------------------------------------------------------------------------+
; All Package Pins                                                                                                                                                                        ;
+----------+------------+----------+-----------------------------------------------------------+--------+--------------+---------+------------+-----------------+----------+--------------+
; Location ; Pad Number ; I/O Bank ; Pin Name/Usage                                            ; Dir.   ; I/O Standard ; Voltage ; I/O Type   ; User Assignment ; Bus Hold ; Weak Pull Up ;
+----------+------------+----------+-----------------------------------------------------------+--------+--------------+---------+------------+-----------------+----------+--------------+
; 1        ; 0          ; 1        ; RESERVED_INPUT_WITH_WEAK_PULLUP                           ;        ;              ;         ; Row I/O    ;                 ; no       ; On           ;
; 2        ; 1          ; 1        ; RESERVED_INPUT_WITH_WEAK_PULLUP                           ;        ;              ;         ; Row I/O    ;                 ; no       ; On           ;
; 3        ; 2          ; 1        ; ad2_clk                                                   ; output ; 3.3-V LVTTL  ;         ; Row I/O    ; Y               ; no       ; Off          ;
; 4        ;            ;          ; GND                                                       ; gnd    ;              ;         ; --         ;                 ; --       ; --           ;
; 5        ;            ;          ; VCCINT                                                    ; power  ;              ; 1.2V    ; --         ;                 ; --       ; --           ;
; 6        ; 5          ; 1        ; ~ALTERA_ASDO_DATA1~ / RESERVED_INPUT_WITH_WEAK_PULLUP     ; input  ; 3.3-V LVTTL  ;         ; Row I/O    ; N               ; no       ; On           ;
; 7        ; 6          ; 1        ; ad1_clk                                                   ; output ; 3.3-V LVTTL  ;         ; Row I/O    ; Y               ; no       ; Off          ;
; 8        ; 7          ; 1        ; ~ALTERA_FLASH_nCE_nCSO~ / RESERVED_INPUT_WITH_WEAK_PULLUP ; input  ; 3.3-V LVTTL  ;         ; Row I/O    ; N               ; no       ; On           ;
; 9        ; 9          ; 1        ; ^nSTATUS                                                  ;        ;              ;         ; --         ;                 ; --       ; --           ;
; 10       ; 13         ; 1        ; RESERVED_INPUT_WITH_WEAK_PULLUP                           ;        ;              ;         ; Row I/O    ;                 ; no       ; On           ;
; 11       ; 14         ; 1        ; RESERVED_INPUT_WITH_WEAK_PULLUP                           ;        ;              ;         ; Row I/O    ;                 ; no       ; On           ;
; 12       ; 15         ; 1        ; ~ALTERA_DCLK~                                             ; output ; 3.3-V LVTTL  ;         ; Row I/O    ; N               ; no       ; On           ;
; 13       ; 16         ; 1        ; ~ALTERA_DATA0~ / RESERVED_INPUT_WITH_WEAK_PULLUP          ; input  ; 3.3-V LVTTL  ;         ; Row I/O    ; N               ; no       ; On           ;
; 14       ; 17         ; 1        ; ^nCONFIG                                                  ;        ;              ;         ; --         ;                 ; --       ; --           ;
; 15       ; 18         ; 1        ; #TDI                                                      ; input  ;              ;         ; --         ;                 ; --       ; --           ;
; 16       ; 19         ; 1        ; #TCK                                                      ; input  ;              ;         ; --         ;                 ; --       ; --           ;
; 17       ;            ; 1        ; VCCIO1                                                    ; power  ;              ; 3.3V    ; --         ;                 ; --       ; --           ;
; 18       ; 20         ; 1        ; #TMS                                                      ; input  ;              ;         ; --         ;                 ; --       ; --           ;
; 19       ;            ;          ; GND                                                       ; gnd    ;              ;         ; --         ;                 ; --       ; --           ;
; 20       ; 21         ; 1        ; #TDO                                                      ; output ;              ;         ; --         ;                 ; --       ; --           ;
; 21       ; 22         ; 1        ; ^nCE                                                      ;        ;              ;         ; --         ;                 ; --       ; --           ;
; 22       ;            ;          ; GND                                                       ; gnd    ;              ;         ; --         ;                 ; --       ; --           ;
; 23       ; 24         ; 1        ; sys_clk                                                   ; input  ; 3.3-V LVTTL  ;         ; Row I/O    ; Y               ; no       ; Off          ;
; 24       ; 25         ; 2        ; GND+                                                      ;        ;              ;         ; Row I/O    ;                 ; --       ; --           ;
; 25       ; 26         ; 2        ; sys_rst_n                                                 ; input  ; 3.3-V LVTTL  ;         ; Row I/O    ; Y               ; no       ; Off          ;
; 26       ;            ; 2        ; VCCIO2                                                    ; power  ;              ; 3.3V    ; --         ;                 ; --       ; --           ;
; 27       ;            ;          ; GND                                                       ; gnd    ;              ;         ; --         ;                 ; --       ; --           ;
; 28       ; 31         ; 2        ; SPI_CS_R                                                  ; input  ; 3.3-V LVTTL  ;         ; Row I/O    ; Y               ; no       ; Off          ;
; 29       ;            ;          ; VCCINT                                                    ; power  ;              ; 1.2V    ; --         ;                 ; --       ; --           ;
; 30       ; 34         ; 2        ; SCLK_R                                                    ; input  ; 3.3-V LVTTL  ;         ; Row I/O    ; Y               ; no       ; Off          ;
; 31       ; 36         ; 2        ; MISO                                                      ; output ; 3.3-V LVTTL  ;         ; Row I/O    ; Y               ; no       ; Off          ;
; 32       ; 39         ; 2        ; MOSI                                                      ; input  ; 3.3-V LVTTL  ;         ; Row I/O    ; Y               ; no       ; Off          ;
; 33       ; 40         ; 2        ; RESERVED_INPUT_WITH_WEAK_PULLUP                           ;        ;              ;         ; Row I/O    ;                 ; no       ; On           ;
; 34       ; 41         ; 2        ; RESERVED_INPUT_WITH_WEAK_PULLUP                           ;        ;              ;         ; Row I/O    ;                 ; no       ; On           ;
; 35       ;            ; --       ; VCCA1                                                     ; power  ;              ; 2.5V    ; --         ;                 ; --       ; --           ;
; 36       ;            ;          ; GNDA1                                                     ; gnd    ;              ;         ; --         ;                 ; --       ; --           ;
; 37       ;            ;          ; VCCD_PLL1                                                 ; power  ;              ; 1.2V    ; --         ;                 ; --       ; --           ;
; 38       ; 45         ; 3        ; RESERVED_INPUT_WITH_WEAK_PULLUP                           ;        ;              ;         ; Column I/O ;                 ; no       ; On           ;
; 39       ; 46         ; 3        ; RESERVED_INPUT_WITH_WEAK_PULLUP                           ;        ;              ;         ; Column I/O ;                 ; no       ; On           ;
; 40       ;            ; 3        ; VCCIO3                                                    ; power  ;              ; 3.3V    ; --         ;                 ; --       ; --           ;
; 41       ;            ;          ; GND                                                       ; gnd    ;              ;         ; --         ;                 ; --       ; --           ;
; 42       ; 52         ; 3        ; RESERVED_INPUT_WITH_WEAK_PULLUP                           ;        ;              ;         ; Column I/O ;                 ; no       ; On           ;
; 43       ; 53         ; 3        ; RESERVED_INPUT_WITH_WEAK_PULLUP                           ;        ;              ;         ; Column I/O ;                 ; no       ; On           ;
; 44       ; 54         ; 3        ; dac_dataB[0]                                              ; output ; 3.3-V LVTTL  ;         ; Column I/O ; Y               ; no       ; Off          ;
; 45       ;            ;          ; VCCINT                                                    ; power  ;              ; 1.2V    ; --         ;                 ; --       ; --           ;
; 46       ; 58         ; 3        ; dac_dataB[1]                                              ; output ; 3.3-V LVTTL  ;         ; Column I/O ; Y               ; no       ; Off          ;
; 47       ;            ; 3        ; VCCIO3                                                    ; power  ;              ; 3.3V    ; --         ;                 ; --       ; --           ;
; 48       ;            ;          ; GND                                                       ; gnd    ;              ;         ; --         ;                 ; --       ; --           ;
; 49       ; 68         ; 3        ; dac_dataB[2]                                              ; output ; 3.3-V LVTTL  ;         ; Column I/O ; Y               ; no       ; Off          ;
; 50       ; 69         ; 3        ; dac_dataB[3]                                              ; output ; 3.3-V LVTTL  ;         ; Column I/O ; Y               ; no       ; Off          ;
; 51       ; 70         ; 3        ; dac_dataB[4]                                              ; output ; 3.3-V LVTTL  ;         ; Column I/O ; Y               ; no       ; Off          ;
; 52       ; 72         ; 3        ; dac_dataB[5]                                              ; output ; 3.3-V LVTTL  ;         ; Column I/O ; Y               ; no       ; Off          ;
; 53       ; 73         ; 3        ; dac_dataB[6]                                              ; output ; 3.3-V LVTTL  ;         ; Column I/O ; Y               ; no       ; Off          ;
; 54       ; 74         ; 4        ; dac_dataB[7]                                              ; output ; 3.3-V LVTTL  ;         ; Column I/O ; Y               ; no       ; Off          ;
; 55       ; 75         ; 4        ; dac_dataB[8]                                              ; output ; 3.3-V LVTTL  ;         ; Column I/O ; Y               ; no       ; Off          ;
; 56       ;            ; 4        ; VCCIO4                                                    ; power  ;              ; 3.3V    ; --         ;                 ; --       ; --           ;
; 57       ;            ;          ; GND                                                       ; gnd    ;              ;         ; --         ;                 ; --       ; --           ;
; 58       ; 80         ; 4        ; dac_dataB[9]                                              ; output ; 3.3-V LVTTL  ;         ; Column I/O ; Y               ; no       ; Off          ;
; 59       ; 83         ; 4        ; dac_dataB[10]                                             ; output ; 3.3-V LVTTL  ;         ; Column I/O ; Y               ; no       ; Off          ;
; 60       ; 84         ; 4        ; dac_dataB[11]                                             ; output ; 3.3-V LVTTL  ;         ; Column I/O ; Y               ; no       ; Off          ;
; 61       ;            ;          ; VCCINT                                                    ; power  ;              ; 1.2V    ; --         ;                 ; --       ; --           ;
; 62       ;            ; 4        ; VCCIO4                                                    ; power  ;              ; 3.3V    ; --         ;                 ; --       ; --           ;
; 63       ;            ;          ; GND                                                       ; gnd    ;              ;         ; --         ;                 ; --       ; --           ;
; 64       ; 89         ; 4        ; dac_dataB[12]                                             ; output ; 3.3-V LVTTL  ;         ; Column I/O ; Y               ; no       ; Off          ;
; 65       ; 90         ; 4        ; dac_dataB[13]                                             ; output ; 3.3-V LVTTL  ;         ; Column I/O ; Y               ; no       ; Off          ;
; 66       ; 93         ; 4        ; dac_wrtB                                                  ; output ; 3.3-V LVTTL  ;         ; Column I/O ; Y               ; no       ; Off          ;
; 67       ; 94         ; 4        ; dac_clkB                                                  ; output ; 3.3-V LVTTL  ;         ; Column I/O ; Y               ; no       ; Off          ;
; 68       ; 96         ; 4        ; dac_clkA                                                  ; output ; 3.3-V LVTTL  ;         ; Column I/O ; Y               ; no       ; Off          ;
; 69       ; 97         ; 4        ; dac_wrtA                                                  ; output ; 3.3-V LVTTL  ;         ; Column I/O ; Y               ; no       ; Off          ;
; 70       ; 98         ; 4        ; dac_dataA[0]                                              ; output ; 3.3-V LVTTL  ;         ; Column I/O ; Y               ; no       ; Off          ;
; 71       ; 99         ; 4        ; dac_dataA[1]                                              ; output ; 3.3-V LVTTL  ;         ; Column I/O ; Y               ; no       ; Off          ;
; 72       ; 100        ; 4        ; dac_dataA[2]                                              ; output ; 3.3-V LVTTL  ;         ; Column I/O ; Y               ; no       ; Off          ;
; 73       ; 102        ; 5        ; dac_dataA[3]                                              ; output ; 3.3-V LVTTL  ;         ; Row I/O    ; Y               ; no       ; Off          ;
; 74       ; 103        ; 5        ; dac_dataA[4]                                              ; output ; 3.3-V LVTTL  ;         ; Row I/O    ; Y               ; no       ; Off          ;
; 75       ; 104        ; 5        ; dac_dataA[5]                                              ; output ; 3.3-V LVTTL  ;         ; Row I/O    ; Y               ; no       ; Off          ;
; 76       ; 106        ; 5        ; dac_dataA[6]                                              ; output ; 3.3-V LVTTL  ;         ; Row I/O    ; Y               ; no       ; Off          ;
; 77       ; 107        ; 5        ; dac_dataA[7]                                              ; output ; 3.3-V LVTTL  ;         ; Row I/O    ; Y               ; no       ; Off          ;
; 78       ;            ;          ; VCCINT                                                    ; power  ;              ; 1.2V    ; --         ;                 ; --       ; --           ;
; 79       ;            ;          ; GND                                                       ; gnd    ;              ;         ; --         ;                 ; --       ; --           ;
; 80       ; 113        ; 5        ; dac_dataA[8]                                              ; output ; 3.3-V LVTTL  ;         ; Row I/O    ; Y               ; no       ; Off          ;
; 81       ;            ; 5        ; VCCIO5                                                    ; power  ;              ; 3.3V    ; --         ;                 ; --       ; --           ;
; 82       ;            ;          ; GND                                                       ; gnd    ;              ;         ; --         ;                 ; --       ; --           ;
; 83       ; 117        ; 5        ; dac_dataA[9]                                              ; output ; 3.3-V LVTTL  ;         ; Row I/O    ; Y               ; no       ; Off          ;
; 84       ; 118        ; 5        ; dac_dataA[10]                                             ; output ; 3.3-V LVTTL  ;         ; Row I/O    ; Y               ; no       ; Off          ;
; 85       ; 119        ; 5        ; dac_dataA[11]                                             ; output ; 3.3-V LVTTL  ;         ; Row I/O    ; Y               ; no       ; Off          ;
; 86       ; 120        ; 5        ; dac_dataA[12]                                             ; output ; 3.3-V LVTTL  ;         ; Row I/O    ; Y               ; no       ; Off          ;
; 87       ; 121        ; 5        ; dac_dataA[13]                                             ; output ; 3.3-V LVTTL  ;         ; Row I/O    ; Y               ; no       ; Off          ;
; 88       ; 125        ; 5        ; GND+                                                      ;        ;              ;         ; Row I/O    ;                 ; --       ; --           ;
; 89       ; 126        ; 5        ; GND+                                                      ;        ;              ;         ; Row I/O    ;                 ; --       ; --           ;
; 90       ; 127        ; 6        ; GND+                                                      ;        ;              ;         ; Row I/O    ;                 ; --       ; --           ;
; 91       ; 128        ; 6        ; GND+                                                      ;        ;              ;         ; Row I/O    ;                 ; --       ; --           ;
; 92       ; 129        ; 6        ; ^CONF_DONE                                                ;        ;              ;         ; --         ;                 ; --       ; --           ;
; 93       ;            ; 6        ; VCCIO6                                                    ; power  ;              ; 2.5V    ; --         ;                 ; --       ; --           ;
; 94       ; 130        ; 6        ; ^MSEL0                                                    ;        ;              ;         ; --         ;                 ; --       ; --           ;
; 95       ;            ;          ; GND                                                       ; gnd    ;              ;         ; --         ;                 ; --       ; --           ;
; 96       ; 131        ; 6        ; ^MSEL1                                                    ;        ;              ;         ; --         ;                 ; --       ; --           ;
; 97       ; 132        ; 6        ; ^MSEL2                                                    ;        ;              ;         ; --         ;                 ; --       ; --           ;
; 97       ; 133        ; 6        ; ^MSEL3                                                    ;        ;              ;         ; --         ;                 ; --       ; --           ;
; 98       ; 136        ; 6        ; RESERVED_INPUT_WITH_WEAK_PULLUP                           ;        ;              ;         ; Row I/O    ;                 ; no       ; On           ;
; 99       ; 137        ; 6        ; RESERVED_INPUT_WITH_WEAK_PULLUP                           ;        ;              ;         ; Row I/O    ;                 ; no       ; On           ;
; 100      ; 138        ; 6        ; RESERVED_INPUT_WITH_WEAK_PULLUP                           ;        ;              ;         ; Row I/O    ;                 ; no       ; On           ;
; 101      ; 139        ; 6        ; ~ALTERA_nCEO~ / RESERVED_OUTPUT_OPEN_DRAIN                ; output ; 2.5 V        ;         ; Row I/O    ; N               ; no       ; Off          ;
; 102      ;            ;          ; VCCINT                                                    ; power  ;              ; 1.2V    ; --         ;                 ; --       ; --           ;
; 103      ; 140        ; 6        ; RESERVED_INPUT_WITH_WEAK_PULLUP                           ;        ;              ;         ; Row I/O    ;                 ; no       ; On           ;
; 104      ; 141        ; 6        ; RESERVED_INPUT_WITH_WEAK_PULLUP                           ;        ;              ;         ; Row I/O    ;                 ; no       ; On           ;
; 105      ; 142        ; 6        ; RESERVED_INPUT_WITH_WEAK_PULLUP                           ;        ;              ;         ; Row I/O    ;                 ; --       ; --           ;
; 106      ; 146        ; 6        ; RESERVED_INPUT_WITH_WEAK_PULLUP                           ;        ;              ;         ; Row I/O    ;                 ; no       ; On           ;
; 107      ;            ; --       ; VCCA2                                                     ; power  ;              ; 2.5V    ; --         ;                 ; --       ; --           ;
; 108      ;            ;          ; GNDA2                                                     ; gnd    ;              ;         ; --         ;                 ; --       ; --           ;
; 109      ;            ;          ; VCCD_PLL2                                                 ; power  ;              ; 1.2V    ; --         ;                 ; --       ; --           ;
; 110      ; 152        ; 7        ; RESERVED_INPUT_WITH_WEAK_PULLUP                           ;        ;              ;         ; Column I/O ;                 ; no       ; On           ;
; 111      ; 154        ; 7        ; ad1_in[11]                                                ; input  ; 3.3-V LVTTL  ;         ; Column I/O ; Y               ; no       ; Off          ;
; 112      ; 155        ; 7        ; ad1_in[10]                                                ; input  ; 3.3-V LVTTL  ;         ; Column I/O ; Y               ; no       ; Off          ;
; 113      ; 156        ; 7        ; ad1_in[9]                                                 ; input  ; 3.3-V LVTTL  ;         ; Column I/O ; Y               ; no       ; Off          ;
; 114      ; 157        ; 7        ; ad1_in[8]                                                 ; input  ; 3.3-V LVTTL  ;         ; Column I/O ; Y               ; no       ; Off          ;
; 115      ; 158        ; 7        ; ad1_in[7]                                                 ; input  ; 3.3-V LVTTL  ;         ; Column I/O ; Y               ; no       ; Off          ;
; 116      ;            ;          ; VCCINT                                                    ; power  ;              ; 1.2V    ; --         ;                 ; --       ; --           ;
; 117      ;            ; 7        ; VCCIO7                                                    ; power  ;              ; 3.3V    ; --         ;                 ; --       ; --           ;
; 118      ;            ;          ; GND                                                       ; gnd    ;              ;         ; --         ;                 ; --       ; --           ;
; 119      ; 163        ; 7        ; ad1_in[6]                                                 ; input  ; 3.3-V LVTTL  ;         ; Column I/O ; Y               ; no       ; Off          ;
; 120      ; 164        ; 7        ; ad1_in[5]                                                 ; input  ; 3.3-V LVTTL  ;         ; Column I/O ; Y               ; no       ; Off          ;
; 121      ; 165        ; 7        ; ad1_in[4]                                                 ; input  ; 3.3-V LVTTL  ;         ; Column I/O ; Y               ; no       ; Off          ;
; 122      ;            ; 7        ; VCCIO7                                                    ; power  ;              ; 3.3V    ; --         ;                 ; --       ; --           ;
; 123      ;            ;          ; GND                                                       ; gnd    ;              ;         ; --         ;                 ; --       ; --           ;
; 124      ; 173        ; 7        ; ad1_in[3]                                                 ; input  ; 3.3-V LVTTL  ;         ; Column I/O ; Y               ; no       ; Off          ;
; 125      ; 174        ; 7        ; ad1_in[2]                                                 ; input  ; 3.3-V LVTTL  ;         ; Column I/O ; Y               ; no       ; Off          ;
; 126      ; 175        ; 7        ; ad1_in[1]                                                 ; input  ; 3.3-V LVTTL  ;         ; Column I/O ; Y               ; no       ; Off          ;
; 127      ; 176        ; 7        ; ad1_in[0]                                                 ; input  ; 3.3-V LVTTL  ;         ; Column I/O ; Y               ; no       ; Off          ;
; 128      ; 177        ; 8        ; ad2_in[11]                                                ; input  ; 3.3-V LVTTL  ;         ; Column I/O ; Y               ; no       ; Off          ;
; 129      ; 178        ; 8        ; ad2_in[10]                                                ; input  ; 3.3-V LVTTL  ;         ; Column I/O ; Y               ; no       ; Off          ;
; 130      ;            ; 8        ; VCCIO8                                                    ; power  ;              ; 3.3V    ; --         ;                 ; --       ; --           ;
; 131      ;            ;          ; GND                                                       ; gnd    ;              ;         ; --         ;                 ; --       ; --           ;
; 132      ; 181        ; 8        ; ad2_in[9]                                                 ; input  ; 3.3-V LVTTL  ;         ; Column I/O ; Y               ; no       ; Off          ;
; 133      ; 182        ; 8        ; ad2_in[8]                                                 ; input  ; 3.3-V LVTTL  ;         ; Column I/O ; Y               ; no       ; Off          ;
; 134      ;            ;          ; VCCINT                                                    ; power  ;              ; 1.2V    ; --         ;                 ; --       ; --           ;
; 135      ; 185        ; 8        ; ad2_in[7]                                                 ; input  ; 3.3-V LVTTL  ;         ; Column I/O ; Y               ; no       ; Off          ;
; 136      ; 187        ; 8        ; ad2_in[6]                                                 ; input  ; 3.3-V LVTTL  ;         ; Column I/O ; Y               ; no       ; Off          ;
; 137      ; 190        ; 8        ; ad2_in[5]                                                 ; input  ; 3.3-V LVTTL  ;         ; Column I/O ; Y               ; no       ; Off          ;
; 138      ; 191        ; 8        ; ad2_in[4]                                                 ; input  ; 3.3-V LVTTL  ;         ; Column I/O ; Y               ; no       ; Off          ;
; 139      ;            ; 8        ; VCCIO8                                                    ; power  ;              ; 3.3V    ; --         ;                 ; --       ; --           ;
; 140      ;            ;          ; GND                                                       ; gnd    ;              ;         ; --         ;                 ; --       ; --           ;
; 141      ; 195        ; 8        ; ad2_in[3]                                                 ; input  ; 3.3-V LVTTL  ;         ; Column I/O ; Y               ; no       ; Off          ;
; 142      ; 201        ; 8        ; ad2_in[2]                                                 ; input  ; 3.3-V LVTTL  ;         ; Column I/O ; Y               ; no       ; Off          ;
; 143      ; 202        ; 8        ; ad2_in[1]                                                 ; input  ; 3.3-V LVTTL  ;         ; Column I/O ; Y               ; no       ; Off          ;
; 144      ; 203        ; 8        ; ad2_in[0]                                                 ; input  ; 3.3-V LVTTL  ;         ; Column I/O ; Y               ; no       ; Off          ;
; EPAD     ;            ;          ; GND                                                       ;        ;              ;         ; --         ;                 ; --       ; --           ;
+----------+------------+----------+-----------------------------------------------------------+--------+--------------+---------+------------+-----------------+----------+--------------+
Note: Pin directions (input, output or bidir) are based on device operating in user mode.


+--------------------------------------------------------------------------------------------------------------+
; PLL Summary                                                                                                  ;
+-------------------------------+------------------------------------------------------------------------------+
; Name                          ; my_pll:my_pll_inst|altpll:altpll_component|my_pll_altpll:auto_generated|pll1 ;
+-------------------------------+------------------------------------------------------------------------------+
; SDC pin name                  ; my_pll_inst|altpll_component|auto_generated|pll1                             ;
; PLL mode                      ; Normal                                                                       ;
; Compensate clock              ; clock0                                                                       ;
; Compensated input/output pins ; --                                                                           ;
; Switchover type               ; --                                                                           ;
; Input frequency 0             ; 50.0 MHz                                                                     ;
; Input frequency 1             ; --                                                                           ;
; Nominal PFD frequency         ; 50.0 MHz                                                                     ;
; Nominal VCO frequency         ; 500.0 MHz                                                                    ;
; VCO post scale K counter      ; 2                                                                            ;
; VCO frequency control         ; Auto                                                                         ;
; VCO phase shift step          ; 250 ps                                                                       ;
; VCO multiply                  ; --                                                                           ;
; VCO divide                    ; --                                                                           ;
; Freq min lock                 ; 30.0 MHz                                                                     ;
; Freq max lock                 ; 65.02 MHz                                                                    ;
; M VCO Tap                     ; 0                                                                            ;
; M Initial                     ; 1                                                                            ;
; M value                       ; 10                                                                           ;
; N value                       ; 1                                                                            ;
; Charge pump current           ; setting 1                                                                    ;
; Loop filter resistance        ; setting 27                                                                   ;
; Loop filter capacitance       ; setting 0                                                                    ;
; Bandwidth                     ; 1.03 MHz to 1.97 MHz                                                         ;
; Bandwidth type                ; Medium                                                                       ;
; Real time reconfigurable      ; Off                                                                          ;
; Scan chain MIF file           ; --                                                                           ;
; Preserve PLL counter order    ; Off                                                                          ;
; PLL location                  ; PLL_1                                                                        ;
; Inclk0 signal                 ; sys_clk                                                                      ;
; Inclk1 signal                 ; --                                                                           ;
; Inclk0 signal type            ; Dedicated Pin                                                                ;
; Inclk1 signal type            ; --                                                                           ;
+-------------------------------+------------------------------------------------------------------------------+


+----------------------------------------------------------------------------------------------------------------------------------------------------------------------------------------------------------------------------------------------------------------------------------------------------------------------------+
; PLL Usage                                                                                                                                                                                                                                                                                                                  ;
+------------------------------------------------------------------------------------------+--------------+------+-----+------------------+-------------+------------------+------------+---------+---------------+------------+---------------+---------+---------+---------------------------------------------------------+
; Name                                                                                     ; Output Clock ; Mult ; Div ; Output Frequency ; Phase Shift ; Phase Shift Step ; Duty Cycle ; Counter ; Counter Value ; High / Low ; Cascade Input ; Initial ; VCO Tap ; SDC Pin Name                                            ;
+------------------------------------------------------------------------------------------+--------------+------+-----+------------------+-------------+------------------+------------+---------+---------------+------------+---------------+---------+---------+---------------------------------------------------------+
; my_pll:my_pll_inst|altpll:altpll_component|my_pll_altpll:auto_generated|wire_pll1_clk[0] ; clock0       ; 1    ; 1   ; 50.0 MHz         ; 0 (0 ps)    ; 4.50 (250 ps)    ; 50/50      ; C0      ; 10            ; 5/5 Even   ; --            ; 1       ; 0       ; my_pll_inst|altpll_component|auto_generated|pll1|clk[0] ;
; my_pll:my_pll_inst|altpll:altpll_component|my_pll_altpll:auto_generated|wire_pll1_clk[1] ; clock1       ; 5    ; 2   ; 125.0 MHz        ; 0 (0 ps)    ; 11.25 (250 ps)   ; 50/50      ; C1      ; 4             ; 2/2 Even   ; --            ; 1       ; 0       ; my_pll_inst|altpll_component|auto_generated|pll1|clk[1] ;
+------------------------------------------------------------------------------------------+--------------+------+-----+------------------+-------------+------------------+------------+---------+---------------+------------+---------------+---------+---------+---------------------------------------------------------+


+----------------------------------------+
; I/O Assignment Warnings                ;
+---------------+------------------------+
; Pin Name      ; Reason                 ;
+---------------+------------------------+
; ad1_clk       ; Missing drive strength ;
; ad2_clk       ; Missing drive strength ;
; dac_dataA[0]  ; Missing drive strength ;
; dac_dataA[1]  ; Missing drive strength ;
; dac_dataA[2]  ; Missing drive strength ;
; dac_dataA[3]  ; Missing drive strength ;
; dac_dataA[4]  ; Missing drive strength ;
; dac_dataA[5]  ; Missing drive strength ;
; dac_dataA[6]  ; Missing drive strength ;
; dac_dataA[7]  ; Missing drive strength ;
; dac_dataA[8]  ; Missing drive strength ;
; dac_dataA[9]  ; Missing drive strength ;
; dac_dataA[10] ; Missing drive strength ;
; dac_dataA[11] ; Missing drive strength ;
; dac_dataA[12] ; Missing drive strength ;
; dac_dataA[13] ; Missing drive strength ;
; dac_clkA      ; Missing drive strength ;
; dac_wrtA      ; Missing drive strength ;
; dac_dataB[0]  ; Missing drive strength ;
; dac_dataB[1]  ; Missing drive strength ;
; dac_dataB[2]  ; Missing drive strength ;
; dac_dataB[3]  ; Missing drive strength ;
; dac_dataB[4]  ; Missing drive strength ;
; dac_dataB[5]  ; Missing drive strength ;
; dac_dataB[6]  ; Missing drive strength ;
; dac_dataB[7]  ; Missing drive strength ;
; dac_dataB[8]  ; Missing drive strength ;
; dac_dataB[9]  ; Missing drive strength ;
; dac_dataB[10] ; Missing drive strength ;
; dac_dataB[11] ; Missing drive strength ;
; dac_dataB[12] ; Missing drive strength ;
; dac_dataB[13] ; Missing drive strength ;
; dac_clkB      ; Missing drive strength ;
; dac_wrtB      ; Missing drive strength ;
; MISO          ; Missing drive strength ;
+---------------+------------------------+


+----------------------------------------------------------------------------------------------------------------------------------------------------------------------------------------------------------------------------------------------------------------------------------------------------------------------------------------------------------------------------+
; Fitter Resource Utilization by Entity                                                                                                                                                                                                                                                                                                                                      ;
+-------------------------------------------+-------------+---------------------------+---------------+-------------+------+--------------+---------+-----------+------+--------------+--------------+-------------------+------------------+----------------------------------------------------------------------------------------------+------------------+--------------+
; Compilation Hierarchy Node                ; Logic Cells ; Dedicated Logic Registers ; I/O Registers ; Memory Bits ; M9Ks ; DSP Elements ; DSP 9x9 ; DSP 18x18 ; Pins ; Virtual Pins ; LUT-Only LCs ; Register-Only LCs ; LUT/Register LCs ; Full Hierarchy Name                                                                          ; Entity Name      ; Library Name ;
+-------------------------------------------+-------------+---------------------------+---------------+-------------+------+--------------+---------+-----------+------+--------------+--------------+-------------------+------------------+----------------------------------------------------------------------------------------------+------------------+--------------+
; |g_measure_top                            ; 1189 (143)  ; 860 (88)                  ; 0 (0)         ; 65536       ; 8    ; 10           ; 0       ; 5         ; 64   ; 0            ; 329 (55)     ; 341 (39)          ; 519 (73)         ; |g_measure_top                                                                               ; g_measure_top    ; work         ;
;    |RAM2:ram_bank1|                       ; 0 (0)       ; 0 (0)                     ; 0 (0)         ; 32768       ; 4    ; 0            ; 0       ; 0         ; 0    ; 0            ; 0 (0)        ; 0 (0)             ; 0 (0)            ; |g_measure_top|RAM2:ram_bank1                                                                ; RAM2             ; work         ;
;       |altsyncram:altsyncram_component|   ; 0 (0)       ; 0 (0)                     ; 0 (0)         ; 32768       ; 4    ; 0            ; 0       ; 0         ; 0    ; 0            ; 0 (0)        ; 0 (0)             ; 0 (0)            ; |g_measure_top|RAM2:ram_bank1|altsyncram:altsyncram_component                                ; altsyncram       ; work         ;
;          |altsyncram_vkm1:auto_generated| ; 0 (0)       ; 0 (0)                     ; 0 (0)         ; 32768       ; 4    ; 0            ; 0       ; 0         ; 0    ; 0            ; 0 (0)        ; 0 (0)             ; 0 (0)            ; |g_measure_top|RAM2:ram_bank1|altsyncram:altsyncram_component|altsyncram_vkm1:auto_generated ; altsyncram_vkm1  ; work         ;
;    |RAM:ram_bank0|                        ; 0 (0)       ; 0 (0)                     ; 0 (0)         ; 32768       ; 4    ; 0            ; 0       ; 0         ; 0    ; 0            ; 0 (0)        ; 0 (0)             ; 0 (0)            ; |g_measure_top|RAM:ram_bank0                                                                 ; RAM              ; work         ;
;       |altsyncram:altsyncram_component|   ; 0 (0)       ; 0 (0)                     ; 0 (0)         ; 32768       ; 4    ; 0            ; 0       ; 0         ; 0    ; 0            ; 0 (0)        ; 0 (0)             ; 0 (0)            ; |g_measure_top|RAM:ram_bank0|altsyncram:altsyncram_component                                 ; altsyncram       ; work         ;
;          |altsyncram_vkm1:auto_generated| ; 0 (0)       ; 0 (0)                     ; 0 (0)         ; 32768       ; 4    ; 0            ; 0       ; 0         ; 0    ; 0            ; 0 (0)        ; 0 (0)             ; 0 (0)            ; |g_measure_top|RAM:ram_bank0|altsyncram:altsyncram_component|altsyncram_vkm1:auto_generated  ; altsyncram_vkm1  ; work         ;
;    |g_cic3_decimator:cic_inst|            ; 286 (286)   ; 235 (235)                 ; 0 (0)         ; 0           ; 0    ; 0            ; 0       ; 0         ; 0    ; 0            ; 51 (51)      ; 72 (72)           ; 163 (163)        ; |g_measure_top|g_cic3_decimator:cic_inst                                                     ; g_cic3_decimator ; work         ;
;    |g_sos3_lowpass:lowpass_inst|          ; 658 (658)   ; 439 (439)                 ; 0 (0)         ; 0           ; 0    ; 10           ; 0       ; 5         ; 0    ; 0            ; 219 (219)    ; 214 (214)         ; 225 (225)        ; |g_measure_top|g_sos3_lowpass:lowpass_inst                                                   ; g_sos3_lowpass   ; work         ;
;       |lpm_mult:Mult0|                    ; 0 (0)       ; 0 (0)                     ; 0 (0)         ; 0           ; 0    ; 2            ; 0       ; 1         ; 0    ; 0            ; 0 (0)        ; 0 (0)             ; 0 (0)            ; |g_measure_top|g_sos3_lowpass:lowpass_inst|lpm_mult:Mult0                                    ; lpm_mult         ; work         ;
;          |mult_c6t:auto_generated|        ; 0 (0)       ; 0 (0)                     ; 0 (0)         ; 0           ; 0    ; 2            ; 0       ; 1         ; 0    ; 0            ; 0 (0)        ; 0 (0)             ; 0 (0)            ; |g_measure_top|g_sos3_lowpass:lowpass_inst|lpm_mult:Mult0|mult_c6t:auto_generated            ; mult_c6t         ; work         ;
;       |lpm_mult:Mult1|                    ; 0 (0)       ; 0 (0)                     ; 0 (0)         ; 0           ; 0    ; 2            ; 0       ; 1         ; 0    ; 0            ; 0 (0)        ; 0 (0)             ; 0 (0)            ; |g_measure_top|g_sos3_lowpass:lowpass_inst|lpm_mult:Mult1                                    ; lpm_mult         ; work         ;
;          |mult_c6t:auto_generated|        ; 0 (0)       ; 0 (0)                     ; 0 (0)         ; 0           ; 0    ; 2            ; 0       ; 1         ; 0    ; 0            ; 0 (0)        ; 0 (0)             ; 0 (0)            ; |g_measure_top|g_sos3_lowpass:lowpass_inst|lpm_mult:Mult1|mult_c6t:auto_generated            ; mult_c6t         ; work         ;
;       |lpm_mult:Mult2|                    ; 0 (0)       ; 0 (0)                     ; 0 (0)         ; 0           ; 0    ; 2            ; 0       ; 1         ; 0    ; 0            ; 0 (0)        ; 0 (0)             ; 0 (0)            ; |g_measure_top|g_sos3_lowpass:lowpass_inst|lpm_mult:Mult2                                    ; lpm_mult         ; work         ;
;          |mult_c6t:auto_generated|        ; 0 (0)       ; 0 (0)                     ; 0 (0)         ; 0           ; 0    ; 2            ; 0       ; 1         ; 0    ; 0            ; 0 (0)        ; 0 (0)             ; 0 (0)            ; |g_measure_top|g_sos3_lowpass:lowpass_inst|lpm_mult:Mult2|mult_c6t:auto_generated            ; mult_c6t         ; work         ;
;       |lpm_mult:Mult3|                    ; 0 (0)       ; 0 (0)                     ; 0 (0)         ; 0           ; 0    ; 2            ; 0       ; 1         ; 0    ; 0            ; 0 (0)        ; 0 (0)             ; 0 (0)            ; |g_measure_top|g_sos3_lowpass:lowpass_inst|lpm_mult:Mult3                                    ; lpm_mult         ; work         ;
;          |mult_c6t:auto_generated|        ; 0 (0)       ; 0 (0)                     ; 0 (0)         ; 0           ; 0    ; 2            ; 0       ; 1         ; 0    ; 0            ; 0 (0)        ; 0 (0)             ; 0 (0)            ; |g_measure_top|g_sos3_lowpass:lowpass_inst|lpm_mult:Mult3|mult_c6t:auto_generated            ; mult_c6t         ; work         ;
;       |lpm_mult:Mult4|                    ; 0 (0)       ; 0 (0)                     ; 0 (0)         ; 0           ; 0    ; 2            ; 0       ; 1         ; 0    ; 0            ; 0 (0)        ; 0 (0)             ; 0 (0)            ; |g_measure_top|g_sos3_lowpass:lowpass_inst|lpm_mult:Mult4                                    ; lpm_mult         ; work         ;
;          |mult_a6t:auto_generated|        ; 0 (0)       ; 0 (0)                     ; 0 (0)         ; 0           ; 0    ; 2            ; 0       ; 1         ; 0    ; 0            ; 0 (0)        ; 0 (0)             ; 0 (0)            ; |g_measure_top|g_sos3_lowpass:lowpass_inst|lpm_mult:Mult4|mult_a6t:auto_generated            ; mult_a6t         ; work         ;
;    |g_spi_slave:spi_inst|                 ; 102 (102)   ; 98 (98)                   ; 0 (0)         ; 0           ; 0    ; 0            ; 0       ; 0         ; 0    ; 0            ; 4 (4)        ; 16 (16)           ; 82 (82)          ; |g_measure_top|g_spi_slave:spi_inst                                                          ; g_spi_slave      ; work         ;
;    |my_pll:my_pll_inst|                   ; 0 (0)       ; 0 (0)                     ; 0 (0)         ; 0           ; 0    ; 0            ; 0       ; 0         ; 0    ; 0            ; 0 (0)        ; 0 (0)             ; 0 (0)            ; |g_measure_top|my_pll:my_pll_inst                                                            ; my_pll           ; work         ;
;       |altpll:altpll_component|           ; 0 (0)       ; 0 (0)                     ; 0 (0)         ; 0           ; 0    ; 0            ; 0       ; 0         ; 0    ; 0            ; 0 (0)        ; 0 (0)             ; 0 (0)            ; |g_measure_top|my_pll:my_pll_inst|altpll:altpll_component                                    ; altpll           ; work         ;
;          |my_pll_altpll:auto_generated|   ; 0 (0)       ; 0 (0)                     ; 0 (0)         ; 0           ; 0    ; 0            ; 0       ; 0         ; 0    ; 0            ; 0 (0)        ; 0 (0)             ; 0 (0)            ; |g_measure_top|my_pll:my_pll_inst|altpll:altpll_component|my_pll_altpll:auto_generated       ; my_pll_altpll    ; work         ;
+-------------------------------------------+-------------+---------------------------+---------------+-------------+------+--------------+---------+-----------+------+--------------+--------------+-------------------+------------------+----------------------------------------------------------------------------------------------+------------------+--------------+
Note: For table entries with two numbers listed, the numbers in parentheses indicate the number of resources of the given type used by the specific entity alone. The numbers listed outside of parentheses indicate the total resources of the given type used by the specific entity and all of its sub-entities in the hierarchy.


+-----------------------------------------------------------------------------------------------+
; Delay Chain Summary                                                                           ;
+---------------+----------+---------------+---------------+-----------------------+-----+------+
; Name          ; Pin Type ; Pad to Core 0 ; Pad to Core 1 ; Pad to Input Register ; TCO ; TCOE ;
+---------------+----------+---------------+---------------+-----------------------+-----+------+
; ad2_in[0]     ; Input    ; --            ; --            ; --                    ; --  ; --   ;
; ad2_in[1]     ; Input    ; --            ; --            ; --                    ; --  ; --   ;
; ad2_in[2]     ; Input    ; --            ; --            ; --                    ; --  ; --   ;
; ad2_in[3]     ; Input    ; --            ; --            ; --                    ; --  ; --   ;
; ad2_in[4]     ; Input    ; --            ; --            ; --                    ; --  ; --   ;
; ad2_in[5]     ; Input    ; --            ; --            ; --                    ; --  ; --   ;
; ad2_in[6]     ; Input    ; --            ; --            ; --                    ; --  ; --   ;
; ad2_in[7]     ; Input    ; --            ; --            ; --                    ; --  ; --   ;
; ad2_in[8]     ; Input    ; --            ; --            ; --                    ; --  ; --   ;
; ad2_in[9]     ; Input    ; --            ; --            ; --                    ; --  ; --   ;
; ad2_in[10]    ; Input    ; --            ; --            ; --                    ; --  ; --   ;
; ad2_in[11]    ; Input    ; --            ; --            ; --                    ; --  ; --   ;
; ad1_clk       ; Output   ; --            ; --            ; --                    ; --  ; --   ;
; ad2_clk       ; Output   ; --            ; --            ; --                    ; --  ; --   ;
; dac_dataA[0]  ; Output   ; --            ; --            ; --                    ; --  ; --   ;
; dac_dataA[1]  ; Output   ; --            ; --            ; --                    ; --  ; --   ;
; dac_dataA[2]  ; Output   ; --            ; --            ; --                    ; --  ; --   ;
; dac_dataA[3]  ; Output   ; --            ; --            ; --                    ; --  ; --   ;
; dac_dataA[4]  ; Output   ; --            ; --            ; --                    ; --  ; --   ;
; dac_dataA[5]  ; Output   ; --            ; --            ; --                    ; --  ; --   ;
; dac_dataA[6]  ; Output   ; --            ; --            ; --                    ; --  ; --   ;
; dac_dataA[7]  ; Output   ; --            ; --            ; --                    ; --  ; --   ;
; dac_dataA[8]  ; Output   ; --            ; --            ; --                    ; --  ; --   ;
; dac_dataA[9]  ; Output   ; --            ; --            ; --                    ; --  ; --   ;
; dac_dataA[10] ; Output   ; --            ; --            ; --                    ; --  ; --   ;
; dac_dataA[11] ; Output   ; --            ; --            ; --                    ; --  ; --   ;
; dac_dataA[12] ; Output   ; --            ; --            ; --                    ; --  ; --   ;
; dac_dataA[13] ; Output   ; --            ; --            ; --                    ; --  ; --   ;
; dac_clkA      ; Output   ; --            ; --            ; --                    ; --  ; --   ;
; dac_wrtA      ; Output   ; --            ; --            ; --                    ; --  ; --   ;
; dac_dataB[0]  ; Output   ; --            ; --            ; --                    ; --  ; --   ;
; dac_dataB[1]  ; Output   ; --            ; --            ; --                    ; --  ; --   ;
; dac_dataB[2]  ; Output   ; --            ; --            ; --                    ; --  ; --   ;
; dac_dataB[3]  ; Output   ; --            ; --            ; --                    ; --  ; --   ;
; dac_dataB[4]  ; Output   ; --            ; --            ; --                    ; --  ; --   ;
; dac_dataB[5]  ; Output   ; --            ; --            ; --                    ; --  ; --   ;
; dac_dataB[6]  ; Output   ; --            ; --            ; --                    ; --  ; --   ;
; dac_dataB[7]  ; Output   ; --            ; --            ; --                    ; --  ; --   ;
; dac_dataB[8]  ; Output   ; --            ; --            ; --                    ; --  ; --   ;
; dac_dataB[9]  ; Output   ; --            ; --            ; --                    ; --  ; --   ;
; dac_dataB[10] ; Output   ; --            ; --            ; --                    ; --  ; --   ;
; dac_dataB[11] ; Output   ; --            ; --            ; --                    ; --  ; --   ;
; dac_dataB[12] ; Output   ; --            ; --            ; --                    ; --  ; --   ;
; dac_dataB[13] ; Output   ; --            ; --            ; --                    ; --  ; --   ;
; dac_clkB      ; Output   ; --            ; --            ; --                    ; --  ; --   ;
; dac_wrtB      ; Output   ; --            ; --            ; --                    ; --  ; --   ;
; MISO          ; Output   ; --            ; --            ; --                    ; --  ; --   ;
; sys_clk       ; Input    ; (0) 0 ps      ; --            ; --                    ; --  ; --   ;
; sys_rst_n     ; Input    ; (0) 0 ps      ; --            ; --                    ; --  ; --   ;
; SCLK_R        ; Input    ; --            ; (6) 1314 ps   ; --                    ; --  ; --   ;
; SPI_CS_R      ; Input    ; (6) 1314 ps   ; --            ; --                    ; --  ; --   ;
; MOSI          ; Input    ; (6) 1314 ps   ; --            ; --                    ; --  ; --   ;
; ad1_in[9]     ; Input    ; (6) 1314 ps   ; --            ; --                    ; --  ; --   ;
; ad1_in[8]     ; Input    ; --            ; (6) 1314 ps   ; --                    ; --  ; --   ;
; ad1_in[7]     ; Input    ; --            ; (6) 1314 ps   ; --                    ; --  ; --   ;
; ad1_in[6]     ; Input    ; (6) 1314 ps   ; --            ; --                    ; --  ; --   ;
; ad1_in[5]     ; Input    ; (6) 1314 ps   ; --            ; --                    ; --  ; --   ;
; ad1_in[4]     ; Input    ; (6) 1314 ps   ; --            ; --                    ; --  ; --   ;
; ad1_in[3]     ; Input    ; (6) 1314 ps   ; --            ; --                    ; --  ; --   ;
; ad1_in[2]     ; Input    ; (6) 1314 ps   ; --            ; --                    ; --  ; --   ;
; ad1_in[1]     ; Input    ; (6) 1314 ps   ; --            ; --                    ; --  ; --   ;
; ad1_in[0]     ; Input    ; (6) 1314 ps   ; --            ; --                    ; --  ; --   ;
; ad1_in[10]    ; Input    ; (6) 1314 ps   ; --            ; --                    ; --  ; --   ;
; ad1_in[11]    ; Input    ; --            ; (6) 1314 ps   ; --                    ; --  ; --   ;
+---------------+----------+---------------+---------------+-----------------------+-----+------+


+-------------------------------------------------------------------------------+
; Pad To Core Delay Chain Fanout                                                ;
+-------------------------------------------------+-------------------+---------+
; Source Pin / Fanout                             ; Pad To Core Index ; Setting ;
+-------------------------------------------------+-------------------+---------+
; ad2_in[0]                                       ;                   ;         ;
; ad2_in[1]                                       ;                   ;         ;
; ad2_in[2]                                       ;                   ;         ;
; ad2_in[3]                                       ;                   ;         ;
; ad2_in[4]                                       ;                   ;         ;
; ad2_in[5]                                       ;                   ;         ;
; ad2_in[6]                                       ;                   ;         ;
; ad2_in[7]                                       ;                   ;         ;
; ad2_in[8]                                       ;                   ;         ;
; ad2_in[9]                                       ;                   ;         ;
; ad2_in[10]                                      ;                   ;         ;
; ad2_in[11]                                      ;                   ;         ;
; sys_clk                                         ;                   ;         ;
; sys_rst_n                                       ;                   ;         ;
; SCLK_R                                          ;                   ;         ;
;      - g_spi_slave:spi_inst|sclk_sync[0]~feeder ; 1                 ; 6       ;
; SPI_CS_R                                        ;                   ;         ;
;      - g_spi_slave:spi_inst|cs_sync[0]~0        ; 0                 ; 6       ;
; MOSI                                            ;                   ;         ;
;      - g_spi_slave:spi_inst|mosi_sync[0]        ; 0                 ; 6       ;
; ad1_in[9]                                       ;                   ;         ;
;      - adc_sample[9]~feeder                     ; 0                 ; 6       ;
; ad1_in[8]                                       ;                   ;         ;
;      - adc_sample[8]~feeder                     ; 1                 ; 6       ;
; ad1_in[7]                                       ;                   ;         ;
;      - adc_sample[7]~feeder                     ; 1                 ; 6       ;
; ad1_in[6]                                       ;                   ;         ;
;      - adc_sample[6]~feeder                     ; 0                 ; 6       ;
; ad1_in[5]                                       ;                   ;         ;
;      - adc_sample[5]                            ; 0                 ; 6       ;
; ad1_in[4]                                       ;                   ;         ;
;      - adc_sample[4]~feeder                     ; 0                 ; 6       ;
; ad1_in[3]                                       ;                   ;         ;
;      - adc_sample[3]~feeder                     ; 0                 ; 6       ;
; ad1_in[2]                                       ;                   ;         ;
;      - adc_sample[2]~feeder                     ; 0                 ; 6       ;
; ad1_in[1]                                       ;                   ;         ;
;      - adc_sample[1]~feeder                     ; 0                 ; 6       ;
; ad1_in[0]                                       ;                   ;         ;
;      - adc_sample[0]~feeder                     ; 0                 ; 6       ;
; ad1_in[10]                                      ;                   ;         ;
;      - adc_sample[10]~feeder                    ; 0                 ; 6       ;
; ad1_in[11]                                      ;                   ;         ;
;      - adc_sample[12]~0                         ; 1                 ; 6       ;
;      - adc_sample[11]~1                         ; 1                 ; 6       ;
+-------------------------------------------------+-------------------+---------+


+-------------------------------------------------------------------------------------------------------------------------------------------------------------------------------------------------------------------------------------+
; Control Signals                                                                                                                                                                                                                     ;
+------------------------------------------------------------------------------------------+--------------------+---------+----------------------------+--------+----------------------+------------------+---------------------------+
; Name                                                                                     ; Location           ; Fan-Out ; Usage                      ; Global ; Global Resource Used ; Global Line Name ; Enable Signal Source Name ;
+------------------------------------------------------------------------------------------+--------------------+---------+----------------------------+--------+----------------------+------------------+---------------------------+
; always2~0                                                                                ; LCCOMB_X24_Y9_N26  ; 15      ; Sync. clear                ; no     ; --                   ; --               ; --                        ;
; analysis_decim_count[1]~6                                                                ; LCCOMB_X24_Y9_N8   ; 2       ; Clock enable               ; no     ; --                   ; --               ; --                        ;
; capture_addr_adc[3]~38                                                                   ; LCCOMB_X24_Y9_N10  ; 12      ; Clock enable               ; no     ; --                   ; --               ; --                        ;
; capture_done_sys~0                                                                       ; LCCOMB_X21_Y8_N16  ; 2       ; Clock enable               ; no     ; --                   ; --               ; --                        ;
; g_cic3_decimator:cic_inst|Equal0~0                                                       ; LCCOMB_X17_Y17_N12 ; 161     ; Clock enable, Sync. clear  ; no     ; --                   ; --               ; --                        ;
; g_cic3_decimator:cic_inst|comb3[23]                                                      ; FF_X18_Y16_N23     ; 16      ; Sync. load                 ; no     ; --                   ; --               ; --                        ;
; g_sos3_lowpass:lowpass_inst|Decoder0~0                                                   ; LCCOMB_X19_Y12_N30 ; 99      ; Clock enable               ; no     ; --                   ; --               ; --                        ;
; g_sos3_lowpass:lowpass_inst|Decoder0~1                                                   ; LCCOMB_X17_Y11_N0  ; 80      ; Clock enable               ; no     ; --                   ; --               ; --                        ;
; g_sos3_lowpass:lowpass_inst|Decoder0~2                                                   ; LCCOMB_X19_Y12_N26 ; 80      ; Clock enable               ; no     ; --                   ; --               ; --                        ;
; g_sos3_lowpass:lowpass_inst|state[2]                                                     ; FF_X19_Y12_N19     ; 111     ; Sync. load                 ; no     ; --                   ; --               ; --                        ;
; g_sos3_lowpass:lowpass_inst|state[2]~2                                                   ; LCCOMB_X19_Y12_N16 ; 97      ; Clock enable               ; no     ; --                   ; --               ; --                        ;
; g_sos3_lowpass:lowpass_inst|x_register[17]~0                                             ; LCCOMB_X17_Y14_N20 ; 85      ; Clock enable               ; no     ; --                   ; --               ; --                        ;
; g_spi_slave:spi_inst|bit_count[5]~8                                                      ; LCCOMB_X13_Y10_N16 ; 6       ; Clock enable               ; no     ; --                   ; --               ; --                        ;
; g_spi_slave:spi_inst|cs_sync[2]                                                          ; FF_X13_Y11_N11     ; 74      ; Sync. clear                ; no     ; --                   ; --               ; --                        ;
; g_spi_slave:spi_inst|rx_shift[5]~1                                                       ; LCCOMB_X13_Y11_N12 ; 31      ; Clock enable               ; no     ; --                   ; --               ; --                        ;
; g_spi_slave:spi_inst|rx_valid                                                            ; FF_X13_Y10_N19     ; 15      ; Sync. load                 ; no     ; --                   ; --               ; --                        ;
; g_spi_slave:spi_inst|rx_valid~2                                                          ; LCCOMB_X13_Y10_N22 ; 21      ; Clock enable               ; no     ; --                   ; --               ; --                        ;
; g_spi_slave:spi_inst|tx_shift[16]~1                                                      ; LCCOMB_X13_Y11_N10 ; 30      ; Clock enable               ; no     ; --                   ; --               ; --                        ;
; my_pll:my_pll_inst|altpll:altpll_component|my_pll_altpll:auto_generated|wire_pll1_clk[0] ; PLL_1              ; 723     ; Clock                      ; yes    ; Global Clock         ; GCLK3            ; --                        ;
; ram_bank0_wren~0                                                                         ; LCCOMB_X24_Y9_N0   ; 4       ; Clock enable, Write enable ; no     ; --                   ; --               ; --                        ;
; ram_bank1_wren~0                                                                         ; LCCOMB_X24_Y9_N30  ; 4       ; Clock enable, Write enable ; no     ; --                   ; --               ; --                        ;
; read_wait_count~0                                                                        ; LCCOMB_X14_Y10_N8  ; 15      ; Clock enable               ; no     ; --                   ; --               ; --                        ;
; spi_tx_word[29]~23                                                                       ; LCCOMB_X14_Y10_N2  ; 15      ; Sync. load                 ; no     ; --                   ; --               ; --                        ;
; spi_tx_word[29]~65                                                                       ; LCCOMB_X17_Y10_N14 ; 27      ; Clock enable               ; no     ; --                   ; --               ; --                        ;
; sys_clk                                                                                  ; PIN_23             ; 2       ; Clock                      ; no     ; --                   ; --               ; --                        ;
; sys_clk                                                                                  ; PIN_23             ; 160     ; Clock                      ; yes    ; Global Clock         ; GCLK2            ; --                        ;
; sys_rst_n                                                                                ; PIN_25             ; 865     ; Async. clear               ; yes    ; Global Clock         ; GCLK0            ; --                        ;
+------------------------------------------------------------------------------------------+--------------------+---------+----------------------------+--------+----------------------+------------------+---------------------------+


+----------------------------------------------------------------------------------------------------------------------------------------------------------------------------------------------------------------------------+
; Global & Other Fast Signals                                                                                                                                                                                                ;
+------------------------------------------------------------------------------------------+----------+---------+--------------------------------------+----------------------+------------------+---------------------------+
; Name                                                                                     ; Location ; Fan-Out ; Fan-Out Using Intentional Clock Skew ; Global Resource Used ; Global Line Name ; Enable Signal Source Name ;
+------------------------------------------------------------------------------------------+----------+---------+--------------------------------------+----------------------+------------------+---------------------------+
; my_pll:my_pll_inst|altpll:altpll_component|my_pll_altpll:auto_generated|wire_pll1_clk[0] ; PLL_1    ; 723     ; 23                                   ; Global Clock         ; GCLK3            ; --                        ;
; my_pll:my_pll_inst|altpll:altpll_component|my_pll_altpll:auto_generated|wire_pll1_clk[1] ; PLL_1    ; 4       ; 0                                    ; Global Clock         ; GCLK4            ; --                        ;
; sys_clk                                                                                  ; PIN_23   ; 160     ; 0                                    ; Global Clock         ; GCLK2            ; --                        ;
; sys_rst_n                                                                                ; PIN_25   ; 865     ; 0                                    ; Global Clock         ; GCLK0            ; --                        ;
+------------------------------------------------------------------------------------------+----------+---------+--------------------------------------+----------------------+------------------+---------------------------+


+---------------------------------------------------------------------------------------------------------------------------------------------------------------------------------------------------------------------------------------------------------------------------------------------------------------------------------------------------------------------------------------------------------------------------------------------------------------------------------------------------------------------------------------------------------------------------------------------------------------------------------------------------------------------+
; Fitter RAM Summary                                                                                                                                                                                                                                                                                                                                                                                                                                                                                                                                                                                                                                                  ;
+------------------------------------------------------------------------------------------+------+------------------+-------------+--------------+--------------+--------------+--------------+------------------------+-------------------------+------------------------+-------------------------+-------+-----------------------------+-----------------------------+-----------------------------+-----------------------------+---------------------+------+------+---------------------------------------------------------------+----------------------+------------------------+------------------------+----------+------------------------+---------------+
; Name                                                                                     ; Type ; Mode             ; Clock Mode  ; Port A Depth ; Port A Width ; Port B Depth ; Port B Width ; Port A Input Registers ; Port A Output Registers ; Port B Input Registers ; Port B Output Registers ; Size  ; Implementation Port A Depth ; Implementation Port A Width ; Implementation Port B Depth ; Implementation Port B Width ; Implementation Bits ; M9Ks ; MIF  ; Location                                                      ; Mixed Width RDW Mode ; Port A RDW Mode        ; Port B RDW Mode        ; ECC Mode ; ECC Pipeline Registers ; Fits in MLABs ;
+------------------------------------------------------------------------------------------+------+------------------+-------------+--------------+--------------+--------------+--------------+------------------------+-------------------------+------------------------+-------------------------+-------+-----------------------------+-----------------------------+-----------------------------+-----------------------------+---------------------+------+------+---------------------------------------------------------------+----------------------+------------------------+------------------------+----------+------------------------+---------------+
; RAM2:ram_bank1|altsyncram:altsyncram_component|altsyncram_vkm1:auto_generated|ALTSYNCRAM ; AUTO ; Simple Dual Port ; Dual Clocks ; 2048         ; 16           ; 2048         ; 16           ; yes                    ; no                      ; yes                    ; yes                     ; 32768 ; 2048                        ; 16                          ; 2048                        ; 16                          ; 32768               ; 4    ; None ; M9K_X27_Y9_N0, M9K_X27_Y12_N0, M9K_X15_Y8_N0, M9K_X27_Y10_N0  ; Don't care           ; New data with NBE Read ; New data with NBE Read ; Off      ; No                     ; No - Unknown  ;
; RAM:ram_bank0|altsyncram:altsyncram_component|altsyncram_vkm1:auto_generated|ALTSYNCRAM  ; AUTO ; Simple Dual Port ; Dual Clocks ; 2048         ; 16           ; 2048         ; 16           ; yes                    ; no                      ; yes                    ; yes                     ; 32768 ; 2048                        ; 16                          ; 2048                        ; 16                          ; 32768               ; 4    ; None ; M9K_X15_Y9_N0, M9K_X15_Y12_N0, M9K_X15_Y10_N0, M9K_X27_Y11_N0 ; Don't care           ; New data with NBE Read ; New data with NBE Read ; Off      ; No                     ; No - Unknown  ;
+------------------------------------------------------------------------------------------+------+------------------+-------------+--------------+--------------+--------------+--------------+------------------------+-------------------------+------------------------+-------------------------+-------+-----------------------------+-----------------------------+-----------------------------+-----------------------------+---------------------+------+------+---------------------------------------------------------------+----------------------+------------------------+------------------------+----------+------------------------+---------------+
Note: Fitter may spread logical memories into multiple blocks to improve timing. The actual required RAM blocks can be found in the Fitter Resource Usage section.


+-----------------------------------------------------------------------------------------------+
; Fitter DSP Block Usage Summary                                                                ;
+---------------------------------------+-------------+---------------------+-------------------+
; Statistic                             ; Number Used ; Available per Block ; Maximum Available ;
+---------------------------------------+-------------+---------------------+-------------------+
; Simple Multipliers (9-bit)            ; 0           ; 2                   ; 30                ;
; Simple Multipliers (18-bit)           ; 5           ; 1                   ; 15                ;
; Embedded Multiplier Blocks            ; 5           ; --                  ; 15                ;
; Embedded Multiplier 9-bit elements    ; 10          ; 2                   ; 30                ;
; Signed Embedded Multipliers           ; 5           ; --                  ; --                ;
; Unsigned Embedded Multipliers         ; 0           ; --                  ; --                ;
; Mixed Sign Embedded Multipliers       ; 0           ; --                  ; --                ;
; Variable Sign Embedded Multipliers    ; 0           ; --                  ; --                ;
; Dedicated Input Shift Register Chains ; 0           ; --                  ; --                ;
+---------------------------------------+-------------+---------------------+-------------------+


+--------------------------------------------------------------------------------------------------------------------------------------------------------------------------------------------------------------------------------------------------------------------------------+
; DSP Block Details                                                                                                                                                                                                                                                              ;
+---------------------------------------------------------------------------------+----------------------------+--------------------+---------------------+--------------------------------+-----------------------+-----------------------+-------------------+-----------------+
; Name                                                                            ; Mode                       ; Location           ; Sign Representation ; Has Input Shift Register Chain ; Data A Input Register ; Data B Input Register ; Pipeline Register ; Output Register ;
+---------------------------------------------------------------------------------+----------------------------+--------------------+---------------------+--------------------------------+-----------------------+-----------------------+-------------------+-----------------+
; g_sos3_lowpass:lowpass_inst|lpm_mult:Mult0|mult_c6t:auto_generated|mac_out2     ; Simple Multiplier (18-bit) ; DSPOUT_X20_Y14_N2  ;                     ; No                             ;                       ;                       ;                   ; no              ;
;    g_sos3_lowpass:lowpass_inst|lpm_mult:Mult0|mult_c6t:auto_generated|mac_mult1 ;                            ; DSPMULT_X20_Y14_N0 ; Signed              ;                                ; yes                   ; yes                   ; no                ;                 ;
; g_sos3_lowpass:lowpass_inst|lpm_mult:Mult3|mult_c6t:auto_generated|mac_out2     ; Simple Multiplier (18-bit) ; DSPOUT_X20_Y11_N2  ;                     ; No                             ;                       ;                       ;                   ; no              ;
;    g_sos3_lowpass:lowpass_inst|lpm_mult:Mult3|mult_c6t:auto_generated|mac_mult1 ;                            ; DSPMULT_X20_Y11_N0 ; Signed              ;                                ; no                    ; yes                   ; no                ;                 ;
; g_sos3_lowpass:lowpass_inst|lpm_mult:Mult1|mult_c6t:auto_generated|mac_out2     ; Simple Multiplier (18-bit) ; DSPOUT_X20_Y12_N2  ;                     ; No                             ;                       ;                       ;                   ; no              ;
;    g_sos3_lowpass:lowpass_inst|lpm_mult:Mult1|mult_c6t:auto_generated|mac_mult1 ;                            ; DSPMULT_X20_Y12_N0 ; Signed              ;                                ; yes                   ; yes                   ; no                ;                 ;
; g_sos3_lowpass:lowpass_inst|lpm_mult:Mult4|mult_a6t:auto_generated|mac_out2     ; Simple Multiplier (18-bit) ; DSPOUT_X20_Y13_N2  ;                     ; No                             ;                       ;                       ;                   ; no              ;
;    g_sos3_lowpass:lowpass_inst|lpm_mult:Mult4|mult_a6t:auto_generated|mac_mult1 ;                            ; DSPMULT_X20_Y13_N0 ; Signed              ;                                ; no                    ; yes                   ; no                ;                 ;
; g_sos3_lowpass:lowpass_inst|lpm_mult:Mult2|mult_c6t:auto_generated|mac_out2     ; Simple Multiplier (18-bit) ; DSPOUT_X20_Y16_N2  ;                     ; No                             ;                       ;                       ;                   ; no              ;
;    g_sos3_lowpass:lowpass_inst|lpm_mult:Mult2|mult_c6t:auto_generated|mac_mult1 ;                            ; DSPMULT_X20_Y16_N0 ; Signed              ;                                ; yes                   ; yes                   ; no                ;                 ;
+---------------------------------------------------------------------------------+----------------------------+--------------------+---------------------+--------------------------------+-----------------------+-----------------------+-------------------+-----------------+


+------------------------------------------------+
; Routing Usage Summary                          ;
+-----------------------+------------------------+
; Routing Resource Type ; Usage                  ;
+-----------------------+------------------------+
; Block interconnects   ; 1,991 / 32,401 ( 6 % ) ;
; C16 interconnects     ; 4 / 1,326 ( < 1 % )    ;
; C4 interconnects      ; 946 / 21,816 ( 4 % )   ;
; Direct links          ; 414 / 32,401 ( 1 % )   ;
; Global clocks         ; 4 / 10 ( 40 % )        ;
; Local interconnects   ; 330 / 10,320 ( 3 % )   ;
; R24 interconnects     ; 24 / 1,289 ( 2 % )     ;
; R4 interconnects      ; 1,299 / 28,186 ( 5 % ) ;
+-----------------------+------------------------+


+-----------------------------------------------------------------------------+
; LAB Logic Elements                                                          ;
+---------------------------------------------+-------------------------------+
; Number of Logic Elements  (Average = 11.43) ; Number of LABs  (Total = 104) ;
+---------------------------------------------+-------------------------------+
; 1                                           ; 8                             ;
; 2                                           ; 3                             ;
; 3                                           ; 8                             ;
; 4                                           ; 3                             ;
; 5                                           ; 4                             ;
; 6                                           ; 2                             ;
; 7                                           ; 1                             ;
; 8                                           ; 2                             ;
; 9                                           ; 1                             ;
; 10                                          ; 0                             ;
; 11                                          ; 3                             ;
; 12                                          ; 10                            ;
; 13                                          ; 3                             ;
; 14                                          ; 4                             ;
; 15                                          ; 5                             ;
; 16                                          ; 47                            ;
+---------------------------------------------+-------------------------------+


+--------------------------------------------------------------------+
; LAB-wide Signals                                                   ;
+------------------------------------+-------------------------------+
; LAB-wide Signals  (Average = 2.65) ; Number of LABs  (Total = 104) ;
+------------------------------------+-------------------------------+
; 1 Async. clear                     ; 92                            ;
; 1 Clock                            ; 92                            ;
; 1 Clock enable                     ; 42                            ;
; 1 Sync. clear                      ; 1                             ;
; 1 Sync. load                       ; 15                            ;
; 2 Clock enables                    ; 34                            ;
+------------------------------------+-------------------------------+


+------------------------------------------------------------------------------+
; LAB Signals Sourced                                                          ;
+----------------------------------------------+-------------------------------+
; Number of Signals Sourced  (Average = 19.15) ; Number of LABs  (Total = 104) ;
+----------------------------------------------+-------------------------------+
; 0                                            ; 0                             ;
; 1                                            ; 3                             ;
; 2                                            ; 5                             ;
; 3                                            ; 2                             ;
; 4                                            ; 3                             ;
; 5                                            ; 3                             ;
; 6                                            ; 6                             ;
; 7                                            ; 2                             ;
; 8                                            ; 1                             ;
; 9                                            ; 2                             ;
; 10                                           ; 3                             ;
; 11                                           ; 1                             ;
; 12                                           ; 4                             ;
; 13                                           ; 2                             ;
; 14                                           ; 2                             ;
; 15                                           ; 2                             ;
; 16                                           ; 2                             ;
; 17                                           ; 3                             ;
; 18                                           ; 1                             ;
; 19                                           ; 1                             ;
; 20                                           ; 3                             ;
; 21                                           ; 1                             ;
; 22                                           ; 2                             ;
; 23                                           ; 2                             ;
; 24                                           ; 9                             ;
; 25                                           ; 3                             ;
; 26                                           ; 1                             ;
; 27                                           ; 1                             ;
; 28                                           ; 2                             ;
; 29                                           ; 2                             ;
; 30                                           ; 4                             ;
; 31                                           ; 4                             ;
; 32                                           ; 22                            ;
+----------------------------------------------+-------------------------------+


+----------------------------------------------------------------------------------+
; LAB Signals Sourced Out                                                          ;
+--------------------------------------------------+-------------------------------+
; Number of Signals Sourced Out  (Average = 10.12) ; Number of LABs  (Total = 104) ;
+--------------------------------------------------+-------------------------------+
; 0                                                ; 0                             ;
; 1                                                ; 9                             ;
; 2                                                ; 3                             ;
; 3                                                ; 10                            ;
; 4                                                ; 7                             ;
; 5                                                ; 3                             ;
; 6                                                ; 5                             ;
; 7                                                ; 3                             ;
; 8                                                ; 3                             ;
; 9                                                ; 6                             ;
; 10                                               ; 3                             ;
; 11                                               ; 3                             ;
; 12                                               ; 18                            ;
; 13                                               ; 6                             ;
; 14                                               ; 2                             ;
; 15                                               ; 3                             ;
; 16                                               ; 8                             ;
; 17                                               ; 4                             ;
; 18                                               ; 0                             ;
; 19                                               ; 1                             ;
; 20                                               ; 1                             ;
; 21                                               ; 0                             ;
; 22                                               ; 1                             ;
; 23                                               ; 0                             ;
; 24                                               ; 0                             ;
; 25                                               ; 0                             ;
; 26                                               ; 0                             ;
; 27                                               ; 0                             ;
; 28                                               ; 3                             ;
; 29                                               ; 0                             ;
; 30                                               ; 0                             ;
; 31                                               ; 0                             ;
; 32                                               ; 2                             ;
+--------------------------------------------------+-------------------------------+


+------------------------------------------------------------------------------+
; LAB Distinct Inputs                                                          ;
+----------------------------------------------+-------------------------------+
; Number of Distinct Inputs  (Average = 16.83) ; Number of LABs  (Total = 104) ;
+----------------------------------------------+-------------------------------+
; 0                                            ; 0                             ;
; 1                                            ; 0                             ;
; 2                                            ; 0                             ;
; 3                                            ; 4                             ;
; 4                                            ; 8                             ;
; 5                                            ; 3                             ;
; 6                                            ; 6                             ;
; 7                                            ; 6                             ;
; 8                                            ; 2                             ;
; 9                                            ; 1                             ;
; 10                                           ; 0                             ;
; 11                                           ; 2                             ;
; 12                                           ; 6                             ;
; 13                                           ; 6                             ;
; 14                                           ; 6                             ;
; 15                                           ; 7                             ;
; 16                                           ; 4                             ;
; 17                                           ; 2                             ;
; 18                                           ; 1                             ;
; 19                                           ; 2                             ;
; 20                                           ; 1                             ;
; 21                                           ; 1                             ;
; 22                                           ; 1                             ;
; 23                                           ; 5                             ;
; 24                                           ; 5                             ;
; 25                                           ; 3                             ;
; 26                                           ; 0                             ;
; 27                                           ; 3                             ;
; 28                                           ; 3                             ;
; 29                                           ; 3                             ;
; 30                                           ; 1                             ;
; 31                                           ; 2                             ;
; 32                                           ; 1                             ;
; 33                                           ; 0                             ;
; 34                                           ; 2                             ;
; 35                                           ; 1                             ;
; 36                                           ; 3                             ;
; 37                                           ; 2                             ;
; 38                                           ; 0                             ;
; 39                                           ; 1                             ;
+----------------------------------------------+-------------------------------+


+------------------------------------------+
; I/O Rules Summary                        ;
+----------------------------------+-------+
; I/O Rules Statistic              ; Total ;
+----------------------------------+-------+
; Total I/O Rules                  ; 30    ;
; Number of I/O Rules Passed       ; 9     ;
; Number of I/O Rules Failed       ; 0     ;
; Number of I/O Rules Unchecked    ; 0     ;
; Number of I/O Rules Inapplicable ; 21    ;
+----------------------------------+-------+


+--------------------------------------------------------------------------------------------------------------------------------------------------------------------------------------------------------------------------------------------------------------------------------------+
; I/O Rules Details                                                                                                                                                                                                                                                                    ;
+--------------+-----------+-----------------------------------+------------------------------------------------------------------------------------------------------+----------+--------------------------------------------------------------------------+------+-------------------+
; Status       ; ID        ; Category                          ; Rule Description                                                                                     ; Severity ; Information                                                              ; Area ; Extra Information ;
+--------------+-----------+-----------------------------------+------------------------------------------------------------------------------------------------------+----------+--------------------------------------------------------------------------+------+-------------------+
; Pass         ; IO_000001 ; Capacity Checks                   ; Number of pins in an I/O bank should not exceed the number of locations available.                   ; Critical ; 0 such failures found.                                                   ; I/O  ;                   ;
; Inapplicable ; IO_000002 ; Capacity Checks                   ; Number of clocks in an I/O bank should not exceed the number of clocks available.                    ; Critical ; No Global Signal assignments found.                                      ; I/O  ;                   ;
; Pass         ; IO_000003 ; Capacity Checks                   ; Number of pins in a Vrefgroup should not exceed the number of locations available.                   ; Critical ; 0 such failures found.                                                   ; I/O  ;                   ;
; Inapplicable ; IO_000004 ; Voltage Compatibility Checks      ; The I/O bank should support the requested VCCIO.                                                     ; Critical ; No IOBANK_VCCIO assignments found.                                       ; I/O  ;                   ;
; Inapplicable ; IO_000005 ; Voltage Compatibility Checks      ; The I/O bank should not have competing VREF values.                                                  ; Critical ; No VREF I/O Standard assignments found.                                  ; I/O  ;                   ;
; Pass         ; IO_000006 ; Voltage Compatibility Checks      ; The I/O bank should not have competing VCCIO values.                                                 ; Critical ; 0 such failures found.                                                   ; I/O  ;                   ;
; Pass         ; IO_000007 ; Valid Location Checks             ; Checks for unavailable locations.                                                                    ; Critical ; 0 such failures found.                                                   ; I/O  ;                   ;
; Inapplicable ; IO_000008 ; Valid Location Checks             ; Checks for reserved locations.                                                                       ; Critical ; No reserved LogicLock region found.                                      ; I/O  ;                   ;
; Pass         ; IO_000009 ; I/O Properties Checks for One I/O ; The location should support the requested I/O standard.                                              ; Critical ; 0 such failures found.                                                   ; I/O  ;                   ;
; Pass         ; IO_000010 ; I/O Properties Checks for One I/O ; The location should support the requested I/O direction.                                             ; Critical ; 0 such failures found.                                                   ; I/O  ;                   ;
; Inapplicable ; IO_000011 ; I/O Properties Checks for One I/O ; The location should support the requested Current Strength.                                          ; Critical ; No Current Strength assignments found.                                   ; I/O  ;                   ;
; Inapplicable ; IO_000012 ; I/O Properties Checks for One I/O ; The location should support the requested On Chip Termination value.                                 ; Critical ; No Termination assignments found.                                        ; I/O  ;                   ;
; Inapplicable ; IO_000013 ; I/O Properties Checks for One I/O ; The location should support the requested Bus Hold value.                                            ; Critical ; No Enable Bus-Hold Circuitry assignments found.                          ; I/O  ;                   ;
; Inapplicable ; IO_000014 ; I/O Properties Checks for One I/O ; The location should support the requested Weak Pull Up value.                                        ; Critical ; No Weak Pull-Up Resistor assignments found.                              ; I/O  ;                   ;
; Pass         ; IO_000015 ; I/O Properties Checks for One I/O ; The location should support the requested PCI Clamp Diode.                                           ; Critical ; 0 such failures found.                                                   ; I/O  ;                   ;
; Inapplicable ; IO_000018 ; I/O Properties Checks for One I/O ; The I/O standard should support the requested Current Strength.                                      ; Critical ; No Current Strength assignments found.                                   ; I/O  ;                   ;
; Inapplicable ; IO_000019 ; I/O Properties Checks for One I/O ; The I/O standard should support the requested On Chip Termination value.                             ; Critical ; No Termination assignments found.                                        ; I/O  ;                   ;
; Pass         ; IO_000020 ; I/O Properties Checks for One I/O ; The I/O standard should support the requested PCI Clamp Diode.                                       ; Critical ; 0 such failures found.                                                   ; I/O  ;                   ;
; Inapplicable ; IO_000021 ; I/O Properties Checks for One I/O ; The I/O standard should support the requested Weak Pull Up value.                                    ; Critical ; No Weak Pull-Up Resistor assignments found.                              ; I/O  ;                   ;
; Inapplicable ; IO_000022 ; I/O Properties Checks for One I/O ; The I/O standard should support the requested Bus Hold value.                                        ; Critical ; No Enable Bus-Hold Circuitry assignments found.                          ; I/O  ;                   ;
; Inapplicable ; IO_000023 ; I/O Properties Checks for One I/O ; The I/O standard should support the Open Drain value.                                                ; Critical ; No open drain assignments found.                                         ; I/O  ;                   ;
; Inapplicable ; IO_000024 ; I/O Properties Checks for One I/O ; The I/O direction should support the On Chip Termination value.                                      ; Critical ; No Termination assignments found.                                        ; I/O  ;                   ;
; Inapplicable ; IO_000026 ; I/O Properties Checks for One I/O ; On Chip Termination and Current Strength should not be used at the same time.                        ; Critical ; No Current Strength or Termination assignments found.                    ; I/O  ;                   ;
; Inapplicable ; IO_000027 ; I/O Properties Checks for One I/O ; Weak Pull Up and Bus Hold should not be used at the same time.                                       ; Critical ; No Enable Bus-Hold Circuitry or Weak Pull-Up Resistor assignments found. ; I/O  ;                   ;
; Inapplicable ; IO_000045 ; I/O Properties Checks for One I/O ; The I/O standard should support the requested Slew Rate value.                                       ; Critical ; No Slew Rate assignments found.                                          ; I/O  ;                   ;
; Inapplicable ; IO_000046 ; I/O Properties Checks for One I/O ; The location should support the requested Slew Rate value.                                           ; Critical ; No Slew Rate assignments found.                                          ; I/O  ;                   ;
; Inapplicable ; IO_000047 ; I/O Properties Checks for One I/O ; On Chip Termination and Slew Rate should not be used at the same time.                               ; Critical ; No Slew Rate assignments found.                                          ; I/O  ;                   ;
; Pass         ; IO_000033 ; Electromigration Checks           ; Current density for consecutive I/Os should not exceed 240mA for row I/Os and 240mA for column I/Os. ; Critical ; 0 such failures found.                                                   ; I/O  ;                   ;
; Inapplicable ; IO_000034 ; SI Related Distance Checks        ; Single-ended outputs should be 5 LAB row(s) away from a differential I/O.                            ; High     ; No Differential I/O Standard assignments found.                          ; I/O  ;                   ;
; Inapplicable ; IO_000042 ; SI Related SSO Limit Checks       ; No more than 20 outputs are allowed in a VREF group when VREF is being read from.                    ; High     ; No VREF I/O Standard assignments found.                                  ; I/O  ;                   ;
+--------------+-----------+-----------------------------------+------------------------------------------------------------------------------------------------------+----------+--------------------------------------------------------------------------+------+-------------------+


+-----------------------------------------------------------------------------------------------------------------------------------------------------------------------------------------------------------------------------------------------------------------------------------------------------------------------------------------------------------------------------------------------------------------------------------------------------------------+
; I/O Rules Matrix                                                                                                                                                                                                                                                                                                                                                                                                                                                ;
+--------------------+-----------+--------------+-----------+--------------+--------------+-----------+-----------+--------------+-----------+-----------+--------------+--------------+--------------+--------------+--------------+--------------+--------------+--------------+--------------+--------------+--------------+--------------+--------------+--------------+--------------+--------------+--------------+-----------+--------------+--------------+
; Pin/Rules          ; IO_000001 ; IO_000002    ; IO_000003 ; IO_000004    ; IO_000005    ; IO_000006 ; IO_000007 ; IO_000008    ; IO_000009 ; IO_000010 ; IO_000011    ; IO_000012    ; IO_000013    ; IO_000014    ; IO_000015    ; IO_000018    ; IO_000019    ; IO_000020    ; IO_000021    ; IO_000022    ; IO_000023    ; IO_000024    ; IO_000026    ; IO_000027    ; IO_000045    ; IO_000046    ; IO_000047    ; IO_000033 ; IO_000034    ; IO_000042    ;
+--------------------+-----------+--------------+-----------+--------------+--------------+-----------+-----------+--------------+-----------+-----------+--------------+--------------+--------------+--------------+--------------+--------------+--------------+--------------+--------------+--------------+--------------+--------------+--------------+--------------+--------------+--------------+--------------+-----------+--------------+--------------+
; Total Pass         ; 64        ; 0            ; 64        ; 0            ; 0            ; 64        ; 64        ; 0            ; 64        ; 64        ; 0            ; 0            ; 0            ; 0            ; 29           ; 0            ; 0            ; 29           ; 0            ; 0            ; 0            ; 0            ; 0            ; 0            ; 0            ; 0            ; 0            ; 64        ; 0            ; 0            ;
; Total Unchecked    ; 0         ; 0            ; 0         ; 0            ; 0            ; 0         ; 0         ; 0            ; 0         ; 0         ; 0            ; 0            ; 0            ; 0            ; 0            ; 0            ; 0            ; 0            ; 0            ; 0            ; 0            ; 0            ; 0            ; 0            ; 0            ; 0            ; 0            ; 0         ; 0            ; 0            ;
; Total Inapplicable ; 0         ; 64           ; 0         ; 64           ; 64           ; 0         ; 0         ; 64           ; 0         ; 0         ; 64           ; 64           ; 64           ; 64           ; 35           ; 64           ; 64           ; 35           ; 64           ; 64           ; 64           ; 64           ; 64           ; 64           ; 64           ; 64           ; 64           ; 0         ; 64           ; 64           ;
; Total Fail         ; 0         ; 0            ; 0         ; 0            ; 0            ; 0         ; 0         ; 0            ; 0         ; 0         ; 0            ; 0            ; 0            ; 0            ; 0            ; 0            ; 0            ; 0            ; 0            ; 0            ; 0            ; 0            ; 0            ; 0            ; 0            ; 0            ; 0            ; 0         ; 0            ; 0            ;
; ad2_in[0]          ; Pass      ; Inapplicable ; Pass      ; Inapplicable ; Inapplicable ; Pass      ; Pass      ; Inapplicable ; Pass      ; Pass      ; Inapplicable ; Inapplicable ; Inapplicable ; Inapplicable ; Pass         ; Inapplicable ; Inapplicable ; Pass         ; Inapplicable ; Inapplicable ; Inapplicable ; Inapplicable ; Inapplicable ; Inapplicable ; Inapplicable ; Inapplicable ; Inapplicable ; Pass      ; Inapplicable ; Inapplicable ;
; ad2_in[1]          ; Pass      ; Inapplicable ; Pass      ; Inapplicable ; Inapplicable ; Pass      ; Pass      ; Inapplicable ; Pass      ; Pass      ; Inapplicable ; Inapplicable ; Inapplicable ; Inapplicable ; Pass         ; Inapplicable ; Inapplicable ; Pass         ; Inapplicable ; Inapplicable ; Inapplicable ; Inapplicable ; Inapplicable ; Inapplicable ; Inapplicable ; Inapplicable ; Inapplicable ; Pass      ; Inapplicable ; Inapplicable ;
; ad2_in[2]          ; Pass      ; Inapplicable ; Pass      ; Inapplicable ; Inapplicable ; Pass      ; Pass      ; Inapplicable ; Pass      ; Pass      ; Inapplicable ; Inapplicable ; Inapplicable ; Inapplicable ; Pass         ; Inapplicable ; Inapplicable ; Pass         ; Inapplicable ; Inapplicable ; Inapplicable ; Inapplicable ; Inapplicable ; Inapplicable ; Inapplicable ; Inapplicable ; Inapplicable ; Pass      ; Inapplicable ; Inapplicable ;
; ad2_in[3]          ; Pass      ; Inapplicable ; Pass      ; Inapplicable ; Inapplicable ; Pass      ; Pass      ; Inapplicable ; Pass      ; Pass      ; Inapplicable ; Inapplicable ; Inapplicable ; Inapplicable ; Pass         ; Inapplicable ; Inapplicable ; Pass         ; Inapplicable ; Inapplicable ; Inapplicable ; Inapplicable ; Inapplicable ; Inapplicable ; Inapplicable ; Inapplicable ; Inapplicable ; Pass      ; Inapplicable ; Inapplicable ;
; ad2_in[4]          ; Pass      ; Inapplicable ; Pass      ; Inapplicable ; Inapplicable ; Pass      ; Pass      ; Inapplicable ; Pass      ; Pass      ; Inapplicable ; Inapplicable ; Inapplicable ; Inapplicable ; Pass         ; Inapplicable ; Inapplicable ; Pass         ; Inapplicable ; Inapplicable ; Inapplicable ; Inapplicable ; Inapplicable ; Inapplicable ; Inapplicable ; Inapplicable ; Inapplicable ; Pass      ; Inapplicable ; Inapplicable ;
; ad2_in[5]          ; Pass      ; Inapplicable ; Pass      ; Inapplicable ; Inapplicable ; Pass      ; Pass      ; Inapplicable ; Pass      ; Pass      ; Inapplicable ; Inapplicable ; Inapplicable ; Inapplicable ; Pass         ; Inapplicable ; Inapplicable ; Pass         ; Inapplicable ; Inapplicable ; Inapplicable ; Inapplicable ; Inapplicable ; Inapplicable ; Inapplicable ; Inapplicable ; Inapplicable ; Pass      ; Inapplicable ; Inapplicable ;
; ad2_in[6]          ; Pass      ; Inapplicable ; Pass      ; Inapplicable ; Inapplicable ; Pass      ; Pass      ; Inapplicable ; Pass      ; Pass      ; Inapplicable ; Inapplicable ; Inapplicable ; Inapplicable ; Pass         ; Inapplicable ; Inapplicable ; Pass         ; Inapplicable ; Inapplicable ; Inapplicable ; Inapplicable ; Inapplicable ; Inapplicable ; Inapplicable ; Inapplicable ; Inapplicable ; Pass      ; Inapplicable ; Inapplicable ;
; ad2_in[7]          ; Pass      ; Inapplicable ; Pass      ; Inapplicable ; Inapplicable ; Pass      ; Pass      ; Inapplicable ; Pass      ; Pass      ; Inapplicable ; Inapplicable ; Inapplicable ; Inapplicable ; Pass         ; Inapplicable ; Inapplicable ; Pass         ; Inapplicable ; Inapplicable ; Inapplicable ; Inapplicable ; Inapplicable ; Inapplicable ; Inapplicable ; Inapplicable ; Inapplicable ; Pass      ; Inapplicable ; Inapplicable ;
; ad2_in[8]          ; Pass      ; Inapplicable ; Pass      ; Inapplicable ; Inapplicable ; Pass      ; Pass      ; Inapplicable ; Pass      ; Pass      ; Inapplicable ; Inapplicable ; Inapplicable ; Inapplicable ; Pass         ; Inapplicable ; Inapplicable ; Pass         ; Inapplicable ; Inapplicable ; Inapplicable ; Inapplicable ; Inapplicable ; Inapplicable ; Inapplicable ; Inapplicable ; Inapplicable ; Pass      ; Inapplicable ; Inapplicable ;
; ad2_in[9]          ; Pass      ; Inapplicable ; Pass      ; Inapplicable ; Inapplicable ; Pass      ; Pass      ; Inapplicable ; Pass      ; Pass      ; Inapplicable ; Inapplicable ; Inapplicable ; Inapplicable ; Pass         ; Inapplicable ; Inapplicable ; Pass         ; Inapplicable ; Inapplicable ; Inapplicable ; Inapplicable ; Inapplicable ; Inapplicable ; Inapplicable ; Inapplicable ; Inapplicable ; Pass      ; Inapplicable ; Inapplicable ;
; ad2_in[10]         ; Pass      ; Inapplicable ; Pass      ; Inapplicable ; Inapplicable ; Pass      ; Pass      ; Inapplicable ; Pass      ; Pass      ; Inapplicable ; Inapplicable ; Inapplicable ; Inapplicable ; Pass         ; Inapplicable ; Inapplicable ; Pass         ; Inapplicable ; Inapplicable ; Inapplicable ; Inapplicable ; Inapplicable ; Inapplicable ; Inapplicable ; Inapplicable ; Inapplicable ; Pass      ; Inapplicable ; Inapplicable ;
; ad2_in[11]         ; Pass      ; Inapplicable ; Pass      ; Inapplicable ; Inapplicable ; Pass      ; Pass      ; Inapplicable ; Pass      ; Pass      ; Inapplicable ; Inapplicable ; Inapplicable ; Inapplicable ; Pass         ; Inapplicable ; Inapplicable ; Pass         ; Inapplicable ; Inapplicable ; Inapplicable ; Inapplicable ; Inapplicable ; Inapplicable ; Inapplicable ; Inapplicable ; Inapplicable ; Pass      ; Inapplicable ; Inapplicable ;
; ad1_clk            ; Pass      ; Inapplicable ; Pass      ; Inapplicable ; Inapplicable ; Pass      ; Pass      ; Inapplicable ; Pass      ; Pass      ; Inapplicable ; Inapplicable ; Inapplicable ; Inapplicable ; Inapplicable ; Inapplicable ; Inapplicable ; Inapplicable ; Inapplicable ; Inapplicable ; Inapplicable ; Inapplicable ; Inapplicable ; Inapplicable ; Inapplicable ; Inapplicable ; Inapplicable ; Pass      ; Inapplicable ; Inapplicable ;
; ad2_clk            ; Pass      ; Inapplicable ; Pass      ; Inapplicable ; Inapplicable ; Pass      ; Pass      ; Inapplicable ; Pass      ; Pass      ; Inapplicable ; Inapplicable ; Inapplicable ; Inapplicable ; Inapplicable ; Inapplicable ; Inapplicable ; Inapplicable ; Inapplicable ; Inapplicable ; Inapplicable ; Inapplicable ; Inapplicable ; Inapplicable ; Inapplicable ; Inapplicable ; Inapplicable ; Pass      ; Inapplicable ; Inapplicable ;
; dac_dataA[0]       ; Pass      ; Inapplicable ; Pass      ; Inapplicable ; Inapplicable ; Pass      ; Pass      ; Inapplicable ; Pass      ; Pass      ; Inapplicable ; Inapplicable ; Inapplicable ; Inapplicable ; Inapplicable ; Inapplicable ; Inapplicable ; Inapplicable ; Inapplicable ; Inapplicable ; Inapplicable ; Inapplicable ; Inapplicable ; Inapplicable ; Inapplicable ; Inapplicable ; Inapplicable ; Pass      ; Inapplicable ; Inapplicable ;
; dac_dataA[1]       ; Pass      ; Inapplicable ; Pass      ; Inapplicable ; Inapplicable ; Pass      ; Pass      ; Inapplicable ; Pass      ; Pass      ; Inapplicable ; Inapplicable ; Inapplicable ; Inapplicable ; Inapplicable ; Inapplicable ; Inapplicable ; Inapplicable ; Inapplicable ; Inapplicable ; Inapplicable ; Inapplicable ; Inapplicable ; Inapplicable ; Inapplicable ; Inapplicable ; Inapplicable ; Pass      ; Inapplicable ; Inapplicable ;
; dac_dataA[2]       ; Pass      ; Inapplicable ; Pass      ; Inapplicable ; Inapplicable ; Pass      ; Pass      ; Inapplicable ; Pass      ; Pass      ; Inapplicable ; Inapplicable ; Inapplicable ; Inapplicable ; Inapplicable ; Inapplicable ; Inapplicable ; Inapplicable ; Inapplicable ; Inapplicable ; Inapplicable ; Inapplicable ; Inapplicable ; Inapplicable ; Inapplicable ; Inapplicable ; Inapplicable ; Pass      ; Inapplicable ; Inapplicable ;
; dac_dataA[3]       ; Pass      ; Inapplicable ; Pass      ; Inapplicable ; Inapplicable ; Pass      ; Pass      ; Inapplicable ; Pass      ; Pass      ; Inapplicable ; Inapplicable ; Inapplicable ; Inapplicable ; Inapplicable ; Inapplicable ; Inapplicable ; Inapplicable ; Inapplicable ; Inapplicable ; Inapplicable ; Inapplicable ; Inapplicable ; Inapplicable ; Inapplicable ; Inapplicable ; Inapplicable ; Pass      ; Inapplicable ; Inapplicable ;
; dac_dataA[4]       ; Pass      ; Inapplicable ; Pass      ; Inapplicable ; Inapplicable ; Pass      ; Pass      ; Inapplicable ; Pass      ; Pass      ; Inapplicable ; Inapplicable ; Inapplicable ; Inapplicable ; Inapplicable ; Inapplicable ; Inapplicable ; Inapplicable ; Inapplicable ; Inapplicable ; Inapplicable ; Inapplicable ; Inapplicable ; Inapplicable ; Inapplicable ; Inapplicable ; Inapplicable ; Pass      ; Inapplicable ; Inapplicable ;
; dac_dataA[5]       ; Pass      ; Inapplicable ; Pass      ; Inapplicable ; Inapplicable ; Pass      ; Pass      ; Inapplicable ; Pass      ; Pass      ; Inapplicable ; Inapplicable ; Inapplicable ; Inapplicable ; Inapplicable ; Inapplicable ; Inapplicable ; Inapplicable ; Inapplicable ; Inapplicable ; Inapplicable ; Inapplicable ; Inapplicable ; Inapplicable ; Inapplicable ; Inapplicable ; Inapplicable ; Pass      ; Inapplicable ; Inapplicable ;
; dac_dataA[6]       ; Pass      ; Inapplicable ; Pass      ; Inapplicable ; Inapplicable ; Pass      ; Pass      ; Inapplicable ; Pass      ; Pass      ; Inapplicable ; Inapplicable ; Inapplicable ; Inapplicable ; Inapplicable ; Inapplicable ; Inapplicable ; Inapplicable ; Inapplicable ; Inapplicable ; Inapplicable ; Inapplicable ; Inapplicable ; Inapplicable ; Inapplicable ; Inapplicable ; Inapplicable ; Pass      ; Inapplicable ; Inapplicable ;
; dac_dataA[7]       ; Pass      ; Inapplicable ; Pass      ; Inapplicable ; Inapplicable ; Pass      ; Pass      ; Inapplicable ; Pass      ; Pass      ; Inapplicable ; Inapplicable ; Inapplicable ; Inapplicable ; Inapplicable ; Inapplicable ; Inapplicable ; Inapplicable ; Inapplicable ; Inapplicable ; Inapplicable ; Inapplicable ; Inapplicable ; Inapplicable ; Inapplicable ; Inapplicable ; Inapplicable ; Pass      ; Inapplicable ; Inapplicable ;
; dac_dataA[8]       ; Pass      ; Inapplicable ; Pass      ; Inapplicable ; Inapplicable ; Pass      ; Pass      ; Inapplicable ; Pass      ; Pass      ; Inapplicable ; Inapplicable ; Inapplicable ; Inapplicable ; Inapplicable ; Inapplicable ; Inapplicable ; Inapplicable ; Inapplicable ; Inapplicable ; Inapplicable ; Inapplicable ; Inapplicable ; Inapplicable ; Inapplicable ; Inapplicable ; Inapplicable ; Pass      ; Inapplicable ; Inapplicable ;
; dac_dataA[9]       ; Pass      ; Inapplicable ; Pass      ; Inapplicable ; Inapplicable ; Pass      ; Pass      ; Inapplicable ; Pass      ; Pass      ; Inapplicable ; Inapplicable ; Inapplicable ; Inapplicable ; Inapplicable ; Inapplicable ; Inapplicable ; Inapplicable ; Inapplicable ; Inapplicable ; Inapplicable ; Inapplicable ; Inapplicable ; Inapplicable ; Inapplicable ; Inapplicable ; Inapplicable ; Pass      ; Inapplicable ; Inapplicable ;
; dac_dataA[10]      ; Pass      ; Inapplicable ; Pass      ; Inapplicable ; Inapplicable ; Pass      ; Pass      ; Inapplicable ; Pass      ; Pass      ; Inapplicable ; Inapplicable ; Inapplicable ; Inapplicable ; Inapplicable ; Inapplicable ; Inapplicable ; Inapplicable ; Inapplicable ; Inapplicable ; Inapplicable ; Inapplicable ; Inapplicable ; Inapplicable ; Inapplicable ; Inapplicable ; Inapplicable ; Pass      ; Inapplicable ; Inapplicable ;
; dac_dataA[11]      ; Pass      ; Inapplicable ; Pass      ; Inapplicable ; Inapplicable ; Pass      ; Pass      ; Inapplicable ; Pass      ; Pass      ; Inapplicable ; Inapplicable ; Inapplicable ; Inapplicable ; Inapplicable ; Inapplicable ; Inapplicable ; Inapplicable ; Inapplicable ; Inapplicable ; Inapplicable ; Inapplicable ; Inapplicable ; Inapplicable ; Inapplicable ; Inapplicable ; Inapplicable ; Pass      ; Inapplicable ; Inapplicable ;
; dac_dataA[12]      ; Pass      ; Inapplicable ; Pass      ; Inapplicable ; Inapplicable ; Pass      ; Pass      ; Inapplicable ; Pass      ; Pass      ; Inapplicable ; Inapplicable ; Inapplicable ; Inapplicable ; Inapplicable ; Inapplicable ; Inapplicable ; Inapplicable ; Inapplicable ; Inapplicable ; Inapplicable ; Inapplicable ; Inapplicable ; Inapplicable ; Inapplicable ; Inapplicable ; Inapplicable ; Pass      ; Inapplicable ; Inapplicable ;
; dac_dataA[13]      ; Pass      ; Inapplicable ; Pass      ; Inapplicable ; Inapplicable ; Pass      ; Pass      ; Inapplicable ; Pass      ; Pass      ; Inapplicable ; Inapplicable ; Inapplicable ; Inapplicable ; Inapplicable ; Inapplicable ; Inapplicable ; Inapplicable ; Inapplicable ; Inapplicable ; Inapplicable ; Inapplicable ; Inapplicable ; Inapplicable ; Inapplicable ; Inapplicable ; Inapplicable ; Pass      ; Inapplicable ; Inapplicable ;
; dac_clkA           ; Pass      ; Inapplicable ; Pass      ; Inapplicable ; Inapplicable ; Pass      ; Pass      ; Inapplicable ; Pass      ; Pass      ; Inapplicable ; Inapplicable ; Inapplicable ; Inapplicable ; Inapplicable ; Inapplicable ; Inapplicable ; Inapplicable ; Inapplicable ; Inapplicable ; Inapplicable ; Inapplicable ; Inapplicable ; Inapplicable ; Inapplicable ; Inapplicable ; Inapplicable ; Pass      ; Inapplicable ; Inapplicable ;
; dac_wrtA           ; Pass      ; Inapplicable ; Pass      ; Inapplicable ; Inapplicable ; Pass      ; Pass      ; Inapplicable ; Pass      ; Pass      ; Inapplicable ; Inapplicable ; Inapplicable ; Inapplicable ; Inapplicable ; Inapplicable ; Inapplicable ; Inapplicable ; Inapplicable ; Inapplicable ; Inapplicable ; Inapplicable ; Inapplicable ; Inapplicable ; Inapplicable ; Inapplicable ; Inapplicable ; Pass      ; Inapplicable ; Inapplicable ;
; dac_dataB[0]       ; Pass      ; Inapplicable ; Pass      ; Inapplicable ; Inapplicable ; Pass      ; Pass      ; Inapplicable ; Pass      ; Pass      ; Inapplicable ; Inapplicable ; Inapplicable ; Inapplicable ; Inapplicable ; Inapplicable ; Inapplicable ; Inapplicable ; Inapplicable ; Inapplicable ; Inapplicable ; Inapplicable ; Inapplicable ; Inapplicable ; Inapplicable ; Inapplicable ; Inapplicable ; Pass      ; Inapplicable ; Inapplicable ;
; dac_dataB[1]       ; Pass      ; Inapplicable ; Pass      ; Inapplicable ; Inapplicable ; Pass      ; Pass      ; Inapplicable ; Pass      ; Pass      ; Inapplicable ; Inapplicable ; Inapplicable ; Inapplicable ; Inapplicable ; Inapplicable ; Inapplicable ; Inapplicable ; Inapplicable ; Inapplicable ; Inapplicable ; Inapplicable ; Inapplicable ; Inapplicable ; Inapplicable ; Inapplicable ; Inapplicable ; Pass      ; Inapplicable ; Inapplicable ;
; dac_dataB[2]       ; Pass      ; Inapplicable ; Pass      ; Inapplicable ; Inapplicable ; Pass      ; Pass      ; Inapplicable ; Pass      ; Pass      ; Inapplicable ; Inapplicable ; Inapplicable ; Inapplicable ; Inapplicable ; Inapplicable ; Inapplicable ; Inapplicable ; Inapplicable ; Inapplicable ; Inapplicable ; Inapplicable ; Inapplicable ; Inapplicable ; Inapplicable ; Inapplicable ; Inapplicable ; Pass      ; Inapplicable ; Inapplicable ;
; dac_dataB[3]       ; Pass      ; Inapplicable ; Pass      ; Inapplicable ; Inapplicable ; Pass      ; Pass      ; Inapplicable ; Pass      ; Pass      ; Inapplicable ; Inapplicable ; Inapplicable ; Inapplicable ; Inapplicable ; Inapplicable ; Inapplicable ; Inapplicable ; Inapplicable ; Inapplicable ; Inapplicable ; Inapplicable ; Inapplicable ; Inapplicable ; Inapplicable ; Inapplicable ; Inapplicable ; Pass      ; Inapplicable ; Inapplicable ;
; dac_dataB[4]       ; Pass      ; Inapplicable ; Pass      ; Inapplicable ; Inapplicable ; Pass      ; Pass      ; Inapplicable ; Pass      ; Pass      ; Inapplicable ; Inapplicable ; Inapplicable ; Inapplicable ; Inapplicable ; Inapplicable ; Inapplicable ; Inapplicable ; Inapplicable ; Inapplicable ; Inapplicable ; Inapplicable ; Inapplicable ; Inapplicable ; Inapplicable ; Inapplicable ; Inapplicable ; Pass      ; Inapplicable ; Inapplicable ;
; dac_dataB[5]       ; Pass      ; Inapplicable ; Pass      ; Inapplicable ; Inapplicable ; Pass      ; Pass      ; Inapplicable ; Pass      ; Pass      ; Inapplicable ; Inapplicable ; Inapplicable ; Inapplicable ; Inapplicable ; Inapplicable ; Inapplicable ; Inapplicable ; Inapplicable ; Inapplicable ; Inapplicable ; Inapplicable ; Inapplicable ; Inapplicable ; Inapplicable ; Inapplicable ; Inapplicable ; Pass      ; Inapplicable ; Inapplicable ;
; dac_dataB[6]       ; Pass      ; Inapplicable ; Pass      ; Inapplicable ; Inapplicable ; Pass      ; Pass      ; Inapplicable ; Pass      ; Pass      ; Inapplicable ; Inapplicable ; Inapplicable ; Inapplicable ; Inapplicable ; Inapplicable ; Inapplicable ; Inapplicable ; Inapplicable ; Inapplicable ; Inapplicable ; Inapplicable ; Inapplicable ; Inapplicable ; Inapplicable ; Inapplicable ; Inapplicable ; Pass      ; Inapplicable ; Inapplicable ;
; dac_dataB[7]       ; Pass      ; Inapplicable ; Pass      ; Inapplicable ; Inapplicable ; Pass      ; Pass      ; Inapplicable ; Pass      ; Pass      ; Inapplicable ; Inapplicable ; Inapplicable ; Inapplicable ; Inapplicable ; Inapplicable ; Inapplicable ; Inapplicable ; Inapplicable ; Inapplicable ; Inapplicable ; Inapplicable ; Inapplicable ; Inapplicable ; Inapplicable ; Inapplicable ; Inapplicable ; Pass      ; Inapplicable ; Inapplicable ;
; dac_dataB[8]       ; Pass      ; Inapplicable ; Pass      ; Inapplicable ; Inapplicable ; Pass      ; Pass      ; Inapplicable ; Pass      ; Pass      ; Inapplicable ; Inapplicable ; Inapplicable ; Inapplicable ; Inapplicable ; Inapplicable ; Inapplicable ; Inapplicable ; Inapplicable ; Inapplicable ; Inapplicable ; Inapplicable ; Inapplicable ; Inapplicable ; Inapplicable ; Inapplicable ; Inapplicable ; Pass      ; Inapplicable ; Inapplicable ;
; dac_dataB[9]       ; Pass      ; Inapplicable ; Pass      ; Inapplicable ; Inapplicable ; Pass      ; Pass      ; Inapplicable ; Pass      ; Pass      ; Inapplicable ; Inapplicable ; Inapplicable ; Inapplicable ; Inapplicable ; Inapplicable ; Inapplicable ; Inapplicable ; Inapplicable ; Inapplicable ; Inapplicable ; Inapplicable ; Inapplicable ; Inapplicable ; Inapplicable ; Inapplicable ; Inapplicable ; Pass      ; Inapplicable ; Inapplicable ;
; dac_dataB[10]      ; Pass      ; Inapplicable ; Pass      ; Inapplicable ; Inapplicable ; Pass      ; Pass      ; Inapplicable ; Pass      ; Pass      ; Inapplicable ; Inapplicable ; Inapplicable ; Inapplicable ; Inapplicable ; Inapplicable ; Inapplicable ; Inapplicable ; Inapplicable ; Inapplicable ; Inapplicable ; Inapplicable ; Inapplicable ; Inapplicable ; Inapplicable ; Inapplicable ; Inapplicable ; Pass      ; Inapplicable ; Inapplicable ;
; dac_dataB[11]      ; Pass      ; Inapplicable ; Pass      ; Inapplicable ; Inapplicable ; Pass      ; Pass      ; Inapplicable ; Pass      ; Pass      ; Inapplicable ; Inapplicable ; Inapplicable ; Inapplicable ; Inapplicable ; Inapplicable ; Inapplicable ; Inapplicable ; Inapplicable ; Inapplicable ; Inapplicable ; Inapplicable ; Inapplicable ; Inapplicable ; Inapplicable ; Inapplicable ; Inapplicable ; Pass      ; Inapplicable ; Inapplicable ;
; dac_dataB[12]      ; Pass      ; Inapplicable ; Pass      ; Inapplicable ; Inapplicable ; Pass      ; Pass      ; Inapplicable ; Pass      ; Pass      ; Inapplicable ; Inapplicable ; Inapplicable ; Inapplicable ; Inapplicable ; Inapplicable ; Inapplicable ; Inapplicable ; Inapplicable ; Inapplicable ; Inapplicable ; Inapplicable ; Inapplicable ; Inapplicable ; Inapplicable ; Inapplicable ; Inapplicable ; Pass      ; Inapplicable ; Inapplicable ;
; dac_dataB[13]      ; Pass      ; Inapplicable ; Pass      ; Inapplicable ; Inapplicable ; Pass      ; Pass      ; Inapplicable ; Pass      ; Pass      ; Inapplicable ; Inapplicable ; Inapplicable ; Inapplicable ; Inapplicable ; Inapplicable ; Inapplicable ; Inapplicable ; Inapplicable ; Inapplicable ; Inapplicable ; Inapplicable ; Inapplicable ; Inapplicable ; Inapplicable ; Inapplicable ; Inapplicable ; Pass      ; Inapplicable ; Inapplicable ;
; dac_clkB           ; Pass      ; Inapplicable ; Pass      ; Inapplicable ; Inapplicable ; Pass      ; Pass      ; Inapplicable ; Pass      ; Pass      ; Inapplicable ; Inapplicable ; Inapplicable ; Inapplicable ; Inapplicable ; Inapplicable ; Inapplicable ; Inapplicable ; Inapplicable ; Inapplicable ; Inapplicable ; Inapplicable ; Inapplicable ; Inapplicable ; Inapplicable ; Inapplicable ; Inapplicable ; Pass      ; Inapplicable ; Inapplicable ;
; dac_wrtB           ; Pass      ; Inapplicable ; Pass      ; Inapplicable ; Inapplicable ; Pass      ; Pass      ; Inapplicable ; Pass      ; Pass      ; Inapplicable ; Inapplicable ; Inapplicable ; Inapplicable ; Inapplicable ; Inapplicable ; Inapplicable ; Inapplicable ; Inapplicable ; Inapplicable ; Inapplicable ; Inapplicable ; Inapplicable ; Inapplicable ; Inapplicable ; Inapplicable ; Inapplicable ; Pass      ; Inapplicable ; Inapplicable ;
; MISO               ; Pass      ; Inapplicable ; Pass      ; Inapplicable ; Inapplicable ; Pass      ; Pass      ; Inapplicable ; Pass      ; Pass      ; Inapplicable ; Inapplicable ; Inapplicable ; Inapplicable ; Inapplicable ; Inapplicable ; Inapplicable ; Inapplicable ; Inapplicable ; Inapplicable ; Inapplicable ; Inapplicable ; Inapplicable ; Inapplicable ; Inapplicable ; Inapplicable ; Inapplicable ; Pass      ; Inapplicable ; Inapplicable ;
; sys_clk            ; Pass      ; Inapplicable ; Pass      ; Inapplicable ; Inapplicable ; Pass      ; Pass      ; Inapplicable ; Pass      ; Pass      ; Inapplicable ; Inapplicable ; Inapplicable ; Inapplicable ; Pass         ; Inapplicable ; Inapplicable ; Pass         ; Inapplicable ; Inapplicable ; Inapplicable ; Inapplicable ; Inapplicable ; Inapplicable ; Inapplicable ; Inapplicable ; Inapplicable ; Pass      ; Inapplicable ; Inapplicable ;
; sys_rst_n          ; Pass      ; Inapplicable ; Pass      ; Inapplicable ; Inapplicable ; Pass      ; Pass      ; Inapplicable ; Pass      ; Pass      ; Inapplicable ; Inapplicable ; Inapplicable ; Inapplicable ; Pass         ; Inapplicable ; Inapplicable ; Pass         ; Inapplicable ; Inapplicable ; Inapplicable ; Inapplicable ; Inapplicable ; Inapplicable ; Inapplicable ; Inapplicable ; Inapplicable ; Pass      ; Inapplicable ; Inapplicable ;
; SCLK_R             ; Pass      ; Inapplicable ; Pass      ; Inapplicable ; Inapplicable ; Pass      ; Pass      ; Inapplicable ; Pass      ; Pass      ; Inapplicable ; Inapplicable ; Inapplicable ; Inapplicable ; Pass         ; Inapplicable ; Inapplicable ; Pass         ; Inapplicable ; Inapplicable ; Inapplicable ; Inapplicable ; Inapplicable ; Inapplicable ; Inapplicable ; Inapplicable ; Inapplicable ; Pass      ; Inapplicable ; Inapplicable ;
; SPI_CS_R           ; Pass      ; Inapplicable ; Pass      ; Inapplicable ; Inapplicable ; Pass      ; Pass      ; Inapplicable ; Pass      ; Pass      ; Inapplicable ; Inapplicable ; Inapplicable ; Inapplicable ; Pass         ; Inapplicable ; Inapplicable ; Pass         ; Inapplicable ; Inapplicable ; Inapplicable ; Inapplicable ; Inapplicable ; Inapplicable ; Inapplicable ; Inapplicable ; Inapplicable ; Pass      ; Inapplicable ; Inapplicable ;
; MOSI               ; Pass      ; Inapplicable ; Pass      ; Inapplicable ; Inapplicable ; Pass      ; Pass      ; Inapplicable ; Pass      ; Pass      ; Inapplicable ; Inapplicable ; Inapplicable ; Inapplicable ; Pass         ; Inapplicable ; Inapplicable ; Pass         ; Inapplicable ; Inapplicable ; Inapplicable ; Inapplicable ; Inapplicable ; Inapplicable ; Inapplicable ; Inapplicable ; Inapplicable ; Pass      ; Inapplicable ; Inapplicable ;
; ad1_in[9]          ; Pass      ; Inapplicable ; Pass      ; Inapplicable ; Inapplicable ; Pass      ; Pass      ; Inapplicable ; Pass      ; Pass      ; Inapplicable ; Inapplicable ; Inapplicable ; Inapplicable ; Pass         ; Inapplicable ; Inapplicable ; Pass         ; Inapplicable ; Inapplicable ; Inapplicable ; Inapplicable ; Inapplicable ; Inapplicable ; Inapplicable ; Inapplicable ; Inapplicable ; Pass      ; Inapplicable ; Inapplicable ;
; ad1_in[8]          ; Pass      ; Inapplicable ; Pass      ; Inapplicable ; Inapplicable ; Pass      ; Pass      ; Inapplicable ; Pass      ; Pass      ; Inapplicable ; Inapplicable ; Inapplicable ; Inapplicable ; Pass         ; Inapplicable ; Inapplicable ; Pass         ; Inapplicable ; Inapplicable ; Inapplicable ; Inapplicable ; Inapplicable ; Inapplicable ; Inapplicable ; Inapplicable ; Inapplicable ; Pass      ; Inapplicable ; Inapplicable ;
; ad1_in[7]          ; Pass      ; Inapplicable ; Pass      ; Inapplicable ; Inapplicable ; Pass      ; Pass      ; Inapplicable ; Pass      ; Pass      ; Inapplicable ; Inapplicable ; Inapplicable ; Inapplicable ; Pass         ; Inapplicable ; Inapplicable ; Pass         ; Inapplicable ; Inapplicable ; Inapplicable ; Inapplicable ; Inapplicable ; Inapplicable ; Inapplicable ; Inapplicable ; Inapplicable ; Pass      ; Inapplicable ; Inapplicable ;
; ad1_in[6]          ; Pass      ; Inapplicable ; Pass      ; Inapplicable ; Inapplicable ; Pass      ; Pass      ; Inapplicable ; Pass      ; Pass      ; Inapplicable ; Inapplicable ; Inapplicable ; Inapplicable ; Pass         ; Inapplicable ; Inapplicable ; Pass         ; Inapplicable ; Inapplicable ; Inapplicable ; Inapplicable ; Inapplicable ; Inapplicable ; Inapplicable ; Inapplicable ; Inapplicable ; Pass      ; Inapplicable ; Inapplicable ;
; ad1_in[5]          ; Pass      ; Inapplicable ; Pass      ; Inapplicable ; Inapplicable ; Pass      ; Pass      ; Inapplicable ; Pass      ; Pass      ; Inapplicable ; Inapplicable ; Inapplicable ; Inapplicable ; Pass         ; Inapplicable ; Inapplicable ; Pass         ; Inapplicable ; Inapplicable ; Inapplicable ; Inapplicable ; Inapplicable ; Inapplicable ; Inapplicable ; Inapplicable ; Inapplicable ; Pass      ; Inapplicable ; Inapplicable ;
; ad1_in[4]          ; Pass      ; Inapplicable ; Pass      ; Inapplicable ; Inapplicable ; Pass      ; Pass      ; Inapplicable ; Pass      ; Pass      ; Inapplicable ; Inapplicable ; Inapplicable ; Inapplicable ; Pass         ; Inapplicable ; Inapplicable ; Pass         ; Inapplicable ; Inapplicable ; Inapplicable ; Inapplicable ; Inapplicable ; Inapplicable ; Inapplicable ; Inapplicable ; Inapplicable ; Pass      ; Inapplicable ; Inapplicable ;
; ad1_in[3]          ; Pass      ; Inapplicable ; Pass      ; Inapplicable ; Inapplicable ; Pass      ; Pass      ; Inapplicable ; Pass      ; Pass      ; Inapplicable ; Inapplicable ; Inapplicable ; Inapplicable ; Pass         ; Inapplicable ; Inapplicable ; Pass         ; Inapplicable ; Inapplicable ; Inapplicable ; Inapplicable ; Inapplicable ; Inapplicable ; Inapplicable ; Inapplicable ; Inapplicable ; Pass      ; Inapplicable ; Inapplicable ;
; ad1_in[2]          ; Pass      ; Inapplicable ; Pass      ; Inapplicable ; Inapplicable ; Pass      ; Pass      ; Inapplicable ; Pass      ; Pass      ; Inapplicable ; Inapplicable ; Inapplicable ; Inapplicable ; Pass         ; Inapplicable ; Inapplicable ; Pass         ; Inapplicable ; Inapplicable ; Inapplicable ; Inapplicable ; Inapplicable ; Inapplicable ; Inapplicable ; Inapplicable ; Inapplicable ; Pass      ; Inapplicable ; Inapplicable ;
; ad1_in[1]          ; Pass      ; Inapplicable ; Pass      ; Inapplicable ; Inapplicable ; Pass      ; Pass      ; Inapplicable ; Pass      ; Pass      ; Inapplicable ; Inapplicable ; Inapplicable ; Inapplicable ; Pass         ; Inapplicable ; Inapplicable ; Pass         ; Inapplicable ; Inapplicable ; Inapplicable ; Inapplicable ; Inapplicable ; Inapplicable ; Inapplicable ; Inapplicable ; Inapplicable ; Pass      ; Inapplicable ; Inapplicable ;
; ad1_in[0]          ; Pass      ; Inapplicable ; Pass      ; Inapplicable ; Inapplicable ; Pass      ; Pass      ; Inapplicable ; Pass      ; Pass      ; Inapplicable ; Inapplicable ; Inapplicable ; Inapplicable ; Pass         ; Inapplicable ; Inapplicable ; Pass         ; Inapplicable ; Inapplicable ; Inapplicable ; Inapplicable ; Inapplicable ; Inapplicable ; Inapplicable ; Inapplicable ; Inapplicable ; Pass      ; Inapplicable ; Inapplicable ;
; ad1_in[10]         ; Pass      ; Inapplicable ; Pass      ; Inapplicable ; Inapplicable ; Pass      ; Pass      ; Inapplicable ; Pass      ; Pass      ; Inapplicable ; Inapplicable ; Inapplicable ; Inapplicable ; Pass         ; Inapplicable ; Inapplicable ; Pass         ; Inapplicable ; Inapplicable ; Inapplicable ; Inapplicable ; Inapplicable ; Inapplicable ; Inapplicable ; Inapplicable ; Inapplicable ; Pass      ; Inapplicable ; Inapplicable ;
; ad1_in[11]         ; Pass      ; Inapplicable ; Pass      ; Inapplicable ; Inapplicable ; Pass      ; Pass      ; Inapplicable ; Pass      ; Pass      ; Inapplicable ; Inapplicable ; Inapplicable ; Inapplicable ; Pass         ; Inapplicable ; Inapplicable ; Pass         ; Inapplicable ; Inapplicable ; Inapplicable ; Inapplicable ; Inapplicable ; Inapplicable ; Inapplicable ; Inapplicable ; Inapplicable ; Pass      ; Inapplicable ; Inapplicable ;
+--------------------+-----------+--------------+-----------+--------------+--------------+-----------+-----------+--------------+-----------+-----------+--------------+--------------+--------------+--------------+--------------+--------------+--------------+--------------+--------------+--------------+--------------+--------------+--------------+--------------+--------------+--------------+--------------+-----------+--------------+--------------+


+---------------------------------------------------------------------------------------------+
; Fitter Device Options                                                                       ;
+------------------------------------------------------------------+--------------------------+
; Option                                                           ; Setting                  ;
+------------------------------------------------------------------+--------------------------+
; Enable user-supplied start-up clock (CLKUSR)                     ; Off                      ;
; Enable device-wide reset (DEV_CLRn)                              ; Off                      ;
; Enable device-wide output enable (DEV_OE)                        ; Off                      ;
; Enable INIT_DONE output                                          ; Off                      ;
; Configuration scheme                                             ; Active Serial            ;
; Error detection CRC                                              ; Off                      ;
; Enable open drain on CRC_ERROR pin                               ; Off                      ;
; Enable input tri-state on active configuration pins in user mode ; Off                      ;
; Configuration Voltage Level                                      ; Auto                     ;
; Force Configuration Voltage Level                                ; Off                      ;
; nCEO                                                             ; As output driving ground ;
; Data[0]                                                          ; As input tri-stated      ;
; Data[1]/ASDO                                                     ; As input tri-stated      ;
; Data[7..2]                                                       ; Unreserved               ;
; FLASH_nCE/nCSO                                                   ; As input tri-stated      ;
; Other Active Parallel pins                                       ; Unreserved               ;
; DCLK                                                             ; As output driving ground ;
+------------------------------------------------------------------+--------------------------+


+------------------------------------+
; Operating Settings and Conditions  ;
+---------------------------+--------+
; Setting                   ; Value  ;
+---------------------------+--------+
; Nominal Core Voltage      ; 1.20 V ;
; Low Junction Temperature  ; 0 °C   ;
; High Junction Temperature ; 85 °C  ;
+---------------------------+--------+


+----------------------------------------------------------------------------------------------------+
; Estimated Delay Added for Hold Timing Summary                                                      ;
+---------------------------------------------------------+----------------------+-------------------+
; Source Clock(s)                                         ; Destination Clock(s) ; Delay Added in ns ;
+---------------------------------------------------------+----------------------+-------------------+
; my_pll_inst|altpll_component|auto_generated|pll1|clk[0] ; sys_clk              ; 4.7               ;
+---------------------------------------------------------+----------------------+-------------------+
Note: For more information on problematic transfers, consider running the Fitter again with the Optimize hold timing option (Settings Menu) turned off.
This will disable optimization of problematic paths and expose them for further analysis using the Timing Analyzer.


+--------------------------------------------------------------------------------------------------------------------------------------------------------------------------------+
; Estimated Delay Added for Hold Timing Details                                                                                                                                  ;
+-------------------------------------------+----------------------------------------------------------------------------------------------------------------+-------------------+
; Source Register                           ; Destination Register                                                                                           ; Delay Added in ns ;
+-------------------------------------------+----------------------------------------------------------------------------------------------------------------+-------------------+
; done_toggle_adc                           ; done_toggle_sys_meta                                                                                           ; 4.750             ;
; g_spi_slave:spi_inst|mosi_sync[1]         ; g_spi_slave:spi_inst|rx_shift[0]                                                                               ; 0.092             ;
; ram_read_addr_sys[3]                      ; RAM:ram_bank0|altsyncram:altsyncram_component|altsyncram_vkm1:auto_generated|ram_block1a7~portb_address_reg0   ; 0.062             ;
; ram_read_addr_sys[5]                      ; RAM:ram_bank0|altsyncram:altsyncram_component|altsyncram_vkm1:auto_generated|ram_block1a7~portb_address_reg0   ; 0.062             ;
; ram_read_addr_sys[8]                      ; RAM:ram_bank0|altsyncram:altsyncram_component|altsyncram_vkm1:auto_generated|ram_block1a7~portb_address_reg0   ; 0.062             ;
; ram_read_addr_sys[9]                      ; RAM:ram_bank0|altsyncram:altsyncram_component|altsyncram_vkm1:auto_generated|ram_block1a7~portb_address_reg0   ; 0.062             ;
; ram_read_addr_sys[10]                     ; RAM:ram_bank0|altsyncram:altsyncram_component|altsyncram_vkm1:auto_generated|ram_block1a7~portb_address_reg0   ; 0.062             ;
; capture_addr_adc[0]                       ; RAM2:ram_bank1|altsyncram:altsyncram_component|altsyncram_vkm1:auto_generated|ram_block1a14~porta_address_reg0 ; 0.061             ;
; capture_addr_adc[2]                       ; RAM2:ram_bank1|altsyncram:altsyncram_component|altsyncram_vkm1:auto_generated|ram_block1a14~porta_address_reg0 ; 0.060             ;
; spi_tx_word[17]                           ; g_spi_slave:spi_inst|tx_shift[17]                                                                              ; 0.040             ;
; spi_tx_word[19]                           ; g_spi_slave:spi_inst|tx_shift[19]                                                                              ; 0.040             ;
; g_cic3_decimator:cic_inst|comb2_delay[23] ; g_cic3_decimator:cic_inst|comb2[23]                                                                            ; 0.022             ;
; g_sos3_lowpass:lowpass_inst|state[0]      ; g_sos3_lowpass:lowpass_inst|state[2]                                                                           ; 0.020             ;
; g_sos3_lowpass:lowpass_inst|d1_1[12]      ; g_sos3_lowpass:lowpass_inst|d1_register[12]                                                                    ; 0.019             ;
; g_sos3_lowpass:lowpass_inst|d2_1[9]       ; g_sos3_lowpass:lowpass_inst|d2_register[9]                                                                     ; 0.019             ;
; g_sos3_lowpass:lowpass_inst|d2_1[36]      ; g_sos3_lowpass:lowpass_inst|d2_register[36]                                                                    ; 0.019             ;
; g_sos3_lowpass:lowpass_inst|d2_1[34]      ; g_sos3_lowpass:lowpass_inst|d2_register[34]                                                                    ; 0.019             ;
; g_sos3_lowpass:lowpass_inst|d2_1[30]      ; g_sos3_lowpass:lowpass_inst|d2_register[30]                                                                    ; 0.019             ;
; g_sos3_lowpass:lowpass_inst|d2_1[27]      ; g_sos3_lowpass:lowpass_inst|d2_register[27]                                                                    ; 0.019             ;
; g_sos3_lowpass:lowpass_inst|d2_1[26]      ; g_sos3_lowpass:lowpass_inst|d2_register[26]                                                                    ; 0.019             ;
; g_sos3_lowpass:lowpass_inst|d1_1[25]      ; g_sos3_lowpass:lowpass_inst|d1_register[25]                                                                    ; 0.019             ;
; g_sos3_lowpass:lowpass_inst|d2_1[25]      ; g_sos3_lowpass:lowpass_inst|d2_register[25]                                                                    ; 0.019             ;
; g_sos3_lowpass:lowpass_inst|d2_1[24]      ; g_sos3_lowpass:lowpass_inst|d2_register[24]                                                                    ; 0.019             ;
; g_sos3_lowpass:lowpass_inst|d2_1[23]      ; g_sos3_lowpass:lowpass_inst|d2_register[23]                                                                    ; 0.019             ;
; g_sos3_lowpass:lowpass_inst|d2_1[21]      ; g_sos3_lowpass:lowpass_inst|d2_register[21]                                                                    ; 0.019             ;
; g_sos3_lowpass:lowpass_inst|d1_1[20]      ; g_sos3_lowpass:lowpass_inst|d1_register[20]                                                                    ; 0.019             ;
; g_sos3_lowpass:lowpass_inst|d2_1[19]      ; g_sos3_lowpass:lowpass_inst|d2_register[19]                                                                    ; 0.019             ;
; g_sos3_lowpass:lowpass_inst|d1_1[18]      ; g_sos3_lowpass:lowpass_inst|d1_register[18]                                                                    ; 0.019             ;
; g_sos3_lowpass:lowpass_inst|d2_1[28]      ; g_sos3_lowpass:lowpass_inst|d2_register[28]                                                                    ; 0.019             ;
; capture_addr_adc[11]                      ; capture_addr_adc[11]                                                                                           ; 0.019             ;
+-------------------------------------------+----------------------------------------------------------------------------------------------------------------+-------------------+
Note: This table only shows the top 30 path(s) that have the largest delay added for hold.


+-----------------+
; Fitter Messages ;
+-----------------+
Warning (18236): Number of processors has not been specified which may cause overloading on shared machines.  Set the global assignment NUM_PARALLEL_PROCESSORS in your QSF to an appropriate value for best performance.
Info (20030): Parallel compilation is enabled and will use 6 of the 6 processors detected
Info (119006): Selected device EP4CE6E22C8 for design "ADC_RAM_G"
Info (21077): Low junction temperature is 0 degrees C
Info (21077): High junction temperature is 85 degrees C
Info (15535): Implemented PLL "my_pll:my_pll_inst|altpll:altpll_component|my_pll_altpll:auto_generated|pll1" as Cyclone IV E PLL type File: C:/Users/19516/Desktop/2026G/FPGA/db/my_pll_altpll.v Line: 43
    Info (15099): Implementing clock multiplication of 1, clock division of 1, and phase shift of 0 degrees (0 ps) for my_pll:my_pll_inst|altpll:altpll_component|my_pll_altpll:auto_generated|wire_pll1_clk[0] port File: C:/Users/19516/Desktop/2026G/FPGA/db/my_pll_altpll.v Line: 43
    Info (15099): Implementing clock multiplication of 5, clock division of 2, and phase shift of 0 degrees (0 ps) for my_pll:my_pll_inst|altpll:altpll_component|my_pll_altpll:auto_generated|wire_pll1_clk[1] port File: C:/Users/19516/Desktop/2026G/FPGA/db/my_pll_altpll.v Line: 43
Info (171003): Fitter is performing an Auto Fit compilation, which may decrease Fitter effort to reduce compilation time
Info (176444): Device migration not selected. If you intend to use device migration later, you may need to change the pin assignments as they may be incompatible with other devices
    Info (176445): Device EP4CE10E22C8 is compatible
    Info (176445): Device EP4CE15E22C8 is compatible
    Info (176445): Device EP4CE22E22C8 is compatible
Info (169124): Fitter converted 5 user pins into dedicated programming pins
    Info (169125): Pin ~ALTERA_ASDO_DATA1~ is reserved at location 6
    Info (169125): Pin ~ALTERA_FLASH_nCE_nCSO~ is reserved at location 8
    Info (169125): Pin ~ALTERA_DCLK~ is reserved at location 12
    Info (169125): Pin ~ALTERA_DATA0~ is reserved at location 13
    Info (169125): Pin ~ALTERA_nCEO~ is reserved at location 101
Warning (15714): Some pins have incomplete I/O assignments. Refer to the I/O Assignment Warnings report for details
Info (176045): Design uses memory blocks. Violating setup or hold times of memory block address registers for either read or write operations could cause memory contents to be corrupted. Make sure that all memory block address registers meet the setup and hold time requirements.
Info (332104): Reading SDC File: 'ADC_RAM_G.sdc'
Info (332110): Deriving PLL clocks
    Info (332110): create_generated_clock -source {my_pll_inst|altpll_component|auto_generated|pll1|inclk[0]} -duty_cycle 50.00 -name {my_pll_inst|altpll_component|auto_generated|pll1|clk[0]} {my_pll_inst|altpll_component|auto_generated|pll1|clk[0]}
    Info (332110): create_generated_clock -source {my_pll_inst|altpll_component|auto_generated|pll1|inclk[0]} -divide_by 2 -multiply_by 5 -duty_cycle 50.00 -name {my_pll_inst|altpll_component|auto_generated|pll1|clk[1]} {my_pll_inst|altpll_component|auto_generated|pll1|clk[1]}
Info (332151): Clock uncertainty is not calculated until you update the timing netlist.
Info (332154): The derive_clock_uncertainty command did not apply clock uncertainty to any clock-to-clock transfers.
Info (332129): Detected timing requirements -- optimizing circuit to achieve only the specified requirements
Info (332111): Found 4 clocks
    Info (332111):   Period   Clock Name
    Info (332111): ======== ============
    Info (332111):   20.000 my_pll_inst|altpll_component|auto_generated|pll1|clk[0]
    Info (332111):    8.000 my_pll_inst|altpll_component|auto_generated|pll1|clk[1]
    Info (332111):  200.000     spi_sclk
    Info (332111):   20.000      sys_clk
Info (176353): Automatically promoted node my_pll:my_pll_inst|altpll:altpll_component|my_pll_altpll:auto_generated|wire_pll1_clk[0] (placed in counter C0 of PLL_1) File: C:/Users/19516/Desktop/2026G/FPGA/db/my_pll_altpll.v Line: 77
    Info (176355): Automatically promoted destinations to use location or clock signal Global Clock CLKCTRL_G3
Info (176353): Automatically promoted node my_pll:my_pll_inst|altpll:altpll_component|my_pll_altpll:auto_generated|wire_pll1_clk[1] (placed in counter C1 of PLL_1) File: C:/Users/19516/Desktop/2026G/FPGA/db/my_pll_altpll.v Line: 77
    Info (176355): Automatically promoted destinations to use location or clock signal Global Clock CLKCTRL_G4
Info (176353): Automatically promoted node sys_clk~input (placed in PIN 23 (CLK1, DIFFCLK_0n)) File: C:/Users/19516/Desktop/2026G/FPGA/src/g_measure_top.v Line: 13
    Info (176355): Automatically promoted destinations to use location or clock signal Global Clock CLKCTRL_G2
Info (176353): Automatically promoted node sys_rst_n~input (placed in PIN 25 (CLK3, DIFFCLK_1n)) File: C:/Users/19516/Desktop/2026G/FPGA/src/g_measure_top.v Line: 14
    Info (176355): Automatically promoted destinations to use location or clock signal Global Clock CLKCTRL_G0
Info (176233): Starting register packing
Info (176235): Finished register packing
    Extra Info (176218): Packed 115 registers into blocks of type Embedded multiplier block
    Extra Info (176220): Created 36 register duplicates
Warning (15064): PLL "my_pll:my_pll_inst|altpll:altpll_component|my_pll_altpll:auto_generated|pll1" output port clk[0] feeds output pin "ad2_clk~output" via non-dedicated routing -- jitter performance depends on switching rate of other design elements. Use PLL dedicated clock outputs to ensure jitter performance File: C:/Users/19516/Desktop/2026G/FPGA/db/my_pll_altpll.v Line: 43
Warning (15064): PLL "my_pll:my_pll_inst|altpll:altpll_component|my_pll_altpll:auto_generated|pll1" output port clk[0] feeds output pin "ad1_clk~output" via non-dedicated routing -- jitter performance depends on switching rate of other design elements. Use PLL dedicated clock outputs to ensure jitter performance File: C:/Users/19516/Desktop/2026G/FPGA/db/my_pll_altpll.v Line: 43
Warning (15064): PLL "my_pll:my_pll_inst|altpll:altpll_component|my_pll_altpll:auto_generated|pll1" output port clk[1] feeds output pin "dac_wrtB~output" via non-dedicated routing -- jitter performance depends on switching rate of other design elements. Use PLL dedicated clock outputs to ensure jitter performance File: C:/Users/19516/Desktop/2026G/FPGA/db/my_pll_altpll.v Line: 43
Warning (15064): PLL "my_pll:my_pll_inst|altpll:altpll_component|my_pll_altpll:auto_generated|pll1" output port clk[1] feeds output pin "dac_clkB~output" via non-dedicated routing -- jitter performance depends on switching rate of other design elements. Use PLL dedicated clock outputs to ensure jitter performance File: C:/Users/19516/Desktop/2026G/FPGA/db/my_pll_altpll.v Line: 43
Warning (15064): PLL "my_pll:my_pll_inst|altpll:altpll_component|my_pll_altpll:auto_generated|pll1" output port clk[1] feeds output pin "dac_wrtA~output" via non-dedicated routing -- jitter performance depends on switching rate of other design elements. Use PLL dedicated clock outputs to ensure jitter performance File: C:/Users/19516/Desktop/2026G/FPGA/db/my_pll_altpll.v Line: 43
Warning (15064): PLL "my_pll:my_pll_inst|altpll:altpll_component|my_pll_altpll:auto_generated|pll1" output port clk[1] feeds output pin "dac_clkA~output" via non-dedicated routing -- jitter performance depends on switching rate of other design elements. Use PLL dedicated clock outputs to ensure jitter performance File: C:/Users/19516/Desktop/2026G/FPGA/db/my_pll_altpll.v Line: 43
Info (171121): Fitter preparation operations ending: elapsed time is 00:00:01
Info (14896): Fitter has disabled Advanced Physical Optimization because it is not supported for the current family.
Info (170189): Fitter placement preparation operations beginning
Info (170190): Fitter placement preparation operations ending: elapsed time is 00:00:00
Info (170191): Fitter placement operations beginning
Info (170137): Fitter placement was successful
Info (170192): Fitter placement operations ending: elapsed time is 00:00:02
Info (170193): Fitter routing operations beginning
Info (170195): Router estimated average interconnect usage is 3% of the available device resources
    Info (170196): Router estimated peak interconnect usage is 9% of the available device resources in the region that extends from location X11_Y12 to location X22_Y24
Info (170199): The Fitter performed an Auto Fit compilation.  Optimizations were skipped to reduce compilation time.
    Info (170201): Optimizations that may affect the design's routability were skipped
    Info (170200): Optimizations that may affect the design's timing were skipped
Info (170194): Fitter routing operations ending: elapsed time is 00:00:01
Info (11888): Total time spent on timing analysis during the Fitter is 0.65 seconds.
Info (334003): Started post-fitting delay annotation
Info (334004): Delay annotation completed successfully
Info (334003): Started post-fitting delay annotation
Info (334004): Delay annotation completed successfully
Info (11218): Fitter post-fit operations ending: elapsed time is 00:00:01
Warning (169177): 29 pins must meet Intel FPGA requirements for 3.3-, 3.0-, and 2.5-V interfaces. For more information, refer to AN 447: Interfacing Cyclone IV E Devices with 3.3/3.0/2.5-V LVTTL/LVCMOS I/O Systems.
    Info (169178): Pin ad2_in[0] uses I/O standard 3.3-V LVTTL at 144 File: C:/Users/19516/Desktop/2026G/FPGA/src/g_measure_top.v Line: 17
    Info (169178): Pin ad2_in[1] uses I/O standard 3.3-V LVTTL at 143 File: C:/Users/19516/Desktop/2026G/FPGA/src/g_measure_top.v Line: 17
    Info (169178): Pin ad2_in[2] uses I/O standard 3.3-V LVTTL at 142 File: C:/Users/19516/Desktop/2026G/FPGA/src/g_measure_top.v Line: 17
    Info (169178): Pin ad2_in[3] uses I/O standard 3.3-V LVTTL at 141 File: C:/Users/19516/Desktop/2026G/FPGA/src/g_measure_top.v Line: 17
    Info (169178): Pin ad2_in[4] uses I/O standard 3.3-V LVTTL at 138 File: C:/Users/19516/Desktop/2026G/FPGA/src/g_measure_top.v Line: 17
    Info (169178): Pin ad2_in[5] uses I/O standard 3.3-V LVTTL at 137 File: C:/Users/19516/Desktop/2026G/FPGA/src/g_measure_top.v Line: 17
    Info (169178): Pin ad2_in[6] uses I/O standard 3.3-V LVTTL at 136 File: C:/Users/19516/Desktop/2026G/FPGA/src/g_measure_top.v Line: 17
    Info (169178): Pin ad2_in[7] uses I/O standard 3.3-V LVTTL at 135 File: C:/Users/19516/Desktop/2026G/FPGA/src/g_measure_top.v Line: 17
    Info (169178): Pin ad2_in[8] uses I/O standard 3.3-V LVTTL at 133 File: C:/Users/19516/Desktop/2026G/FPGA/src/g_measure_top.v Line: 17
    Info (169178): Pin ad2_in[9] uses I/O standard 3.3-V LVTTL at 132 File: C:/Users/19516/Desktop/2026G/FPGA/src/g_measure_top.v Line: 17
    Info (169178): Pin ad2_in[10] uses I/O standard 3.3-V LVTTL at 129 File: C:/Users/19516/Desktop/2026G/FPGA/src/g_measure_top.v Line: 17
    Info (169178): Pin ad2_in[11] uses I/O standard 3.3-V LVTTL at 128 File: C:/Users/19516/Desktop/2026G/FPGA/src/g_measure_top.v Line: 17
    Info (169178): Pin sys_clk uses I/O standard 3.3-V LVTTL at 23 File: C:/Users/19516/Desktop/2026G/FPGA/src/g_measure_top.v Line: 13
    Info (169178): Pin sys_rst_n uses I/O standard 3.3-V LVTTL at 25 File: C:/Users/19516/Desktop/2026G/FPGA/src/g_measure_top.v Line: 14
    Info (169178): Pin SCLK_R uses I/O standard 3.3-V LVTTL at 30 File: C:/Users/19516/Desktop/2026G/FPGA/src/g_measure_top.v Line: 29
    Info (169178): Pin SPI_CS_R uses I/O standard 3.3-V LVTTL at 28 File: C:/Users/19516/Desktop/2026G/FPGA/src/g_measure_top.v Line: 28
    Info (169178): Pin MOSI uses I/O standard 3.3-V LVTTL at 32 File: C:/Users/19516/Desktop/2026G/FPGA/src/g_measure_top.v Line: 30
    Info (169178): Pin ad1_in[9] uses I/O standard 3.3-V LVTTL at 113 File: C:/Users/19516/Desktop/2026G/FPGA/src/g_measure_top.v Line: 16
    Info (169178): Pin ad1_in[8] uses I/O standard 3.3-V LVTTL at 114 File: C:/Users/19516/Desktop/2026G/FPGA/src/g_measure_top.v Line: 16
    Info (169178): Pin ad1_in[7] uses I/O standard 3.3-V LVTTL at 115 File: C:/Users/19516/Desktop/2026G/FPGA/src/g_measure_top.v Line: 16
    Info (169178): Pin ad1_in[6] uses I/O standard 3.3-V LVTTL at 119 File: C:/Users/19516/Desktop/2026G/FPGA/src/g_measure_top.v Line: 16
    Info (169178): Pin ad1_in[5] uses I/O standard 3.3-V LVTTL at 120 File: C:/Users/19516/Desktop/2026G/FPGA/src/g_measure_top.v Line: 16
    Info (169178): Pin ad1_in[4] uses I/O standard 3.3-V LVTTL at 121 File: C:/Users/19516/Desktop/2026G/FPGA/src/g_measure_top.v Line: 16
    Info (169178): Pin ad1_in[3] uses I/O standard 3.3-V LVTTL at 124 File: C:/Users/19516/Desktop/2026G/FPGA/src/g_measure_top.v Line: 16
    Info (169178): Pin ad1_in[2] uses I/O standard 3.3-V LVTTL at 125 File: C:/Users/19516/Desktop/2026G/FPGA/src/g_measure_top.v Line: 16
    Info (169178): Pin ad1_in[1] uses I/O standard 3.3-V LVTTL at 126 File: C:/Users/19516/Desktop/2026G/FPGA/src/g_measure_top.v Line: 16
    Info (169178): Pin ad1_in[0] uses I/O standard 3.3-V LVTTL at 127 File: C:/Users/19516/Desktop/2026G/FPGA/src/g_measure_top.v Line: 16
    Info (169178): Pin ad1_in[10] uses I/O standard 3.3-V LVTTL at 112 File: C:/Users/19516/Desktop/2026G/FPGA/src/g_measure_top.v Line: 16
    Info (169178): Pin ad1_in[11] uses I/O standard 3.3-V LVTTL at 111 File: C:/Users/19516/Desktop/2026G/FPGA/src/g_measure_top.v Line: 16
Info (144001): Generated suppressed messages file C:/Users/19516/Desktop/2026G/FPGA/output_files_g/ADC_RAM_G.fit.smsg
Info: Quartus Prime Fitter was successful. 0 errors, 9 warnings
    Info: Peak virtual memory: 5692 megabytes
    Info: Processing ended: Wed Jul 29 19:35:23 2026
    Info: Elapsed time: 00:00:08
    Info: Total CPU time (on all processors): 00:00:03


+----------------------------+
; Fitter Suppressed Messages ;
+----------------------------+
The suppressed messages can be found in C:/Users/19516/Desktop/2026G/FPGA/output_files_g/ADC_RAM_G.fit.smsg.


