Timing Analyzer report for ADC_RAM_G
Wed Jul 29 19:35:28 2026
Quartus Prime Version 18.0.0 Build 614 04/24/2018 SJ Standard Edition


---------------------
; Table of Contents ;
---------------------
  1. Legal Notice
  2. Timing Analyzer Summary
  3. Parallel Compilation
  4. SDC File List
  5. Clocks
  6. Slow 1200mV 85C Model Fmax Summary
  7. Timing Closure Recommendations
  8. Slow 1200mV 85C Model Setup Summary
  9. Slow 1200mV 85C Model Hold Summary
 10. Slow 1200mV 85C Model Recovery Summary
 11. Slow 1200mV 85C Model Removal Summary
 12. Slow 1200mV 85C Model Minimum Pulse Width Summary
 13. Slow 1200mV 85C Model Setup: 'my_pll_inst|altpll_component|auto_generated|pll1|clk[0]'
 14. Slow 1200mV 85C Model Setup: 'sys_clk'
 15. Slow 1200mV 85C Model Hold: 'my_pll_inst|altpll_component|auto_generated|pll1|clk[0]'
 16. Slow 1200mV 85C Model Hold: 'sys_clk'
 17. Slow 1200mV 85C Model Metastability Summary
 18. Slow 1200mV 0C Model Fmax Summary
 19. Slow 1200mV 0C Model Setup Summary
 20. Slow 1200mV 0C Model Hold Summary
 21. Slow 1200mV 0C Model Recovery Summary
 22. Slow 1200mV 0C Model Removal Summary
 23. Slow 1200mV 0C Model Minimum Pulse Width Summary
 24. Slow 1200mV 0C Model Setup: 'my_pll_inst|altpll_component|auto_generated|pll1|clk[0]'
 25. Slow 1200mV 0C Model Setup: 'sys_clk'
 26. Slow 1200mV 0C Model Hold: 'my_pll_inst|altpll_component|auto_generated|pll1|clk[0]'
 27. Slow 1200mV 0C Model Hold: 'sys_clk'
 28. Slow 1200mV 0C Model Metastability Summary
 29. Fast 1200mV 0C Model Setup Summary
 30. Fast 1200mV 0C Model Hold Summary
 31. Fast 1200mV 0C Model Recovery Summary
 32. Fast 1200mV 0C Model Removal Summary
 33. Fast 1200mV 0C Model Minimum Pulse Width Summary
 34. Fast 1200mV 0C Model Setup: 'my_pll_inst|altpll_component|auto_generated|pll1|clk[0]'
 35. Fast 1200mV 0C Model Setup: 'sys_clk'
 36. Fast 1200mV 0C Model Hold: 'my_pll_inst|altpll_component|auto_generated|pll1|clk[0]'
 37. Fast 1200mV 0C Model Hold: 'sys_clk'
 38. Fast 1200mV 0C Model Metastability Summary
 39. Multicorner Timing Analysis Summary
 40. Board Trace Model Assignments
 41. Input Transition Times
 42. Signal Integrity Metrics (Slow 1200mv 0c Model)
 43. Signal Integrity Metrics (Slow 1200mv 85c Model)
 44. Signal Integrity Metrics (Fast 1200mv 0c Model)
 45. Setup Transfers
 46. Hold Transfers
 47. Report TCCS
 48. Report RSKM
 49. Unconstrained Paths Summary
 50. Clock Status Summary
 51. Unconstrained Input Ports
 52. Unconstrained Output Ports
 53. Unconstrained Input Ports
 54. Unconstrained Output Ports
 55. Timing Analyzer Messages



----------------
; Legal Notice ;
----------------
Copyright (C) 2018  Intel Corporation. All rights reserved.
Your use of Intel Corporation's design tools, logic functions 
and other software and tools, and its AMPP partner logic 
functions, and any output files from any of the foregoing 
(including device programming or simulation files), and any 
associated documentation or information are expressly subject 
to the terms and conditions of the Intel Program License 
Subscription Agreement, the Intel Quartus Prime License Agreement,
the Intel FPGA IP License Agreement, or other applicable license
agreement, including, without limitation, that your use is for
the sole purpose of programming logic devices manufactured by
Intel and sold by Intel or its authorized distributors.  Please
refer to the applicable agreement for further details.



+---------------------------------------------------------------------------------+
; Timing Analyzer Summary                                                         ;
+-----------------------+---------------------------------------------------------+
; Quartus Prime Version ; Version 18.0.0 Build 614 04/24/2018 SJ Standard Edition ;
; Timing Analyzer       ; Legacy Timing Analyzer                                  ;
; Revision Name         ; ADC_RAM_G                                               ;
; Device Family         ; Cyclone IV E                                            ;
; Device Name           ; EP4CE6E22C8                                             ;
; Timing Models         ; Final                                                   ;
; Delay Model           ; Combined                                                ;
; Rise/Fall Delays      ; Enabled                                                 ;
+-----------------------+---------------------------------------------------------+


+------------------------------------------+
; Parallel Compilation                     ;
+----------------------------+-------------+
; Processors                 ; Number      ;
+----------------------------+-------------+
; Number detected on machine ; 12          ;
; Maximum allowed            ; 6           ;
;                            ;             ;
; Average used               ; 1.33        ;
; Maximum used               ; 6           ;
;                            ;             ;
; Usage by Processor         ; % Time Used ;
;     Processor 1            ; 100.0%      ;
;     Processor 2            ;  10.3%      ;
;     Processor 3            ;   7.7%      ;
;     Processor 4            ;   6.7%      ;
;     Processors 5-6         ;   4.2%      ;
+----------------------------+-------------+


+---------------------------------------------------+
; SDC File List                                     ;
+---------------+--------+--------------------------+
; SDC File Path ; Status ; Read at                  ;
+---------------+--------+--------------------------+
; ADC_RAM_G.sdc ; OK     ; Wed Jul 29 19:35:27 2026 ;
+---------------+--------+--------------------------+


+---------------------------------------------------------------------------------------------------------------------------------------------------------------------------------------------------------------------------------------------------------------------------------------------------------------------------------------------+
; Clocks                                                                                                                                                                                                                                                                                                                                      ;
+---------------------------------------------------------+-----------+---------+-----------+-------+---------+------------+-----------+-------------+-------+--------+-----------+------------+----------+---------+-----------------------------------------------------------+-------------------------------------------------------------+
; Clock Name                                              ; Type      ; Period  ; Frequency ; Rise  ; Fall    ; Duty Cycle ; Divide by ; Multiply by ; Phase ; Offset ; Edge List ; Edge Shift ; Inverted ; Master  ; Source                                                    ; Targets                                                     ;
+---------------------------------------------------------+-----------+---------+-----------+-------+---------+------------+-----------+-------------+-------+--------+-----------+------------+----------+---------+-----------------------------------------------------------+-------------------------------------------------------------+
; my_pll_inst|altpll_component|auto_generated|pll1|clk[0] ; Generated ; 20.000  ; 50.0 MHz  ; 0.000 ; 10.000  ; 50.00      ; 1         ; 1           ;       ;        ;           ;            ; false    ; sys_clk ; my_pll_inst|altpll_component|auto_generated|pll1|inclk[0] ; { my_pll_inst|altpll_component|auto_generated|pll1|clk[0] } ;
; my_pll_inst|altpll_component|auto_generated|pll1|clk[1] ; Generated ; 8.000   ; 125.0 MHz ; 0.000 ; 4.000   ; 50.00      ; 2         ; 5           ;       ;        ;           ;            ; false    ; sys_clk ; my_pll_inst|altpll_component|auto_generated|pll1|inclk[0] ; { my_pll_inst|altpll_component|auto_generated|pll1|clk[1] } ;
; spi_sclk                                                ; Base      ; 200.000 ; 5.0 MHz   ; 0.000 ; 100.000 ;            ;           ;             ;       ;        ;           ;            ;          ;         ;                                                           ; { SCLK_R }                                                  ;
; sys_clk                                                 ; Base      ; 20.000  ; 50.0 MHz  ; 0.000 ; 10.000  ;            ;           ;             ;       ;        ;           ;            ;          ;         ;                                                           ; { sys_clk }                                                 ;
+---------------------------------------------------------+-----------+---------+-----------+-------+---------+------------+-----------+-------------+-------+--------+-----------+------------+----------+---------+-----------------------------------------------------------+-------------------------------------------------------------+


+-----------------------------------------------------------------------------------------------+
; Slow 1200mV 85C Model Fmax Summary                                                            ;
+------------+-----------------+---------------------------------------------------------+------+
; Fmax       ; Restricted Fmax ; Clock Name                                              ; Note ;
+------------+-----------------+---------------------------------------------------------+------+
; 57.98 MHz  ; 57.98 MHz       ; my_pll_inst|altpll_component|auto_generated|pll1|clk[0] ;      ;
; 133.53 MHz ; 133.53 MHz      ; sys_clk                                                 ;      ;
+------------+-----------------+---------------------------------------------------------+------+
This panel reports FMAX for every clock in the design, regardless of the user-specified clock periods.  FMAX is only computed for paths where the source and destination registers or ports are driven by the same clock.  Paths of different clocks, including generated clocks, are ignored.  For paths between a clock and its inversion, FMAX is computed as if the rising and falling edges are scaled along with FMAX, such that the duty cycle (in terms of a percentage) is maintained. Altera recommends that you always use clock constraints and other slack reports for sign-off analysis.


----------------------------------
; Timing Closure Recommendations ;
----------------------------------
HTML report is unavailable in plain text report export.


+----------------------------------------------------------------------------------+
; Slow 1200mV 85C Model Setup Summary                                              ;
+---------------------------------------------------------+--------+---------------+
; Clock                                                   ; Slack  ; End Point TNS ;
+---------------------------------------------------------+--------+---------------+
; my_pll_inst|altpll_component|auto_generated|pll1|clk[0] ; 2.753  ; 0.000         ;
; sys_clk                                                 ; 12.511 ; 0.000         ;
+---------------------------------------------------------+--------+---------------+


+---------------------------------------------------------------------------------+
; Slow 1200mV 85C Model Hold Summary                                              ;
+---------------------------------------------------------+-------+---------------+
; Clock                                                   ; Slack ; End Point TNS ;
+---------------------------------------------------------+-------+---------------+
; my_pll_inst|altpll_component|auto_generated|pll1|clk[0] ; 0.362 ; 0.000         ;
; sys_clk                                                 ; 0.452 ; 0.000         ;
+---------------------------------------------------------+-------+---------------+


------------------------------------------
; Slow 1200mV 85C Model Recovery Summary ;
------------------------------------------
No paths to report.


-----------------------------------------
; Slow 1200mV 85C Model Removal Summary ;
-----------------------------------------
No paths to report.


+-----------------------------------------------------------------------------------+
; Slow 1200mV 85C Model Minimum Pulse Width Summary                                 ;
+---------------------------------------------------------+---------+---------------+
; Clock                                                   ; Slack   ; End Point TNS ;
+---------------------------------------------------------+---------+---------------+
; my_pll_inst|altpll_component|auto_generated|pll1|clk[0] ; 9.530   ; 0.000         ;
; sys_clk                                                 ; 9.612   ; 0.000         ;
; spi_sclk                                                ; 196.000 ; 0.000         ;
+---------------------------------------------------------+---------+---------------+


+---------------------------------------------------------------------------------------------------------------------------------------------------------------------------------------------------------------------------------------------------------------+
; Slow 1200mV 85C Model Setup: 'my_pll_inst|altpll_component|auto_generated|pll1|clk[0]'                                                                                                                                                                        ;
+-------+---------------------------------------------+--------------------------------------------+---------------------------------------------------------+---------------------------------------------------------+--------------+------------+------------+
; Slack ; From Node                                   ; To Node                                    ; Launch Clock                                            ; Latch Clock                                             ; Relationship ; Clock Skew ; Data Delay ;
+-------+---------------------------------------------+--------------------------------------------+---------------------------------------------------------+---------------------------------------------------------+--------------+------------+------------+
; 2.753 ; g_sos3_lowpass:lowpass_inst|x_register[0]   ; g_sos3_lowpass:lowpass_inst|y_register[6]  ; my_pll_inst|altpll_component|auto_generated|pll1|clk[0] ; my_pll_inst|altpll_component|auto_generated|pll1|clk[0] ; 20.000       ; 0.054      ; 17.302     ;
; 2.753 ; g_sos3_lowpass:lowpass_inst|x_register[1]   ; g_sos3_lowpass:lowpass_inst|y_register[6]  ; my_pll_inst|altpll_component|auto_generated|pll1|clk[0] ; my_pll_inst|altpll_component|auto_generated|pll1|clk[0] ; 20.000       ; 0.054      ; 17.302     ;
; 2.753 ; g_sos3_lowpass:lowpass_inst|x_register[2]   ; g_sos3_lowpass:lowpass_inst|y_register[6]  ; my_pll_inst|altpll_component|auto_generated|pll1|clk[0] ; my_pll_inst|altpll_component|auto_generated|pll1|clk[0] ; 20.000       ; 0.054      ; 17.302     ;
; 2.753 ; g_sos3_lowpass:lowpass_inst|x_register[3]   ; g_sos3_lowpass:lowpass_inst|y_register[6]  ; my_pll_inst|altpll_component|auto_generated|pll1|clk[0] ; my_pll_inst|altpll_component|auto_generated|pll1|clk[0] ; 20.000       ; 0.054      ; 17.302     ;
; 2.753 ; g_sos3_lowpass:lowpass_inst|x_register[4]   ; g_sos3_lowpass:lowpass_inst|y_register[6]  ; my_pll_inst|altpll_component|auto_generated|pll1|clk[0] ; my_pll_inst|altpll_component|auto_generated|pll1|clk[0] ; 20.000       ; 0.054      ; 17.302     ;
; 2.753 ; g_sos3_lowpass:lowpass_inst|x_register[5]   ; g_sos3_lowpass:lowpass_inst|y_register[6]  ; my_pll_inst|altpll_component|auto_generated|pll1|clk[0] ; my_pll_inst|altpll_component|auto_generated|pll1|clk[0] ; 20.000       ; 0.054      ; 17.302     ;
; 2.753 ; g_sos3_lowpass:lowpass_inst|x_register[6]   ; g_sos3_lowpass:lowpass_inst|y_register[6]  ; my_pll_inst|altpll_component|auto_generated|pll1|clk[0] ; my_pll_inst|altpll_component|auto_generated|pll1|clk[0] ; 20.000       ; 0.054      ; 17.302     ;
; 2.753 ; g_sos3_lowpass:lowpass_inst|x_register[7]   ; g_sos3_lowpass:lowpass_inst|y_register[6]  ; my_pll_inst|altpll_component|auto_generated|pll1|clk[0] ; my_pll_inst|altpll_component|auto_generated|pll1|clk[0] ; 20.000       ; 0.054      ; 17.302     ;
; 2.753 ; g_sos3_lowpass:lowpass_inst|x_register[8]   ; g_sos3_lowpass:lowpass_inst|y_register[6]  ; my_pll_inst|altpll_component|auto_generated|pll1|clk[0] ; my_pll_inst|altpll_component|auto_generated|pll1|clk[0] ; 20.000       ; 0.054      ; 17.302     ;
; 2.753 ; g_sos3_lowpass:lowpass_inst|x_register[9]   ; g_sos3_lowpass:lowpass_inst|y_register[6]  ; my_pll_inst|altpll_component|auto_generated|pll1|clk[0] ; my_pll_inst|altpll_component|auto_generated|pll1|clk[0] ; 20.000       ; 0.054      ; 17.302     ;
; 2.753 ; g_sos3_lowpass:lowpass_inst|x_register[10]  ; g_sos3_lowpass:lowpass_inst|y_register[6]  ; my_pll_inst|altpll_component|auto_generated|pll1|clk[0] ; my_pll_inst|altpll_component|auto_generated|pll1|clk[0] ; 20.000       ; 0.054      ; 17.302     ;
; 2.753 ; g_sos3_lowpass:lowpass_inst|x_register[11]  ; g_sos3_lowpass:lowpass_inst|y_register[6]  ; my_pll_inst|altpll_component|auto_generated|pll1|clk[0] ; my_pll_inst|altpll_component|auto_generated|pll1|clk[0] ; 20.000       ; 0.054      ; 17.302     ;
; 2.753 ; g_sos3_lowpass:lowpass_inst|x_register[12]  ; g_sos3_lowpass:lowpass_inst|y_register[6]  ; my_pll_inst|altpll_component|auto_generated|pll1|clk[0] ; my_pll_inst|altpll_component|auto_generated|pll1|clk[0] ; 20.000       ; 0.054      ; 17.302     ;
; 2.753 ; g_sos3_lowpass:lowpass_inst|x_register[13]  ; g_sos3_lowpass:lowpass_inst|y_register[6]  ; my_pll_inst|altpll_component|auto_generated|pll1|clk[0] ; my_pll_inst|altpll_component|auto_generated|pll1|clk[0] ; 20.000       ; 0.054      ; 17.302     ;
; 2.753 ; g_sos3_lowpass:lowpass_inst|x_register[14]  ; g_sos3_lowpass:lowpass_inst|y_register[6]  ; my_pll_inst|altpll_component|auto_generated|pll1|clk[0] ; my_pll_inst|altpll_component|auto_generated|pll1|clk[0] ; 20.000       ; 0.054      ; 17.302     ;
; 2.753 ; g_sos3_lowpass:lowpass_inst|x_register[15]  ; g_sos3_lowpass:lowpass_inst|y_register[6]  ; my_pll_inst|altpll_component|auto_generated|pll1|clk[0] ; my_pll_inst|altpll_component|auto_generated|pll1|clk[0] ; 20.000       ; 0.054      ; 17.302     ;
; 2.753 ; g_sos3_lowpass:lowpass_inst|x_register[16]  ; g_sos3_lowpass:lowpass_inst|y_register[6]  ; my_pll_inst|altpll_component|auto_generated|pll1|clk[0] ; my_pll_inst|altpll_component|auto_generated|pll1|clk[0] ; 20.000       ; 0.054      ; 17.302     ;
; 2.753 ; g_sos3_lowpass:lowpass_inst|x_register[17]  ; g_sos3_lowpass:lowpass_inst|y_register[6]  ; my_pll_inst|altpll_component|auto_generated|pll1|clk[0] ; my_pll_inst|altpll_component|auto_generated|pll1|clk[0] ; 20.000       ; 0.054      ; 17.302     ;
; 2.817 ; g_sos3_lowpass:lowpass_inst|b0_register[1]  ; g_sos3_lowpass:lowpass_inst|y_register[6]  ; my_pll_inst|altpll_component|auto_generated|pll1|clk[0] ; my_pll_inst|altpll_component|auto_generated|pll1|clk[0] ; 20.000       ; 0.054      ; 17.238     ;
; 2.817 ; g_sos3_lowpass:lowpass_inst|b0_register[2]  ; g_sos3_lowpass:lowpass_inst|y_register[6]  ; my_pll_inst|altpll_component|auto_generated|pll1|clk[0] ; my_pll_inst|altpll_component|auto_generated|pll1|clk[0] ; 20.000       ; 0.054      ; 17.238     ;
; 2.817 ; g_sos3_lowpass:lowpass_inst|b0_register[3]  ; g_sos3_lowpass:lowpass_inst|y_register[6]  ; my_pll_inst|altpll_component|auto_generated|pll1|clk[0] ; my_pll_inst|altpll_component|auto_generated|pll1|clk[0] ; 20.000       ; 0.054      ; 17.238     ;
; 2.817 ; g_sos3_lowpass:lowpass_inst|b0_register[5]  ; g_sos3_lowpass:lowpass_inst|y_register[6]  ; my_pll_inst|altpll_component|auto_generated|pll1|clk[0] ; my_pll_inst|altpll_component|auto_generated|pll1|clk[0] ; 20.000       ; 0.054      ; 17.238     ;
; 2.817 ; g_sos3_lowpass:lowpass_inst|b0_register[6]  ; g_sos3_lowpass:lowpass_inst|y_register[6]  ; my_pll_inst|altpll_component|auto_generated|pll1|clk[0] ; my_pll_inst|altpll_component|auto_generated|pll1|clk[0] ; 20.000       ; 0.054      ; 17.238     ;
; 2.817 ; g_sos3_lowpass:lowpass_inst|b0_register[7]  ; g_sos3_lowpass:lowpass_inst|y_register[6]  ; my_pll_inst|altpll_component|auto_generated|pll1|clk[0] ; my_pll_inst|altpll_component|auto_generated|pll1|clk[0] ; 20.000       ; 0.054      ; 17.238     ;
; 2.817 ; g_sos3_lowpass:lowpass_inst|b0_register[16] ; g_sos3_lowpass:lowpass_inst|y_register[6]  ; my_pll_inst|altpll_component|auto_generated|pll1|clk[0] ; my_pll_inst|altpll_component|auto_generated|pll1|clk[0] ; 20.000       ; 0.054      ; 17.238     ;
; 2.857 ; g_sos3_lowpass:lowpass_inst|x_register[0]   ; g_sos3_lowpass:lowpass_inst|y_register[16] ; my_pll_inst|altpll_component|auto_generated|pll1|clk[0] ; my_pll_inst|altpll_component|auto_generated|pll1|clk[0] ; 20.000       ; 0.487      ; 17.631     ;
; 2.857 ; g_sos3_lowpass:lowpass_inst|x_register[1]   ; g_sos3_lowpass:lowpass_inst|y_register[16] ; my_pll_inst|altpll_component|auto_generated|pll1|clk[0] ; my_pll_inst|altpll_component|auto_generated|pll1|clk[0] ; 20.000       ; 0.487      ; 17.631     ;
; 2.857 ; g_sos3_lowpass:lowpass_inst|x_register[2]   ; g_sos3_lowpass:lowpass_inst|y_register[16] ; my_pll_inst|altpll_component|auto_generated|pll1|clk[0] ; my_pll_inst|altpll_component|auto_generated|pll1|clk[0] ; 20.000       ; 0.487      ; 17.631     ;
; 2.857 ; g_sos3_lowpass:lowpass_inst|x_register[3]   ; g_sos3_lowpass:lowpass_inst|y_register[16] ; my_pll_inst|altpll_component|auto_generated|pll1|clk[0] ; my_pll_inst|altpll_component|auto_generated|pll1|clk[0] ; 20.000       ; 0.487      ; 17.631     ;
; 2.857 ; g_sos3_lowpass:lowpass_inst|x_register[4]   ; g_sos3_lowpass:lowpass_inst|y_register[16] ; my_pll_inst|altpll_component|auto_generated|pll1|clk[0] ; my_pll_inst|altpll_component|auto_generated|pll1|clk[0] ; 20.000       ; 0.487      ; 17.631     ;
; 2.857 ; g_sos3_lowpass:lowpass_inst|x_register[5]   ; g_sos3_lowpass:lowpass_inst|y_register[16] ; my_pll_inst|altpll_component|auto_generated|pll1|clk[0] ; my_pll_inst|altpll_component|auto_generated|pll1|clk[0] ; 20.000       ; 0.487      ; 17.631     ;
; 2.857 ; g_sos3_lowpass:lowpass_inst|x_register[6]   ; g_sos3_lowpass:lowpass_inst|y_register[16] ; my_pll_inst|altpll_component|auto_generated|pll1|clk[0] ; my_pll_inst|altpll_component|auto_generated|pll1|clk[0] ; 20.000       ; 0.487      ; 17.631     ;
; 2.857 ; g_sos3_lowpass:lowpass_inst|x_register[7]   ; g_sos3_lowpass:lowpass_inst|y_register[16] ; my_pll_inst|altpll_component|auto_generated|pll1|clk[0] ; my_pll_inst|altpll_component|auto_generated|pll1|clk[0] ; 20.000       ; 0.487      ; 17.631     ;
; 2.857 ; g_sos3_lowpass:lowpass_inst|x_register[8]   ; g_sos3_lowpass:lowpass_inst|y_register[16] ; my_pll_inst|altpll_component|auto_generated|pll1|clk[0] ; my_pll_inst|altpll_component|auto_generated|pll1|clk[0] ; 20.000       ; 0.487      ; 17.631     ;
; 2.857 ; g_sos3_lowpass:lowpass_inst|x_register[9]   ; g_sos3_lowpass:lowpass_inst|y_register[16] ; my_pll_inst|altpll_component|auto_generated|pll1|clk[0] ; my_pll_inst|altpll_component|auto_generated|pll1|clk[0] ; 20.000       ; 0.487      ; 17.631     ;
; 2.857 ; g_sos3_lowpass:lowpass_inst|x_register[10]  ; g_sos3_lowpass:lowpass_inst|y_register[16] ; my_pll_inst|altpll_component|auto_generated|pll1|clk[0] ; my_pll_inst|altpll_component|auto_generated|pll1|clk[0] ; 20.000       ; 0.487      ; 17.631     ;
; 2.857 ; g_sos3_lowpass:lowpass_inst|x_register[11]  ; g_sos3_lowpass:lowpass_inst|y_register[16] ; my_pll_inst|altpll_component|auto_generated|pll1|clk[0] ; my_pll_inst|altpll_component|auto_generated|pll1|clk[0] ; 20.000       ; 0.487      ; 17.631     ;
; 2.857 ; g_sos3_lowpass:lowpass_inst|x_register[12]  ; g_sos3_lowpass:lowpass_inst|y_register[16] ; my_pll_inst|altpll_component|auto_generated|pll1|clk[0] ; my_pll_inst|altpll_component|auto_generated|pll1|clk[0] ; 20.000       ; 0.487      ; 17.631     ;
; 2.857 ; g_sos3_lowpass:lowpass_inst|x_register[13]  ; g_sos3_lowpass:lowpass_inst|y_register[16] ; my_pll_inst|altpll_component|auto_generated|pll1|clk[0] ; my_pll_inst|altpll_component|auto_generated|pll1|clk[0] ; 20.000       ; 0.487      ; 17.631     ;
; 2.857 ; g_sos3_lowpass:lowpass_inst|x_register[14]  ; g_sos3_lowpass:lowpass_inst|y_register[16] ; my_pll_inst|altpll_component|auto_generated|pll1|clk[0] ; my_pll_inst|altpll_component|auto_generated|pll1|clk[0] ; 20.000       ; 0.487      ; 17.631     ;
; 2.857 ; g_sos3_lowpass:lowpass_inst|x_register[15]  ; g_sos3_lowpass:lowpass_inst|y_register[16] ; my_pll_inst|altpll_component|auto_generated|pll1|clk[0] ; my_pll_inst|altpll_component|auto_generated|pll1|clk[0] ; 20.000       ; 0.487      ; 17.631     ;
; 2.857 ; g_sos3_lowpass:lowpass_inst|x_register[16]  ; g_sos3_lowpass:lowpass_inst|y_register[16] ; my_pll_inst|altpll_component|auto_generated|pll1|clk[0] ; my_pll_inst|altpll_component|auto_generated|pll1|clk[0] ; 20.000       ; 0.487      ; 17.631     ;
; 2.857 ; g_sos3_lowpass:lowpass_inst|x_register[17]  ; g_sos3_lowpass:lowpass_inst|y_register[16] ; my_pll_inst|altpll_component|auto_generated|pll1|clk[0] ; my_pll_inst|altpll_component|auto_generated|pll1|clk[0] ; 20.000       ; 0.487      ; 17.631     ;
; 2.921 ; g_sos3_lowpass:lowpass_inst|b0_register[1]  ; g_sos3_lowpass:lowpass_inst|y_register[16] ; my_pll_inst|altpll_component|auto_generated|pll1|clk[0] ; my_pll_inst|altpll_component|auto_generated|pll1|clk[0] ; 20.000       ; 0.487      ; 17.567     ;
; 2.921 ; g_sos3_lowpass:lowpass_inst|b0_register[2]  ; g_sos3_lowpass:lowpass_inst|y_register[16] ; my_pll_inst|altpll_component|auto_generated|pll1|clk[0] ; my_pll_inst|altpll_component|auto_generated|pll1|clk[0] ; 20.000       ; 0.487      ; 17.567     ;
; 2.921 ; g_sos3_lowpass:lowpass_inst|b0_register[3]  ; g_sos3_lowpass:lowpass_inst|y_register[16] ; my_pll_inst|altpll_component|auto_generated|pll1|clk[0] ; my_pll_inst|altpll_component|auto_generated|pll1|clk[0] ; 20.000       ; 0.487      ; 17.567     ;
; 2.921 ; g_sos3_lowpass:lowpass_inst|b0_register[5]  ; g_sos3_lowpass:lowpass_inst|y_register[16] ; my_pll_inst|altpll_component|auto_generated|pll1|clk[0] ; my_pll_inst|altpll_component|auto_generated|pll1|clk[0] ; 20.000       ; 0.487      ; 17.567     ;
; 2.921 ; g_sos3_lowpass:lowpass_inst|b0_register[6]  ; g_sos3_lowpass:lowpass_inst|y_register[16] ; my_pll_inst|altpll_component|auto_generated|pll1|clk[0] ; my_pll_inst|altpll_component|auto_generated|pll1|clk[0] ; 20.000       ; 0.487      ; 17.567     ;
; 2.921 ; g_sos3_lowpass:lowpass_inst|b0_register[7]  ; g_sos3_lowpass:lowpass_inst|y_register[16] ; my_pll_inst|altpll_component|auto_generated|pll1|clk[0] ; my_pll_inst|altpll_component|auto_generated|pll1|clk[0] ; 20.000       ; 0.487      ; 17.567     ;
; 2.921 ; g_sos3_lowpass:lowpass_inst|b0_register[16] ; g_sos3_lowpass:lowpass_inst|y_register[16] ; my_pll_inst|altpll_component|auto_generated|pll1|clk[0] ; my_pll_inst|altpll_component|auto_generated|pll1|clk[0] ; 20.000       ; 0.487      ; 17.567     ;
; 3.213 ; g_sos3_lowpass:lowpass_inst|x_register[0]   ; g_sos3_lowpass:lowpass_inst|y_register[11] ; my_pll_inst|altpll_component|auto_generated|pll1|clk[0] ; my_pll_inst|altpll_component|auto_generated|pll1|clk[0] ; 20.000       ; 0.566      ; 17.354     ;
; 3.213 ; g_sos3_lowpass:lowpass_inst|x_register[0]   ; g_sos3_lowpass:lowpass_inst|y_register[4]  ; my_pll_inst|altpll_component|auto_generated|pll1|clk[0] ; my_pll_inst|altpll_component|auto_generated|pll1|clk[0] ; 20.000       ; 0.566      ; 17.354     ;
; 3.213 ; g_sos3_lowpass:lowpass_inst|x_register[1]   ; g_sos3_lowpass:lowpass_inst|y_register[11] ; my_pll_inst|altpll_component|auto_generated|pll1|clk[0] ; my_pll_inst|altpll_component|auto_generated|pll1|clk[0] ; 20.000       ; 0.566      ; 17.354     ;
; 3.213 ; g_sos3_lowpass:lowpass_inst|x_register[2]   ; g_sos3_lowpass:lowpass_inst|y_register[11] ; my_pll_inst|altpll_component|auto_generated|pll1|clk[0] ; my_pll_inst|altpll_component|auto_generated|pll1|clk[0] ; 20.000       ; 0.566      ; 17.354     ;
; 3.213 ; g_sos3_lowpass:lowpass_inst|x_register[3]   ; g_sos3_lowpass:lowpass_inst|y_register[11] ; my_pll_inst|altpll_component|auto_generated|pll1|clk[0] ; my_pll_inst|altpll_component|auto_generated|pll1|clk[0] ; 20.000       ; 0.566      ; 17.354     ;
; 3.213 ; g_sos3_lowpass:lowpass_inst|x_register[4]   ; g_sos3_lowpass:lowpass_inst|y_register[11] ; my_pll_inst|altpll_component|auto_generated|pll1|clk[0] ; my_pll_inst|altpll_component|auto_generated|pll1|clk[0] ; 20.000       ; 0.566      ; 17.354     ;
; 3.213 ; g_sos3_lowpass:lowpass_inst|x_register[5]   ; g_sos3_lowpass:lowpass_inst|y_register[11] ; my_pll_inst|altpll_component|auto_generated|pll1|clk[0] ; my_pll_inst|altpll_component|auto_generated|pll1|clk[0] ; 20.000       ; 0.566      ; 17.354     ;
; 3.213 ; g_sos3_lowpass:lowpass_inst|x_register[6]   ; g_sos3_lowpass:lowpass_inst|y_register[11] ; my_pll_inst|altpll_component|auto_generated|pll1|clk[0] ; my_pll_inst|altpll_component|auto_generated|pll1|clk[0] ; 20.000       ; 0.566      ; 17.354     ;
; 3.213 ; g_sos3_lowpass:lowpass_inst|x_register[7]   ; g_sos3_lowpass:lowpass_inst|y_register[11] ; my_pll_inst|altpll_component|auto_generated|pll1|clk[0] ; my_pll_inst|altpll_component|auto_generated|pll1|clk[0] ; 20.000       ; 0.566      ; 17.354     ;
; 3.213 ; g_sos3_lowpass:lowpass_inst|x_register[8]   ; g_sos3_lowpass:lowpass_inst|y_register[11] ; my_pll_inst|altpll_component|auto_generated|pll1|clk[0] ; my_pll_inst|altpll_component|auto_generated|pll1|clk[0] ; 20.000       ; 0.566      ; 17.354     ;
; 3.213 ; g_sos3_lowpass:lowpass_inst|x_register[9]   ; g_sos3_lowpass:lowpass_inst|y_register[11] ; my_pll_inst|altpll_component|auto_generated|pll1|clk[0] ; my_pll_inst|altpll_component|auto_generated|pll1|clk[0] ; 20.000       ; 0.566      ; 17.354     ;
; 3.213 ; g_sos3_lowpass:lowpass_inst|x_register[10]  ; g_sos3_lowpass:lowpass_inst|y_register[11] ; my_pll_inst|altpll_component|auto_generated|pll1|clk[0] ; my_pll_inst|altpll_component|auto_generated|pll1|clk[0] ; 20.000       ; 0.566      ; 17.354     ;
; 3.213 ; g_sos3_lowpass:lowpass_inst|x_register[11]  ; g_sos3_lowpass:lowpass_inst|y_register[11] ; my_pll_inst|altpll_component|auto_generated|pll1|clk[0] ; my_pll_inst|altpll_component|auto_generated|pll1|clk[0] ; 20.000       ; 0.566      ; 17.354     ;
; 3.213 ; g_sos3_lowpass:lowpass_inst|x_register[12]  ; g_sos3_lowpass:lowpass_inst|y_register[11] ; my_pll_inst|altpll_component|auto_generated|pll1|clk[0] ; my_pll_inst|altpll_component|auto_generated|pll1|clk[0] ; 20.000       ; 0.566      ; 17.354     ;
; 3.213 ; g_sos3_lowpass:lowpass_inst|x_register[13]  ; g_sos3_lowpass:lowpass_inst|y_register[11] ; my_pll_inst|altpll_component|auto_generated|pll1|clk[0] ; my_pll_inst|altpll_component|auto_generated|pll1|clk[0] ; 20.000       ; 0.566      ; 17.354     ;
; 3.213 ; g_sos3_lowpass:lowpass_inst|x_register[14]  ; g_sos3_lowpass:lowpass_inst|y_register[11] ; my_pll_inst|altpll_component|auto_generated|pll1|clk[0] ; my_pll_inst|altpll_component|auto_generated|pll1|clk[0] ; 20.000       ; 0.566      ; 17.354     ;
; 3.213 ; g_sos3_lowpass:lowpass_inst|x_register[15]  ; g_sos3_lowpass:lowpass_inst|y_register[11] ; my_pll_inst|altpll_component|auto_generated|pll1|clk[0] ; my_pll_inst|altpll_component|auto_generated|pll1|clk[0] ; 20.000       ; 0.566      ; 17.354     ;
; 3.213 ; g_sos3_lowpass:lowpass_inst|x_register[16]  ; g_sos3_lowpass:lowpass_inst|y_register[11] ; my_pll_inst|altpll_component|auto_generated|pll1|clk[0] ; my_pll_inst|altpll_component|auto_generated|pll1|clk[0] ; 20.000       ; 0.566      ; 17.354     ;
; 3.213 ; g_sos3_lowpass:lowpass_inst|x_register[17]  ; g_sos3_lowpass:lowpass_inst|y_register[11] ; my_pll_inst|altpll_component|auto_generated|pll1|clk[0] ; my_pll_inst|altpll_component|auto_generated|pll1|clk[0] ; 20.000       ; 0.566      ; 17.354     ;
; 3.213 ; g_sos3_lowpass:lowpass_inst|x_register[1]   ; g_sos3_lowpass:lowpass_inst|y_register[4]  ; my_pll_inst|altpll_component|auto_generated|pll1|clk[0] ; my_pll_inst|altpll_component|auto_generated|pll1|clk[0] ; 20.000       ; 0.566      ; 17.354     ;
; 3.213 ; g_sos3_lowpass:lowpass_inst|x_register[2]   ; g_sos3_lowpass:lowpass_inst|y_register[4]  ; my_pll_inst|altpll_component|auto_generated|pll1|clk[0] ; my_pll_inst|altpll_component|auto_generated|pll1|clk[0] ; 20.000       ; 0.566      ; 17.354     ;
; 3.213 ; g_sos3_lowpass:lowpass_inst|x_register[3]   ; g_sos3_lowpass:lowpass_inst|y_register[4]  ; my_pll_inst|altpll_component|auto_generated|pll1|clk[0] ; my_pll_inst|altpll_component|auto_generated|pll1|clk[0] ; 20.000       ; 0.566      ; 17.354     ;
; 3.213 ; g_sos3_lowpass:lowpass_inst|x_register[4]   ; g_sos3_lowpass:lowpass_inst|y_register[4]  ; my_pll_inst|altpll_component|auto_generated|pll1|clk[0] ; my_pll_inst|altpll_component|auto_generated|pll1|clk[0] ; 20.000       ; 0.566      ; 17.354     ;
; 3.213 ; g_sos3_lowpass:lowpass_inst|x_register[5]   ; g_sos3_lowpass:lowpass_inst|y_register[4]  ; my_pll_inst|altpll_component|auto_generated|pll1|clk[0] ; my_pll_inst|altpll_component|auto_generated|pll1|clk[0] ; 20.000       ; 0.566      ; 17.354     ;
; 3.213 ; g_sos3_lowpass:lowpass_inst|x_register[6]   ; g_sos3_lowpass:lowpass_inst|y_register[4]  ; my_pll_inst|altpll_component|auto_generated|pll1|clk[0] ; my_pll_inst|altpll_component|auto_generated|pll1|clk[0] ; 20.000       ; 0.566      ; 17.354     ;
; 3.213 ; g_sos3_lowpass:lowpass_inst|x_register[7]   ; g_sos3_lowpass:lowpass_inst|y_register[4]  ; my_pll_inst|altpll_component|auto_generated|pll1|clk[0] ; my_pll_inst|altpll_component|auto_generated|pll1|clk[0] ; 20.000       ; 0.566      ; 17.354     ;
; 3.213 ; g_sos3_lowpass:lowpass_inst|x_register[8]   ; g_sos3_lowpass:lowpass_inst|y_register[4]  ; my_pll_inst|altpll_component|auto_generated|pll1|clk[0] ; my_pll_inst|altpll_component|auto_generated|pll1|clk[0] ; 20.000       ; 0.566      ; 17.354     ;
; 3.213 ; g_sos3_lowpass:lowpass_inst|x_register[9]   ; g_sos3_lowpass:lowpass_inst|y_register[4]  ; my_pll_inst|altpll_component|auto_generated|pll1|clk[0] ; my_pll_inst|altpll_component|auto_generated|pll1|clk[0] ; 20.000       ; 0.566      ; 17.354     ;
; 3.213 ; g_sos3_lowpass:lowpass_inst|x_register[10]  ; g_sos3_lowpass:lowpass_inst|y_register[4]  ; my_pll_inst|altpll_component|auto_generated|pll1|clk[0] ; my_pll_inst|altpll_component|auto_generated|pll1|clk[0] ; 20.000       ; 0.566      ; 17.354     ;
; 3.213 ; g_sos3_lowpass:lowpass_inst|x_register[11]  ; g_sos3_lowpass:lowpass_inst|y_register[4]  ; my_pll_inst|altpll_component|auto_generated|pll1|clk[0] ; my_pll_inst|altpll_component|auto_generated|pll1|clk[0] ; 20.000       ; 0.566      ; 17.354     ;
; 3.213 ; g_sos3_lowpass:lowpass_inst|x_register[12]  ; g_sos3_lowpass:lowpass_inst|y_register[4]  ; my_pll_inst|altpll_component|auto_generated|pll1|clk[0] ; my_pll_inst|altpll_component|auto_generated|pll1|clk[0] ; 20.000       ; 0.566      ; 17.354     ;
; 3.213 ; g_sos3_lowpass:lowpass_inst|x_register[13]  ; g_sos3_lowpass:lowpass_inst|y_register[4]  ; my_pll_inst|altpll_component|auto_generated|pll1|clk[0] ; my_pll_inst|altpll_component|auto_generated|pll1|clk[0] ; 20.000       ; 0.566      ; 17.354     ;
; 3.213 ; g_sos3_lowpass:lowpass_inst|x_register[14]  ; g_sos3_lowpass:lowpass_inst|y_register[4]  ; my_pll_inst|altpll_component|auto_generated|pll1|clk[0] ; my_pll_inst|altpll_component|auto_generated|pll1|clk[0] ; 20.000       ; 0.566      ; 17.354     ;
; 3.213 ; g_sos3_lowpass:lowpass_inst|x_register[15]  ; g_sos3_lowpass:lowpass_inst|y_register[4]  ; my_pll_inst|altpll_component|auto_generated|pll1|clk[0] ; my_pll_inst|altpll_component|auto_generated|pll1|clk[0] ; 20.000       ; 0.566      ; 17.354     ;
; 3.213 ; g_sos3_lowpass:lowpass_inst|x_register[16]  ; g_sos3_lowpass:lowpass_inst|y_register[4]  ; my_pll_inst|altpll_component|auto_generated|pll1|clk[0] ; my_pll_inst|altpll_component|auto_generated|pll1|clk[0] ; 20.000       ; 0.566      ; 17.354     ;
; 3.213 ; g_sos3_lowpass:lowpass_inst|x_register[17]  ; g_sos3_lowpass:lowpass_inst|y_register[4]  ; my_pll_inst|altpll_component|auto_generated|pll1|clk[0] ; my_pll_inst|altpll_component|auto_generated|pll1|clk[0] ; 20.000       ; 0.566      ; 17.354     ;
; 3.214 ; g_sos3_lowpass:lowpass_inst|x_register[0]   ; g_sos3_lowpass:lowpass_inst|y_register[8]  ; my_pll_inst|altpll_component|auto_generated|pll1|clk[0] ; my_pll_inst|altpll_component|auto_generated|pll1|clk[0] ; 20.000       ; 0.566      ; 17.353     ;
; 3.214 ; g_sos3_lowpass:lowpass_inst|x_register[0]   ; g_sos3_lowpass:lowpass_inst|y_register[7]  ; my_pll_inst|altpll_component|auto_generated|pll1|clk[0] ; my_pll_inst|altpll_component|auto_generated|pll1|clk[0] ; 20.000       ; 0.566      ; 17.353     ;
; 3.214 ; g_sos3_lowpass:lowpass_inst|x_register[1]   ; g_sos3_lowpass:lowpass_inst|y_register[8]  ; my_pll_inst|altpll_component|auto_generated|pll1|clk[0] ; my_pll_inst|altpll_component|auto_generated|pll1|clk[0] ; 20.000       ; 0.566      ; 17.353     ;
; 3.214 ; g_sos3_lowpass:lowpass_inst|x_register[2]   ; g_sos3_lowpass:lowpass_inst|y_register[8]  ; my_pll_inst|altpll_component|auto_generated|pll1|clk[0] ; my_pll_inst|altpll_component|auto_generated|pll1|clk[0] ; 20.000       ; 0.566      ; 17.353     ;
; 3.214 ; g_sos3_lowpass:lowpass_inst|x_register[3]   ; g_sos3_lowpass:lowpass_inst|y_register[8]  ; my_pll_inst|altpll_component|auto_generated|pll1|clk[0] ; my_pll_inst|altpll_component|auto_generated|pll1|clk[0] ; 20.000       ; 0.566      ; 17.353     ;
; 3.214 ; g_sos3_lowpass:lowpass_inst|x_register[4]   ; g_sos3_lowpass:lowpass_inst|y_register[8]  ; my_pll_inst|altpll_component|auto_generated|pll1|clk[0] ; my_pll_inst|altpll_component|auto_generated|pll1|clk[0] ; 20.000       ; 0.566      ; 17.353     ;
; 3.214 ; g_sos3_lowpass:lowpass_inst|x_register[5]   ; g_sos3_lowpass:lowpass_inst|y_register[8]  ; my_pll_inst|altpll_component|auto_generated|pll1|clk[0] ; my_pll_inst|altpll_component|auto_generated|pll1|clk[0] ; 20.000       ; 0.566      ; 17.353     ;
; 3.214 ; g_sos3_lowpass:lowpass_inst|x_register[6]   ; g_sos3_lowpass:lowpass_inst|y_register[8]  ; my_pll_inst|altpll_component|auto_generated|pll1|clk[0] ; my_pll_inst|altpll_component|auto_generated|pll1|clk[0] ; 20.000       ; 0.566      ; 17.353     ;
; 3.214 ; g_sos3_lowpass:lowpass_inst|x_register[7]   ; g_sos3_lowpass:lowpass_inst|y_register[8]  ; my_pll_inst|altpll_component|auto_generated|pll1|clk[0] ; my_pll_inst|altpll_component|auto_generated|pll1|clk[0] ; 20.000       ; 0.566      ; 17.353     ;
; 3.214 ; g_sos3_lowpass:lowpass_inst|x_register[8]   ; g_sos3_lowpass:lowpass_inst|y_register[8]  ; my_pll_inst|altpll_component|auto_generated|pll1|clk[0] ; my_pll_inst|altpll_component|auto_generated|pll1|clk[0] ; 20.000       ; 0.566      ; 17.353     ;
; 3.214 ; g_sos3_lowpass:lowpass_inst|x_register[9]   ; g_sos3_lowpass:lowpass_inst|y_register[8]  ; my_pll_inst|altpll_component|auto_generated|pll1|clk[0] ; my_pll_inst|altpll_component|auto_generated|pll1|clk[0] ; 20.000       ; 0.566      ; 17.353     ;
; 3.214 ; g_sos3_lowpass:lowpass_inst|x_register[10]  ; g_sos3_lowpass:lowpass_inst|y_register[8]  ; my_pll_inst|altpll_component|auto_generated|pll1|clk[0] ; my_pll_inst|altpll_component|auto_generated|pll1|clk[0] ; 20.000       ; 0.566      ; 17.353     ;
; 3.214 ; g_sos3_lowpass:lowpass_inst|x_register[11]  ; g_sos3_lowpass:lowpass_inst|y_register[8]  ; my_pll_inst|altpll_component|auto_generated|pll1|clk[0] ; my_pll_inst|altpll_component|auto_generated|pll1|clk[0] ; 20.000       ; 0.566      ; 17.353     ;
; 3.214 ; g_sos3_lowpass:lowpass_inst|x_register[12]  ; g_sos3_lowpass:lowpass_inst|y_register[8]  ; my_pll_inst|altpll_component|auto_generated|pll1|clk[0] ; my_pll_inst|altpll_component|auto_generated|pll1|clk[0] ; 20.000       ; 0.566      ; 17.353     ;
+-------+---------------------------------------------+--------------------------------------------+---------------------------------------------------------+---------------------------------------------------------+--------------+------------+------------+


+----------------------------------------------------------------------------------------------------------------------------------------------------------------------------------------+
; Slow 1200mV 85C Model Setup: 'sys_clk'                                                                                                                                                 ;
+--------+--------------------------------------------------------------------------------------+------------------+--------------+-------------+--------------+------------+------------+
; Slack  ; From Node                                                                            ; To Node          ; Launch Clock ; Latch Clock ; Relationship ; Clock Skew ; Data Delay ;
+--------+--------------------------------------------------------------------------------------+------------------+--------------+-------------+--------------+------------+------------+
; 12.511 ; RAM:ram_bank0|altsyncram:altsyncram_component|altsyncram_vkm1:auto_generated|q_b[0]  ; spi_tx_word[0]   ; sys_clk      ; sys_clk     ; 20.000       ; -0.370     ; 7.120      ;
; 12.694 ; g_spi_slave:spi_inst|rx_word[26]                                                     ; capture_busy_sys ; sys_clk      ; sys_clk     ; 20.000       ; -0.084     ; 7.223      ;
; 12.694 ; g_spi_slave:spi_inst|rx_word[26]                                                     ; capture_done_sys ; sys_clk      ; sys_clk     ; 20.000       ; -0.084     ; 7.223      ;
; 12.746 ; RAM2:ram_bank1|altsyncram:altsyncram_component|altsyncram_vkm1:auto_generated|q_b[0] ; spi_tx_word[0]   ; sys_clk      ; sys_clk     ; 20.000       ; -0.370     ; 6.885      ;
; 12.842 ; g_spi_slave:spi_inst|rx_word[31]                                                     ; capture_busy_sys ; sys_clk      ; sys_clk     ; 20.000       ; -0.091     ; 7.068      ;
; 12.842 ; g_spi_slave:spi_inst|rx_word[31]                                                     ; capture_done_sys ; sys_clk      ; sys_clk     ; 20.000       ; -0.091     ; 7.068      ;
; 12.854 ; g_spi_slave:spi_inst|rx_word[27]                                                     ; capture_busy_sys ; sys_clk      ; sys_clk     ; 20.000       ; -0.091     ; 7.056      ;
; 12.854 ; g_spi_slave:spi_inst|rx_word[27]                                                     ; capture_done_sys ; sys_clk      ; sys_clk     ; 20.000       ; -0.091     ; 7.056      ;
; 13.251 ; g_spi_slave:spi_inst|rx_word[26]                                                     ; spi_tx_word[26]  ; sys_clk      ; sys_clk     ; 20.000       ; -0.107     ; 6.643      ;
; 13.251 ; g_spi_slave:spi_inst|rx_word[26]                                                     ; spi_tx_word[17]  ; sys_clk      ; sys_clk     ; 20.000       ; -0.107     ; 6.643      ;
; 13.251 ; g_spi_slave:spi_inst|rx_word[26]                                                     ; spi_tx_word[18]  ; sys_clk      ; sys_clk     ; 20.000       ; -0.107     ; 6.643      ;
; 13.251 ; g_spi_slave:spi_inst|rx_word[26]                                                     ; spi_tx_word[19]  ; sys_clk      ; sys_clk     ; 20.000       ; -0.107     ; 6.643      ;
; 13.317 ; g_spi_slave:spi_inst|rx_word[26]                                                     ; spi_tx_word[15]  ; sys_clk      ; sys_clk     ; 20.000       ; -0.106     ; 6.578      ;
; 13.317 ; g_spi_slave:spi_inst|rx_word[26]                                                     ; spi_tx_word[3]   ; sys_clk      ; sys_clk     ; 20.000       ; -0.106     ; 6.578      ;
; 13.317 ; g_spi_slave:spi_inst|rx_word[26]                                                     ; spi_tx_word[11]  ; sys_clk      ; sys_clk     ; 20.000       ; -0.106     ; 6.578      ;
; 13.317 ; g_spi_slave:spi_inst|rx_word[26]                                                     ; spi_tx_word[14]  ; sys_clk      ; sys_clk     ; 20.000       ; -0.106     ; 6.578      ;
; 13.326 ; g_spi_slave:spi_inst|rx_word[30]                                                     ; capture_busy_sys ; sys_clk      ; sys_clk     ; 20.000       ; -0.091     ; 6.584      ;
; 13.326 ; g_spi_slave:spi_inst|rx_word[30]                                                     ; capture_done_sys ; sys_clk      ; sys_clk     ; 20.000       ; -0.091     ; 6.584      ;
; 13.417 ; g_spi_slave:spi_inst|rx_word[26]                                                     ; spi_tx_word[5]   ; sys_clk      ; sys_clk     ; 20.000       ; -0.082     ; 6.502      ;
; 13.458 ; g_spi_slave:spi_inst|rx_word[31]                                                     ; spi_tx_word[26]  ; sys_clk      ; sys_clk     ; 20.000       ; -0.114     ; 6.429      ;
; 13.458 ; g_spi_slave:spi_inst|rx_word[31]                                                     ; spi_tx_word[17]  ; sys_clk      ; sys_clk     ; 20.000       ; -0.114     ; 6.429      ;
; 13.458 ; g_spi_slave:spi_inst|rx_word[31]                                                     ; spi_tx_word[18]  ; sys_clk      ; sys_clk     ; 20.000       ; -0.114     ; 6.429      ;
; 13.458 ; g_spi_slave:spi_inst|rx_word[31]                                                     ; spi_tx_word[19]  ; sys_clk      ; sys_clk     ; 20.000       ; -0.114     ; 6.429      ;
; 13.474 ; g_spi_slave:spi_inst|rx_word[27]                                                     ; spi_tx_word[26]  ; sys_clk      ; sys_clk     ; 20.000       ; -0.114     ; 6.413      ;
; 13.474 ; g_spi_slave:spi_inst|rx_word[27]                                                     ; spi_tx_word[17]  ; sys_clk      ; sys_clk     ; 20.000       ; -0.114     ; 6.413      ;
; 13.474 ; g_spi_slave:spi_inst|rx_word[27]                                                     ; spi_tx_word[18]  ; sys_clk      ; sys_clk     ; 20.000       ; -0.114     ; 6.413      ;
; 13.474 ; g_spi_slave:spi_inst|rx_word[27]                                                     ; spi_tx_word[19]  ; sys_clk      ; sys_clk     ; 20.000       ; -0.114     ; 6.413      ;
; 13.524 ; g_spi_slave:spi_inst|rx_word[31]                                                     ; spi_tx_word[15]  ; sys_clk      ; sys_clk     ; 20.000       ; -0.113     ; 6.364      ;
; 13.524 ; g_spi_slave:spi_inst|rx_word[31]                                                     ; spi_tx_word[3]   ; sys_clk      ; sys_clk     ; 20.000       ; -0.113     ; 6.364      ;
; 13.524 ; g_spi_slave:spi_inst|rx_word[31]                                                     ; spi_tx_word[11]  ; sys_clk      ; sys_clk     ; 20.000       ; -0.113     ; 6.364      ;
; 13.524 ; g_spi_slave:spi_inst|rx_word[31]                                                     ; spi_tx_word[14]  ; sys_clk      ; sys_clk     ; 20.000       ; -0.113     ; 6.364      ;
; 13.540 ; g_spi_slave:spi_inst|rx_word[27]                                                     ; spi_tx_word[15]  ; sys_clk      ; sys_clk     ; 20.000       ; -0.113     ; 6.348      ;
; 13.540 ; g_spi_slave:spi_inst|rx_word[27]                                                     ; spi_tx_word[3]   ; sys_clk      ; sys_clk     ; 20.000       ; -0.113     ; 6.348      ;
; 13.540 ; g_spi_slave:spi_inst|rx_word[27]                                                     ; spi_tx_word[11]  ; sys_clk      ; sys_clk     ; 20.000       ; -0.113     ; 6.348      ;
; 13.540 ; g_spi_slave:spi_inst|rx_word[27]                                                     ; spi_tx_word[14]  ; sys_clk      ; sys_clk     ; 20.000       ; -0.113     ; 6.348      ;
; 13.548 ; g_spi_slave:spi_inst|rx_word[26]                                                     ; spi_tx_word[9]   ; sys_clk      ; sys_clk     ; 20.000       ; -0.084     ; 6.369      ;
; 13.606 ; g_spi_slave:spi_inst|rx_word[26]                                                     ; spi_tx_word[6]   ; sys_clk      ; sys_clk     ; 20.000       ; -0.082     ; 6.313      ;
; 13.606 ; g_spi_slave:spi_inst|rx_word[26]                                                     ; spi_tx_word[7]   ; sys_clk      ; sys_clk     ; 20.000       ; -0.082     ; 6.313      ;
; 13.606 ; g_spi_slave:spi_inst|rx_word[26]                                                     ; spi_tx_word[10]  ; sys_clk      ; sys_clk     ; 20.000       ; -0.082     ; 6.313      ;
; 13.624 ; g_spi_slave:spi_inst|rx_word[31]                                                     ; spi_tx_word[5]   ; sys_clk      ; sys_clk     ; 20.000       ; -0.089     ; 6.288      ;
; 13.640 ; g_spi_slave:spi_inst|rx_word[27]                                                     ; spi_tx_word[5]   ; sys_clk      ; sys_clk     ; 20.000       ; -0.089     ; 6.272      ;
; 13.671 ; g_spi_slave:spi_inst|rx_word[29]                                                     ; capture_busy_sys ; sys_clk      ; sys_clk     ; 20.000       ; -0.090     ; 6.240      ;
; 13.671 ; g_spi_slave:spi_inst|rx_word[29]                                                     ; capture_done_sys ; sys_clk      ; sys_clk     ; 20.000       ; -0.090     ; 6.240      ;
; 13.676 ; g_spi_slave:spi_inst|rx_word[26]                                                     ; spi_tx_word[31]  ; sys_clk      ; sys_clk     ; 20.000       ; -0.083     ; 6.242      ;
; 13.676 ; g_spi_slave:spi_inst|rx_word[26]                                                     ; spi_tx_word[24]  ; sys_clk      ; sys_clk     ; 20.000       ; -0.083     ; 6.242      ;
; 13.676 ; g_spi_slave:spi_inst|rx_word[26]                                                     ; spi_tx_word[20]  ; sys_clk      ; sys_clk     ; 20.000       ; -0.083     ; 6.242      ;
; 13.676 ; g_spi_slave:spi_inst|rx_word[26]                                                     ; spi_tx_word[16]  ; sys_clk      ; sys_clk     ; 20.000       ; -0.083     ; 6.242      ;
; 13.676 ; g_spi_slave:spi_inst|rx_word[26]                                                     ; spi_tx_word[23]  ; sys_clk      ; sys_clk     ; 20.000       ; -0.083     ; 6.242      ;
; 13.676 ; g_spi_slave:spi_inst|rx_word[26]                                                     ; spi_tx_word[27]  ; sys_clk      ; sys_clk     ; 20.000       ; -0.083     ; 6.242      ;
; 13.676 ; g_spi_slave:spi_inst|rx_word[26]                                                     ; spi_tx_word[29]  ; sys_clk      ; sys_clk     ; 20.000       ; -0.083     ; 6.242      ;
; 13.676 ; g_spi_slave:spi_inst|rx_word[26]                                                     ; spi_tx_word[30]  ; sys_clk      ; sys_clk     ; 20.000       ; -0.083     ; 6.242      ;
; 13.702 ; g_spi_slave:spi_inst|rx_word[26]                                                     ; spi_tx_word[8]   ; sys_clk      ; sys_clk     ; 20.000       ; -0.084     ; 6.215      ;
; 13.723 ; g_spi_slave:spi_inst|rx_word[26]                                                     ; spi_tx_word[4]   ; sys_clk      ; sys_clk     ; 20.000       ; -0.075     ; 6.203      ;
; 13.723 ; g_spi_slave:spi_inst|rx_word[26]                                                     ; spi_tx_word[12]  ; sys_clk      ; sys_clk     ; 20.000       ; -0.075     ; 6.203      ;
; 13.723 ; g_spi_slave:spi_inst|rx_word[26]                                                     ; spi_tx_word[28]  ; sys_clk      ; sys_clk     ; 20.000       ; -0.075     ; 6.203      ;
; 13.723 ; g_spi_slave:spi_inst|rx_word[26]                                                     ; spi_tx_word[25]  ; sys_clk      ; sys_clk     ; 20.000       ; -0.075     ; 6.203      ;
; 13.723 ; g_spi_slave:spi_inst|rx_word[26]                                                     ; spi_tx_word[22]  ; sys_clk      ; sys_clk     ; 20.000       ; -0.075     ; 6.203      ;
; 13.755 ; g_spi_slave:spi_inst|rx_word[31]                                                     ; spi_tx_word[9]   ; sys_clk      ; sys_clk     ; 20.000       ; -0.091     ; 6.155      ;
; 13.771 ; g_spi_slave:spi_inst|rx_word[27]                                                     ; spi_tx_word[9]   ; sys_clk      ; sys_clk     ; 20.000       ; -0.091     ; 6.139      ;
; 13.813 ; g_spi_slave:spi_inst|rx_word[31]                                                     ; spi_tx_word[6]   ; sys_clk      ; sys_clk     ; 20.000       ; -0.089     ; 6.099      ;
; 13.813 ; g_spi_slave:spi_inst|rx_word[31]                                                     ; spi_tx_word[7]   ; sys_clk      ; sys_clk     ; 20.000       ; -0.089     ; 6.099      ;
; 13.813 ; g_spi_slave:spi_inst|rx_word[31]                                                     ; spi_tx_word[10]  ; sys_clk      ; sys_clk     ; 20.000       ; -0.089     ; 6.099      ;
; 13.829 ; g_spi_slave:spi_inst|rx_word[27]                                                     ; spi_tx_word[6]   ; sys_clk      ; sys_clk     ; 20.000       ; -0.089     ; 6.083      ;
; 13.829 ; g_spi_slave:spi_inst|rx_word[27]                                                     ; spi_tx_word[7]   ; sys_clk      ; sys_clk     ; 20.000       ; -0.089     ; 6.083      ;
; 13.829 ; g_spi_slave:spi_inst|rx_word[27]                                                     ; spi_tx_word[10]  ; sys_clk      ; sys_clk     ; 20.000       ; -0.089     ; 6.083      ;
; 13.851 ; g_spi_slave:spi_inst|rx_word[30]                                                     ; spi_tx_word[26]  ; sys_clk      ; sys_clk     ; 20.000       ; -0.114     ; 6.036      ;
; 13.851 ; g_spi_slave:spi_inst|rx_word[30]                                                     ; spi_tx_word[17]  ; sys_clk      ; sys_clk     ; 20.000       ; -0.114     ; 6.036      ;
; 13.851 ; g_spi_slave:spi_inst|rx_word[30]                                                     ; spi_tx_word[18]  ; sys_clk      ; sys_clk     ; 20.000       ; -0.114     ; 6.036      ;
; 13.851 ; g_spi_slave:spi_inst|rx_word[30]                                                     ; spi_tx_word[19]  ; sys_clk      ; sys_clk     ; 20.000       ; -0.114     ; 6.036      ;
; 13.883 ; g_spi_slave:spi_inst|rx_word[31]                                                     ; spi_tx_word[31]  ; sys_clk      ; sys_clk     ; 20.000       ; -0.090     ; 6.028      ;
; 13.883 ; g_spi_slave:spi_inst|rx_word[31]                                                     ; spi_tx_word[24]  ; sys_clk      ; sys_clk     ; 20.000       ; -0.090     ; 6.028      ;
; 13.883 ; g_spi_slave:spi_inst|rx_word[31]                                                     ; spi_tx_word[20]  ; sys_clk      ; sys_clk     ; 20.000       ; -0.090     ; 6.028      ;
; 13.883 ; g_spi_slave:spi_inst|rx_word[31]                                                     ; spi_tx_word[16]  ; sys_clk      ; sys_clk     ; 20.000       ; -0.090     ; 6.028      ;
; 13.883 ; g_spi_slave:spi_inst|rx_word[31]                                                     ; spi_tx_word[23]  ; sys_clk      ; sys_clk     ; 20.000       ; -0.090     ; 6.028      ;
; 13.883 ; g_spi_slave:spi_inst|rx_word[31]                                                     ; spi_tx_word[27]  ; sys_clk      ; sys_clk     ; 20.000       ; -0.090     ; 6.028      ;
; 13.883 ; g_spi_slave:spi_inst|rx_word[31]                                                     ; spi_tx_word[29]  ; sys_clk      ; sys_clk     ; 20.000       ; -0.090     ; 6.028      ;
; 13.883 ; g_spi_slave:spi_inst|rx_word[31]                                                     ; spi_tx_word[30]  ; sys_clk      ; sys_clk     ; 20.000       ; -0.090     ; 6.028      ;
; 13.898 ; g_spi_slave:spi_inst|rx_word[24]                                                     ; spi_tx_word[26]  ; sys_clk      ; sys_clk     ; 20.000       ; -0.107     ; 5.996      ;
; 13.898 ; g_spi_slave:spi_inst|rx_word[24]                                                     ; spi_tx_word[17]  ; sys_clk      ; sys_clk     ; 20.000       ; -0.107     ; 5.996      ;
; 13.898 ; g_spi_slave:spi_inst|rx_word[24]                                                     ; spi_tx_word[18]  ; sys_clk      ; sys_clk     ; 20.000       ; -0.107     ; 5.996      ;
; 13.898 ; g_spi_slave:spi_inst|rx_word[24]                                                     ; spi_tx_word[19]  ; sys_clk      ; sys_clk     ; 20.000       ; -0.107     ; 5.996      ;
; 13.899 ; g_spi_slave:spi_inst|rx_word[27]                                                     ; spi_tx_word[31]  ; sys_clk      ; sys_clk     ; 20.000       ; -0.090     ; 6.012      ;
; 13.899 ; g_spi_slave:spi_inst|rx_word[27]                                                     ; spi_tx_word[24]  ; sys_clk      ; sys_clk     ; 20.000       ; -0.090     ; 6.012      ;
; 13.899 ; g_spi_slave:spi_inst|rx_word[27]                                                     ; spi_tx_word[20]  ; sys_clk      ; sys_clk     ; 20.000       ; -0.090     ; 6.012      ;
; 13.899 ; g_spi_slave:spi_inst|rx_word[27]                                                     ; spi_tx_word[16]  ; sys_clk      ; sys_clk     ; 20.000       ; -0.090     ; 6.012      ;
; 13.899 ; g_spi_slave:spi_inst|rx_word[27]                                                     ; spi_tx_word[23]  ; sys_clk      ; sys_clk     ; 20.000       ; -0.090     ; 6.012      ;
; 13.899 ; g_spi_slave:spi_inst|rx_word[27]                                                     ; spi_tx_word[27]  ; sys_clk      ; sys_clk     ; 20.000       ; -0.090     ; 6.012      ;
; 13.899 ; g_spi_slave:spi_inst|rx_word[27]                                                     ; spi_tx_word[29]  ; sys_clk      ; sys_clk     ; 20.000       ; -0.090     ; 6.012      ;
; 13.899 ; g_spi_slave:spi_inst|rx_word[27]                                                     ; spi_tx_word[30]  ; sys_clk      ; sys_clk     ; 20.000       ; -0.090     ; 6.012      ;
; 13.901 ; g_spi_slave:spi_inst|rx_word[26]                                                     ; start_toggle_sys ; sys_clk      ; sys_clk     ; 20.000       ; -0.101     ; 5.999      ;
; 13.909 ; g_spi_slave:spi_inst|rx_word[31]                                                     ; spi_tx_word[8]   ; sys_clk      ; sys_clk     ; 20.000       ; -0.091     ; 6.001      ;
; 13.917 ; g_spi_slave:spi_inst|rx_word[30]                                                     ; spi_tx_word[15]  ; sys_clk      ; sys_clk     ; 20.000       ; -0.113     ; 5.971      ;
; 13.917 ; g_spi_slave:spi_inst|rx_word[30]                                                     ; spi_tx_word[3]   ; sys_clk      ; sys_clk     ; 20.000       ; -0.113     ; 5.971      ;
; 13.917 ; g_spi_slave:spi_inst|rx_word[30]                                                     ; spi_tx_word[11]  ; sys_clk      ; sys_clk     ; 20.000       ; -0.113     ; 5.971      ;
; 13.917 ; g_spi_slave:spi_inst|rx_word[30]                                                     ; spi_tx_word[14]  ; sys_clk      ; sys_clk     ; 20.000       ; -0.113     ; 5.971      ;
; 13.925 ; g_spi_slave:spi_inst|rx_word[27]                                                     ; spi_tx_word[8]   ; sys_clk      ; sys_clk     ; 20.000       ; -0.091     ; 5.985      ;
; 13.930 ; g_spi_slave:spi_inst|rx_word[31]                                                     ; spi_tx_word[4]   ; sys_clk      ; sys_clk     ; 20.000       ; -0.082     ; 5.989      ;
; 13.930 ; g_spi_slave:spi_inst|rx_word[31]                                                     ; spi_tx_word[12]  ; sys_clk      ; sys_clk     ; 20.000       ; -0.082     ; 5.989      ;
; 13.930 ; g_spi_slave:spi_inst|rx_word[31]                                                     ; spi_tx_word[28]  ; sys_clk      ; sys_clk     ; 20.000       ; -0.082     ; 5.989      ;
; 13.930 ; g_spi_slave:spi_inst|rx_word[31]                                                     ; spi_tx_word[25]  ; sys_clk      ; sys_clk     ; 20.000       ; -0.082     ; 5.989      ;
+--------+--------------------------------------------------------------------------------------+------------------+--------------+-------------+--------------+------------+------------+


+----------------------------------------------------------------------------------------------------------------------------------------------------------------------------------------------------------------------------------------------------------------------------------------------------------------------------------+
; Slow 1200mV 85C Model Hold: 'my_pll_inst|altpll_component|auto_generated|pll1|clk[0]'                                                                                                                                                                                                                                            ;
+-------+--------------------------------------------+----------------------------------------------------------------------------------------------------------------+---------------------------------------------------------+---------------------------------------------------------+--------------+------------+------------+
; Slack ; From Node                                  ; To Node                                                                                                        ; Launch Clock                                            ; Latch Clock                                             ; Relationship ; Clock Skew ; Data Delay ;
+-------+--------------------------------------------+----------------------------------------------------------------------------------------------------------------+---------------------------------------------------------+---------------------------------------------------------+--------------+------------+------------+
; 0.362 ; capture_addr_adc[0]                        ; RAM2:ram_bank1|altsyncram:altsyncram_component|altsyncram_vkm1:auto_generated|ram_block1a12~porta_address_reg0 ; my_pll_inst|altpll_component|auto_generated|pll1|clk[0] ; my_pll_inst|altpll_component|auto_generated|pll1|clk[0] ; 0.000        ; 0.483      ; 1.099      ;
; 0.453 ; done_toggle_adc                            ; done_toggle_adc                                                                                                ; my_pll_inst|altpll_component|auto_generated|pll1|clk[0] ; my_pll_inst|altpll_component|auto_generated|pll1|clk[0] ; 0.000        ; 0.081      ; 0.746      ;
; 0.453 ; capture_active_adc                         ; capture_active_adc                                                                                             ; my_pll_inst|altpll_component|auto_generated|pll1|clk[0] ; my_pll_inst|altpll_component|auto_generated|pll1|clk[0] ; 0.000        ; 0.081      ; 0.746      ;
; 0.453 ; analysis_decim_count[1]                    ; analysis_decim_count[1]                                                                                        ; my_pll_inst|altpll_component|auto_generated|pll1|clk[0] ; my_pll_inst|altpll_component|auto_generated|pll1|clk[0] ; 0.000        ; 0.081      ; 0.746      ;
; 0.453 ; g_cic3_decimator:cic_inst|dec_count[3]     ; g_cic3_decimator:cic_inst|dec_count[3]                                                                         ; my_pll_inst|altpll_component|auto_generated|pll1|clk[0] ; my_pll_inst|altpll_component|auto_generated|pll1|clk[0] ; 0.000        ; 0.081      ; 0.746      ;
; 0.453 ; g_cic3_decimator:cic_inst|dec_count[1]     ; g_cic3_decimator:cic_inst|dec_count[1]                                                                         ; my_pll_inst|altpll_component|auto_generated|pll1|clk[0] ; my_pll_inst|altpll_component|auto_generated|pll1|clk[0] ; 0.000        ; 0.081      ; 0.746      ;
; 0.453 ; g_cic3_decimator:cic_inst|dec_count[2]     ; g_cic3_decimator:cic_inst|dec_count[2]                                                                         ; my_pll_inst|altpll_component|auto_generated|pll1|clk[0] ; my_pll_inst|altpll_component|auto_generated|pll1|clk[0] ; 0.000        ; 0.081      ; 0.746      ;
; 0.454 ; g_sos3_lowpass:lowpass_inst|state[2]       ; g_sos3_lowpass:lowpass_inst|state[2]                                                                           ; my_pll_inst|altpll_component|auto_generated|pll1|clk[0] ; my_pll_inst|altpll_component|auto_generated|pll1|clk[0] ; 0.000        ; 0.080      ; 0.746      ;
; 0.454 ; g_sos3_lowpass:lowpass_inst|state[1]       ; g_sos3_lowpass:lowpass_inst|state[1]                                                                           ; my_pll_inst|altpll_component|auto_generated|pll1|clk[0] ; my_pll_inst|altpll_component|auto_generated|pll1|clk[0] ; 0.000        ; 0.080      ; 0.746      ;
; 0.465 ; analysis_decim_count[0]                    ; analysis_decim_count[0]                                                                                        ; my_pll_inst|altpll_component|auto_generated|pll1|clk[0] ; my_pll_inst|altpll_component|auto_generated|pll1|clk[0] ; 0.000        ; 0.081      ; 0.758      ;
; 0.465 ; g_cic3_decimator:cic_inst|dec_count[0]     ; g_cic3_decimator:cic_inst|dec_count[0]                                                                         ; my_pll_inst|altpll_component|auto_generated|pll1|clk[0] ; my_pll_inst|altpll_component|auto_generated|pll1|clk[0] ; 0.000        ; 0.081      ; 0.758      ;
; 0.466 ; g_sos3_lowpass:lowpass_inst|state[0]       ; g_sos3_lowpass:lowpass_inst|state[0]                                                                           ; my_pll_inst|altpll_component|auto_generated|pll1|clk[0] ; my_pll_inst|altpll_component|auto_generated|pll1|clk[0] ; 0.000        ; 0.080      ; 0.758      ;
; 0.498 ; g_cic3_decimator:cic_inst|dec_count[1]     ; g_cic3_decimator:cic_inst|sample_valid                                                                         ; my_pll_inst|altpll_component|auto_generated|pll1|clk[0] ; my_pll_inst|altpll_component|auto_generated|pll1|clk[0] ; 0.000        ; 0.081      ; 0.791      ;
; 0.499 ; g_cic3_decimator:cic_inst|dec_count[1]     ; g_cic3_decimator:cic_inst|dec_count[3]                                                                         ; my_pll_inst|altpll_component|auto_generated|pll1|clk[0] ; my_pll_inst|altpll_component|auto_generated|pll1|clk[0] ; 0.000        ; 0.081      ; 0.792      ;
; 0.501 ; g_sos3_lowpass:lowpass_inst|d1_0[11]       ; g_sos3_lowpass:lowpass_inst|d1_register[11]                                                                    ; my_pll_inst|altpll_component|auto_generated|pll1|clk[0] ; my_pll_inst|altpll_component|auto_generated|pll1|clk[0] ; 0.000        ; 0.081      ; 0.794      ;
; 0.501 ; g_sos3_lowpass:lowpass_inst|d1_0[10]       ; g_sos3_lowpass:lowpass_inst|d1_register[10]                                                                    ; my_pll_inst|altpll_component|auto_generated|pll1|clk[0] ; my_pll_inst|altpll_component|auto_generated|pll1|clk[0] ; 0.000        ; 0.081      ; 0.794      ;
; 0.501 ; g_sos3_lowpass:lowpass_inst|d1_0[9]        ; g_sos3_lowpass:lowpass_inst|d1_register[9]                                                                     ; my_pll_inst|altpll_component|auto_generated|pll1|clk[0] ; my_pll_inst|altpll_component|auto_generated|pll1|clk[0] ; 0.000        ; 0.081      ; 0.794      ;
; 0.501 ; g_sos3_lowpass:lowpass_inst|d2_0[12]       ; g_sos3_lowpass:lowpass_inst|d2_register[12]                                                                    ; my_pll_inst|altpll_component|auto_generated|pll1|clk[0] ; my_pll_inst|altpll_component|auto_generated|pll1|clk[0] ; 0.000        ; 0.081      ; 0.794      ;
; 0.502 ; start_toggle_adc_meta                      ; start_toggle_adc                                                                                               ; my_pll_inst|altpll_component|auto_generated|pll1|clk[0] ; my_pll_inst|altpll_component|auto_generated|pll1|clk[0] ; 0.000        ; 0.081      ; 0.795      ;
; 0.502 ; g_sos3_lowpass:lowpass_inst|d2_0[10]       ; g_sos3_lowpass:lowpass_inst|d2_register[10]                                                                    ; my_pll_inst|altpll_component|auto_generated|pll1|clk[0] ; my_pll_inst|altpll_component|auto_generated|pll1|clk[0] ; 0.000        ; 0.081      ; 0.795      ;
; 0.502 ; g_sos3_lowpass:lowpass_inst|d1_0[37]       ; g_sos3_lowpass:lowpass_inst|d1_register[37]                                                                    ; my_pll_inst|altpll_component|auto_generated|pll1|clk[0] ; my_pll_inst|altpll_component|auto_generated|pll1|clk[0] ; 0.000        ; 0.081      ; 0.795      ;
; 0.503 ; g_cic3_decimator:cic_inst|dec_count[1]     ; g_cic3_decimator:cic_inst|dec_count[2]                                                                         ; my_pll_inst|altpll_component|auto_generated|pll1|clk[0] ; my_pll_inst|altpll_component|auto_generated|pll1|clk[0] ; 0.000        ; 0.081      ; 0.796      ;
; 0.508 ; g_cic3_decimator:cic_inst|dec_count[0]     ; g_cic3_decimator:cic_inst|dec_count[1]                                                                         ; my_pll_inst|altpll_component|auto_generated|pll1|clk[0] ; my_pll_inst|altpll_component|auto_generated|pll1|clk[0] ; 0.000        ; 0.081      ; 0.801      ;
; 0.533 ; g_cic3_decimator:cic_inst|integrator3[22]  ; g_cic3_decimator:cic_inst|comb1_delay[22]                                                                      ; my_pll_inst|altpll_component|auto_generated|pll1|clk[0] ; my_pll_inst|altpll_component|auto_generated|pll1|clk[0] ; 0.000        ; 0.082      ; 0.827      ;
; 0.533 ; g_cic3_decimator:cic_inst|integrator3[21]  ; g_cic3_decimator:cic_inst|comb1_delay[21]                                                                      ; my_pll_inst|altpll_component|auto_generated|pll1|clk[0] ; my_pll_inst|altpll_component|auto_generated|pll1|clk[0] ; 0.000        ; 0.082      ; 0.827      ;
; 0.533 ; g_cic3_decimator:cic_inst|integrator3[2]   ; g_cic3_decimator:cic_inst|comb1_delay[2]                                                                       ; my_pll_inst|altpll_component|auto_generated|pll1|clk[0] ; my_pll_inst|altpll_component|auto_generated|pll1|clk[0] ; 0.000        ; 0.082      ; 0.827      ;
; 0.533 ; g_cic3_decimator:cic_inst|integrator3[1]   ; g_cic3_decimator:cic_inst|comb1_delay[1]                                                                       ; my_pll_inst|altpll_component|auto_generated|pll1|clk[0] ; my_pll_inst|altpll_component|auto_generated|pll1|clk[0] ; 0.000        ; 0.082      ; 0.827      ;
; 0.535 ; start_toggle_adc                           ; analysis_decim_count[0]                                                                                        ; my_pll_inst|altpll_component|auto_generated|pll1|clk[0] ; my_pll_inst|altpll_component|auto_generated|pll1|clk[0] ; 0.000        ; 0.081      ; 0.828      ;
; 0.535 ; g_cic3_decimator:cic_inst|integrator3[18]  ; g_cic3_decimator:cic_inst|comb1_delay[18]                                                                      ; my_pll_inst|altpll_component|auto_generated|pll1|clk[0] ; my_pll_inst|altpll_component|auto_generated|pll1|clk[0] ; 0.000        ; 0.082      ; 0.829      ;
; 0.549 ; g_cic3_decimator:cic_inst|integrator3[20]  ; g_cic3_decimator:cic_inst|comb1_delay[20]                                                                      ; my_pll_inst|altpll_component|auto_generated|pll1|clk[0] ; my_pll_inst|altpll_component|auto_generated|pll1|clk[0] ; 0.000        ; 0.082      ; 0.843      ;
; 0.551 ; start_toggle_adc                           ; start_toggle_adc_seen                                                                                          ; my_pll_inst|altpll_component|auto_generated|pll1|clk[0] ; my_pll_inst|altpll_component|auto_generated|pll1|clk[0] ; 0.000        ; 0.081      ; 0.844      ;
; 0.583 ; g_sos3_lowpass:lowpass_inst|state[2]       ; g_sos3_lowpass:lowpass_inst|state[0]                                                                           ; my_pll_inst|altpll_component|auto_generated|pll1|clk[0] ; my_pll_inst|altpll_component|auto_generated|pll1|clk[0] ; 0.000        ; 0.080      ; 0.875      ;
; 0.643 ; g_cic3_decimator:cic_inst|dec_count[3]     ; g_cic3_decimator:cic_inst|sample_valid                                                                         ; my_pll_inst|altpll_component|auto_generated|pll1|clk[0] ; my_pll_inst|altpll_component|auto_generated|pll1|clk[0] ; 0.000        ; 0.081      ; 0.936      ;
; 0.679 ; g_sos3_lowpass:lowpass_inst|d1_1[35]       ; g_sos3_lowpass:lowpass_inst|d1_register[35]                                                                    ; my_pll_inst|altpll_component|auto_generated|pll1|clk[0] ; my_pll_inst|altpll_component|auto_generated|pll1|clk[0] ; 0.000        ; 0.082      ; 0.973      ;
; 0.684 ; g_sos3_lowpass:lowpass_inst|d2_0[27]       ; g_sos3_lowpass:lowpass_inst|d2_register[27]                                                                    ; my_pll_inst|altpll_component|auto_generated|pll1|clk[0] ; my_pll_inst|altpll_component|auto_generated|pll1|clk[0] ; 0.000        ; 0.079      ; 0.975      ;
; 0.684 ; g_sos3_lowpass:lowpass_inst|d2_0[26]       ; g_sos3_lowpass:lowpass_inst|d2_register[26]                                                                    ; my_pll_inst|altpll_component|auto_generated|pll1|clk[0] ; my_pll_inst|altpll_component|auto_generated|pll1|clk[0] ; 0.000        ; 0.079      ; 0.975      ;
; 0.684 ; g_sos3_lowpass:lowpass_inst|d2_0[23]       ; g_sos3_lowpass:lowpass_inst|d2_register[23]                                                                    ; my_pll_inst|altpll_component|auto_generated|pll1|clk[0] ; my_pll_inst|altpll_component|auto_generated|pll1|clk[0] ; 0.000        ; 0.079      ; 0.975      ;
; 0.686 ; g_cic3_decimator:cic_inst|integrator1[23]  ; g_cic3_decimator:cic_inst|integrator1[23]                                                                      ; my_pll_inst|altpll_component|auto_generated|pll1|clk[0] ; my_pll_inst|altpll_component|auto_generated|pll1|clk[0] ; 0.000        ; 0.081      ; 0.979      ;
; 0.687 ; g_sos3_lowpass:lowpass_inst|d1_1[12]       ; g_sos3_lowpass:lowpass_inst|d1_register[12]                                                                    ; my_pll_inst|altpll_component|auto_generated|pll1|clk[0] ; my_pll_inst|altpll_component|auto_generated|pll1|clk[0] ; 0.000        ; 0.081      ; 0.980      ;
; 0.687 ; g_sos3_lowpass:lowpass_inst|d1_0[15]       ; g_sos3_lowpass:lowpass_inst|d1_register[15]                                                                    ; my_pll_inst|altpll_component|auto_generated|pll1|clk[0] ; my_pll_inst|altpll_component|auto_generated|pll1|clk[0] ; 0.000        ; 0.080      ; 0.979      ;
; 0.689 ; g_sos3_lowpass:lowpass_inst|d2_1[28]       ; g_sos3_lowpass:lowpass_inst|d2_register[28]                                                                    ; my_pll_inst|altpll_component|auto_generated|pll1|clk[0] ; my_pll_inst|altpll_component|auto_generated|pll1|clk[0] ; 0.000        ; 0.082      ; 0.983      ;
; 0.690 ; g_cic3_decimator:cic_inst|comb1[23]        ; g_cic3_decimator:cic_inst|comb2[23]                                                                            ; my_pll_inst|altpll_component|auto_generated|pll1|clk[0] ; my_pll_inst|altpll_component|auto_generated|pll1|clk[0] ; 0.000        ; 0.080      ; 0.982      ;
; 0.694 ; g_cic3_decimator:cic_inst|comb1[23]        ; g_cic3_decimator:cic_inst|comb2_delay[23]                                                                      ; my_pll_inst|altpll_component|auto_generated|pll1|clk[0] ; my_pll_inst|altpll_component|auto_generated|pll1|clk[0] ; 0.000        ; 0.080      ; 0.986      ;
; 0.695 ; g_sos3_lowpass:lowpass_inst|d2_1[9]        ; g_sos3_lowpass:lowpass_inst|d2_register[9]                                                                     ; my_pll_inst|altpll_component|auto_generated|pll1|clk[0] ; my_pll_inst|altpll_component|auto_generated|pll1|clk[0] ; 0.000        ; 0.080      ; 0.987      ;
; 0.695 ; g_sos3_lowpass:lowpass_inst|d1_1[34]       ; g_sos3_lowpass:lowpass_inst|d1_register[34]                                                                    ; my_pll_inst|altpll_component|auto_generated|pll1|clk[0] ; my_pll_inst|altpll_component|auto_generated|pll1|clk[0] ; 0.000        ; 0.080      ; 0.987      ;
; 0.699 ; g_cic3_decimator:cic_inst|comb1[3]         ; g_cic3_decimator:cic_inst|comb2_delay[3]                                                                       ; my_pll_inst|altpll_component|auto_generated|pll1|clk[0] ; my_pll_inst|altpll_component|auto_generated|pll1|clk[0] ; 0.000        ; 0.080      ; 0.991      ;
; 0.699 ; g_cic3_decimator:cic_inst|comb1[0]         ; g_cic3_decimator:cic_inst|comb2_delay[0]                                                                       ; my_pll_inst|altpll_component|auto_generated|pll1|clk[0] ; my_pll_inst|altpll_component|auto_generated|pll1|clk[0] ; 0.000        ; 0.080      ; 0.991      ;
; 0.706 ; capture_mode_adc_meta                      ; capture_mode_adc                                                                                               ; my_pll_inst|altpll_component|auto_generated|pll1|clk[0] ; my_pll_inst|altpll_component|auto_generated|pll1|clk[0] ; 0.000        ; 0.084      ; 1.002      ;
; 0.707 ; g_sos3_lowpass:lowpass_inst|sample_out[8]  ; RAM2:ram_bank1|altsyncram:altsyncram_component|altsyncram_vkm1:auto_generated|ram_block1a8~porta_datain_reg0   ; my_pll_inst|altpll_component|auto_generated|pll1|clk[0] ; my_pll_inst|altpll_component|auto_generated|pll1|clk[0] ; 0.000        ; 0.481      ; 1.442      ;
; 0.712 ; g_sos3_lowpass:lowpass_inst|d2_1[0]        ; g_sos3_lowpass:lowpass_inst|d2_register[0]                                                                     ; my_pll_inst|altpll_component|auto_generated|pll1|clk[0] ; my_pll_inst|altpll_component|auto_generated|pll1|clk[0] ; 0.000        ; 0.081      ; 1.005      ;
; 0.715 ; g_sos3_lowpass:lowpass_inst|d2_0[24]       ; g_sos3_lowpass:lowpass_inst|d2_register[24]                                                                    ; my_pll_inst|altpll_component|auto_generated|pll1|clk[0] ; my_pll_inst|altpll_component|auto_generated|pll1|clk[0] ; 0.000        ; 0.079      ; 1.006      ;
; 0.717 ; capture_addr_adc[3]                        ; RAM:ram_bank0|altsyncram:altsyncram_component|altsyncram_vkm1:auto_generated|ram_block1a12~porta_address_reg0  ; my_pll_inst|altpll_component|auto_generated|pll1|clk[0] ; my_pll_inst|altpll_component|auto_generated|pll1|clk[0] ; 0.000        ; 0.501      ; 1.472      ;
; 0.719 ; capture_addr_adc[0]                        ; RAM2:ram_bank1|altsyncram:altsyncram_component|altsyncram_vkm1:auto_generated|ram_block1a0~porta_address_reg0  ; my_pll_inst|altpll_component|auto_generated|pll1|clk[0] ; my_pll_inst|altpll_component|auto_generated|pll1|clk[0] ; 0.000        ; 0.480      ; 1.453      ;
; 0.721 ; g_sos3_lowpass:lowpass_inst|d1_1[36]       ; g_sos3_lowpass:lowpass_inst|d1_register[36]                                                                    ; my_pll_inst|altpll_component|auto_generated|pll1|clk[0] ; my_pll_inst|altpll_component|auto_generated|pll1|clk[0] ; 0.000        ; 0.082      ; 1.015      ;
; 0.722 ; capture_addr_adc[4]                        ; RAM2:ram_bank1|altsyncram:altsyncram_component|altsyncram_vkm1:auto_generated|ram_block1a12~porta_address_reg0 ; my_pll_inst|altpll_component|auto_generated|pll1|clk[0] ; my_pll_inst|altpll_component|auto_generated|pll1|clk[0] ; 0.000        ; 0.483      ; 1.459      ;
; 0.723 ; g_sos3_lowpass:lowpass_inst|d1_1[32]       ; g_sos3_lowpass:lowpass_inst|d1_register[32]                                                                    ; my_pll_inst|altpll_component|auto_generated|pll1|clk[0] ; my_pll_inst|altpll_component|auto_generated|pll1|clk[0] ; 0.000        ; 0.080      ; 1.015      ;
; 0.723 ; g_sos3_lowpass:lowpass_inst|sample_out[10] ; RAM2:ram_bank1|altsyncram:altsyncram_component|altsyncram_vkm1:auto_generated|ram_block1a8~porta_datain_reg0   ; my_pll_inst|altpll_component|auto_generated|pll1|clk[0] ; my_pll_inst|altpll_component|auto_generated|pll1|clk[0] ; 0.000        ; 0.481      ; 1.458      ;
; 0.724 ; g_cic3_decimator:cic_inst|comb1[6]         ; g_cic3_decimator:cic_inst|comb2_delay[6]                                                                       ; my_pll_inst|altpll_component|auto_generated|pll1|clk[0] ; my_pll_inst|altpll_component|auto_generated|pll1|clk[0] ; 0.000        ; 0.080      ; 1.016      ;
; 0.725 ; capture_addr_adc[0]                        ; RAM:ram_bank0|altsyncram:altsyncram_component|altsyncram_vkm1:auto_generated|ram_block1a0~porta_address_reg0   ; my_pll_inst|altpll_component|auto_generated|pll1|clk[0] ; my_pll_inst|altpll_component|auto_generated|pll1|clk[0] ; 0.000        ; 0.480      ; 1.459      ;
; 0.726 ; g_sos3_lowpass:lowpass_inst|d1_1[33]       ; g_sos3_lowpass:lowpass_inst|d1_register[33]                                                                    ; my_pll_inst|altpll_component|auto_generated|pll1|clk[0] ; my_pll_inst|altpll_component|auto_generated|pll1|clk[0] ; 0.000        ; 0.080      ; 1.018      ;
; 0.726 ; g_cic3_decimator:cic_inst|comb1[14]        ; g_cic3_decimator:cic_inst|comb2_delay[14]                                                                      ; my_pll_inst|altpll_component|auto_generated|pll1|clk[0] ; my_pll_inst|altpll_component|auto_generated|pll1|clk[0] ; 0.000        ; 0.081      ; 1.019      ;
; 0.727 ; g_cic3_decimator:cic_inst|integrator1[23]  ; g_cic3_decimator:cic_inst|integrator2[23]                                                                      ; my_pll_inst|altpll_component|auto_generated|pll1|clk[0] ; my_pll_inst|altpll_component|auto_generated|pll1|clk[0] ; 0.000        ; 0.080      ; 1.019      ;
; 0.727 ; g_cic3_decimator:cic_inst|comb1[2]         ; g_cic3_decimator:cic_inst|comb2_delay[2]                                                                       ; my_pll_inst|altpll_component|auto_generated|pll1|clk[0] ; my_pll_inst|altpll_component|auto_generated|pll1|clk[0] ; 0.000        ; 0.080      ; 1.019      ;
; 0.731 ; g_sos3_lowpass:lowpass_inst|state[0]       ; g_sos3_lowpass:lowpass_inst|state[1]                                                                           ; my_pll_inst|altpll_component|auto_generated|pll1|clk[0] ; my_pll_inst|altpll_component|auto_generated|pll1|clk[0] ; 0.000        ; 0.080      ; 1.023      ;
; 0.737 ; g_cic3_decimator:cic_inst|comb1_delay[3]   ; g_cic3_decimator:cic_inst|comb1[3]                                                                             ; my_pll_inst|altpll_component|auto_generated|pll1|clk[0] ; my_pll_inst|altpll_component|auto_generated|pll1|clk[0] ; 0.000        ; 0.082      ; 1.031      ;
; 0.738 ; g_cic3_decimator:cic_inst|comb1_delay[17]  ; g_cic3_decimator:cic_inst|comb1[17]                                                                            ; my_pll_inst|altpll_component|auto_generated|pll1|clk[0] ; my_pll_inst|altpll_component|auto_generated|pll1|clk[0] ; 0.000        ; 0.081      ; 1.031      ;
; 0.738 ; g_cic3_decimator:cic_inst|comb2_delay[7]   ; g_cic3_decimator:cic_inst|comb2[7]                                                                             ; my_pll_inst|altpll_component|auto_generated|pll1|clk[0] ; my_pll_inst|altpll_component|auto_generated|pll1|clk[0] ; 0.000        ; 0.082      ; 1.032      ;
; 0.738 ; g_cic3_decimator:cic_inst|comb2_delay[2]   ; g_cic3_decimator:cic_inst|comb2[2]                                                                             ; my_pll_inst|altpll_component|auto_generated|pll1|clk[0] ; my_pll_inst|altpll_component|auto_generated|pll1|clk[0] ; 0.000        ; 0.082      ; 1.032      ;
; 0.739 ; g_sos3_lowpass:lowpass_inst|d1_1[25]       ; g_sos3_lowpass:lowpass_inst|d1_register[25]                                                                    ; my_pll_inst|altpll_component|auto_generated|pll1|clk[0] ; my_pll_inst|altpll_component|auto_generated|pll1|clk[0] ; 0.000        ; 0.081      ; 1.032      ;
; 0.739 ; g_cic3_decimator:cic_inst|comb2_delay[15]  ; g_cic3_decimator:cic_inst|comb2[15]                                                                            ; my_pll_inst|altpll_component|auto_generated|pll1|clk[0] ; my_pll_inst|altpll_component|auto_generated|pll1|clk[0] ; 0.000        ; 0.081      ; 1.032      ;
; 0.739 ; g_cic3_decimator:cic_inst|comb1_delay[7]   ; g_cic3_decimator:cic_inst|comb1[7]                                                                             ; my_pll_inst|altpll_component|auto_generated|pll1|clk[0] ; my_pll_inst|altpll_component|auto_generated|pll1|clk[0] ; 0.000        ; 0.082      ; 1.033      ;
; 0.739 ; g_sos3_lowpass:lowpass_inst|d2_1[26]       ; g_sos3_lowpass:lowpass_inst|d2_register[26]                                                                    ; my_pll_inst|altpll_component|auto_generated|pll1|clk[0] ; my_pll_inst|altpll_component|auto_generated|pll1|clk[0] ; 0.000        ; 0.082      ; 1.033      ;
; 0.739 ; g_sos3_lowpass:lowpass_inst|d2_1[27]       ; g_sos3_lowpass:lowpass_inst|d2_register[27]                                                                    ; my_pll_inst|altpll_component|auto_generated|pll1|clk[0] ; my_pll_inst|altpll_component|auto_generated|pll1|clk[0] ; 0.000        ; 0.082      ; 1.033      ;
; 0.740 ; g_sos3_lowpass:lowpass_inst|d2_1[34]       ; g_sos3_lowpass:lowpass_inst|d2_register[34]                                                                    ; my_pll_inst|altpll_component|auto_generated|pll1|clk[0] ; my_pll_inst|altpll_component|auto_generated|pll1|clk[0] ; 0.000        ; 0.080      ; 1.032      ;
; 0.740 ; g_sos3_lowpass:lowpass_inst|d2_1[25]       ; g_sos3_lowpass:lowpass_inst|d2_register[25]                                                                    ; my_pll_inst|altpll_component|auto_generated|pll1|clk[0] ; my_pll_inst|altpll_component|auto_generated|pll1|clk[0] ; 0.000        ; 0.082      ; 1.034      ;
; 0.740 ; g_cic3_decimator:cic_inst|comb2_delay[13]  ; g_cic3_decimator:cic_inst|comb2[13]                                                                            ; my_pll_inst|altpll_component|auto_generated|pll1|clk[0] ; my_pll_inst|altpll_component|auto_generated|pll1|clk[0] ; 0.000        ; 0.081      ; 1.033      ;
; 0.740 ; g_cic3_decimator:cic_inst|comb1_delay[13]  ; g_cic3_decimator:cic_inst|comb1[13]                                                                            ; my_pll_inst|altpll_component|auto_generated|pll1|clk[0] ; my_pll_inst|altpll_component|auto_generated|pll1|clk[0] ; 0.000        ; 0.081      ; 1.033      ;
; 0.740 ; g_cic3_decimator:cic_inst|comb1_delay[10]  ; g_cic3_decimator:cic_inst|comb1[10]                                                                            ; my_pll_inst|altpll_component|auto_generated|pll1|clk[0] ; my_pll_inst|altpll_component|auto_generated|pll1|clk[0] ; 0.000        ; 0.082      ; 1.034      ;
; 0.740 ; g_cic3_decimator:cic_inst|comb3_delay[7]   ; g_cic3_decimator:cic_inst|comb3[7]                                                                             ; my_pll_inst|altpll_component|auto_generated|pll1|clk[0] ; my_pll_inst|altpll_component|auto_generated|pll1|clk[0] ; 0.000        ; 0.080      ; 1.032      ;
; 0.740 ; g_sos3_lowpass:lowpass_inst|d2_1[23]       ; g_sos3_lowpass:lowpass_inst|d2_register[23]                                                                    ; my_pll_inst|altpll_component|auto_generated|pll1|clk[0] ; my_pll_inst|altpll_component|auto_generated|pll1|clk[0] ; 0.000        ; 0.082      ; 1.034      ;
; 0.740 ; g_cic3_decimator:cic_inst|comb2_delay[23]  ; g_cic3_decimator:cic_inst|comb2[23]                                                                            ; my_pll_inst|altpll_component|auto_generated|pll1|clk[0] ; my_pll_inst|altpll_component|auto_generated|pll1|clk[0] ; 0.000        ; 0.081      ; 1.033      ;
; 0.740 ; g_sos3_lowpass:lowpass_inst|d2_1[24]       ; g_sos3_lowpass:lowpass_inst|d2_register[24]                                                                    ; my_pll_inst|altpll_component|auto_generated|pll1|clk[0] ; my_pll_inst|altpll_component|auto_generated|pll1|clk[0] ; 0.000        ; 0.082      ; 1.034      ;
; 0.741 ; g_sos3_lowpass:lowpass_inst|d1_1[18]       ; g_sos3_lowpass:lowpass_inst|d1_register[18]                                                                    ; my_pll_inst|altpll_component|auto_generated|pll1|clk[0] ; my_pll_inst|altpll_component|auto_generated|pll1|clk[0] ; 0.000        ; 0.081      ; 1.034      ;
; 0.741 ; g_sos3_lowpass:lowpass_inst|d2_1[21]       ; g_sos3_lowpass:lowpass_inst|d2_register[21]                                                                    ; my_pll_inst|altpll_component|auto_generated|pll1|clk[0] ; my_pll_inst|altpll_component|auto_generated|pll1|clk[0] ; 0.000        ; 0.080      ; 1.033      ;
; 0.741 ; g_sos3_lowpass:lowpass_inst|d2_1[30]       ; g_sos3_lowpass:lowpass_inst|d2_register[30]                                                                    ; my_pll_inst|altpll_component|auto_generated|pll1|clk[0] ; my_pll_inst|altpll_component|auto_generated|pll1|clk[0] ; 0.000        ; 0.082      ; 1.035      ;
; 0.741 ; g_cic3_decimator:cic_inst|comb3_delay[18]  ; g_cic3_decimator:cic_inst|comb3[18]                                                                            ; my_pll_inst|altpll_component|auto_generated|pll1|clk[0] ; my_pll_inst|altpll_component|auto_generated|pll1|clk[0] ; 0.000        ; 0.080      ; 1.033      ;
; 0.741 ; g_cic3_decimator:cic_inst|comb3_delay[13]  ; g_cic3_decimator:cic_inst|comb3[13]                                                                            ; my_pll_inst|altpll_component|auto_generated|pll1|clk[0] ; my_pll_inst|altpll_component|auto_generated|pll1|clk[0] ; 0.000        ; 0.080      ; 1.033      ;
; 0.742 ; g_sos3_lowpass:lowpass_inst|d2_1[19]       ; g_sos3_lowpass:lowpass_inst|d2_register[19]                                                                    ; my_pll_inst|altpll_component|auto_generated|pll1|clk[0] ; my_pll_inst|altpll_component|auto_generated|pll1|clk[0] ; 0.000        ; 0.080      ; 1.034      ;
; 0.742 ; g_cic3_decimator:cic_inst|comb2_delay[12]  ; g_cic3_decimator:cic_inst|comb2[12]                                                                            ; my_pll_inst|altpll_component|auto_generated|pll1|clk[0] ; my_pll_inst|altpll_component|auto_generated|pll1|clk[0] ; 0.000        ; 0.081      ; 1.035      ;
; 0.743 ; g_sos3_lowpass:lowpass_inst|d1_1[20]       ; g_sos3_lowpass:lowpass_inst|d1_register[20]                                                                    ; my_pll_inst|altpll_component|auto_generated|pll1|clk[0] ; my_pll_inst|altpll_component|auto_generated|pll1|clk[0] ; 0.000        ; 0.081      ; 1.036      ;
; 0.743 ; g_cic3_decimator:cic_inst|comb3_delay[16]  ; g_cic3_decimator:cic_inst|comb3[16]                                                                            ; my_pll_inst|altpll_component|auto_generated|pll1|clk[0] ; my_pll_inst|altpll_component|auto_generated|pll1|clk[0] ; 0.000        ; 0.080      ; 1.035      ;
; 0.745 ; g_sos3_lowpass:lowpass_inst|d2_1[36]       ; g_sos3_lowpass:lowpass_inst|d2_register[36]                                                                    ; my_pll_inst|altpll_component|auto_generated|pll1|clk[0] ; my_pll_inst|altpll_component|auto_generated|pll1|clk[0] ; 0.000        ; 0.080      ; 1.037      ;
; 0.746 ; capture_addr_adc[6]                        ; RAM:ram_bank0|altsyncram:altsyncram_component|altsyncram_vkm1:auto_generated|ram_block1a12~porta_address_reg0  ; my_pll_inst|altpll_component|auto_generated|pll1|clk[0] ; my_pll_inst|altpll_component|auto_generated|pll1|clk[0] ; 0.000        ; 0.501      ; 1.501      ;
; 0.746 ; g_sos3_lowpass:lowpass_inst|state[0]       ; g_sos3_lowpass:lowpass_inst|state[2]                                                                           ; my_pll_inst|altpll_component|auto_generated|pll1|clk[0] ; my_pll_inst|altpll_component|auto_generated|pll1|clk[0] ; 0.000        ; 0.080      ; 1.038      ;
; 0.748 ; capture_addr_adc[0]                        ; RAM2:ram_bank1|altsyncram:altsyncram_component|altsyncram_vkm1:auto_generated|ram_block1a8~porta_address_reg0  ; my_pll_inst|altpll_component|auto_generated|pll1|clk[0] ; my_pll_inst|altpll_component|auto_generated|pll1|clk[0] ; 0.000        ; 0.498      ; 1.500      ;
; 0.750 ; g_cic3_decimator:cic_inst|dec_count[2]     ; g_cic3_decimator:cic_inst|dec_count[3]                                                                         ; my_pll_inst|altpll_component|auto_generated|pll1|clk[0] ; my_pll_inst|altpll_component|auto_generated|pll1|clk[0] ; 0.000        ; 0.081      ; 1.043      ;
; 0.754 ; capture_addr_adc[7]                        ; RAM:ram_bank0|altsyncram:altsyncram_component|altsyncram_vkm1:auto_generated|ram_block1a12~porta_address_reg0  ; my_pll_inst|altpll_component|auto_generated|pll1|clk[0] ; my_pll_inst|altpll_component|auto_generated|pll1|clk[0] ; 0.000        ; 0.501      ; 1.509      ;
; 0.761 ; g_sos3_lowpass:lowpass_inst|d1_0[32]       ; g_sos3_lowpass:lowpass_inst|d1_register[32]                                                                    ; my_pll_inst|altpll_component|auto_generated|pll1|clk[0] ; my_pll_inst|altpll_component|auto_generated|pll1|clk[0] ; 0.000        ; 0.081      ; 1.054      ;
; 0.761 ; g_cic3_decimator:cic_inst|integrator2[2]   ; g_cic3_decimator:cic_inst|integrator2[2]                                                                       ; my_pll_inst|altpll_component|auto_generated|pll1|clk[0] ; my_pll_inst|altpll_component|auto_generated|pll1|clk[0] ; 0.000        ; 0.081      ; 1.054      ;
; 0.761 ; g_cic3_decimator:cic_inst|integrator1[2]   ; g_cic3_decimator:cic_inst|integrator1[2]                                                                       ; my_pll_inst|altpll_component|auto_generated|pll1|clk[0] ; my_pll_inst|altpll_component|auto_generated|pll1|clk[0] ; 0.000        ; 0.081      ; 1.054      ;
+-------+--------------------------------------------+----------------------------------------------------------------------------------------------------------------+---------------------------------------------------------+---------------------------------------------------------+--------------+------------+------------+


+---------------------------------------------------------------------------------------------------------------------------------------------------------------------------------------------------------------------------------+
; Slow 1200mV 85C Model Hold: 'sys_clk'                                                                                                                                                                                           ;
+-------+-----------------------------------+---------------------------------------------------------------------------------------------------------------+--------------+-------------+--------------+------------+------------+
; Slack ; From Node                         ; To Node                                                                                                       ; Launch Clock ; Latch Clock ; Relationship ; Clock Skew ; Data Delay ;
+-------+-----------------------------------+---------------------------------------------------------------------------------------------------------------+--------------+-------------+--------------+------------+------------+
; 0.452 ; spi_tx_word[13]                   ; spi_tx_word[13]                                                                                               ; sys_clk      ; sys_clk     ; 0.000        ; 0.082      ; 0.746      ;
; 0.452 ; spi_tx_word[21]                   ; spi_tx_word[21]                                                                                               ; sys_clk      ; sys_clk     ; 0.000        ; 0.082      ; 0.746      ;
; 0.452 ; spi_tx_word[1]                    ; spi_tx_word[1]                                                                                                ; sys_clk      ; sys_clk     ; 0.000        ; 0.082      ; 0.746      ;
; 0.452 ; read_wait_count[1]                ; read_wait_count[1]                                                                                            ; sys_clk      ; sys_clk     ; 0.000        ; 0.082      ; 0.746      ;
; 0.452 ; read_wait_count[2]                ; read_wait_count[2]                                                                                            ; sys_clk      ; sys_clk     ; 0.000        ; 0.082      ; 0.746      ;
; 0.464 ; read_wait_count[0]                ; read_wait_count[0]                                                                                            ; sys_clk      ; sys_clk     ; 0.000        ; 0.082      ; 0.758      ;
; 0.493 ; spi_tx_word[0]                    ; g_spi_slave:spi_inst|tx_shift[0]                                                                              ; sys_clk      ; sys_clk     ; 0.000        ; 0.082      ; 0.787      ;
; 0.500 ; g_spi_slave:spi_inst|rx_word[2]   ; ram_read_addr_sys[2]                                                                                          ; sys_clk      ; sys_clk     ; 0.000        ; 0.082      ; 0.794      ;
; 0.501 ; g_spi_slave:spi_inst|rx_word[4]   ; ram_read_addr_sys[4]                                                                                          ; sys_clk      ; sys_clk     ; 0.000        ; 0.082      ; 0.795      ;
; 0.501 ; g_spi_slave:spi_inst|rx_word[7]   ; ram_read_addr_sys[7]                                                                                          ; sys_clk      ; sys_clk     ; 0.000        ; 0.082      ; 0.795      ;
; 0.501 ; spi_tx_word[9]                    ; g_spi_slave:spi_inst|tx_shift[9]                                                                              ; sys_clk      ; sys_clk     ; 0.000        ; 0.081      ; 0.794      ;
; 0.501 ; g_spi_slave:spi_inst|tx_shift[6]  ; g_spi_slave:spi_inst|tx_shift[7]                                                                              ; sys_clk      ; sys_clk     ; 0.000        ; 0.081      ; 0.794      ;
; 0.501 ; g_spi_slave:spi_inst|rx_word[8]   ; ram_read_addr_sys[8]                                                                                          ; sys_clk      ; sys_clk     ; 0.000        ; 0.081      ; 0.794      ;
; 0.502 ; g_spi_slave:spi_inst|tx_shift[7]  ; g_spi_slave:spi_inst|tx_shift[8]                                                                              ; sys_clk      ; sys_clk     ; 0.000        ; 0.081      ; 0.795      ;
; 0.502 ; g_spi_slave:spi_inst|rx_word[11]  ; read_bank_pending                                                                                             ; sys_clk      ; sys_clk     ; 0.000        ; 0.081      ; 0.795      ;
; 0.502 ; g_spi_slave:spi_inst|rx_word[10]  ; ram_read_addr_sys[10]                                                                                         ; sys_clk      ; sys_clk     ; 0.000        ; 0.081      ; 0.795      ;
; 0.503 ; done_toggle_sys_meta              ; done_toggle_sys                                                                                               ; sys_clk      ; sys_clk     ; 0.000        ; 0.080      ; 0.795      ;
; 0.504 ; g_spi_slave:spi_inst|tx_shift[9]  ; g_spi_slave:spi_inst|tx_shift[10]                                                                             ; sys_clk      ; sys_clk     ; 0.000        ; 0.081      ; 0.797      ;
; 0.504 ; g_spi_slave:spi_inst|rx_word[9]   ; ram_read_addr_sys[9]                                                                                          ; sys_clk      ; sys_clk     ; 0.000        ; 0.081      ; 0.797      ;
; 0.505 ; g_spi_slave:spi_inst|tx_shift[16] ; g_spi_slave:spi_inst|tx_shift[17]                                                                             ; sys_clk      ; sys_clk     ; 0.000        ; 0.080      ; 0.797      ;
; 0.525 ; read_wait_count[2]                ; read_wait_count[0]                                                                                            ; sys_clk      ; sys_clk     ; 0.000        ; 0.082      ; 0.819      ;
; 0.530 ; ram_read_addr_sys[5]              ; RAM:ram_bank0|altsyncram:altsyncram_component|altsyncram_vkm1:auto_generated|ram_block1a4~portb_address_reg0  ; sys_clk      ; sys_clk     ; 0.000        ; 0.402      ; 1.186      ;
; 0.535 ; ram_read_addr_sys[1]              ; RAM:ram_bank0|altsyncram:altsyncram_component|altsyncram_vkm1:auto_generated|ram_block1a4~portb_address_reg0  ; sys_clk      ; sys_clk     ; 0.000        ; 0.402      ; 1.191      ;
; 0.540 ; ram_read_addr_sys[10]             ; RAM:ram_bank0|altsyncram:altsyncram_component|altsyncram_vkm1:auto_generated|ram_block1a4~portb_address_reg0  ; sys_clk      ; sys_clk     ; 0.000        ; 0.402      ; 1.196      ;
; 0.551 ; ram_read_addr_sys[5]              ; RAM:ram_bank0|altsyncram:altsyncram_component|altsyncram_vkm1:auto_generated|ram_block1a12~portb_address_reg0 ; sys_clk      ; sys_clk     ; 0.000        ; 0.403      ; 1.208      ;
; 0.557 ; ram_read_addr_sys[9]              ; RAM:ram_bank0|altsyncram:altsyncram_component|altsyncram_vkm1:auto_generated|ram_block1a12~portb_address_reg0 ; sys_clk      ; sys_clk     ; 0.000        ; 0.403      ; 1.214      ;
; 0.565 ; ram_read_addr_sys[5]              ; RAM2:ram_bank1|altsyncram:altsyncram_component|altsyncram_vkm1:auto_generated|ram_block1a4~portb_address_reg0 ; sys_clk      ; sys_clk     ; 0.000        ; 0.402      ; 1.221      ;
; 0.565 ; ram_read_addr_sys[8]              ; RAM:ram_bank0|altsyncram:altsyncram_component|altsyncram_vkm1:auto_generated|ram_block1a12~portb_address_reg0 ; sys_clk      ; sys_clk     ; 0.000        ; 0.403      ; 1.222      ;
; 0.579 ; ram_read_addr_sys[5]              ; RAM:ram_bank0|altsyncram:altsyncram_component|altsyncram_vkm1:auto_generated|ram_block1a8~portb_address_reg0  ; sys_clk      ; sys_clk     ; 0.000        ; 0.412      ; 1.245      ;
; 0.580 ; ram_read_addr_sys[9]              ; RAM:ram_bank0|altsyncram:altsyncram_component|altsyncram_vkm1:auto_generated|ram_block1a8~portb_address_reg0  ; sys_clk      ; sys_clk     ; 0.000        ; 0.412      ; 1.246      ;
; 0.580 ; g_spi_slave:spi_inst|cs_sync[1]   ; g_spi_slave:spi_inst|rx_shift[2]                                                                              ; sys_clk      ; sys_clk     ; 0.000        ; 0.082      ; 0.874      ;
; 0.581 ; g_spi_slave:spi_inst|cs_sync[1]   ; g_spi_slave:spi_inst|rx_shift[6]                                                                              ; sys_clk      ; sys_clk     ; 0.000        ; 0.082      ; 0.875      ;
; 0.582 ; g_spi_slave:spi_inst|cs_sync[1]   ; g_spi_slave:spi_inst|rx_shift[5]                                                                              ; sys_clk      ; sys_clk     ; 0.000        ; 0.082      ; 0.876      ;
; 0.588 ; ram_read_addr_sys[10]             ; RAM2:ram_bank1|altsyncram:altsyncram_component|altsyncram_vkm1:auto_generated|ram_block1a4~portb_address_reg0 ; sys_clk      ; sys_clk     ; 0.000        ; 0.402      ; 1.244      ;
; 0.591 ; ram_read_addr_sys[3]              ; RAM:ram_bank0|altsyncram:altsyncram_component|altsyncram_vkm1:auto_generated|ram_block1a8~portb_address_reg0  ; sys_clk      ; sys_clk     ; 0.000        ; 0.412      ; 1.257      ;
; 0.594 ; ram_read_addr_sys[3]              ; RAM:ram_bank0|altsyncram:altsyncram_component|altsyncram_vkm1:auto_generated|ram_block1a4~portb_address_reg0  ; sys_clk      ; sys_clk     ; 0.000        ; 0.402      ; 1.250      ;
; 0.603 ; ram_read_addr_sys[10]             ; RAM:ram_bank0|altsyncram:altsyncram_component|altsyncram_vkm1:auto_generated|ram_block1a12~portb_address_reg0 ; sys_clk      ; sys_clk     ; 0.000        ; 0.403      ; 1.260      ;
; 0.617 ; ram_read_addr_sys[8]              ; RAM2:ram_bank1|altsyncram:altsyncram_component|altsyncram_vkm1:auto_generated|ram_block1a4~portb_address_reg0 ; sys_clk      ; sys_clk     ; 0.000        ; 0.402      ; 1.273      ;
; 0.619 ; ram_read_addr_sys[8]              ; RAM:ram_bank0|altsyncram:altsyncram_component|altsyncram_vkm1:auto_generated|ram_block1a8~portb_address_reg0  ; sys_clk      ; sys_clk     ; 0.000        ; 0.412      ; 1.285      ;
; 0.628 ; g_spi_slave:spi_inst|cs_sync[2]   ; g_spi_slave:spi_inst|rx_shift[11]                                                                             ; sys_clk      ; sys_clk     ; 0.000        ; 0.082      ; 0.922      ;
; 0.629 ; g_spi_slave:spi_inst|cs_sync[2]   ; g_spi_slave:spi_inst|rx_shift[9]                                                                              ; sys_clk      ; sys_clk     ; 0.000        ; 0.082      ; 0.923      ;
; 0.629 ; g_spi_slave:spi_inst|cs_sync[2]   ; g_spi_slave:spi_inst|rx_shift[4]                                                                              ; sys_clk      ; sys_clk     ; 0.000        ; 0.082      ; 0.923      ;
; 0.630 ; g_spi_slave:spi_inst|cs_sync[2]   ; g_spi_slave:spi_inst|rx_shift[12]                                                                             ; sys_clk      ; sys_clk     ; 0.000        ; 0.082      ; 0.924      ;
; 0.631 ; g_spi_slave:spi_inst|cs_sync[2]   ; g_spi_slave:spi_inst|rx_shift[3]                                                                              ; sys_clk      ; sys_clk     ; 0.000        ; 0.082      ; 0.925      ;
; 0.633 ; g_spi_slave:spi_inst|cs_sync[2]   ; g_spi_slave:spi_inst|rx_shift[8]                                                                              ; sys_clk      ; sys_clk     ; 0.000        ; 0.082      ; 0.927      ;
; 0.635 ; g_spi_slave:spi_inst|cs_sync[2]   ; g_spi_slave:spi_inst|rx_shift[10]                                                                             ; sys_clk      ; sys_clk     ; 0.000        ; 0.082      ; 0.929      ;
; 0.635 ; g_spi_slave:spi_inst|cs_sync[2]   ; g_spi_slave:spi_inst|rx_shift[7]                                                                              ; sys_clk      ; sys_clk     ; 0.000        ; 0.082      ; 0.929      ;
; 0.641 ; g_spi_slave:spi_inst|tx_shift[29] ; g_spi_slave:spi_inst|tx_shift[30]                                                                             ; sys_clk      ; sys_clk     ; 0.000        ; 0.081      ; 0.934      ;
; 0.642 ; g_spi_slave:spi_inst|tx_shift[26] ; g_spi_slave:spi_inst|tx_shift[27]                                                                             ; sys_clk      ; sys_clk     ; 0.000        ; 0.080      ; 0.934      ;
; 0.642 ; g_spi_slave:spi_inst|tx_shift[13] ; g_spi_slave:spi_inst|tx_shift[14]                                                                             ; sys_clk      ; sys_clk     ; 0.000        ; 0.081      ; 0.935      ;
; 0.642 ; g_spi_slave:spi_inst|rx_shift[22] ; g_spi_slave:spi_inst|rx_shift[23]                                                                             ; sys_clk      ; sys_clk     ; 0.000        ; 0.081      ; 0.935      ;
; 0.642 ; g_spi_slave:spi_inst|rx_shift[14] ; g_spi_slave:spi_inst|rx_shift[15]                                                                             ; sys_clk      ; sys_clk     ; 0.000        ; 0.081      ; 0.935      ;
; 0.643 ; g_spi_slave:spi_inst|tx_shift[28] ; g_spi_slave:spi_inst|tx_shift[29]                                                                             ; sys_clk      ; sys_clk     ; 0.000        ; 0.081      ; 0.936      ;
; 0.643 ; g_spi_slave:spi_inst|tx_shift[21] ; g_spi_slave:spi_inst|tx_shift[22]                                                                             ; sys_clk      ; sys_clk     ; 0.000        ; 0.080      ; 0.935      ;
; 0.643 ; g_spi_slave:spi_inst|rx_shift[18] ; g_spi_slave:spi_inst|rx_shift[19]                                                                             ; sys_clk      ; sys_clk     ; 0.000        ; 0.081      ; 0.936      ;
; 0.643 ; spi_tx_word[17]                   ; g_spi_slave:spi_inst|tx_shift[17]                                                                             ; sys_clk      ; sys_clk     ; 0.000        ; 0.080      ; 0.935      ;
; 0.644 ; g_spi_slave:spi_inst|tx_shift[20] ; g_spi_slave:spi_inst|tx_shift[21]                                                                             ; sys_clk      ; sys_clk     ; 0.000        ; 0.080      ; 0.936      ;
; 0.644 ; g_spi_slave:spi_inst|tx_shift[19] ; g_spi_slave:spi_inst|tx_shift[20]                                                                             ; sys_clk      ; sys_clk     ; 0.000        ; 0.080      ; 0.936      ;
; 0.644 ; g_spi_slave:spi_inst|rx_shift[13] ; g_spi_slave:spi_inst|rx_shift[14]                                                                             ; sys_clk      ; sys_clk     ; 0.000        ; 0.081      ; 0.937      ;
; 0.645 ; spi_tx_word[19]                   ; g_spi_slave:spi_inst|tx_shift[19]                                                                             ; sys_clk      ; sys_clk     ; 0.000        ; 0.080      ; 0.937      ;
; 0.645 ; spi_tx_word[15]                   ; g_spi_slave:spi_inst|tx_shift[15]                                                                             ; sys_clk      ; sys_clk     ; 0.000        ; 0.081      ; 0.938      ;
; 0.650 ; g_spi_slave:spi_inst|rx_shift[25] ; g_spi_slave:spi_inst|rx_shift[26]                                                                             ; sys_clk      ; sys_clk     ; 0.000        ; 0.081      ; 0.943      ;
; 0.651 ; g_spi_slave:spi_inst|rx_shift[23] ; g_spi_slave:spi_inst|rx_shift[24]                                                                             ; sys_clk      ; sys_clk     ; 0.000        ; 0.081      ; 0.944      ;
; 0.666 ; g_spi_slave:spi_inst|rx_shift[5]  ; g_spi_slave:spi_inst|rx_shift[6]                                                                              ; sys_clk      ; sys_clk     ; 0.000        ; 0.082      ; 0.960      ;
; 0.666 ; g_spi_slave:spi_inst|rx_shift[3]  ; g_spi_slave:spi_inst|rx_shift[4]                                                                              ; sys_clk      ; sys_clk     ; 0.000        ; 0.082      ; 0.960      ;
; 0.668 ; g_spi_slave:spi_inst|rx_shift[27] ; g_spi_slave:spi_inst|rx_shift[28]                                                                             ; sys_clk      ; sys_clk     ; 0.000        ; 0.081      ; 0.961      ;
; 0.698 ; g_spi_slave:spi_inst|rx_word[0]   ; ram_read_addr_sys[0]                                                                                          ; sys_clk      ; sys_clk     ; 0.000        ; 0.082      ; 0.992      ;
; 0.699 ; g_spi_slave:spi_inst|rx_word[6]   ; ram_read_addr_sys[6]                                                                                          ; sys_clk      ; sys_clk     ; 0.000        ; 0.082      ; 0.993      ;
; 0.706 ; g_spi_slave:spi_inst|rx_shift[25] ; g_spi_slave:spi_inst|rx_word[26]                                                                              ; sys_clk      ; sys_clk     ; 0.000        ; 0.081      ; 0.999      ;
; 0.708 ; g_spi_slave:spi_inst|rx_shift[23] ; g_spi_slave:spi_inst|rx_word[24]                                                                              ; sys_clk      ; sys_clk     ; 0.000        ; 0.081      ; 1.001      ;
; 0.709 ; g_spi_slave:spi_inst|rx_shift[0]  ; g_spi_slave:spi_inst|rx_shift[1]                                                                              ; sys_clk      ; sys_clk     ; 0.000        ; 0.082      ; 1.003      ;
; 0.711 ; spi_tx_word[6]                    ; g_spi_slave:spi_inst|tx_shift[6]                                                                              ; sys_clk      ; sys_clk     ; 0.000        ; 0.079      ; 1.002      ;
; 0.724 ; g_spi_slave:spi_inst|tx_shift[18] ; g_spi_slave:spi_inst|tx_shift[19]                                                                             ; sys_clk      ; sys_clk     ; 0.000        ; 0.079      ; 1.015      ;
; 0.739 ; spi_tx_word[8]                    ; g_spi_slave:spi_inst|tx_shift[8]                                                                              ; sys_clk      ; sys_clk     ; 0.000        ; 0.081      ; 1.032      ;
; 0.741 ; g_spi_slave:spi_inst|tx_shift[23] ; g_spi_slave:spi_inst|tx_shift[24]                                                                             ; sys_clk      ; sys_clk     ; 0.000        ; 0.080      ; 1.033      ;
; 0.741 ; g_spi_slave:spi_inst|tx_shift[11] ; g_spi_slave:spi_inst|tx_shift[12]                                                                             ; sys_clk      ; sys_clk     ; 0.000        ; 0.081      ; 1.034      ;
; 0.741 ; g_spi_slave:spi_inst|tx_shift[4]  ; g_spi_slave:spi_inst|tx_shift[5]                                                                              ; sys_clk      ; sys_clk     ; 0.000        ; 0.081      ; 1.034      ;
; 0.741 ; g_spi_slave:spi_inst|rx_shift[21] ; g_spi_slave:spi_inst|rx_shift[22]                                                                             ; sys_clk      ; sys_clk     ; 0.000        ; 0.081      ; 1.034      ;
; 0.741 ; g_spi_slave:spi_inst|tx_shift[8]  ; g_spi_slave:spi_inst|tx_shift[9]                                                                              ; sys_clk      ; sys_clk     ; 0.000        ; 0.081      ; 1.034      ;
; 0.741 ; g_spi_slave:spi_inst|tx_shift[14] ; g_spi_slave:spi_inst|tx_shift[15]                                                                             ; sys_clk      ; sys_clk     ; 0.000        ; 0.081      ; 1.034      ;
; 0.742 ; g_spi_slave:spi_inst|tx_shift[12] ; g_spi_slave:spi_inst|tx_shift[13]                                                                             ; sys_clk      ; sys_clk     ; 0.000        ; 0.081      ; 1.035      ;
; 0.742 ; g_spi_slave:spi_inst|rx_shift[17] ; g_spi_slave:spi_inst|rx_shift[18]                                                                             ; sys_clk      ; sys_clk     ; 0.000        ; 0.081      ; 1.035      ;
; 0.743 ; g_spi_slave:spi_inst|tx_shift[25] ; g_spi_slave:spi_inst|tx_shift[26]                                                                             ; sys_clk      ; sys_clk     ; 0.000        ; 0.080      ; 1.035      ;
; 0.743 ; g_spi_slave:spi_inst|tx_shift[24] ; g_spi_slave:spi_inst|tx_shift[25]                                                                             ; sys_clk      ; sys_clk     ; 0.000        ; 0.080      ; 1.035      ;
; 0.743 ; g_spi_slave:spi_inst|rx_shift[20] ; g_spi_slave:spi_inst|rx_shift[21]                                                                             ; sys_clk      ; sys_clk     ; 0.000        ; 0.081      ; 1.036      ;
; 0.743 ; g_spi_slave:spi_inst|rx_shift[15] ; g_spi_slave:spi_inst|rx_shift[16]                                                                             ; sys_clk      ; sys_clk     ; 0.000        ; 0.081      ; 1.036      ;
; 0.743 ; g_spi_slave:spi_inst|bit_count[3] ; g_spi_slave:spi_inst|bit_count[3]                                                                             ; sys_clk      ; sys_clk     ; 0.000        ; 0.082      ; 1.037      ;
; 0.743 ; g_spi_slave:spi_inst|tx_shift[5]  ; g_spi_slave:spi_inst|tx_shift[6]                                                                              ; sys_clk      ; sys_clk     ; 0.000        ; 0.081      ; 1.036      ;
; 0.744 ; g_spi_slave:spi_inst|rx_shift[19] ; g_spi_slave:spi_inst|rx_shift[20]                                                                             ; sys_clk      ; sys_clk     ; 0.000        ; 0.081      ; 1.037      ;
; 0.744 ; g_spi_slave:spi_inst|rx_shift[16] ; g_spi_slave:spi_inst|rx_shift[17]                                                                             ; sys_clk      ; sys_clk     ; 0.000        ; 0.081      ; 1.037      ;
; 0.744 ; g_spi_slave:spi_inst|bit_count[1] ; g_spi_slave:spi_inst|bit_count[1]                                                                             ; sys_clk      ; sys_clk     ; 0.000        ; 0.082      ; 1.038      ;
; 0.746 ; g_spi_slave:spi_inst|bit_count[5] ; g_spi_slave:spi_inst|bit_count[5]                                                                             ; sys_clk      ; sys_clk     ; 0.000        ; 0.082      ; 1.040      ;
; 0.746 ; g_spi_slave:spi_inst|bit_count[2] ; g_spi_slave:spi_inst|bit_count[2]                                                                             ; sys_clk      ; sys_clk     ; 0.000        ; 0.082      ; 1.040      ;
; 0.747 ; g_spi_slave:spi_inst|bit_count[4] ; g_spi_slave:spi_inst|bit_count[4]                                                                             ; sys_clk      ; sys_clk     ; 0.000        ; 0.082      ; 1.041      ;
; 0.761 ; spi_tx_word[14]                   ; g_spi_slave:spi_inst|tx_shift[14]                                                                             ; sys_clk      ; sys_clk     ; 0.000        ; 0.081      ; 1.054      ;
; 0.762 ; spi_tx_word[11]                   ; g_spi_slave:spi_inst|tx_shift[11]                                                                             ; sys_clk      ; sys_clk     ; 0.000        ; 0.081      ; 1.055      ;
; 0.767 ; g_spi_slave:spi_inst|mosi_sync[1] ; g_spi_slave:spi_inst|rx_shift[0]                                                                              ; sys_clk      ; sys_clk     ; 0.000        ; 0.081      ; 1.060      ;
; 0.768 ; g_spi_slave:spi_inst|rx_shift[29] ; g_spi_slave:spi_inst|rx_shift[30]                                                                             ; sys_clk      ; sys_clk     ; 0.000        ; 0.081      ; 1.061      ;
; 0.768 ; g_spi_slave:spi_inst|rx_shift[10] ; g_spi_slave:spi_inst|rx_shift[11]                                                                             ; sys_clk      ; sys_clk     ; 0.000        ; 0.082      ; 1.062      ;
; 0.770 ; g_spi_slave:spi_inst|rx_shift[24] ; g_spi_slave:spi_inst|rx_shift[25]                                                                             ; sys_clk      ; sys_clk     ; 0.000        ; 0.081      ; 1.063      ;
+-------+-----------------------------------+---------------------------------------------------------------------------------------------------------------+--------------+-------------+--------------+------------+------------+


-----------------------------------------------
; Slow 1200mV 85C Model Metastability Summary ;
-----------------------------------------------
The design MTBF is not calculated because there are no specified synchronizers in the design.
Number of Synchronizer Chains Found: 3
Shortest Synchronizer Chain: 2 Registers
Fraction of Chains for which MTBFs Could Not be Calculated: 1.000
Worst Case Available Settling Time: 32.017 ns




+-----------------------------------------------------------------------------------------------+
; Slow 1200mV 0C Model Fmax Summary                                                             ;
+------------+-----------------+---------------------------------------------------------+------+
; Fmax       ; Restricted Fmax ; Clock Name                                              ; Note ;
+------------+-----------------+---------------------------------------------------------+------+
; 63.41 MHz  ; 63.41 MHz       ; my_pll_inst|altpll_component|auto_generated|pll1|clk[0] ;      ;
; 139.63 MHz ; 139.63 MHz      ; sys_clk                                                 ;      ;
+------------+-----------------+---------------------------------------------------------+------+
This panel reports FMAX for every clock in the design, regardless of the user-specified clock periods.  FMAX is only computed for paths where the source and destination registers or ports are driven by the same clock.  Paths of different clocks, including generated clocks, are ignored.  For paths between a clock and its inversion, FMAX is computed as if the rising and falling edges are scaled along with FMAX, such that the duty cycle (in terms of a percentage) is maintained. Altera recommends that you always use clock constraints and other slack reports for sign-off analysis.


+----------------------------------------------------------------------------------+
; Slow 1200mV 0C Model Setup Summary                                               ;
+---------------------------------------------------------+--------+---------------+
; Clock                                                   ; Slack  ; End Point TNS ;
+---------------------------------------------------------+--------+---------------+
; my_pll_inst|altpll_component|auto_generated|pll1|clk[0] ; 4.229  ; 0.000         ;
; sys_clk                                                 ; 12.838 ; 0.000         ;
+---------------------------------------------------------+--------+---------------+


+---------------------------------------------------------------------------------+
; Slow 1200mV 0C Model Hold Summary                                               ;
+---------------------------------------------------------+-------+---------------+
; Clock                                                   ; Slack ; End Point TNS ;
+---------------------------------------------------------+-------+---------------+
; my_pll_inst|altpll_component|auto_generated|pll1|clk[0] ; 0.344 ; 0.000         ;
; sys_clk                                                 ; 0.401 ; 0.000         ;
+---------------------------------------------------------+-------+---------------+


-----------------------------------------
; Slow 1200mV 0C Model Recovery Summary ;
-----------------------------------------
No paths to report.


----------------------------------------
; Slow 1200mV 0C Model Removal Summary ;
----------------------------------------
No paths to report.


+-----------------------------------------------------------------------------------+
; Slow 1200mV 0C Model Minimum Pulse Width Summary                                  ;
+---------------------------------------------------------+---------+---------------+
; Clock                                                   ; Slack   ; End Point TNS ;
+---------------------------------------------------------+---------+---------------+
; my_pll_inst|altpll_component|auto_generated|pll1|clk[0] ; 9.551   ; 0.000         ;
; sys_clk                                                 ; 9.614   ; 0.000         ;
; spi_sclk                                                ; 196.000 ; 0.000         ;
+---------------------------------------------------------+---------+---------------+


+---------------------------------------------------------------------------------------------------------------------------------------------------------------------------------------------------------------------------------------------------------------+
; Slow 1200mV 0C Model Setup: 'my_pll_inst|altpll_component|auto_generated|pll1|clk[0]'                                                                                                                                                                         ;
+-------+---------------------------------------------+--------------------------------------------+---------------------------------------------------------+---------------------------------------------------------+--------------+------------+------------+
; Slack ; From Node                                   ; To Node                                    ; Launch Clock                                            ; Latch Clock                                             ; Relationship ; Clock Skew ; Data Delay ;
+-------+---------------------------------------------+--------------------------------------------+---------------------------------------------------------+---------------------------------------------------------+--------------+------------+------------+
; 4.229 ; g_sos3_lowpass:lowpass_inst|x_register[0]   ; g_sos3_lowpass:lowpass_inst|y_register[6]  ; my_pll_inst|altpll_component|auto_generated|pll1|clk[0] ; my_pll_inst|altpll_component|auto_generated|pll1|clk[0] ; 20.000       ; 0.065      ; 15.838     ;
; 4.229 ; g_sos3_lowpass:lowpass_inst|x_register[1]   ; g_sos3_lowpass:lowpass_inst|y_register[6]  ; my_pll_inst|altpll_component|auto_generated|pll1|clk[0] ; my_pll_inst|altpll_component|auto_generated|pll1|clk[0] ; 20.000       ; 0.065      ; 15.838     ;
; 4.229 ; g_sos3_lowpass:lowpass_inst|x_register[2]   ; g_sos3_lowpass:lowpass_inst|y_register[6]  ; my_pll_inst|altpll_component|auto_generated|pll1|clk[0] ; my_pll_inst|altpll_component|auto_generated|pll1|clk[0] ; 20.000       ; 0.065      ; 15.838     ;
; 4.229 ; g_sos3_lowpass:lowpass_inst|x_register[3]   ; g_sos3_lowpass:lowpass_inst|y_register[6]  ; my_pll_inst|altpll_component|auto_generated|pll1|clk[0] ; my_pll_inst|altpll_component|auto_generated|pll1|clk[0] ; 20.000       ; 0.065      ; 15.838     ;
; 4.229 ; g_sos3_lowpass:lowpass_inst|x_register[4]   ; g_sos3_lowpass:lowpass_inst|y_register[6]  ; my_pll_inst|altpll_component|auto_generated|pll1|clk[0] ; my_pll_inst|altpll_component|auto_generated|pll1|clk[0] ; 20.000       ; 0.065      ; 15.838     ;
; 4.229 ; g_sos3_lowpass:lowpass_inst|x_register[5]   ; g_sos3_lowpass:lowpass_inst|y_register[6]  ; my_pll_inst|altpll_component|auto_generated|pll1|clk[0] ; my_pll_inst|altpll_component|auto_generated|pll1|clk[0] ; 20.000       ; 0.065      ; 15.838     ;
; 4.229 ; g_sos3_lowpass:lowpass_inst|x_register[6]   ; g_sos3_lowpass:lowpass_inst|y_register[6]  ; my_pll_inst|altpll_component|auto_generated|pll1|clk[0] ; my_pll_inst|altpll_component|auto_generated|pll1|clk[0] ; 20.000       ; 0.065      ; 15.838     ;
; 4.229 ; g_sos3_lowpass:lowpass_inst|x_register[7]   ; g_sos3_lowpass:lowpass_inst|y_register[6]  ; my_pll_inst|altpll_component|auto_generated|pll1|clk[0] ; my_pll_inst|altpll_component|auto_generated|pll1|clk[0] ; 20.000       ; 0.065      ; 15.838     ;
; 4.229 ; g_sos3_lowpass:lowpass_inst|x_register[8]   ; g_sos3_lowpass:lowpass_inst|y_register[6]  ; my_pll_inst|altpll_component|auto_generated|pll1|clk[0] ; my_pll_inst|altpll_component|auto_generated|pll1|clk[0] ; 20.000       ; 0.065      ; 15.838     ;
; 4.229 ; g_sos3_lowpass:lowpass_inst|x_register[9]   ; g_sos3_lowpass:lowpass_inst|y_register[6]  ; my_pll_inst|altpll_component|auto_generated|pll1|clk[0] ; my_pll_inst|altpll_component|auto_generated|pll1|clk[0] ; 20.000       ; 0.065      ; 15.838     ;
; 4.229 ; g_sos3_lowpass:lowpass_inst|x_register[10]  ; g_sos3_lowpass:lowpass_inst|y_register[6]  ; my_pll_inst|altpll_component|auto_generated|pll1|clk[0] ; my_pll_inst|altpll_component|auto_generated|pll1|clk[0] ; 20.000       ; 0.065      ; 15.838     ;
; 4.229 ; g_sos3_lowpass:lowpass_inst|x_register[11]  ; g_sos3_lowpass:lowpass_inst|y_register[6]  ; my_pll_inst|altpll_component|auto_generated|pll1|clk[0] ; my_pll_inst|altpll_component|auto_generated|pll1|clk[0] ; 20.000       ; 0.065      ; 15.838     ;
; 4.229 ; g_sos3_lowpass:lowpass_inst|x_register[12]  ; g_sos3_lowpass:lowpass_inst|y_register[6]  ; my_pll_inst|altpll_component|auto_generated|pll1|clk[0] ; my_pll_inst|altpll_component|auto_generated|pll1|clk[0] ; 20.000       ; 0.065      ; 15.838     ;
; 4.229 ; g_sos3_lowpass:lowpass_inst|x_register[13]  ; g_sos3_lowpass:lowpass_inst|y_register[6]  ; my_pll_inst|altpll_component|auto_generated|pll1|clk[0] ; my_pll_inst|altpll_component|auto_generated|pll1|clk[0] ; 20.000       ; 0.065      ; 15.838     ;
; 4.229 ; g_sos3_lowpass:lowpass_inst|x_register[14]  ; g_sos3_lowpass:lowpass_inst|y_register[6]  ; my_pll_inst|altpll_component|auto_generated|pll1|clk[0] ; my_pll_inst|altpll_component|auto_generated|pll1|clk[0] ; 20.000       ; 0.065      ; 15.838     ;
; 4.229 ; g_sos3_lowpass:lowpass_inst|x_register[15]  ; g_sos3_lowpass:lowpass_inst|y_register[6]  ; my_pll_inst|altpll_component|auto_generated|pll1|clk[0] ; my_pll_inst|altpll_component|auto_generated|pll1|clk[0] ; 20.000       ; 0.065      ; 15.838     ;
; 4.229 ; g_sos3_lowpass:lowpass_inst|x_register[16]  ; g_sos3_lowpass:lowpass_inst|y_register[6]  ; my_pll_inst|altpll_component|auto_generated|pll1|clk[0] ; my_pll_inst|altpll_component|auto_generated|pll1|clk[0] ; 20.000       ; 0.065      ; 15.838     ;
; 4.229 ; g_sos3_lowpass:lowpass_inst|x_register[17]  ; g_sos3_lowpass:lowpass_inst|y_register[6]  ; my_pll_inst|altpll_component|auto_generated|pll1|clk[0] ; my_pll_inst|altpll_component|auto_generated|pll1|clk[0] ; 20.000       ; 0.065      ; 15.838     ;
; 4.304 ; g_sos3_lowpass:lowpass_inst|x_register[0]   ; g_sos3_lowpass:lowpass_inst|y_register[16] ; my_pll_inst|altpll_component|auto_generated|pll1|clk[0] ; my_pll_inst|altpll_component|auto_generated|pll1|clk[0] ; 20.000       ; 0.468      ; 16.166     ;
; 4.304 ; g_sos3_lowpass:lowpass_inst|x_register[1]   ; g_sos3_lowpass:lowpass_inst|y_register[16] ; my_pll_inst|altpll_component|auto_generated|pll1|clk[0] ; my_pll_inst|altpll_component|auto_generated|pll1|clk[0] ; 20.000       ; 0.468      ; 16.166     ;
; 4.304 ; g_sos3_lowpass:lowpass_inst|x_register[2]   ; g_sos3_lowpass:lowpass_inst|y_register[16] ; my_pll_inst|altpll_component|auto_generated|pll1|clk[0] ; my_pll_inst|altpll_component|auto_generated|pll1|clk[0] ; 20.000       ; 0.468      ; 16.166     ;
; 4.304 ; g_sos3_lowpass:lowpass_inst|x_register[3]   ; g_sos3_lowpass:lowpass_inst|y_register[16] ; my_pll_inst|altpll_component|auto_generated|pll1|clk[0] ; my_pll_inst|altpll_component|auto_generated|pll1|clk[0] ; 20.000       ; 0.468      ; 16.166     ;
; 4.304 ; g_sos3_lowpass:lowpass_inst|x_register[4]   ; g_sos3_lowpass:lowpass_inst|y_register[16] ; my_pll_inst|altpll_component|auto_generated|pll1|clk[0] ; my_pll_inst|altpll_component|auto_generated|pll1|clk[0] ; 20.000       ; 0.468      ; 16.166     ;
; 4.304 ; g_sos3_lowpass:lowpass_inst|x_register[5]   ; g_sos3_lowpass:lowpass_inst|y_register[16] ; my_pll_inst|altpll_component|auto_generated|pll1|clk[0] ; my_pll_inst|altpll_component|auto_generated|pll1|clk[0] ; 20.000       ; 0.468      ; 16.166     ;
; 4.304 ; g_sos3_lowpass:lowpass_inst|x_register[6]   ; g_sos3_lowpass:lowpass_inst|y_register[16] ; my_pll_inst|altpll_component|auto_generated|pll1|clk[0] ; my_pll_inst|altpll_component|auto_generated|pll1|clk[0] ; 20.000       ; 0.468      ; 16.166     ;
; 4.304 ; g_sos3_lowpass:lowpass_inst|x_register[7]   ; g_sos3_lowpass:lowpass_inst|y_register[16] ; my_pll_inst|altpll_component|auto_generated|pll1|clk[0] ; my_pll_inst|altpll_component|auto_generated|pll1|clk[0] ; 20.000       ; 0.468      ; 16.166     ;
; 4.304 ; g_sos3_lowpass:lowpass_inst|x_register[8]   ; g_sos3_lowpass:lowpass_inst|y_register[16] ; my_pll_inst|altpll_component|auto_generated|pll1|clk[0] ; my_pll_inst|altpll_component|auto_generated|pll1|clk[0] ; 20.000       ; 0.468      ; 16.166     ;
; 4.304 ; g_sos3_lowpass:lowpass_inst|x_register[9]   ; g_sos3_lowpass:lowpass_inst|y_register[16] ; my_pll_inst|altpll_component|auto_generated|pll1|clk[0] ; my_pll_inst|altpll_component|auto_generated|pll1|clk[0] ; 20.000       ; 0.468      ; 16.166     ;
; 4.304 ; g_sos3_lowpass:lowpass_inst|x_register[10]  ; g_sos3_lowpass:lowpass_inst|y_register[16] ; my_pll_inst|altpll_component|auto_generated|pll1|clk[0] ; my_pll_inst|altpll_component|auto_generated|pll1|clk[0] ; 20.000       ; 0.468      ; 16.166     ;
; 4.304 ; g_sos3_lowpass:lowpass_inst|x_register[11]  ; g_sos3_lowpass:lowpass_inst|y_register[16] ; my_pll_inst|altpll_component|auto_generated|pll1|clk[0] ; my_pll_inst|altpll_component|auto_generated|pll1|clk[0] ; 20.000       ; 0.468      ; 16.166     ;
; 4.304 ; g_sos3_lowpass:lowpass_inst|x_register[12]  ; g_sos3_lowpass:lowpass_inst|y_register[16] ; my_pll_inst|altpll_component|auto_generated|pll1|clk[0] ; my_pll_inst|altpll_component|auto_generated|pll1|clk[0] ; 20.000       ; 0.468      ; 16.166     ;
; 4.304 ; g_sos3_lowpass:lowpass_inst|x_register[13]  ; g_sos3_lowpass:lowpass_inst|y_register[16] ; my_pll_inst|altpll_component|auto_generated|pll1|clk[0] ; my_pll_inst|altpll_component|auto_generated|pll1|clk[0] ; 20.000       ; 0.468      ; 16.166     ;
; 4.304 ; g_sos3_lowpass:lowpass_inst|x_register[14]  ; g_sos3_lowpass:lowpass_inst|y_register[16] ; my_pll_inst|altpll_component|auto_generated|pll1|clk[0] ; my_pll_inst|altpll_component|auto_generated|pll1|clk[0] ; 20.000       ; 0.468      ; 16.166     ;
; 4.304 ; g_sos3_lowpass:lowpass_inst|x_register[15]  ; g_sos3_lowpass:lowpass_inst|y_register[16] ; my_pll_inst|altpll_component|auto_generated|pll1|clk[0] ; my_pll_inst|altpll_component|auto_generated|pll1|clk[0] ; 20.000       ; 0.468      ; 16.166     ;
; 4.304 ; g_sos3_lowpass:lowpass_inst|x_register[16]  ; g_sos3_lowpass:lowpass_inst|y_register[16] ; my_pll_inst|altpll_component|auto_generated|pll1|clk[0] ; my_pll_inst|altpll_component|auto_generated|pll1|clk[0] ; 20.000       ; 0.468      ; 16.166     ;
; 4.304 ; g_sos3_lowpass:lowpass_inst|x_register[17]  ; g_sos3_lowpass:lowpass_inst|y_register[16] ; my_pll_inst|altpll_component|auto_generated|pll1|clk[0] ; my_pll_inst|altpll_component|auto_generated|pll1|clk[0] ; 20.000       ; 0.468      ; 16.166     ;
; 4.309 ; g_sos3_lowpass:lowpass_inst|b0_register[1]  ; g_sos3_lowpass:lowpass_inst|y_register[6]  ; my_pll_inst|altpll_component|auto_generated|pll1|clk[0] ; my_pll_inst|altpll_component|auto_generated|pll1|clk[0] ; 20.000       ; 0.065      ; 15.758     ;
; 4.309 ; g_sos3_lowpass:lowpass_inst|b0_register[2]  ; g_sos3_lowpass:lowpass_inst|y_register[6]  ; my_pll_inst|altpll_component|auto_generated|pll1|clk[0] ; my_pll_inst|altpll_component|auto_generated|pll1|clk[0] ; 20.000       ; 0.065      ; 15.758     ;
; 4.309 ; g_sos3_lowpass:lowpass_inst|b0_register[3]  ; g_sos3_lowpass:lowpass_inst|y_register[6]  ; my_pll_inst|altpll_component|auto_generated|pll1|clk[0] ; my_pll_inst|altpll_component|auto_generated|pll1|clk[0] ; 20.000       ; 0.065      ; 15.758     ;
; 4.309 ; g_sos3_lowpass:lowpass_inst|b0_register[5]  ; g_sos3_lowpass:lowpass_inst|y_register[6]  ; my_pll_inst|altpll_component|auto_generated|pll1|clk[0] ; my_pll_inst|altpll_component|auto_generated|pll1|clk[0] ; 20.000       ; 0.065      ; 15.758     ;
; 4.309 ; g_sos3_lowpass:lowpass_inst|b0_register[6]  ; g_sos3_lowpass:lowpass_inst|y_register[6]  ; my_pll_inst|altpll_component|auto_generated|pll1|clk[0] ; my_pll_inst|altpll_component|auto_generated|pll1|clk[0] ; 20.000       ; 0.065      ; 15.758     ;
; 4.309 ; g_sos3_lowpass:lowpass_inst|b0_register[7]  ; g_sos3_lowpass:lowpass_inst|y_register[6]  ; my_pll_inst|altpll_component|auto_generated|pll1|clk[0] ; my_pll_inst|altpll_component|auto_generated|pll1|clk[0] ; 20.000       ; 0.065      ; 15.758     ;
; 4.309 ; g_sos3_lowpass:lowpass_inst|b0_register[16] ; g_sos3_lowpass:lowpass_inst|y_register[6]  ; my_pll_inst|altpll_component|auto_generated|pll1|clk[0] ; my_pll_inst|altpll_component|auto_generated|pll1|clk[0] ; 20.000       ; 0.065      ; 15.758     ;
; 4.384 ; g_sos3_lowpass:lowpass_inst|b0_register[1]  ; g_sos3_lowpass:lowpass_inst|y_register[16] ; my_pll_inst|altpll_component|auto_generated|pll1|clk[0] ; my_pll_inst|altpll_component|auto_generated|pll1|clk[0] ; 20.000       ; 0.468      ; 16.086     ;
; 4.384 ; g_sos3_lowpass:lowpass_inst|b0_register[2]  ; g_sos3_lowpass:lowpass_inst|y_register[16] ; my_pll_inst|altpll_component|auto_generated|pll1|clk[0] ; my_pll_inst|altpll_component|auto_generated|pll1|clk[0] ; 20.000       ; 0.468      ; 16.086     ;
; 4.384 ; g_sos3_lowpass:lowpass_inst|b0_register[3]  ; g_sos3_lowpass:lowpass_inst|y_register[16] ; my_pll_inst|altpll_component|auto_generated|pll1|clk[0] ; my_pll_inst|altpll_component|auto_generated|pll1|clk[0] ; 20.000       ; 0.468      ; 16.086     ;
; 4.384 ; g_sos3_lowpass:lowpass_inst|b0_register[5]  ; g_sos3_lowpass:lowpass_inst|y_register[16] ; my_pll_inst|altpll_component|auto_generated|pll1|clk[0] ; my_pll_inst|altpll_component|auto_generated|pll1|clk[0] ; 20.000       ; 0.468      ; 16.086     ;
; 4.384 ; g_sos3_lowpass:lowpass_inst|b0_register[6]  ; g_sos3_lowpass:lowpass_inst|y_register[16] ; my_pll_inst|altpll_component|auto_generated|pll1|clk[0] ; my_pll_inst|altpll_component|auto_generated|pll1|clk[0] ; 20.000       ; 0.468      ; 16.086     ;
; 4.384 ; g_sos3_lowpass:lowpass_inst|b0_register[7]  ; g_sos3_lowpass:lowpass_inst|y_register[16] ; my_pll_inst|altpll_component|auto_generated|pll1|clk[0] ; my_pll_inst|altpll_component|auto_generated|pll1|clk[0] ; 20.000       ; 0.468      ; 16.086     ;
; 4.384 ; g_sos3_lowpass:lowpass_inst|b0_register[16] ; g_sos3_lowpass:lowpass_inst|y_register[16] ; my_pll_inst|altpll_component|auto_generated|pll1|clk[0] ; my_pll_inst|altpll_component|auto_generated|pll1|clk[0] ; 20.000       ; 0.468      ; 16.086     ;
; 4.646 ; g_sos3_lowpass:lowpass_inst|x_register[0]   ; g_sos3_lowpass:lowpass_inst|y_register[11] ; my_pll_inst|altpll_component|auto_generated|pll1|clk[0] ; my_pll_inst|altpll_component|auto_generated|pll1|clk[0] ; 20.000       ; 0.547      ; 15.903     ;
; 4.646 ; g_sos3_lowpass:lowpass_inst|x_register[1]   ; g_sos3_lowpass:lowpass_inst|y_register[11] ; my_pll_inst|altpll_component|auto_generated|pll1|clk[0] ; my_pll_inst|altpll_component|auto_generated|pll1|clk[0] ; 20.000       ; 0.547      ; 15.903     ;
; 4.646 ; g_sos3_lowpass:lowpass_inst|x_register[2]   ; g_sos3_lowpass:lowpass_inst|y_register[11] ; my_pll_inst|altpll_component|auto_generated|pll1|clk[0] ; my_pll_inst|altpll_component|auto_generated|pll1|clk[0] ; 20.000       ; 0.547      ; 15.903     ;
; 4.646 ; g_sos3_lowpass:lowpass_inst|x_register[3]   ; g_sos3_lowpass:lowpass_inst|y_register[11] ; my_pll_inst|altpll_component|auto_generated|pll1|clk[0] ; my_pll_inst|altpll_component|auto_generated|pll1|clk[0] ; 20.000       ; 0.547      ; 15.903     ;
; 4.646 ; g_sos3_lowpass:lowpass_inst|x_register[4]   ; g_sos3_lowpass:lowpass_inst|y_register[11] ; my_pll_inst|altpll_component|auto_generated|pll1|clk[0] ; my_pll_inst|altpll_component|auto_generated|pll1|clk[0] ; 20.000       ; 0.547      ; 15.903     ;
; 4.646 ; g_sos3_lowpass:lowpass_inst|x_register[5]   ; g_sos3_lowpass:lowpass_inst|y_register[11] ; my_pll_inst|altpll_component|auto_generated|pll1|clk[0] ; my_pll_inst|altpll_component|auto_generated|pll1|clk[0] ; 20.000       ; 0.547      ; 15.903     ;
; 4.646 ; g_sos3_lowpass:lowpass_inst|x_register[6]   ; g_sos3_lowpass:lowpass_inst|y_register[11] ; my_pll_inst|altpll_component|auto_generated|pll1|clk[0] ; my_pll_inst|altpll_component|auto_generated|pll1|clk[0] ; 20.000       ; 0.547      ; 15.903     ;
; 4.646 ; g_sos3_lowpass:lowpass_inst|x_register[7]   ; g_sos3_lowpass:lowpass_inst|y_register[11] ; my_pll_inst|altpll_component|auto_generated|pll1|clk[0] ; my_pll_inst|altpll_component|auto_generated|pll1|clk[0] ; 20.000       ; 0.547      ; 15.903     ;
; 4.646 ; g_sos3_lowpass:lowpass_inst|x_register[8]   ; g_sos3_lowpass:lowpass_inst|y_register[11] ; my_pll_inst|altpll_component|auto_generated|pll1|clk[0] ; my_pll_inst|altpll_component|auto_generated|pll1|clk[0] ; 20.000       ; 0.547      ; 15.903     ;
; 4.646 ; g_sos3_lowpass:lowpass_inst|x_register[9]   ; g_sos3_lowpass:lowpass_inst|y_register[11] ; my_pll_inst|altpll_component|auto_generated|pll1|clk[0] ; my_pll_inst|altpll_component|auto_generated|pll1|clk[0] ; 20.000       ; 0.547      ; 15.903     ;
; 4.646 ; g_sos3_lowpass:lowpass_inst|x_register[10]  ; g_sos3_lowpass:lowpass_inst|y_register[11] ; my_pll_inst|altpll_component|auto_generated|pll1|clk[0] ; my_pll_inst|altpll_component|auto_generated|pll1|clk[0] ; 20.000       ; 0.547      ; 15.903     ;
; 4.646 ; g_sos3_lowpass:lowpass_inst|x_register[11]  ; g_sos3_lowpass:lowpass_inst|y_register[11] ; my_pll_inst|altpll_component|auto_generated|pll1|clk[0] ; my_pll_inst|altpll_component|auto_generated|pll1|clk[0] ; 20.000       ; 0.547      ; 15.903     ;
; 4.646 ; g_sos3_lowpass:lowpass_inst|x_register[12]  ; g_sos3_lowpass:lowpass_inst|y_register[11] ; my_pll_inst|altpll_component|auto_generated|pll1|clk[0] ; my_pll_inst|altpll_component|auto_generated|pll1|clk[0] ; 20.000       ; 0.547      ; 15.903     ;
; 4.646 ; g_sos3_lowpass:lowpass_inst|x_register[13]  ; g_sos3_lowpass:lowpass_inst|y_register[11] ; my_pll_inst|altpll_component|auto_generated|pll1|clk[0] ; my_pll_inst|altpll_component|auto_generated|pll1|clk[0] ; 20.000       ; 0.547      ; 15.903     ;
; 4.646 ; g_sos3_lowpass:lowpass_inst|x_register[14]  ; g_sos3_lowpass:lowpass_inst|y_register[11] ; my_pll_inst|altpll_component|auto_generated|pll1|clk[0] ; my_pll_inst|altpll_component|auto_generated|pll1|clk[0] ; 20.000       ; 0.547      ; 15.903     ;
; 4.646 ; g_sos3_lowpass:lowpass_inst|x_register[15]  ; g_sos3_lowpass:lowpass_inst|y_register[11] ; my_pll_inst|altpll_component|auto_generated|pll1|clk[0] ; my_pll_inst|altpll_component|auto_generated|pll1|clk[0] ; 20.000       ; 0.547      ; 15.903     ;
; 4.646 ; g_sos3_lowpass:lowpass_inst|x_register[16]  ; g_sos3_lowpass:lowpass_inst|y_register[11] ; my_pll_inst|altpll_component|auto_generated|pll1|clk[0] ; my_pll_inst|altpll_component|auto_generated|pll1|clk[0] ; 20.000       ; 0.547      ; 15.903     ;
; 4.646 ; g_sos3_lowpass:lowpass_inst|x_register[17]  ; g_sos3_lowpass:lowpass_inst|y_register[11] ; my_pll_inst|altpll_component|auto_generated|pll1|clk[0] ; my_pll_inst|altpll_component|auto_generated|pll1|clk[0] ; 20.000       ; 0.547      ; 15.903     ;
; 4.647 ; g_sos3_lowpass:lowpass_inst|x_register[0]   ; g_sos3_lowpass:lowpass_inst|y_register[8]  ; my_pll_inst|altpll_component|auto_generated|pll1|clk[0] ; my_pll_inst|altpll_component|auto_generated|pll1|clk[0] ; 20.000       ; 0.547      ; 15.902     ;
; 4.647 ; g_sos3_lowpass:lowpass_inst|x_register[0]   ; g_sos3_lowpass:lowpass_inst|y_register[7]  ; my_pll_inst|altpll_component|auto_generated|pll1|clk[0] ; my_pll_inst|altpll_component|auto_generated|pll1|clk[0] ; 20.000       ; 0.547      ; 15.902     ;
; 4.647 ; g_sos3_lowpass:lowpass_inst|x_register[0]   ; g_sos3_lowpass:lowpass_inst|y_register[4]  ; my_pll_inst|altpll_component|auto_generated|pll1|clk[0] ; my_pll_inst|altpll_component|auto_generated|pll1|clk[0] ; 20.000       ; 0.547      ; 15.902     ;
; 4.647 ; g_sos3_lowpass:lowpass_inst|x_register[1]   ; g_sos3_lowpass:lowpass_inst|y_register[8]  ; my_pll_inst|altpll_component|auto_generated|pll1|clk[0] ; my_pll_inst|altpll_component|auto_generated|pll1|clk[0] ; 20.000       ; 0.547      ; 15.902     ;
; 4.647 ; g_sos3_lowpass:lowpass_inst|x_register[2]   ; g_sos3_lowpass:lowpass_inst|y_register[8]  ; my_pll_inst|altpll_component|auto_generated|pll1|clk[0] ; my_pll_inst|altpll_component|auto_generated|pll1|clk[0] ; 20.000       ; 0.547      ; 15.902     ;
; 4.647 ; g_sos3_lowpass:lowpass_inst|x_register[3]   ; g_sos3_lowpass:lowpass_inst|y_register[8]  ; my_pll_inst|altpll_component|auto_generated|pll1|clk[0] ; my_pll_inst|altpll_component|auto_generated|pll1|clk[0] ; 20.000       ; 0.547      ; 15.902     ;
; 4.647 ; g_sos3_lowpass:lowpass_inst|x_register[4]   ; g_sos3_lowpass:lowpass_inst|y_register[8]  ; my_pll_inst|altpll_component|auto_generated|pll1|clk[0] ; my_pll_inst|altpll_component|auto_generated|pll1|clk[0] ; 20.000       ; 0.547      ; 15.902     ;
; 4.647 ; g_sos3_lowpass:lowpass_inst|x_register[5]   ; g_sos3_lowpass:lowpass_inst|y_register[8]  ; my_pll_inst|altpll_component|auto_generated|pll1|clk[0] ; my_pll_inst|altpll_component|auto_generated|pll1|clk[0] ; 20.000       ; 0.547      ; 15.902     ;
; 4.647 ; g_sos3_lowpass:lowpass_inst|x_register[6]   ; g_sos3_lowpass:lowpass_inst|y_register[8]  ; my_pll_inst|altpll_component|auto_generated|pll1|clk[0] ; my_pll_inst|altpll_component|auto_generated|pll1|clk[0] ; 20.000       ; 0.547      ; 15.902     ;
; 4.647 ; g_sos3_lowpass:lowpass_inst|x_register[7]   ; g_sos3_lowpass:lowpass_inst|y_register[8]  ; my_pll_inst|altpll_component|auto_generated|pll1|clk[0] ; my_pll_inst|altpll_component|auto_generated|pll1|clk[0] ; 20.000       ; 0.547      ; 15.902     ;
; 4.647 ; g_sos3_lowpass:lowpass_inst|x_register[8]   ; g_sos3_lowpass:lowpass_inst|y_register[8]  ; my_pll_inst|altpll_component|auto_generated|pll1|clk[0] ; my_pll_inst|altpll_component|auto_generated|pll1|clk[0] ; 20.000       ; 0.547      ; 15.902     ;
; 4.647 ; g_sos3_lowpass:lowpass_inst|x_register[9]   ; g_sos3_lowpass:lowpass_inst|y_register[8]  ; my_pll_inst|altpll_component|auto_generated|pll1|clk[0] ; my_pll_inst|altpll_component|auto_generated|pll1|clk[0] ; 20.000       ; 0.547      ; 15.902     ;
; 4.647 ; g_sos3_lowpass:lowpass_inst|x_register[10]  ; g_sos3_lowpass:lowpass_inst|y_register[8]  ; my_pll_inst|altpll_component|auto_generated|pll1|clk[0] ; my_pll_inst|altpll_component|auto_generated|pll1|clk[0] ; 20.000       ; 0.547      ; 15.902     ;
; 4.647 ; g_sos3_lowpass:lowpass_inst|x_register[11]  ; g_sos3_lowpass:lowpass_inst|y_register[8]  ; my_pll_inst|altpll_component|auto_generated|pll1|clk[0] ; my_pll_inst|altpll_component|auto_generated|pll1|clk[0] ; 20.000       ; 0.547      ; 15.902     ;
; 4.647 ; g_sos3_lowpass:lowpass_inst|x_register[12]  ; g_sos3_lowpass:lowpass_inst|y_register[8]  ; my_pll_inst|altpll_component|auto_generated|pll1|clk[0] ; my_pll_inst|altpll_component|auto_generated|pll1|clk[0] ; 20.000       ; 0.547      ; 15.902     ;
; 4.647 ; g_sos3_lowpass:lowpass_inst|x_register[13]  ; g_sos3_lowpass:lowpass_inst|y_register[8]  ; my_pll_inst|altpll_component|auto_generated|pll1|clk[0] ; my_pll_inst|altpll_component|auto_generated|pll1|clk[0] ; 20.000       ; 0.547      ; 15.902     ;
; 4.647 ; g_sos3_lowpass:lowpass_inst|x_register[14]  ; g_sos3_lowpass:lowpass_inst|y_register[8]  ; my_pll_inst|altpll_component|auto_generated|pll1|clk[0] ; my_pll_inst|altpll_component|auto_generated|pll1|clk[0] ; 20.000       ; 0.547      ; 15.902     ;
; 4.647 ; g_sos3_lowpass:lowpass_inst|x_register[15]  ; g_sos3_lowpass:lowpass_inst|y_register[8]  ; my_pll_inst|altpll_component|auto_generated|pll1|clk[0] ; my_pll_inst|altpll_component|auto_generated|pll1|clk[0] ; 20.000       ; 0.547      ; 15.902     ;
; 4.647 ; g_sos3_lowpass:lowpass_inst|x_register[16]  ; g_sos3_lowpass:lowpass_inst|y_register[8]  ; my_pll_inst|altpll_component|auto_generated|pll1|clk[0] ; my_pll_inst|altpll_component|auto_generated|pll1|clk[0] ; 20.000       ; 0.547      ; 15.902     ;
; 4.647 ; g_sos3_lowpass:lowpass_inst|x_register[17]  ; g_sos3_lowpass:lowpass_inst|y_register[8]  ; my_pll_inst|altpll_component|auto_generated|pll1|clk[0] ; my_pll_inst|altpll_component|auto_generated|pll1|clk[0] ; 20.000       ; 0.547      ; 15.902     ;
; 4.647 ; g_sos3_lowpass:lowpass_inst|x_register[1]   ; g_sos3_lowpass:lowpass_inst|y_register[7]  ; my_pll_inst|altpll_component|auto_generated|pll1|clk[0] ; my_pll_inst|altpll_component|auto_generated|pll1|clk[0] ; 20.000       ; 0.547      ; 15.902     ;
; 4.647 ; g_sos3_lowpass:lowpass_inst|x_register[2]   ; g_sos3_lowpass:lowpass_inst|y_register[7]  ; my_pll_inst|altpll_component|auto_generated|pll1|clk[0] ; my_pll_inst|altpll_component|auto_generated|pll1|clk[0] ; 20.000       ; 0.547      ; 15.902     ;
; 4.647 ; g_sos3_lowpass:lowpass_inst|x_register[3]   ; g_sos3_lowpass:lowpass_inst|y_register[7]  ; my_pll_inst|altpll_component|auto_generated|pll1|clk[0] ; my_pll_inst|altpll_component|auto_generated|pll1|clk[0] ; 20.000       ; 0.547      ; 15.902     ;
; 4.647 ; g_sos3_lowpass:lowpass_inst|x_register[4]   ; g_sos3_lowpass:lowpass_inst|y_register[7]  ; my_pll_inst|altpll_component|auto_generated|pll1|clk[0] ; my_pll_inst|altpll_component|auto_generated|pll1|clk[0] ; 20.000       ; 0.547      ; 15.902     ;
; 4.647 ; g_sos3_lowpass:lowpass_inst|x_register[5]   ; g_sos3_lowpass:lowpass_inst|y_register[7]  ; my_pll_inst|altpll_component|auto_generated|pll1|clk[0] ; my_pll_inst|altpll_component|auto_generated|pll1|clk[0] ; 20.000       ; 0.547      ; 15.902     ;
; 4.647 ; g_sos3_lowpass:lowpass_inst|x_register[6]   ; g_sos3_lowpass:lowpass_inst|y_register[7]  ; my_pll_inst|altpll_component|auto_generated|pll1|clk[0] ; my_pll_inst|altpll_component|auto_generated|pll1|clk[0] ; 20.000       ; 0.547      ; 15.902     ;
; 4.647 ; g_sos3_lowpass:lowpass_inst|x_register[7]   ; g_sos3_lowpass:lowpass_inst|y_register[7]  ; my_pll_inst|altpll_component|auto_generated|pll1|clk[0] ; my_pll_inst|altpll_component|auto_generated|pll1|clk[0] ; 20.000       ; 0.547      ; 15.902     ;
; 4.647 ; g_sos3_lowpass:lowpass_inst|x_register[8]   ; g_sos3_lowpass:lowpass_inst|y_register[7]  ; my_pll_inst|altpll_component|auto_generated|pll1|clk[0] ; my_pll_inst|altpll_component|auto_generated|pll1|clk[0] ; 20.000       ; 0.547      ; 15.902     ;
; 4.647 ; g_sos3_lowpass:lowpass_inst|x_register[9]   ; g_sos3_lowpass:lowpass_inst|y_register[7]  ; my_pll_inst|altpll_component|auto_generated|pll1|clk[0] ; my_pll_inst|altpll_component|auto_generated|pll1|clk[0] ; 20.000       ; 0.547      ; 15.902     ;
; 4.647 ; g_sos3_lowpass:lowpass_inst|x_register[10]  ; g_sos3_lowpass:lowpass_inst|y_register[7]  ; my_pll_inst|altpll_component|auto_generated|pll1|clk[0] ; my_pll_inst|altpll_component|auto_generated|pll1|clk[0] ; 20.000       ; 0.547      ; 15.902     ;
; 4.647 ; g_sos3_lowpass:lowpass_inst|x_register[11]  ; g_sos3_lowpass:lowpass_inst|y_register[7]  ; my_pll_inst|altpll_component|auto_generated|pll1|clk[0] ; my_pll_inst|altpll_component|auto_generated|pll1|clk[0] ; 20.000       ; 0.547      ; 15.902     ;
; 4.647 ; g_sos3_lowpass:lowpass_inst|x_register[12]  ; g_sos3_lowpass:lowpass_inst|y_register[7]  ; my_pll_inst|altpll_component|auto_generated|pll1|clk[0] ; my_pll_inst|altpll_component|auto_generated|pll1|clk[0] ; 20.000       ; 0.547      ; 15.902     ;
+-------+---------------------------------------------+--------------------------------------------+---------------------------------------------------------+---------------------------------------------------------+--------------+------------+------------+


+----------------------------------------------------------------------------------------------------------------------------------------------------------------------------------------+
; Slow 1200mV 0C Model Setup: 'sys_clk'                                                                                                                                                  ;
+--------+--------------------------------------------------------------------------------------+------------------+--------------+-------------+--------------+------------+------------+
; Slack  ; From Node                                                                            ; To Node          ; Launch Clock ; Latch Clock ; Relationship ; Clock Skew ; Data Delay ;
+--------+--------------------------------------------------------------------------------------+------------------+--------------+-------------+--------------+------------+------------+
; 12.838 ; RAM:ram_bank0|altsyncram:altsyncram_component|altsyncram_vkm1:auto_generated|q_b[0]  ; spi_tx_word[0]   ; sys_clk      ; sys_clk     ; 20.000       ; -0.324     ; 6.840      ;
; 13.069 ; RAM2:ram_bank1|altsyncram:altsyncram_component|altsyncram_vkm1:auto_generated|q_b[0] ; spi_tx_word[0]   ; sys_clk      ; sys_clk     ; 20.000       ; -0.324     ; 6.609      ;
; 13.105 ; g_spi_slave:spi_inst|rx_word[26]                                                     ; capture_busy_sys ; sys_clk      ; sys_clk     ; 20.000       ; -0.074     ; 6.823      ;
; 13.105 ; g_spi_slave:spi_inst|rx_word[26]                                                     ; capture_done_sys ; sys_clk      ; sys_clk     ; 20.000       ; -0.074     ; 6.823      ;
; 13.239 ; g_spi_slave:spi_inst|rx_word[31]                                                     ; capture_busy_sys ; sys_clk      ; sys_clk     ; 20.000       ; -0.080     ; 6.683      ;
; 13.239 ; g_spi_slave:spi_inst|rx_word[31]                                                     ; capture_done_sys ; sys_clk      ; sys_clk     ; 20.000       ; -0.080     ; 6.683      ;
; 13.249 ; g_spi_slave:spi_inst|rx_word[27]                                                     ; capture_busy_sys ; sys_clk      ; sys_clk     ; 20.000       ; -0.080     ; 6.673      ;
; 13.249 ; g_spi_slave:spi_inst|rx_word[27]                                                     ; capture_done_sys ; sys_clk      ; sys_clk     ; 20.000       ; -0.080     ; 6.673      ;
; 13.670 ; g_spi_slave:spi_inst|rx_word[30]                                                     ; capture_busy_sys ; sys_clk      ; sys_clk     ; 20.000       ; -0.080     ; 6.252      ;
; 13.670 ; g_spi_slave:spi_inst|rx_word[30]                                                     ; capture_done_sys ; sys_clk      ; sys_clk     ; 20.000       ; -0.080     ; 6.252      ;
; 13.683 ; g_spi_slave:spi_inst|rx_word[26]                                                     ; spi_tx_word[26]  ; sys_clk      ; sys_clk     ; 20.000       ; -0.096     ; 6.223      ;
; 13.683 ; g_spi_slave:spi_inst|rx_word[26]                                                     ; spi_tx_word[17]  ; sys_clk      ; sys_clk     ; 20.000       ; -0.096     ; 6.223      ;
; 13.683 ; g_spi_slave:spi_inst|rx_word[26]                                                     ; spi_tx_word[18]  ; sys_clk      ; sys_clk     ; 20.000       ; -0.096     ; 6.223      ;
; 13.683 ; g_spi_slave:spi_inst|rx_word[26]                                                     ; spi_tx_word[19]  ; sys_clk      ; sys_clk     ; 20.000       ; -0.096     ; 6.223      ;
; 13.756 ; g_spi_slave:spi_inst|rx_word[26]                                                     ; spi_tx_word[15]  ; sys_clk      ; sys_clk     ; 20.000       ; -0.094     ; 6.152      ;
; 13.756 ; g_spi_slave:spi_inst|rx_word[26]                                                     ; spi_tx_word[3]   ; sys_clk      ; sys_clk     ; 20.000       ; -0.094     ; 6.152      ;
; 13.756 ; g_spi_slave:spi_inst|rx_word[26]                                                     ; spi_tx_word[11]  ; sys_clk      ; sys_clk     ; 20.000       ; -0.094     ; 6.152      ;
; 13.756 ; g_spi_slave:spi_inst|rx_word[26]                                                     ; spi_tx_word[14]  ; sys_clk      ; sys_clk     ; 20.000       ; -0.094     ; 6.152      ;
; 13.861 ; g_spi_slave:spi_inst|rx_word[26]                                                     ; spi_tx_word[5]   ; sys_clk      ; sys_clk     ; 20.000       ; -0.074     ; 6.067      ;
; 13.910 ; g_spi_slave:spi_inst|rx_word[31]                                                     ; spi_tx_word[26]  ; sys_clk      ; sys_clk     ; 20.000       ; -0.102     ; 5.990      ;
; 13.910 ; g_spi_slave:spi_inst|rx_word[31]                                                     ; spi_tx_word[17]  ; sys_clk      ; sys_clk     ; 20.000       ; -0.102     ; 5.990      ;
; 13.910 ; g_spi_slave:spi_inst|rx_word[31]                                                     ; spi_tx_word[18]  ; sys_clk      ; sys_clk     ; 20.000       ; -0.102     ; 5.990      ;
; 13.910 ; g_spi_slave:spi_inst|rx_word[31]                                                     ; spi_tx_word[19]  ; sys_clk      ; sys_clk     ; 20.000       ; -0.102     ; 5.990      ;
; 13.918 ; g_spi_slave:spi_inst|rx_word[27]                                                     ; spi_tx_word[26]  ; sys_clk      ; sys_clk     ; 20.000       ; -0.102     ; 5.982      ;
; 13.918 ; g_spi_slave:spi_inst|rx_word[27]                                                     ; spi_tx_word[17]  ; sys_clk      ; sys_clk     ; 20.000       ; -0.102     ; 5.982      ;
; 13.918 ; g_spi_slave:spi_inst|rx_word[27]                                                     ; spi_tx_word[18]  ; sys_clk      ; sys_clk     ; 20.000       ; -0.102     ; 5.982      ;
; 13.918 ; g_spi_slave:spi_inst|rx_word[27]                                                     ; spi_tx_word[19]  ; sys_clk      ; sys_clk     ; 20.000       ; -0.102     ; 5.982      ;
; 13.977 ; g_spi_slave:spi_inst|rx_word[26]                                                     ; spi_tx_word[9]   ; sys_clk      ; sys_clk     ; 20.000       ; -0.075     ; 5.950      ;
; 13.982 ; g_spi_slave:spi_inst|rx_word[29]                                                     ; capture_busy_sys ; sys_clk      ; sys_clk     ; 20.000       ; -0.081     ; 5.939      ;
; 13.982 ; g_spi_slave:spi_inst|rx_word[29]                                                     ; capture_done_sys ; sys_clk      ; sys_clk     ; 20.000       ; -0.081     ; 5.939      ;
; 13.983 ; g_spi_slave:spi_inst|rx_word[31]                                                     ; spi_tx_word[15]  ; sys_clk      ; sys_clk     ; 20.000       ; -0.100     ; 5.919      ;
; 13.983 ; g_spi_slave:spi_inst|rx_word[31]                                                     ; spi_tx_word[3]   ; sys_clk      ; sys_clk     ; 20.000       ; -0.100     ; 5.919      ;
; 13.983 ; g_spi_slave:spi_inst|rx_word[31]                                                     ; spi_tx_word[11]  ; sys_clk      ; sys_clk     ; 20.000       ; -0.100     ; 5.919      ;
; 13.983 ; g_spi_slave:spi_inst|rx_word[31]                                                     ; spi_tx_word[14]  ; sys_clk      ; sys_clk     ; 20.000       ; -0.100     ; 5.919      ;
; 13.991 ; g_spi_slave:spi_inst|rx_word[27]                                                     ; spi_tx_word[15]  ; sys_clk      ; sys_clk     ; 20.000       ; -0.100     ; 5.911      ;
; 13.991 ; g_spi_slave:spi_inst|rx_word[27]                                                     ; spi_tx_word[3]   ; sys_clk      ; sys_clk     ; 20.000       ; -0.100     ; 5.911      ;
; 13.991 ; g_spi_slave:spi_inst|rx_word[27]                                                     ; spi_tx_word[11]  ; sys_clk      ; sys_clk     ; 20.000       ; -0.100     ; 5.911      ;
; 13.991 ; g_spi_slave:spi_inst|rx_word[27]                                                     ; spi_tx_word[14]  ; sys_clk      ; sys_clk     ; 20.000       ; -0.100     ; 5.911      ;
; 14.034 ; g_spi_slave:spi_inst|rx_word[26]                                                     ; spi_tx_word[6]   ; sys_clk      ; sys_clk     ; 20.000       ; -0.074     ; 5.894      ;
; 14.034 ; g_spi_slave:spi_inst|rx_word[26]                                                     ; spi_tx_word[7]   ; sys_clk      ; sys_clk     ; 20.000       ; -0.074     ; 5.894      ;
; 14.034 ; g_spi_slave:spi_inst|rx_word[26]                                                     ; spi_tx_word[10]  ; sys_clk      ; sys_clk     ; 20.000       ; -0.074     ; 5.894      ;
; 14.087 ; g_spi_slave:spi_inst|rx_word[26]                                                     ; spi_tx_word[31]  ; sys_clk      ; sys_clk     ; 20.000       ; -0.074     ; 5.841      ;
; 14.087 ; g_spi_slave:spi_inst|rx_word[26]                                                     ; spi_tx_word[24]  ; sys_clk      ; sys_clk     ; 20.000       ; -0.074     ; 5.841      ;
; 14.087 ; g_spi_slave:spi_inst|rx_word[26]                                                     ; spi_tx_word[20]  ; sys_clk      ; sys_clk     ; 20.000       ; -0.074     ; 5.841      ;
; 14.087 ; g_spi_slave:spi_inst|rx_word[26]                                                     ; spi_tx_word[16]  ; sys_clk      ; sys_clk     ; 20.000       ; -0.074     ; 5.841      ;
; 14.087 ; g_spi_slave:spi_inst|rx_word[26]                                                     ; spi_tx_word[23]  ; sys_clk      ; sys_clk     ; 20.000       ; -0.074     ; 5.841      ;
; 14.087 ; g_spi_slave:spi_inst|rx_word[26]                                                     ; spi_tx_word[27]  ; sys_clk      ; sys_clk     ; 20.000       ; -0.074     ; 5.841      ;
; 14.087 ; g_spi_slave:spi_inst|rx_word[26]                                                     ; spi_tx_word[29]  ; sys_clk      ; sys_clk     ; 20.000       ; -0.074     ; 5.841      ;
; 14.087 ; g_spi_slave:spi_inst|rx_word[26]                                                     ; spi_tx_word[30]  ; sys_clk      ; sys_clk     ; 20.000       ; -0.074     ; 5.841      ;
; 14.088 ; g_spi_slave:spi_inst|rx_word[31]                                                     ; spi_tx_word[5]   ; sys_clk      ; sys_clk     ; 20.000       ; -0.080     ; 5.834      ;
; 14.096 ; g_spi_slave:spi_inst|rx_word[27]                                                     ; spi_tx_word[5]   ; sys_clk      ; sys_clk     ; 20.000       ; -0.080     ; 5.826      ;
; 14.118 ; g_spi_slave:spi_inst|rx_word[26]                                                     ; spi_tx_word[8]   ; sys_clk      ; sys_clk     ; 20.000       ; -0.075     ; 5.809      ;
; 14.123 ; g_spi_slave:spi_inst|rx_word[26]                                                     ; spi_tx_word[4]   ; sys_clk      ; sys_clk     ; 20.000       ; -0.067     ; 5.812      ;
; 14.123 ; g_spi_slave:spi_inst|rx_word[26]                                                     ; spi_tx_word[12]  ; sys_clk      ; sys_clk     ; 20.000       ; -0.067     ; 5.812      ;
; 14.123 ; g_spi_slave:spi_inst|rx_word[26]                                                     ; spi_tx_word[28]  ; sys_clk      ; sys_clk     ; 20.000       ; -0.067     ; 5.812      ;
; 14.123 ; g_spi_slave:spi_inst|rx_word[26]                                                     ; spi_tx_word[25]  ; sys_clk      ; sys_clk     ; 20.000       ; -0.067     ; 5.812      ;
; 14.123 ; g_spi_slave:spi_inst|rx_word[26]                                                     ; spi_tx_word[22]  ; sys_clk      ; sys_clk     ; 20.000       ; -0.067     ; 5.812      ;
; 14.204 ; g_spi_slave:spi_inst|rx_word[31]                                                     ; spi_tx_word[9]   ; sys_clk      ; sys_clk     ; 20.000       ; -0.081     ; 5.717      ;
; 14.212 ; g_spi_slave:spi_inst|rx_word[27]                                                     ; spi_tx_word[9]   ; sys_clk      ; sys_clk     ; 20.000       ; -0.081     ; 5.709      ;
; 14.225 ; g_spi_slave:spi_inst|rx_word[24]                                                     ; spi_tx_word[26]  ; sys_clk      ; sys_clk     ; 20.000       ; -0.096     ; 5.681      ;
; 14.225 ; g_spi_slave:spi_inst|rx_word[24]                                                     ; spi_tx_word[17]  ; sys_clk      ; sys_clk     ; 20.000       ; -0.096     ; 5.681      ;
; 14.225 ; g_spi_slave:spi_inst|rx_word[24]                                                     ; spi_tx_word[18]  ; sys_clk      ; sys_clk     ; 20.000       ; -0.096     ; 5.681      ;
; 14.225 ; g_spi_slave:spi_inst|rx_word[24]                                                     ; spi_tx_word[19]  ; sys_clk      ; sys_clk     ; 20.000       ; -0.096     ; 5.681      ;
; 14.261 ; g_spi_slave:spi_inst|rx_word[31]                                                     ; spi_tx_word[6]   ; sys_clk      ; sys_clk     ; 20.000       ; -0.080     ; 5.661      ;
; 14.261 ; g_spi_slave:spi_inst|rx_word[31]                                                     ; spi_tx_word[7]   ; sys_clk      ; sys_clk     ; 20.000       ; -0.080     ; 5.661      ;
; 14.261 ; g_spi_slave:spi_inst|rx_word[31]                                                     ; spi_tx_word[10]  ; sys_clk      ; sys_clk     ; 20.000       ; -0.080     ; 5.661      ;
; 14.269 ; g_spi_slave:spi_inst|rx_word[27]                                                     ; spi_tx_word[6]   ; sys_clk      ; sys_clk     ; 20.000       ; -0.080     ; 5.653      ;
; 14.269 ; g_spi_slave:spi_inst|rx_word[27]                                                     ; spi_tx_word[7]   ; sys_clk      ; sys_clk     ; 20.000       ; -0.080     ; 5.653      ;
; 14.269 ; g_spi_slave:spi_inst|rx_word[27]                                                     ; spi_tx_word[10]  ; sys_clk      ; sys_clk     ; 20.000       ; -0.080     ; 5.653      ;
; 14.279 ; g_spi_slave:spi_inst|rx_word[26]                                                     ; start_toggle_sys ; sys_clk      ; sys_clk     ; 20.000       ; -0.091     ; 5.632      ;
; 14.296 ; g_spi_slave:spi_inst|rx_word[30]                                                     ; spi_tx_word[26]  ; sys_clk      ; sys_clk     ; 20.000       ; -0.102     ; 5.604      ;
; 14.296 ; g_spi_slave:spi_inst|rx_word[30]                                                     ; spi_tx_word[17]  ; sys_clk      ; sys_clk     ; 20.000       ; -0.102     ; 5.604      ;
; 14.296 ; g_spi_slave:spi_inst|rx_word[30]                                                     ; spi_tx_word[18]  ; sys_clk      ; sys_clk     ; 20.000       ; -0.102     ; 5.604      ;
; 14.296 ; g_spi_slave:spi_inst|rx_word[30]                                                     ; spi_tx_word[19]  ; sys_clk      ; sys_clk     ; 20.000       ; -0.102     ; 5.604      ;
; 14.298 ; g_spi_slave:spi_inst|rx_word[24]                                                     ; spi_tx_word[15]  ; sys_clk      ; sys_clk     ; 20.000       ; -0.094     ; 5.610      ;
; 14.298 ; g_spi_slave:spi_inst|rx_word[24]                                                     ; spi_tx_word[3]   ; sys_clk      ; sys_clk     ; 20.000       ; -0.094     ; 5.610      ;
; 14.298 ; g_spi_slave:spi_inst|rx_word[24]                                                     ; spi_tx_word[11]  ; sys_clk      ; sys_clk     ; 20.000       ; -0.094     ; 5.610      ;
; 14.298 ; g_spi_slave:spi_inst|rx_word[24]                                                     ; spi_tx_word[14]  ; sys_clk      ; sys_clk     ; 20.000       ; -0.094     ; 5.610      ;
; 14.314 ; g_spi_slave:spi_inst|rx_word[31]                                                     ; spi_tx_word[31]  ; sys_clk      ; sys_clk     ; 20.000       ; -0.080     ; 5.608      ;
; 14.314 ; g_spi_slave:spi_inst|rx_word[31]                                                     ; spi_tx_word[24]  ; sys_clk      ; sys_clk     ; 20.000       ; -0.080     ; 5.608      ;
; 14.314 ; g_spi_slave:spi_inst|rx_word[31]                                                     ; spi_tx_word[20]  ; sys_clk      ; sys_clk     ; 20.000       ; -0.080     ; 5.608      ;
; 14.314 ; g_spi_slave:spi_inst|rx_word[31]                                                     ; spi_tx_word[16]  ; sys_clk      ; sys_clk     ; 20.000       ; -0.080     ; 5.608      ;
; 14.314 ; g_spi_slave:spi_inst|rx_word[31]                                                     ; spi_tx_word[23]  ; sys_clk      ; sys_clk     ; 20.000       ; -0.080     ; 5.608      ;
; 14.314 ; g_spi_slave:spi_inst|rx_word[31]                                                     ; spi_tx_word[27]  ; sys_clk      ; sys_clk     ; 20.000       ; -0.080     ; 5.608      ;
; 14.314 ; g_spi_slave:spi_inst|rx_word[31]                                                     ; spi_tx_word[29]  ; sys_clk      ; sys_clk     ; 20.000       ; -0.080     ; 5.608      ;
; 14.314 ; g_spi_slave:spi_inst|rx_word[31]                                                     ; spi_tx_word[30]  ; sys_clk      ; sys_clk     ; 20.000       ; -0.080     ; 5.608      ;
; 14.322 ; g_spi_slave:spi_inst|rx_word[27]                                                     ; spi_tx_word[31]  ; sys_clk      ; sys_clk     ; 20.000       ; -0.080     ; 5.600      ;
; 14.322 ; g_spi_slave:spi_inst|rx_word[27]                                                     ; spi_tx_word[24]  ; sys_clk      ; sys_clk     ; 20.000       ; -0.080     ; 5.600      ;
; 14.322 ; g_spi_slave:spi_inst|rx_word[27]                                                     ; spi_tx_word[20]  ; sys_clk      ; sys_clk     ; 20.000       ; -0.080     ; 5.600      ;
; 14.322 ; g_spi_slave:spi_inst|rx_word[27]                                                     ; spi_tx_word[16]  ; sys_clk      ; sys_clk     ; 20.000       ; -0.080     ; 5.600      ;
; 14.322 ; g_spi_slave:spi_inst|rx_word[27]                                                     ; spi_tx_word[23]  ; sys_clk      ; sys_clk     ; 20.000       ; -0.080     ; 5.600      ;
; 14.322 ; g_spi_slave:spi_inst|rx_word[27]                                                     ; spi_tx_word[27]  ; sys_clk      ; sys_clk     ; 20.000       ; -0.080     ; 5.600      ;
; 14.322 ; g_spi_slave:spi_inst|rx_word[27]                                                     ; spi_tx_word[29]  ; sys_clk      ; sys_clk     ; 20.000       ; -0.080     ; 5.600      ;
; 14.322 ; g_spi_slave:spi_inst|rx_word[27]                                                     ; spi_tx_word[30]  ; sys_clk      ; sys_clk     ; 20.000       ; -0.080     ; 5.600      ;
; 14.345 ; g_spi_slave:spi_inst|rx_word[31]                                                     ; spi_tx_word[8]   ; sys_clk      ; sys_clk     ; 20.000       ; -0.081     ; 5.576      ;
; 14.350 ; g_spi_slave:spi_inst|rx_word[31]                                                     ; spi_tx_word[4]   ; sys_clk      ; sys_clk     ; 20.000       ; -0.073     ; 5.579      ;
; 14.350 ; g_spi_slave:spi_inst|rx_word[31]                                                     ; spi_tx_word[12]  ; sys_clk      ; sys_clk     ; 20.000       ; -0.073     ; 5.579      ;
; 14.350 ; g_spi_slave:spi_inst|rx_word[31]                                                     ; spi_tx_word[28]  ; sys_clk      ; sys_clk     ; 20.000       ; -0.073     ; 5.579      ;
; 14.350 ; g_spi_slave:spi_inst|rx_word[31]                                                     ; spi_tx_word[25]  ; sys_clk      ; sys_clk     ; 20.000       ; -0.073     ; 5.579      ;
; 14.350 ; g_spi_slave:spi_inst|rx_word[31]                                                     ; spi_tx_word[22]  ; sys_clk      ; sys_clk     ; 20.000       ; -0.073     ; 5.579      ;
+--------+--------------------------------------------------------------------------------------+------------------+--------------+-------------+--------------+------------+------------+


+----------------------------------------------------------------------------------------------------------------------------------------------------------------------------------------------------------------------------------------------------------------------------------------------------------------------------------+
; Slow 1200mV 0C Model Hold: 'my_pll_inst|altpll_component|auto_generated|pll1|clk[0]'                                                                                                                                                                                                                                             ;
+-------+--------------------------------------------+----------------------------------------------------------------------------------------------------------------+---------------------------------------------------------+---------------------------------------------------------+--------------+------------+------------+
; Slack ; From Node                                  ; To Node                                                                                                        ; Launch Clock                                            ; Latch Clock                                             ; Relationship ; Clock Skew ; Data Delay ;
+-------+--------------------------------------------+----------------------------------------------------------------------------------------------------------------+---------------------------------------------------------+---------------------------------------------------------+--------------+------------+------------+
; 0.344 ; capture_addr_adc[0]                        ; RAM2:ram_bank1|altsyncram:altsyncram_component|altsyncram_vkm1:auto_generated|ram_block1a12~porta_address_reg0 ; my_pll_inst|altpll_component|auto_generated|pll1|clk[0] ; my_pll_inst|altpll_component|auto_generated|pll1|clk[0] ; 0.000        ; 0.425      ; 0.999      ;
; 0.401 ; g_sos3_lowpass:lowpass_inst|state[2]       ; g_sos3_lowpass:lowpass_inst|state[2]                                                                           ; my_pll_inst|altpll_component|auto_generated|pll1|clk[0] ; my_pll_inst|altpll_component|auto_generated|pll1|clk[0] ; 0.000        ; 0.073      ; 0.669      ;
; 0.401 ; g_sos3_lowpass:lowpass_inst|state[1]       ; g_sos3_lowpass:lowpass_inst|state[1]                                                                           ; my_pll_inst|altpll_component|auto_generated|pll1|clk[0] ; my_pll_inst|altpll_component|auto_generated|pll1|clk[0] ; 0.000        ; 0.073      ; 0.669      ;
; 0.401 ; g_cic3_decimator:cic_inst|dec_count[3]     ; g_cic3_decimator:cic_inst|dec_count[3]                                                                         ; my_pll_inst|altpll_component|auto_generated|pll1|clk[0] ; my_pll_inst|altpll_component|auto_generated|pll1|clk[0] ; 0.000        ; 0.073      ; 0.669      ;
; 0.401 ; g_cic3_decimator:cic_inst|dec_count[1]     ; g_cic3_decimator:cic_inst|dec_count[1]                                                                         ; my_pll_inst|altpll_component|auto_generated|pll1|clk[0] ; my_pll_inst|altpll_component|auto_generated|pll1|clk[0] ; 0.000        ; 0.073      ; 0.669      ;
; 0.401 ; g_cic3_decimator:cic_inst|dec_count[2]     ; g_cic3_decimator:cic_inst|dec_count[2]                                                                         ; my_pll_inst|altpll_component|auto_generated|pll1|clk[0] ; my_pll_inst|altpll_component|auto_generated|pll1|clk[0] ; 0.000        ; 0.073      ; 0.669      ;
; 0.402 ; done_toggle_adc                            ; done_toggle_adc                                                                                                ; my_pll_inst|altpll_component|auto_generated|pll1|clk[0] ; my_pll_inst|altpll_component|auto_generated|pll1|clk[0] ; 0.000        ; 0.072      ; 0.669      ;
; 0.402 ; capture_active_adc                         ; capture_active_adc                                                                                             ; my_pll_inst|altpll_component|auto_generated|pll1|clk[0] ; my_pll_inst|altpll_component|auto_generated|pll1|clk[0] ; 0.000        ; 0.072      ; 0.669      ;
; 0.402 ; analysis_decim_count[1]                    ; analysis_decim_count[1]                                                                                        ; my_pll_inst|altpll_component|auto_generated|pll1|clk[0] ; my_pll_inst|altpll_component|auto_generated|pll1|clk[0] ; 0.000        ; 0.072      ; 0.669      ;
; 0.416 ; g_sos3_lowpass:lowpass_inst|state[0]       ; g_sos3_lowpass:lowpass_inst|state[0]                                                                           ; my_pll_inst|altpll_component|auto_generated|pll1|clk[0] ; my_pll_inst|altpll_component|auto_generated|pll1|clk[0] ; 0.000        ; 0.073      ; 0.684      ;
; 0.416 ; g_cic3_decimator:cic_inst|dec_count[0]     ; g_cic3_decimator:cic_inst|dec_count[0]                                                                         ; my_pll_inst|altpll_component|auto_generated|pll1|clk[0] ; my_pll_inst|altpll_component|auto_generated|pll1|clk[0] ; 0.000        ; 0.073      ; 0.684      ;
; 0.417 ; analysis_decim_count[0]                    ; analysis_decim_count[0]                                                                                        ; my_pll_inst|altpll_component|auto_generated|pll1|clk[0] ; my_pll_inst|altpll_component|auto_generated|pll1|clk[0] ; 0.000        ; 0.072      ; 0.684      ;
; 0.459 ; g_cic3_decimator:cic_inst|dec_count[1]     ; g_cic3_decimator:cic_inst|sample_valid                                                                         ; my_pll_inst|altpll_component|auto_generated|pll1|clk[0] ; my_pll_inst|altpll_component|auto_generated|pll1|clk[0] ; 0.000        ; 0.073      ; 0.727      ;
; 0.460 ; g_cic3_decimator:cic_inst|dec_count[1]     ; g_cic3_decimator:cic_inst|dec_count[3]                                                                         ; my_pll_inst|altpll_component|auto_generated|pll1|clk[0] ; my_pll_inst|altpll_component|auto_generated|pll1|clk[0] ; 0.000        ; 0.073      ; 0.728      ;
; 0.464 ; g_cic3_decimator:cic_inst|dec_count[1]     ; g_cic3_decimator:cic_inst|dec_count[2]                                                                         ; my_pll_inst|altpll_component|auto_generated|pll1|clk[0] ; my_pll_inst|altpll_component|auto_generated|pll1|clk[0] ; 0.000        ; 0.073      ; 0.732      ;
; 0.470 ; g_sos3_lowpass:lowpass_inst|d1_0[37]       ; g_sos3_lowpass:lowpass_inst|d1_register[37]                                                                    ; my_pll_inst|altpll_component|auto_generated|pll1|clk[0] ; my_pll_inst|altpll_component|auto_generated|pll1|clk[0] ; 0.000        ; 0.073      ; 0.738      ;
; 0.471 ; g_sos3_lowpass:lowpass_inst|d2_0[10]       ; g_sos3_lowpass:lowpass_inst|d2_register[10]                                                                    ; my_pll_inst|altpll_component|auto_generated|pll1|clk[0] ; my_pll_inst|altpll_component|auto_generated|pll1|clk[0] ; 0.000        ; 0.072      ; 0.738      ;
; 0.471 ; g_sos3_lowpass:lowpass_inst|d1_0[11]       ; g_sos3_lowpass:lowpass_inst|d1_register[11]                                                                    ; my_pll_inst|altpll_component|auto_generated|pll1|clk[0] ; my_pll_inst|altpll_component|auto_generated|pll1|clk[0] ; 0.000        ; 0.072      ; 0.738      ;
; 0.471 ; g_sos3_lowpass:lowpass_inst|d1_0[10]       ; g_sos3_lowpass:lowpass_inst|d1_register[10]                                                                    ; my_pll_inst|altpll_component|auto_generated|pll1|clk[0] ; my_pll_inst|altpll_component|auto_generated|pll1|clk[0] ; 0.000        ; 0.072      ; 0.738      ;
; 0.471 ; g_sos3_lowpass:lowpass_inst|d1_0[9]        ; g_sos3_lowpass:lowpass_inst|d1_register[9]                                                                     ; my_pll_inst|altpll_component|auto_generated|pll1|clk[0] ; my_pll_inst|altpll_component|auto_generated|pll1|clk[0] ; 0.000        ; 0.072      ; 0.738      ;
; 0.471 ; g_sos3_lowpass:lowpass_inst|d2_0[12]       ; g_sos3_lowpass:lowpass_inst|d2_register[12]                                                                    ; my_pll_inst|altpll_component|auto_generated|pll1|clk[0] ; my_pll_inst|altpll_component|auto_generated|pll1|clk[0] ; 0.000        ; 0.072      ; 0.738      ;
; 0.472 ; start_toggle_adc_meta                      ; start_toggle_adc                                                                                               ; my_pll_inst|altpll_component|auto_generated|pll1|clk[0] ; my_pll_inst|altpll_component|auto_generated|pll1|clk[0] ; 0.000        ; 0.072      ; 0.739      ;
; 0.473 ; g_cic3_decimator:cic_inst|dec_count[0]     ; g_cic3_decimator:cic_inst|dec_count[1]                                                                         ; my_pll_inst|altpll_component|auto_generated|pll1|clk[0] ; my_pll_inst|altpll_component|auto_generated|pll1|clk[0] ; 0.000        ; 0.073      ; 0.741      ;
; 0.491 ; start_toggle_adc                           ; analysis_decim_count[0]                                                                                        ; my_pll_inst|altpll_component|auto_generated|pll1|clk[0] ; my_pll_inst|altpll_component|auto_generated|pll1|clk[0] ; 0.000        ; 0.072      ; 0.758      ;
; 0.499 ; g_cic3_decimator:cic_inst|integrator3[22]  ; g_cic3_decimator:cic_inst|comb1_delay[22]                                                                      ; my_pll_inst|altpll_component|auto_generated|pll1|clk[0] ; my_pll_inst|altpll_component|auto_generated|pll1|clk[0] ; 0.000        ; 0.073      ; 0.767      ;
; 0.499 ; g_cic3_decimator:cic_inst|integrator3[21]  ; g_cic3_decimator:cic_inst|comb1_delay[21]                                                                      ; my_pll_inst|altpll_component|auto_generated|pll1|clk[0] ; my_pll_inst|altpll_component|auto_generated|pll1|clk[0] ; 0.000        ; 0.073      ; 0.767      ;
; 0.499 ; g_cic3_decimator:cic_inst|integrator3[2]   ; g_cic3_decimator:cic_inst|comb1_delay[2]                                                                       ; my_pll_inst|altpll_component|auto_generated|pll1|clk[0] ; my_pll_inst|altpll_component|auto_generated|pll1|clk[0] ; 0.000        ; 0.074      ; 0.768      ;
; 0.499 ; g_cic3_decimator:cic_inst|integrator3[1]   ; g_cic3_decimator:cic_inst|comb1_delay[1]                                                                       ; my_pll_inst|altpll_component|auto_generated|pll1|clk[0] ; my_pll_inst|altpll_component|auto_generated|pll1|clk[0] ; 0.000        ; 0.074      ; 0.768      ;
; 0.501 ; g_cic3_decimator:cic_inst|integrator3[18]  ; g_cic3_decimator:cic_inst|comb1_delay[18]                                                                      ; my_pll_inst|altpll_component|auto_generated|pll1|clk[0] ; my_pll_inst|altpll_component|auto_generated|pll1|clk[0] ; 0.000        ; 0.073      ; 0.769      ;
; 0.513 ; start_toggle_adc                           ; start_toggle_adc_seen                                                                                          ; my_pll_inst|altpll_component|auto_generated|pll1|clk[0] ; my_pll_inst|altpll_component|auto_generated|pll1|clk[0] ; 0.000        ; 0.072      ; 0.780      ;
; 0.514 ; g_cic3_decimator:cic_inst|integrator3[20]  ; g_cic3_decimator:cic_inst|comb1_delay[20]                                                                      ; my_pll_inst|altpll_component|auto_generated|pll1|clk[0] ; my_pll_inst|altpll_component|auto_generated|pll1|clk[0] ; 0.000        ; 0.073      ; 0.782      ;
; 0.539 ; g_sos3_lowpass:lowpass_inst|state[2]       ; g_sos3_lowpass:lowpass_inst|state[0]                                                                           ; my_pll_inst|altpll_component|auto_generated|pll1|clk[0] ; my_pll_inst|altpll_component|auto_generated|pll1|clk[0] ; 0.000        ; 0.073      ; 0.807      ;
; 0.598 ; g_cic3_decimator:cic_inst|dec_count[3]     ; g_cic3_decimator:cic_inst|sample_valid                                                                         ; my_pll_inst|altpll_component|auto_generated|pll1|clk[0] ; my_pll_inst|altpll_component|auto_generated|pll1|clk[0] ; 0.000        ; 0.073      ; 0.866      ;
; 0.602 ; g_sos3_lowpass:lowpass_inst|d1_1[35]       ; g_sos3_lowpass:lowpass_inst|d1_register[35]                                                                    ; my_pll_inst|altpll_component|auto_generated|pll1|clk[0] ; my_pll_inst|altpll_component|auto_generated|pll1|clk[0] ; 0.000        ; 0.073      ; 0.870      ;
; 0.605 ; g_sos3_lowpass:lowpass_inst|d2_0[27]       ; g_sos3_lowpass:lowpass_inst|d2_register[27]                                                                    ; my_pll_inst|altpll_component|auto_generated|pll1|clk[0] ; my_pll_inst|altpll_component|auto_generated|pll1|clk[0] ; 0.000        ; 0.072      ; 0.872      ;
; 0.605 ; g_sos3_lowpass:lowpass_inst|d2_0[26]       ; g_sos3_lowpass:lowpass_inst|d2_register[26]                                                                    ; my_pll_inst|altpll_component|auto_generated|pll1|clk[0] ; my_pll_inst|altpll_component|auto_generated|pll1|clk[0] ; 0.000        ; 0.072      ; 0.872      ;
; 0.606 ; g_sos3_lowpass:lowpass_inst|d2_0[23]       ; g_sos3_lowpass:lowpass_inst|d2_register[23]                                                                    ; my_pll_inst|altpll_component|auto_generated|pll1|clk[0] ; my_pll_inst|altpll_component|auto_generated|pll1|clk[0] ; 0.000        ; 0.072      ; 0.873      ;
; 0.609 ; g_sos3_lowpass:lowpass_inst|d1_0[15]       ; g_sos3_lowpass:lowpass_inst|d1_register[15]                                                                    ; my_pll_inst|altpll_component|auto_generated|pll1|clk[0] ; my_pll_inst|altpll_component|auto_generated|pll1|clk[0] ; 0.000        ; 0.072      ; 0.876      ;
; 0.612 ; g_sos3_lowpass:lowpass_inst|d2_1[28]       ; g_sos3_lowpass:lowpass_inst|d2_register[28]                                                                    ; my_pll_inst|altpll_component|auto_generated|pll1|clk[0] ; my_pll_inst|altpll_component|auto_generated|pll1|clk[0] ; 0.000        ; 0.073      ; 0.880      ;
; 0.613 ; g_sos3_lowpass:lowpass_inst|d1_1[12]       ; g_sos3_lowpass:lowpass_inst|d1_register[12]                                                                    ; my_pll_inst|altpll_component|auto_generated|pll1|clk[0] ; my_pll_inst|altpll_component|auto_generated|pll1|clk[0] ; 0.000        ; 0.072      ; 0.880      ;
; 0.615 ; g_cic3_decimator:cic_inst|comb1[23]        ; g_cic3_decimator:cic_inst|comb2[23]                                                                            ; my_pll_inst|altpll_component|auto_generated|pll1|clk[0] ; my_pll_inst|altpll_component|auto_generated|pll1|clk[0] ; 0.000        ; 0.072      ; 0.882      ;
; 0.615 ; g_cic3_decimator:cic_inst|comb1[23]        ; g_cic3_decimator:cic_inst|comb2_delay[23]                                                                      ; my_pll_inst|altpll_component|auto_generated|pll1|clk[0] ; my_pll_inst|altpll_component|auto_generated|pll1|clk[0] ; 0.000        ; 0.072      ; 0.882      ;
; 0.619 ; g_sos3_lowpass:lowpass_inst|d2_1[9]        ; g_sos3_lowpass:lowpass_inst|d2_register[9]                                                                     ; my_pll_inst|altpll_component|auto_generated|pll1|clk[0] ; my_pll_inst|altpll_component|auto_generated|pll1|clk[0] ; 0.000        ; 0.072      ; 0.886      ;
; 0.619 ; g_cic3_decimator:cic_inst|comb1[0]         ; g_cic3_decimator:cic_inst|comb2_delay[0]                                                                       ; my_pll_inst|altpll_component|auto_generated|pll1|clk[0] ; my_pll_inst|altpll_component|auto_generated|pll1|clk[0] ; 0.000        ; 0.072      ; 0.886      ;
; 0.620 ; g_sos3_lowpass:lowpass_inst|d1_1[34]       ; g_sos3_lowpass:lowpass_inst|d1_register[34]                                                                    ; my_pll_inst|altpll_component|auto_generated|pll1|clk[0] ; my_pll_inst|altpll_component|auto_generated|pll1|clk[0] ; 0.000        ; 0.072      ; 0.887      ;
; 0.620 ; g_cic3_decimator:cic_inst|comb1[3]         ; g_cic3_decimator:cic_inst|comb2_delay[3]                                                                       ; my_pll_inst|altpll_component|auto_generated|pll1|clk[0] ; my_pll_inst|altpll_component|auto_generated|pll1|clk[0] ; 0.000        ; 0.072      ; 0.887      ;
; 0.621 ; g_cic3_decimator:cic_inst|integrator1[23]  ; g_cic3_decimator:cic_inst|integrator1[23]                                                                      ; my_pll_inst|altpll_component|auto_generated|pll1|clk[0] ; my_pll_inst|altpll_component|auto_generated|pll1|clk[0] ; 0.000        ; 0.072      ; 0.888      ;
; 0.626 ; capture_mode_adc_meta                      ; capture_mode_adc                                                                                               ; my_pll_inst|altpll_component|auto_generated|pll1|clk[0] ; my_pll_inst|altpll_component|auto_generated|pll1|clk[0] ; 0.000        ; 0.073      ; 0.894      ;
; 0.627 ; g_sos3_lowpass:lowpass_inst|d2_1[0]        ; g_sos3_lowpass:lowpass_inst|d2_register[0]                                                                     ; my_pll_inst|altpll_component|auto_generated|pll1|clk[0] ; my_pll_inst|altpll_component|auto_generated|pll1|clk[0] ; 0.000        ; 0.075      ; 0.897      ;
; 0.630 ; g_sos3_lowpass:lowpass_inst|d2_0[24]       ; g_sos3_lowpass:lowpass_inst|d2_register[24]                                                                    ; my_pll_inst|altpll_component|auto_generated|pll1|clk[0] ; my_pll_inst|altpll_component|auto_generated|pll1|clk[0] ; 0.000        ; 0.072      ; 0.897      ;
; 0.636 ; g_sos3_lowpass:lowpass_inst|d1_1[36]       ; g_sos3_lowpass:lowpass_inst|d1_register[36]                                                                    ; my_pll_inst|altpll_component|auto_generated|pll1|clk[0] ; my_pll_inst|altpll_component|auto_generated|pll1|clk[0] ; 0.000        ; 0.073      ; 0.904      ;
; 0.639 ; g_cic3_decimator:cic_inst|comb1[6]         ; g_cic3_decimator:cic_inst|comb2_delay[6]                                                                       ; my_pll_inst|altpll_component|auto_generated|pll1|clk[0] ; my_pll_inst|altpll_component|auto_generated|pll1|clk[0] ; 0.000        ; 0.072      ; 0.906      ;
; 0.642 ; g_cic3_decimator:cic_inst|comb1[2]         ; g_cic3_decimator:cic_inst|comb2_delay[2]                                                                       ; my_pll_inst|altpll_component|auto_generated|pll1|clk[0] ; my_pll_inst|altpll_component|auto_generated|pll1|clk[0] ; 0.000        ; 0.072      ; 0.909      ;
; 0.643 ; g_sos3_lowpass:lowpass_inst|d1_1[32]       ; g_sos3_lowpass:lowpass_inst|d1_register[32]                                                                    ; my_pll_inst|altpll_component|auto_generated|pll1|clk[0] ; my_pll_inst|altpll_component|auto_generated|pll1|clk[0] ; 0.000        ; 0.072      ; 0.910      ;
; 0.646 ; g_sos3_lowpass:lowpass_inst|d1_1[33]       ; g_sos3_lowpass:lowpass_inst|d1_register[33]                                                                    ; my_pll_inst|altpll_component|auto_generated|pll1|clk[0] ; my_pll_inst|altpll_component|auto_generated|pll1|clk[0] ; 0.000        ; 0.072      ; 0.913      ;
; 0.653 ; g_cic3_decimator:cic_inst|integrator1[23]  ; g_cic3_decimator:cic_inst|integrator2[23]                                                                      ; my_pll_inst|altpll_component|auto_generated|pll1|clk[0] ; my_pll_inst|altpll_component|auto_generated|pll1|clk[0] ; 0.000        ; 0.071      ; 0.919      ;
; 0.656 ; g_sos3_lowpass:lowpass_inst|sample_out[8]  ; RAM2:ram_bank1|altsyncram:altsyncram_component|altsyncram_vkm1:auto_generated|ram_block1a8~porta_datain_reg0   ; my_pll_inst|altpll_component|auto_generated|pll1|clk[0] ; my_pll_inst|altpll_component|auto_generated|pll1|clk[0] ; 0.000        ; 0.425      ; 1.311      ;
; 0.657 ; capture_addr_adc[0]                        ; RAM2:ram_bank1|altsyncram:altsyncram_component|altsyncram_vkm1:auto_generated|ram_block1a0~porta_address_reg0  ; my_pll_inst|altpll_component|auto_generated|pll1|clk[0] ; my_pll_inst|altpll_component|auto_generated|pll1|clk[0] ; 0.000        ; 0.426      ; 1.313      ;
; 0.666 ; capture_addr_adc[0]                        ; RAM:ram_bank0|altsyncram:altsyncram_component|altsyncram_vkm1:auto_generated|ram_block1a0~porta_address_reg0   ; my_pll_inst|altpll_component|auto_generated|pll1|clk[0] ; my_pll_inst|altpll_component|auto_generated|pll1|clk[0] ; 0.000        ; 0.426      ; 1.322      ;
; 0.666 ; capture_addr_adc[3]                        ; RAM:ram_bank0|altsyncram:altsyncram_component|altsyncram_vkm1:auto_generated|ram_block1a12~porta_address_reg0  ; my_pll_inst|altpll_component|auto_generated|pll1|clk[0] ; my_pll_inst|altpll_component|auto_generated|pll1|clk[0] ; 0.000        ; 0.442      ; 1.338      ;
; 0.667 ; g_sos3_lowpass:lowpass_inst|state[0]       ; g_sos3_lowpass:lowpass_inst|state[2]                                                                           ; my_pll_inst|altpll_component|auto_generated|pll1|clk[0] ; my_pll_inst|altpll_component|auto_generated|pll1|clk[0] ; 0.000        ; 0.073      ; 0.935      ;
; 0.668 ; g_sos3_lowpass:lowpass_inst|sample_out[10] ; RAM2:ram_bank1|altsyncram:altsyncram_component|altsyncram_vkm1:auto_generated|ram_block1a8~porta_datain_reg0   ; my_pll_inst|altpll_component|auto_generated|pll1|clk[0] ; my_pll_inst|altpll_component|auto_generated|pll1|clk[0] ; 0.000        ; 0.425      ; 1.323      ;
; 0.668 ; g_cic3_decimator:cic_inst|comb1[14]        ; g_cic3_decimator:cic_inst|comb2_delay[14]                                                                      ; my_pll_inst|altpll_component|auto_generated|pll1|clk[0] ; my_pll_inst|altpll_component|auto_generated|pll1|clk[0] ; 0.000        ; 0.073      ; 0.936      ;
; 0.669 ; g_sos3_lowpass:lowpass_inst|state[0]       ; g_sos3_lowpass:lowpass_inst|state[1]                                                                           ; my_pll_inst|altpll_component|auto_generated|pll1|clk[0] ; my_pll_inst|altpll_component|auto_generated|pll1|clk[0] ; 0.000        ; 0.073      ; 0.937      ;
; 0.670 ; capture_addr_adc[4]                        ; RAM2:ram_bank1|altsyncram:altsyncram_component|altsyncram_vkm1:auto_generated|ram_block1a12~porta_address_reg0 ; my_pll_inst|altpll_component|auto_generated|pll1|clk[0] ; my_pll_inst|altpll_component|auto_generated|pll1|clk[0] ; 0.000        ; 0.425      ; 1.325      ;
; 0.685 ; g_cic3_decimator:cic_inst|comb1_delay[17]  ; g_cic3_decimator:cic_inst|comb1[17]                                                                            ; my_pll_inst|altpll_component|auto_generated|pll1|clk[0] ; my_pll_inst|altpll_component|auto_generated|pll1|clk[0] ; 0.000        ; 0.073      ; 0.953      ;
; 0.686 ; g_cic3_decimator:cic_inst|comb2_delay[15]  ; g_cic3_decimator:cic_inst|comb2[15]                                                                            ; my_pll_inst|altpll_component|auto_generated|pll1|clk[0] ; my_pll_inst|altpll_component|auto_generated|pll1|clk[0] ; 0.000        ; 0.073      ; 0.954      ;
; 0.686 ; g_cic3_decimator:cic_inst|comb1_delay[3]   ; g_cic3_decimator:cic_inst|comb1[3]                                                                             ; my_pll_inst|altpll_component|auto_generated|pll1|clk[0] ; my_pll_inst|altpll_component|auto_generated|pll1|clk[0] ; 0.000        ; 0.073      ; 0.954      ;
; 0.687 ; g_sos3_lowpass:lowpass_inst|d1_1[25]       ; g_sos3_lowpass:lowpass_inst|d1_register[25]                                                                    ; my_pll_inst|altpll_component|auto_generated|pll1|clk[0] ; my_pll_inst|altpll_component|auto_generated|pll1|clk[0] ; 0.000        ; 0.072      ; 0.954      ;
; 0.687 ; g_cic3_decimator:cic_inst|comb1_delay[13]  ; g_cic3_decimator:cic_inst|comb1[13]                                                                            ; my_pll_inst|altpll_component|auto_generated|pll1|clk[0] ; my_pll_inst|altpll_component|auto_generated|pll1|clk[0] ; 0.000        ; 0.073      ; 0.955      ;
; 0.687 ; g_sos3_lowpass:lowpass_inst|d2_1[26]       ; g_sos3_lowpass:lowpass_inst|d2_register[26]                                                                    ; my_pll_inst|altpll_component|auto_generated|pll1|clk[0] ; my_pll_inst|altpll_component|auto_generated|pll1|clk[0] ; 0.000        ; 0.073      ; 0.955      ;
; 0.687 ; g_sos3_lowpass:lowpass_inst|d2_1[27]       ; g_sos3_lowpass:lowpass_inst|d2_register[27]                                                                    ; my_pll_inst|altpll_component|auto_generated|pll1|clk[0] ; my_pll_inst|altpll_component|auto_generated|pll1|clk[0] ; 0.000        ; 0.073      ; 0.955      ;
; 0.688 ; g_sos3_lowpass:lowpass_inst|d2_1[34]       ; g_sos3_lowpass:lowpass_inst|d2_register[34]                                                                    ; my_pll_inst|altpll_component|auto_generated|pll1|clk[0] ; my_pll_inst|altpll_component|auto_generated|pll1|clk[0] ; 0.000        ; 0.072      ; 0.955      ;
; 0.688 ; g_sos3_lowpass:lowpass_inst|d2_1[24]       ; g_sos3_lowpass:lowpass_inst|d2_register[24]                                                                    ; my_pll_inst|altpll_component|auto_generated|pll1|clk[0] ; my_pll_inst|altpll_component|auto_generated|pll1|clk[0] ; 0.000        ; 0.073      ; 0.956      ;
; 0.688 ; g_cic3_decimator:cic_inst|comb3_delay[18]  ; g_cic3_decimator:cic_inst|comb3[18]                                                                            ; my_pll_inst|altpll_component|auto_generated|pll1|clk[0] ; my_pll_inst|altpll_component|auto_generated|pll1|clk[0] ; 0.000        ; 0.072      ; 0.955      ;
; 0.688 ; g_cic3_decimator:cic_inst|comb3_delay[13]  ; g_cic3_decimator:cic_inst|comb3[13]                                                                            ; my_pll_inst|altpll_component|auto_generated|pll1|clk[0] ; my_pll_inst|altpll_component|auto_generated|pll1|clk[0] ; 0.000        ; 0.072      ; 0.955      ;
; 0.688 ; g_cic3_decimator:cic_inst|comb1_delay[10]  ; g_cic3_decimator:cic_inst|comb1[10]                                                                            ; my_pll_inst|altpll_component|auto_generated|pll1|clk[0] ; my_pll_inst|altpll_component|auto_generated|pll1|clk[0] ; 0.000        ; 0.073      ; 0.956      ;
; 0.688 ; g_cic3_decimator:cic_inst|comb2_delay[7]   ; g_cic3_decimator:cic_inst|comb2[7]                                                                             ; my_pll_inst|altpll_component|auto_generated|pll1|clk[0] ; my_pll_inst|altpll_component|auto_generated|pll1|clk[0] ; 0.000        ; 0.073      ; 0.956      ;
; 0.688 ; g_cic3_decimator:cic_inst|comb1_delay[7]   ; g_cic3_decimator:cic_inst|comb1[7]                                                                             ; my_pll_inst|altpll_component|auto_generated|pll1|clk[0] ; my_pll_inst|altpll_component|auto_generated|pll1|clk[0] ; 0.000        ; 0.073      ; 0.956      ;
; 0.689 ; capture_addr_adc[6]                        ; RAM:ram_bank0|altsyncram:altsyncram_component|altsyncram_vkm1:auto_generated|ram_block1a12~porta_address_reg0  ; my_pll_inst|altpll_component|auto_generated|pll1|clk[0] ; my_pll_inst|altpll_component|auto_generated|pll1|clk[0] ; 0.000        ; 0.442      ; 1.361      ;
; 0.689 ; g_sos3_lowpass:lowpass_inst|d2_1[19]       ; g_sos3_lowpass:lowpass_inst|d2_register[19]                                                                    ; my_pll_inst|altpll_component|auto_generated|pll1|clk[0] ; my_pll_inst|altpll_component|auto_generated|pll1|clk[0] ; 0.000        ; 0.072      ; 0.956      ;
; 0.689 ; g_sos3_lowpass:lowpass_inst|d2_1[25]       ; g_sos3_lowpass:lowpass_inst|d2_register[25]                                                                    ; my_pll_inst|altpll_component|auto_generated|pll1|clk[0] ; my_pll_inst|altpll_component|auto_generated|pll1|clk[0] ; 0.000        ; 0.073      ; 0.957      ;
; 0.689 ; g_cic3_decimator:cic_inst|comb2_delay[13]  ; g_cic3_decimator:cic_inst|comb2[13]                                                                            ; my_pll_inst|altpll_component|auto_generated|pll1|clk[0] ; my_pll_inst|altpll_component|auto_generated|pll1|clk[0] ; 0.000        ; 0.073      ; 0.957      ;
; 0.689 ; g_cic3_decimator:cic_inst|comb3_delay[7]   ; g_cic3_decimator:cic_inst|comb3[7]                                                                             ; my_pll_inst|altpll_component|auto_generated|pll1|clk[0] ; my_pll_inst|altpll_component|auto_generated|pll1|clk[0] ; 0.000        ; 0.072      ; 0.956      ;
; 0.689 ; g_cic3_decimator:cic_inst|comb2_delay[2]   ; g_cic3_decimator:cic_inst|comb2[2]                                                                             ; my_pll_inst|altpll_component|auto_generated|pll1|clk[0] ; my_pll_inst|altpll_component|auto_generated|pll1|clk[0] ; 0.000        ; 0.073      ; 0.957      ;
; 0.689 ; g_cic3_decimator:cic_inst|comb2_delay[23]  ; g_cic3_decimator:cic_inst|comb2[23]                                                                            ; my_pll_inst|altpll_component|auto_generated|pll1|clk[0] ; my_pll_inst|altpll_component|auto_generated|pll1|clk[0] ; 0.000        ; 0.073      ; 0.957      ;
; 0.689 ; g_sos3_lowpass:lowpass_inst|d2_1[23]       ; g_sos3_lowpass:lowpass_inst|d2_register[23]                                                                    ; my_pll_inst|altpll_component|auto_generated|pll1|clk[0] ; my_pll_inst|altpll_component|auto_generated|pll1|clk[0] ; 0.000        ; 0.073      ; 0.957      ;
; 0.690 ; capture_addr_adc[0]                        ; RAM2:ram_bank1|altsyncram:altsyncram_component|altsyncram_vkm1:auto_generated|ram_block1a8~porta_address_reg0  ; my_pll_inst|altpll_component|auto_generated|pll1|clk[0] ; my_pll_inst|altpll_component|auto_generated|pll1|clk[0] ; 0.000        ; 0.439      ; 1.359      ;
; 0.690 ; g_sos3_lowpass:lowpass_inst|d1_1[18]       ; g_sos3_lowpass:lowpass_inst|d1_register[18]                                                                    ; my_pll_inst|altpll_component|auto_generated|pll1|clk[0] ; my_pll_inst|altpll_component|auto_generated|pll1|clk[0] ; 0.000        ; 0.072      ; 0.957      ;
; 0.690 ; g_sos3_lowpass:lowpass_inst|d2_1[21]       ; g_sos3_lowpass:lowpass_inst|d2_register[21]                                                                    ; my_pll_inst|altpll_component|auto_generated|pll1|clk[0] ; my_pll_inst|altpll_component|auto_generated|pll1|clk[0] ; 0.000        ; 0.072      ; 0.957      ;
; 0.690 ; g_cic3_decimator:cic_inst|comb2_delay[12]  ; g_cic3_decimator:cic_inst|comb2[12]                                                                            ; my_pll_inst|altpll_component|auto_generated|pll1|clk[0] ; my_pll_inst|altpll_component|auto_generated|pll1|clk[0] ; 0.000        ; 0.073      ; 0.958      ;
; 0.691 ; g_sos3_lowpass:lowpass_inst|d2_1[30]       ; g_sos3_lowpass:lowpass_inst|d2_register[30]                                                                    ; my_pll_inst|altpll_component|auto_generated|pll1|clk[0] ; my_pll_inst|altpll_component|auto_generated|pll1|clk[0] ; 0.000        ; 0.073      ; 0.959      ;
; 0.692 ; g_cic3_decimator:cic_inst|comb3_delay[16]  ; g_cic3_decimator:cic_inst|comb3[16]                                                                            ; my_pll_inst|altpll_component|auto_generated|pll1|clk[0] ; my_pll_inst|altpll_component|auto_generated|pll1|clk[0] ; 0.000        ; 0.072      ; 0.959      ;
; 0.693 ; g_sos3_lowpass:lowpass_inst|d1_1[20]       ; g_sos3_lowpass:lowpass_inst|d1_register[20]                                                                    ; my_pll_inst|altpll_component|auto_generated|pll1|clk[0] ; my_pll_inst|altpll_component|auto_generated|pll1|clk[0] ; 0.000        ; 0.072      ; 0.960      ;
; 0.694 ; g_sos3_lowpass:lowpass_inst|d2_1[36]       ; g_sos3_lowpass:lowpass_inst|d2_register[36]                                                                    ; my_pll_inst|altpll_component|auto_generated|pll1|clk[0] ; my_pll_inst|altpll_component|auto_generated|pll1|clk[0] ; 0.000        ; 0.072      ; 0.961      ;
; 0.697 ; capture_addr_adc[7]                        ; RAM:ram_bank0|altsyncram:altsyncram_component|altsyncram_vkm1:auto_generated|ram_block1a12~porta_address_reg0  ; my_pll_inst|altpll_component|auto_generated|pll1|clk[0] ; my_pll_inst|altpll_component|auto_generated|pll1|clk[0] ; 0.000        ; 0.442      ; 1.369      ;
; 0.699 ; g_cic3_decimator:cic_inst|dec_count[2]     ; g_cic3_decimator:cic_inst|dec_count[3]                                                                         ; my_pll_inst|altpll_component|auto_generated|pll1|clk[0] ; my_pll_inst|altpll_component|auto_generated|pll1|clk[0] ; 0.000        ; 0.073      ; 0.967      ;
; 0.703 ; capture_addr_adc[9]                        ; RAM:ram_bank0|altsyncram:altsyncram_component|altsyncram_vkm1:auto_generated|ram_block1a12~porta_address_reg0  ; my_pll_inst|altpll_component|auto_generated|pll1|clk[0] ; my_pll_inst|altpll_component|auto_generated|pll1|clk[0] ; 0.000        ; 0.442      ; 1.375      ;
; 0.703 ; g_sos3_lowpass:lowpass_inst|sample_out[9]  ; RAM2:ram_bank1|altsyncram:altsyncram_component|altsyncram_vkm1:auto_generated|ram_block1a8~porta_datain_reg0   ; my_pll_inst|altpll_component|auto_generated|pll1|clk[0] ; my_pll_inst|altpll_component|auto_generated|pll1|clk[0] ; 0.000        ; 0.425      ; 1.358      ;
; 0.705 ; g_cic3_decimator:cic_inst|integrator3[9]   ; g_cic3_decimator:cic_inst|integrator3[9]                                                                       ; my_pll_inst|altpll_component|auto_generated|pll1|clk[0] ; my_pll_inst|altpll_component|auto_generated|pll1|clk[0] ; 0.000        ; 0.074      ; 0.974      ;
+-------+--------------------------------------------+----------------------------------------------------------------------------------------------------------------+---------------------------------------------------------+---------------------------------------------------------+--------------+------------+------------+


+---------------------------------------------------------------------------------------------------------------------------------------------------------------------------------------------------------------------------------+
; Slow 1200mV 0C Model Hold: 'sys_clk'                                                                                                                                                                                            ;
+-------+-----------------------------------+---------------------------------------------------------------------------------------------------------------+--------------+-------------+--------------+------------+------------+
; Slack ; From Node                         ; To Node                                                                                                       ; Launch Clock ; Latch Clock ; Relationship ; Clock Skew ; Data Delay ;
+-------+-----------------------------------+---------------------------------------------------------------------------------------------------------------+--------------+-------------+--------------+------------+------------+
; 0.401 ; spi_tx_word[13]                   ; spi_tx_word[13]                                                                                               ; sys_clk      ; sys_clk     ; 0.000        ; 0.073      ; 0.669      ;
; 0.401 ; spi_tx_word[21]                   ; spi_tx_word[21]                                                                                               ; sys_clk      ; sys_clk     ; 0.000        ; 0.073      ; 0.669      ;
; 0.401 ; spi_tx_word[1]                    ; spi_tx_word[1]                                                                                                ; sys_clk      ; sys_clk     ; 0.000        ; 0.073      ; 0.669      ;
; 0.401 ; read_wait_count[1]                ; read_wait_count[1]                                                                                            ; sys_clk      ; sys_clk     ; 0.000        ; 0.073      ; 0.669      ;
; 0.401 ; read_wait_count[2]                ; read_wait_count[2]                                                                                            ; sys_clk      ; sys_clk     ; 0.000        ; 0.073      ; 0.669      ;
; 0.416 ; read_wait_count[0]                ; read_wait_count[0]                                                                                            ; sys_clk      ; sys_clk     ; 0.000        ; 0.073      ; 0.684      ;
; 0.459 ; spi_tx_word[0]                    ; g_spi_slave:spi_inst|tx_shift[0]                                                                              ; sys_clk      ; sys_clk     ; 0.000        ; 0.073      ; 0.727      ;
; 0.469 ; g_spi_slave:spi_inst|rx_word[8]   ; ram_read_addr_sys[8]                                                                                          ; sys_clk      ; sys_clk     ; 0.000        ; 0.073      ; 0.737      ;
; 0.470 ; g_spi_slave:spi_inst|rx_word[2]   ; ram_read_addr_sys[2]                                                                                          ; sys_clk      ; sys_clk     ; 0.000        ; 0.073      ; 0.738      ;
; 0.470 ; g_spi_slave:spi_inst|rx_word[7]   ; ram_read_addr_sys[7]                                                                                          ; sys_clk      ; sys_clk     ; 0.000        ; 0.073      ; 0.738      ;
; 0.470 ; spi_tx_word[9]                    ; g_spi_slave:spi_inst|tx_shift[9]                                                                              ; sys_clk      ; sys_clk     ; 0.000        ; 0.073      ; 0.738      ;
; 0.470 ; g_spi_slave:spi_inst|tx_shift[7]  ; g_spi_slave:spi_inst|tx_shift[8]                                                                              ; sys_clk      ; sys_clk     ; 0.000        ; 0.073      ; 0.738      ;
; 0.470 ; g_spi_slave:spi_inst|tx_shift[6]  ; g_spi_slave:spi_inst|tx_shift[7]                                                                              ; sys_clk      ; sys_clk     ; 0.000        ; 0.073      ; 0.738      ;
; 0.471 ; g_spi_slave:spi_inst|rx_word[4]   ; ram_read_addr_sys[4]                                                                                          ; sys_clk      ; sys_clk     ; 0.000        ; 0.073      ; 0.739      ;
; 0.471 ; g_spi_slave:spi_inst|rx_word[11]  ; read_bank_pending                                                                                             ; sys_clk      ; sys_clk     ; 0.000        ; 0.073      ; 0.739      ;
; 0.471 ; g_spi_slave:spi_inst|rx_word[10]  ; ram_read_addr_sys[10]                                                                                         ; sys_clk      ; sys_clk     ; 0.000        ; 0.073      ; 0.739      ;
; 0.472 ; g_spi_slave:spi_inst|tx_shift[9]  ; g_spi_slave:spi_inst|tx_shift[10]                                                                             ; sys_clk      ; sys_clk     ; 0.000        ; 0.073      ; 0.740      ;
; 0.472 ; done_toggle_sys_meta              ; done_toggle_sys                                                                                               ; sys_clk      ; sys_clk     ; 0.000        ; 0.072      ; 0.739      ;
; 0.472 ; g_spi_slave:spi_inst|rx_word[9]   ; ram_read_addr_sys[9]                                                                                          ; sys_clk      ; sys_clk     ; 0.000        ; 0.073      ; 0.740      ;
; 0.473 ; g_spi_slave:spi_inst|tx_shift[16] ; g_spi_slave:spi_inst|tx_shift[17]                                                                             ; sys_clk      ; sys_clk     ; 0.000        ; 0.072      ; 0.740      ;
; 0.492 ; read_wait_count[2]                ; read_wait_count[0]                                                                                            ; sys_clk      ; sys_clk     ; 0.000        ; 0.073      ; 0.760      ;
; 0.508 ; ram_read_addr_sys[1]              ; RAM:ram_bank0|altsyncram:altsyncram_component|altsyncram_vkm1:auto_generated|ram_block1a4~portb_address_reg0  ; sys_clk      ; sys_clk     ; 0.000        ; 0.354      ; 1.092      ;
; 0.510 ; ram_read_addr_sys[10]             ; RAM:ram_bank0|altsyncram:altsyncram_component|altsyncram_vkm1:auto_generated|ram_block1a4~portb_address_reg0  ; sys_clk      ; sys_clk     ; 0.000        ; 0.354      ; 1.094      ;
; 0.515 ; ram_read_addr_sys[5]              ; RAM:ram_bank0|altsyncram:altsyncram_component|altsyncram_vkm1:auto_generated|ram_block1a4~portb_address_reg0  ; sys_clk      ; sys_clk     ; 0.000        ; 0.354      ; 1.099      ;
; 0.525 ; ram_read_addr_sys[9]              ; RAM:ram_bank0|altsyncram:altsyncram_component|altsyncram_vkm1:auto_generated|ram_block1a12~portb_address_reg0 ; sys_clk      ; sys_clk     ; 0.000        ; 0.354      ; 1.109      ;
; 0.530 ; ram_read_addr_sys[5]              ; RAM:ram_bank0|altsyncram:altsyncram_component|altsyncram_vkm1:auto_generated|ram_block1a12~portb_address_reg0 ; sys_clk      ; sys_clk     ; 0.000        ; 0.354      ; 1.114      ;
; 0.533 ; ram_read_addr_sys[8]              ; RAM:ram_bank0|altsyncram:altsyncram_component|altsyncram_vkm1:auto_generated|ram_block1a12~portb_address_reg0 ; sys_clk      ; sys_clk     ; 0.000        ; 0.354      ; 1.117      ;
; 0.546 ; ram_read_addr_sys[5]              ; RAM2:ram_bank1|altsyncram:altsyncram_component|altsyncram_vkm1:auto_generated|ram_block1a4~portb_address_reg0 ; sys_clk      ; sys_clk     ; 0.000        ; 0.353      ; 1.129      ;
; 0.548 ; g_spi_slave:spi_inst|cs_sync[1]   ; g_spi_slave:spi_inst|rx_shift[2]                                                                              ; sys_clk      ; sys_clk     ; 0.000        ; 0.073      ; 0.816      ;
; 0.549 ; g_spi_slave:spi_inst|cs_sync[1]   ; g_spi_slave:spi_inst|rx_shift[6]                                                                              ; sys_clk      ; sys_clk     ; 0.000        ; 0.073      ; 0.817      ;
; 0.549 ; g_spi_slave:spi_inst|cs_sync[1]   ; g_spi_slave:spi_inst|rx_shift[5]                                                                              ; sys_clk      ; sys_clk     ; 0.000        ; 0.073      ; 0.817      ;
; 0.550 ; ram_read_addr_sys[10]             ; RAM2:ram_bank1|altsyncram:altsyncram_component|altsyncram_vkm1:auto_generated|ram_block1a4~portb_address_reg0 ; sys_clk      ; sys_clk     ; 0.000        ; 0.353      ; 1.133      ;
; 0.553 ; ram_read_addr_sys[3]              ; RAM:ram_bank0|altsyncram:altsyncram_component|altsyncram_vkm1:auto_generated|ram_block1a8~portb_address_reg0  ; sys_clk      ; sys_clk     ; 0.000        ; 0.360      ; 1.143      ;
; 0.553 ; ram_read_addr_sys[9]              ; RAM:ram_bank0|altsyncram:altsyncram_component|altsyncram_vkm1:auto_generated|ram_block1a8~portb_address_reg0  ; sys_clk      ; sys_clk     ; 0.000        ; 0.360      ; 1.143      ;
; 0.557 ; ram_read_addr_sys[3]              ; RAM:ram_bank0|altsyncram:altsyncram_component|altsyncram_vkm1:auto_generated|ram_block1a4~portb_address_reg0  ; sys_clk      ; sys_clk     ; 0.000        ; 0.354      ; 1.141      ;
; 0.562 ; ram_read_addr_sys[5]              ; RAM:ram_bank0|altsyncram:altsyncram_component|altsyncram_vkm1:auto_generated|ram_block1a8~portb_address_reg0  ; sys_clk      ; sys_clk     ; 0.000        ; 0.360      ; 1.152      ;
; 0.562 ; ram_read_addr_sys[10]             ; RAM:ram_bank0|altsyncram:altsyncram_component|altsyncram_vkm1:auto_generated|ram_block1a12~portb_address_reg0 ; sys_clk      ; sys_clk     ; 0.000        ; 0.354      ; 1.146      ;
; 0.576 ; ram_read_addr_sys[8]              ; RAM2:ram_bank1|altsyncram:altsyncram_component|altsyncram_vkm1:auto_generated|ram_block1a4~portb_address_reg0 ; sys_clk      ; sys_clk     ; 0.000        ; 0.353      ; 1.159      ;
; 0.585 ; ram_read_addr_sys[8]              ; RAM:ram_bank0|altsyncram:altsyncram_component|altsyncram_vkm1:auto_generated|ram_block1a8~portb_address_reg0  ; sys_clk      ; sys_clk     ; 0.000        ; 0.360      ; 1.175      ;
; 0.593 ; g_spi_slave:spi_inst|cs_sync[2]   ; g_spi_slave:spi_inst|rx_shift[11]                                                                             ; sys_clk      ; sys_clk     ; 0.000        ; 0.073      ; 0.861      ;
; 0.594 ; g_spi_slave:spi_inst|cs_sync[2]   ; g_spi_slave:spi_inst|rx_shift[9]                                                                              ; sys_clk      ; sys_clk     ; 0.000        ; 0.073      ; 0.862      ;
; 0.594 ; g_spi_slave:spi_inst|cs_sync[2]   ; g_spi_slave:spi_inst|rx_shift[4]                                                                              ; sys_clk      ; sys_clk     ; 0.000        ; 0.073      ; 0.862      ;
; 0.595 ; g_spi_slave:spi_inst|cs_sync[2]   ; g_spi_slave:spi_inst|rx_shift[12]                                                                             ; sys_clk      ; sys_clk     ; 0.000        ; 0.073      ; 0.863      ;
; 0.596 ; g_spi_slave:spi_inst|cs_sync[2]   ; g_spi_slave:spi_inst|rx_shift[3]                                                                              ; sys_clk      ; sys_clk     ; 0.000        ; 0.073      ; 0.864      ;
; 0.598 ; g_spi_slave:spi_inst|tx_shift[29] ; g_spi_slave:spi_inst|tx_shift[30]                                                                             ; sys_clk      ; sys_clk     ; 0.000        ; 0.073      ; 0.866      ;
; 0.598 ; g_spi_slave:spi_inst|tx_shift[26] ; g_spi_slave:spi_inst|tx_shift[27]                                                                             ; sys_clk      ; sys_clk     ; 0.000        ; 0.072      ; 0.865      ;
; 0.598 ; g_spi_slave:spi_inst|rx_shift[14] ; g_spi_slave:spi_inst|rx_shift[15]                                                                             ; sys_clk      ; sys_clk     ; 0.000        ; 0.073      ; 0.866      ;
; 0.599 ; g_spi_slave:spi_inst|tx_shift[13] ; g_spi_slave:spi_inst|tx_shift[14]                                                                             ; sys_clk      ; sys_clk     ; 0.000        ; 0.073      ; 0.867      ;
; 0.599 ; g_spi_slave:spi_inst|rx_shift[22] ; g_spi_slave:spi_inst|rx_shift[23]                                                                             ; sys_clk      ; sys_clk     ; 0.000        ; 0.073      ; 0.867      ;
; 0.599 ; g_spi_slave:spi_inst|rx_shift[18] ; g_spi_slave:spi_inst|rx_shift[19]                                                                             ; sys_clk      ; sys_clk     ; 0.000        ; 0.073      ; 0.867      ;
; 0.599 ; g_spi_slave:spi_inst|cs_sync[2]   ; g_spi_slave:spi_inst|rx_shift[8]                                                                              ; sys_clk      ; sys_clk     ; 0.000        ; 0.073      ; 0.867      ;
; 0.600 ; g_spi_slave:spi_inst|tx_shift[28] ; g_spi_slave:spi_inst|tx_shift[29]                                                                             ; sys_clk      ; sys_clk     ; 0.000        ; 0.073      ; 0.868      ;
; 0.600 ; g_spi_slave:spi_inst|tx_shift[21] ; g_spi_slave:spi_inst|tx_shift[22]                                                                             ; sys_clk      ; sys_clk     ; 0.000        ; 0.072      ; 0.867      ;
; 0.600 ; g_spi_slave:spi_inst|tx_shift[20] ; g_spi_slave:spi_inst|tx_shift[21]                                                                             ; sys_clk      ; sys_clk     ; 0.000        ; 0.072      ; 0.867      ;
; 0.600 ; spi_tx_word[17]                   ; g_spi_slave:spi_inst|tx_shift[17]                                                                             ; sys_clk      ; sys_clk     ; 0.000        ; 0.072      ; 0.867      ;
; 0.601 ; g_spi_slave:spi_inst|tx_shift[19] ; g_spi_slave:spi_inst|tx_shift[20]                                                                             ; sys_clk      ; sys_clk     ; 0.000        ; 0.072      ; 0.868      ;
; 0.601 ; spi_tx_word[19]                   ; g_spi_slave:spi_inst|tx_shift[19]                                                                             ; sys_clk      ; sys_clk     ; 0.000        ; 0.072      ; 0.868      ;
; 0.601 ; spi_tx_word[15]                   ; g_spi_slave:spi_inst|tx_shift[15]                                                                             ; sys_clk      ; sys_clk     ; 0.000        ; 0.073      ; 0.869      ;
; 0.601 ; g_spi_slave:spi_inst|rx_shift[13] ; g_spi_slave:spi_inst|rx_shift[14]                                                                             ; sys_clk      ; sys_clk     ; 0.000        ; 0.073      ; 0.869      ;
; 0.601 ; g_spi_slave:spi_inst|cs_sync[2]   ; g_spi_slave:spi_inst|rx_shift[10]                                                                             ; sys_clk      ; sys_clk     ; 0.000        ; 0.073      ; 0.869      ;
; 0.601 ; g_spi_slave:spi_inst|cs_sync[2]   ; g_spi_slave:spi_inst|rx_shift[7]                                                                              ; sys_clk      ; sys_clk     ; 0.000        ; 0.073      ; 0.869      ;
; 0.606 ; g_spi_slave:spi_inst|rx_shift[25] ; g_spi_slave:spi_inst|rx_shift[26]                                                                             ; sys_clk      ; sys_clk     ; 0.000        ; 0.073      ; 0.874      ;
; 0.607 ; g_spi_slave:spi_inst|rx_shift[23] ; g_spi_slave:spi_inst|rx_shift[24]                                                                             ; sys_clk      ; sys_clk     ; 0.000        ; 0.073      ; 0.875      ;
; 0.619 ; g_spi_slave:spi_inst|rx_shift[5]  ; g_spi_slave:spi_inst|rx_shift[6]                                                                              ; sys_clk      ; sys_clk     ; 0.000        ; 0.073      ; 0.887      ;
; 0.620 ; g_spi_slave:spi_inst|rx_shift[27] ; g_spi_slave:spi_inst|rx_shift[28]                                                                             ; sys_clk      ; sys_clk     ; 0.000        ; 0.073      ; 0.888      ;
; 0.620 ; g_spi_slave:spi_inst|rx_shift[3]  ; g_spi_slave:spi_inst|rx_shift[4]                                                                              ; sys_clk      ; sys_clk     ; 0.000        ; 0.073      ; 0.888      ;
; 0.627 ; spi_tx_word[6]                    ; g_spi_slave:spi_inst|tx_shift[6]                                                                              ; sys_clk      ; sys_clk     ; 0.000        ; 0.072      ; 0.894      ;
; 0.634 ; g_spi_slave:spi_inst|rx_shift[0]  ; g_spi_slave:spi_inst|rx_shift[1]                                                                              ; sys_clk      ; sys_clk     ; 0.000        ; 0.073      ; 0.902      ;
; 0.644 ; g_spi_slave:spi_inst|tx_shift[18] ; g_spi_slave:spi_inst|tx_shift[19]                                                                             ; sys_clk      ; sys_clk     ; 0.000        ; 0.070      ; 0.909      ;
; 0.646 ; g_spi_slave:spi_inst|rx_word[0]   ; ram_read_addr_sys[0]                                                                                          ; sys_clk      ; sys_clk     ; 0.000        ; 0.073      ; 0.914      ;
; 0.646 ; g_spi_slave:spi_inst|rx_word[6]   ; ram_read_addr_sys[6]                                                                                          ; sys_clk      ; sys_clk     ; 0.000        ; 0.073      ; 0.914      ;
; 0.652 ; g_spi_slave:spi_inst|rx_shift[25] ; g_spi_slave:spi_inst|rx_word[26]                                                                              ; sys_clk      ; sys_clk     ; 0.000        ; 0.073      ; 0.920      ;
; 0.654 ; g_spi_slave:spi_inst|rx_shift[23] ; g_spi_slave:spi_inst|rx_word[24]                                                                              ; sys_clk      ; sys_clk     ; 0.000        ; 0.073      ; 0.922      ;
; 0.687 ; spi_tx_word[8]                    ; g_spi_slave:spi_inst|tx_shift[8]                                                                              ; sys_clk      ; sys_clk     ; 0.000        ; 0.073      ; 0.955      ;
; 0.688 ; g_spi_slave:spi_inst|tx_shift[23] ; g_spi_slave:spi_inst|tx_shift[24]                                                                             ; sys_clk      ; sys_clk     ; 0.000        ; 0.072      ; 0.955      ;
; 0.688 ; g_spi_slave:spi_inst|tx_shift[8]  ; g_spi_slave:spi_inst|tx_shift[9]                                                                              ; sys_clk      ; sys_clk     ; 0.000        ; 0.073      ; 0.956      ;
; 0.689 ; g_spi_slave:spi_inst|tx_shift[4]  ; g_spi_slave:spi_inst|tx_shift[5]                                                                              ; sys_clk      ; sys_clk     ; 0.000        ; 0.073      ; 0.957      ;
; 0.689 ; g_spi_slave:spi_inst|rx_shift[17] ; g_spi_slave:spi_inst|rx_shift[18]                                                                             ; sys_clk      ; sys_clk     ; 0.000        ; 0.073      ; 0.957      ;
; 0.690 ; g_spi_slave:spi_inst|tx_shift[12] ; g_spi_slave:spi_inst|tx_shift[13]                                                                             ; sys_clk      ; sys_clk     ; 0.000        ; 0.073      ; 0.958      ;
; 0.690 ; g_spi_slave:spi_inst|tx_shift[11] ; g_spi_slave:spi_inst|tx_shift[12]                                                                             ; sys_clk      ; sys_clk     ; 0.000        ; 0.073      ; 0.958      ;
; 0.690 ; g_spi_slave:spi_inst|tx_shift[5]  ; g_spi_slave:spi_inst|tx_shift[6]                                                                              ; sys_clk      ; sys_clk     ; 0.000        ; 0.073      ; 0.958      ;
; 0.690 ; g_spi_slave:spi_inst|rx_shift[21] ; g_spi_slave:spi_inst|rx_shift[22]                                                                             ; sys_clk      ; sys_clk     ; 0.000        ; 0.073      ; 0.958      ;
; 0.690 ; g_spi_slave:spi_inst|rx_shift[20] ; g_spi_slave:spi_inst|rx_shift[21]                                                                             ; sys_clk      ; sys_clk     ; 0.000        ; 0.073      ; 0.958      ;
; 0.690 ; g_spi_slave:spi_inst|rx_shift[15] ; g_spi_slave:spi_inst|rx_shift[16]                                                                             ; sys_clk      ; sys_clk     ; 0.000        ; 0.073      ; 0.958      ;
; 0.690 ; g_spi_slave:spi_inst|tx_shift[14] ; g_spi_slave:spi_inst|tx_shift[15]                                                                             ; sys_clk      ; sys_clk     ; 0.000        ; 0.073      ; 0.958      ;
; 0.691 ; g_spi_slave:spi_inst|tx_shift[25] ; g_spi_slave:spi_inst|tx_shift[26]                                                                             ; sys_clk      ; sys_clk     ; 0.000        ; 0.072      ; 0.958      ;
; 0.691 ; g_spi_slave:spi_inst|tx_shift[24] ; g_spi_slave:spi_inst|tx_shift[25]                                                                             ; sys_clk      ; sys_clk     ; 0.000        ; 0.072      ; 0.958      ;
; 0.692 ; g_spi_slave:spi_inst|bit_count[3] ; g_spi_slave:spi_inst|bit_count[3]                                                                             ; sys_clk      ; sys_clk     ; 0.000        ; 0.073      ; 0.960      ;
; 0.692 ; g_spi_slave:spi_inst|bit_count[1] ; g_spi_slave:spi_inst|bit_count[1]                                                                             ; sys_clk      ; sys_clk     ; 0.000        ; 0.073      ; 0.960      ;
; 0.693 ; g_spi_slave:spi_inst|rx_shift[19] ; g_spi_slave:spi_inst|rx_shift[20]                                                                             ; sys_clk      ; sys_clk     ; 0.000        ; 0.073      ; 0.961      ;
; 0.693 ; g_spi_slave:spi_inst|bit_count[5] ; g_spi_slave:spi_inst|bit_count[5]                                                                             ; sys_clk      ; sys_clk     ; 0.000        ; 0.073      ; 0.961      ;
; 0.694 ; g_spi_slave:spi_inst|rx_shift[16] ; g_spi_slave:spi_inst|rx_shift[17]                                                                             ; sys_clk      ; sys_clk     ; 0.000        ; 0.073      ; 0.962      ;
; 0.697 ; g_spi_slave:spi_inst|bit_count[4] ; g_spi_slave:spi_inst|bit_count[4]                                                                             ; sys_clk      ; sys_clk     ; 0.000        ; 0.073      ; 0.965      ;
; 0.697 ; g_spi_slave:spi_inst|bit_count[2] ; g_spi_slave:spi_inst|bit_count[2]                                                                             ; sys_clk      ; sys_clk     ; 0.000        ; 0.073      ; 0.965      ;
; 0.712 ; g_spi_slave:spi_inst|rx_shift[29] ; g_spi_slave:spi_inst|rx_shift[30]                                                                             ; sys_clk      ; sys_clk     ; 0.000        ; 0.073      ; 0.980      ;
; 0.712 ; g_spi_slave:spi_inst|mosi_sync[1] ; g_spi_slave:spi_inst|rx_shift[0]                                                                              ; sys_clk      ; sys_clk     ; 0.000        ; 0.073      ; 0.980      ;
; 0.712 ; spi_tx_word[14]                   ; g_spi_slave:spi_inst|tx_shift[14]                                                                             ; sys_clk      ; sys_clk     ; 0.000        ; 0.073      ; 0.980      ;
; 0.713 ; spi_tx_word[11]                   ; g_spi_slave:spi_inst|tx_shift[11]                                                                             ; sys_clk      ; sys_clk     ; 0.000        ; 0.073      ; 0.981      ;
; 0.714 ; g_spi_slave:spi_inst|rx_shift[10] ; g_spi_slave:spi_inst|rx_shift[11]                                                                             ; sys_clk      ; sys_clk     ; 0.000        ; 0.073      ; 0.982      ;
; 0.716 ; g_spi_slave:spi_inst|rx_shift[24] ; g_spi_slave:spi_inst|rx_shift[25]                                                                             ; sys_clk      ; sys_clk     ; 0.000        ; 0.073      ; 0.984      ;
+-------+-----------------------------------+---------------------------------------------------------------------------------------------------------------+--------------+-------------+--------------+------------+------------+


----------------------------------------------
; Slow 1200mV 0C Model Metastability Summary ;
----------------------------------------------
The design MTBF is not calculated because there are no specified synchronizers in the design.
Number of Synchronizer Chains Found: 3
Shortest Synchronizer Chain: 2 Registers
Fraction of Chains for which MTBFs Could Not be Calculated: 1.000
Worst Case Available Settling Time: 32.403 ns




+----------------------------------------------------------------------------------+
; Fast 1200mV 0C Model Setup Summary                                               ;
+---------------------------------------------------------+--------+---------------+
; Clock                                                   ; Slack  ; End Point TNS ;
+---------------------------------------------------------+--------+---------------+
; my_pll_inst|altpll_component|auto_generated|pll1|clk[0] ; 12.481 ; 0.000         ;
; sys_clk                                                 ; 16.647 ; 0.000         ;
+---------------------------------------------------------+--------+---------------+


+---------------------------------------------------------------------------------+
; Fast 1200mV 0C Model Hold Summary                                               ;
+---------------------------------------------------------+-------+---------------+
; Clock                                                   ; Slack ; End Point TNS ;
+---------------------------------------------------------+-------+---------------+
; my_pll_inst|altpll_component|auto_generated|pll1|clk[0] ; 0.112 ; 0.000         ;
; sys_clk                                                 ; 0.187 ; 0.000         ;
+---------------------------------------------------------+-------+---------------+


-----------------------------------------
; Fast 1200mV 0C Model Recovery Summary ;
-----------------------------------------
No paths to report.


----------------------------------------
; Fast 1200mV 0C Model Removal Summary ;
----------------------------------------
No paths to report.


+-----------------------------------------------------------------------------------+
; Fast 1200mV 0C Model Minimum Pulse Width Summary                                  ;
+---------------------------------------------------------+---------+---------------+
; Clock                                                   ; Slack   ; End Point TNS ;
+---------------------------------------------------------+---------+---------------+
; sys_clk                                                 ; 9.201   ; 0.000         ;
; my_pll_inst|altpll_component|auto_generated|pll1|clk[0] ; 9.733   ; 0.000         ;
; spi_sclk                                                ; 196.000 ; 0.000         ;
+---------------------------------------------------------+---------+---------------+


+----------------------------------------------------------------------------------------------------------------------------------------------------------------------------------------------------------------------------------------------------------------+
; Fast 1200mV 0C Model Setup: 'my_pll_inst|altpll_component|auto_generated|pll1|clk[0]'                                                                                                                                                                          ;
+--------+---------------------------------------------+--------------------------------------------+---------------------------------------------------------+---------------------------------------------------------+--------------+------------+------------+
; Slack  ; From Node                                   ; To Node                                    ; Launch Clock                                            ; Latch Clock                                             ; Relationship ; Clock Skew ; Data Delay ;
+--------+---------------------------------------------+--------------------------------------------+---------------------------------------------------------+---------------------------------------------------------+--------------+------------+------------+
; 12.481 ; g_sos3_lowpass:lowpass_inst|x_register[0]   ; g_sos3_lowpass:lowpass_inst|y_register[6]  ; my_pll_inst|altpll_component|auto_generated|pll1|clk[0] ; my_pll_inst|altpll_component|auto_generated|pll1|clk[0] ; 20.000       ; 0.009      ; 7.515      ;
; 12.481 ; g_sos3_lowpass:lowpass_inst|x_register[1]   ; g_sos3_lowpass:lowpass_inst|y_register[6]  ; my_pll_inst|altpll_component|auto_generated|pll1|clk[0] ; my_pll_inst|altpll_component|auto_generated|pll1|clk[0] ; 20.000       ; 0.009      ; 7.515      ;
; 12.481 ; g_sos3_lowpass:lowpass_inst|x_register[2]   ; g_sos3_lowpass:lowpass_inst|y_register[6]  ; my_pll_inst|altpll_component|auto_generated|pll1|clk[0] ; my_pll_inst|altpll_component|auto_generated|pll1|clk[0] ; 20.000       ; 0.009      ; 7.515      ;
; 12.481 ; g_sos3_lowpass:lowpass_inst|x_register[3]   ; g_sos3_lowpass:lowpass_inst|y_register[6]  ; my_pll_inst|altpll_component|auto_generated|pll1|clk[0] ; my_pll_inst|altpll_component|auto_generated|pll1|clk[0] ; 20.000       ; 0.009      ; 7.515      ;
; 12.481 ; g_sos3_lowpass:lowpass_inst|x_register[4]   ; g_sos3_lowpass:lowpass_inst|y_register[6]  ; my_pll_inst|altpll_component|auto_generated|pll1|clk[0] ; my_pll_inst|altpll_component|auto_generated|pll1|clk[0] ; 20.000       ; 0.009      ; 7.515      ;
; 12.481 ; g_sos3_lowpass:lowpass_inst|x_register[5]   ; g_sos3_lowpass:lowpass_inst|y_register[6]  ; my_pll_inst|altpll_component|auto_generated|pll1|clk[0] ; my_pll_inst|altpll_component|auto_generated|pll1|clk[0] ; 20.000       ; 0.009      ; 7.515      ;
; 12.481 ; g_sos3_lowpass:lowpass_inst|x_register[6]   ; g_sos3_lowpass:lowpass_inst|y_register[6]  ; my_pll_inst|altpll_component|auto_generated|pll1|clk[0] ; my_pll_inst|altpll_component|auto_generated|pll1|clk[0] ; 20.000       ; 0.009      ; 7.515      ;
; 12.481 ; g_sos3_lowpass:lowpass_inst|x_register[7]   ; g_sos3_lowpass:lowpass_inst|y_register[6]  ; my_pll_inst|altpll_component|auto_generated|pll1|clk[0] ; my_pll_inst|altpll_component|auto_generated|pll1|clk[0] ; 20.000       ; 0.009      ; 7.515      ;
; 12.481 ; g_sos3_lowpass:lowpass_inst|x_register[8]   ; g_sos3_lowpass:lowpass_inst|y_register[6]  ; my_pll_inst|altpll_component|auto_generated|pll1|clk[0] ; my_pll_inst|altpll_component|auto_generated|pll1|clk[0] ; 20.000       ; 0.009      ; 7.515      ;
; 12.481 ; g_sos3_lowpass:lowpass_inst|x_register[9]   ; g_sos3_lowpass:lowpass_inst|y_register[6]  ; my_pll_inst|altpll_component|auto_generated|pll1|clk[0] ; my_pll_inst|altpll_component|auto_generated|pll1|clk[0] ; 20.000       ; 0.009      ; 7.515      ;
; 12.481 ; g_sos3_lowpass:lowpass_inst|x_register[10]  ; g_sos3_lowpass:lowpass_inst|y_register[6]  ; my_pll_inst|altpll_component|auto_generated|pll1|clk[0] ; my_pll_inst|altpll_component|auto_generated|pll1|clk[0] ; 20.000       ; 0.009      ; 7.515      ;
; 12.481 ; g_sos3_lowpass:lowpass_inst|x_register[11]  ; g_sos3_lowpass:lowpass_inst|y_register[6]  ; my_pll_inst|altpll_component|auto_generated|pll1|clk[0] ; my_pll_inst|altpll_component|auto_generated|pll1|clk[0] ; 20.000       ; 0.009      ; 7.515      ;
; 12.481 ; g_sos3_lowpass:lowpass_inst|x_register[12]  ; g_sos3_lowpass:lowpass_inst|y_register[6]  ; my_pll_inst|altpll_component|auto_generated|pll1|clk[0] ; my_pll_inst|altpll_component|auto_generated|pll1|clk[0] ; 20.000       ; 0.009      ; 7.515      ;
; 12.481 ; g_sos3_lowpass:lowpass_inst|x_register[13]  ; g_sos3_lowpass:lowpass_inst|y_register[6]  ; my_pll_inst|altpll_component|auto_generated|pll1|clk[0] ; my_pll_inst|altpll_component|auto_generated|pll1|clk[0] ; 20.000       ; 0.009      ; 7.515      ;
; 12.481 ; g_sos3_lowpass:lowpass_inst|x_register[14]  ; g_sos3_lowpass:lowpass_inst|y_register[6]  ; my_pll_inst|altpll_component|auto_generated|pll1|clk[0] ; my_pll_inst|altpll_component|auto_generated|pll1|clk[0] ; 20.000       ; 0.009      ; 7.515      ;
; 12.481 ; g_sos3_lowpass:lowpass_inst|x_register[15]  ; g_sos3_lowpass:lowpass_inst|y_register[6]  ; my_pll_inst|altpll_component|auto_generated|pll1|clk[0] ; my_pll_inst|altpll_component|auto_generated|pll1|clk[0] ; 20.000       ; 0.009      ; 7.515      ;
; 12.481 ; g_sos3_lowpass:lowpass_inst|x_register[16]  ; g_sos3_lowpass:lowpass_inst|y_register[6]  ; my_pll_inst|altpll_component|auto_generated|pll1|clk[0] ; my_pll_inst|altpll_component|auto_generated|pll1|clk[0] ; 20.000       ; 0.009      ; 7.515      ;
; 12.481 ; g_sos3_lowpass:lowpass_inst|x_register[17]  ; g_sos3_lowpass:lowpass_inst|y_register[6]  ; my_pll_inst|altpll_component|auto_generated|pll1|clk[0] ; my_pll_inst|altpll_component|auto_generated|pll1|clk[0] ; 20.000       ; 0.009      ; 7.515      ;
; 12.525 ; g_sos3_lowpass:lowpass_inst|b0_register[1]  ; g_sos3_lowpass:lowpass_inst|y_register[6]  ; my_pll_inst|altpll_component|auto_generated|pll1|clk[0] ; my_pll_inst|altpll_component|auto_generated|pll1|clk[0] ; 20.000       ; 0.009      ; 7.471      ;
; 12.525 ; g_sos3_lowpass:lowpass_inst|b0_register[2]  ; g_sos3_lowpass:lowpass_inst|y_register[6]  ; my_pll_inst|altpll_component|auto_generated|pll1|clk[0] ; my_pll_inst|altpll_component|auto_generated|pll1|clk[0] ; 20.000       ; 0.009      ; 7.471      ;
; 12.525 ; g_sos3_lowpass:lowpass_inst|b0_register[3]  ; g_sos3_lowpass:lowpass_inst|y_register[6]  ; my_pll_inst|altpll_component|auto_generated|pll1|clk[0] ; my_pll_inst|altpll_component|auto_generated|pll1|clk[0] ; 20.000       ; 0.009      ; 7.471      ;
; 12.525 ; g_sos3_lowpass:lowpass_inst|b0_register[5]  ; g_sos3_lowpass:lowpass_inst|y_register[6]  ; my_pll_inst|altpll_component|auto_generated|pll1|clk[0] ; my_pll_inst|altpll_component|auto_generated|pll1|clk[0] ; 20.000       ; 0.009      ; 7.471      ;
; 12.525 ; g_sos3_lowpass:lowpass_inst|b0_register[6]  ; g_sos3_lowpass:lowpass_inst|y_register[6]  ; my_pll_inst|altpll_component|auto_generated|pll1|clk[0] ; my_pll_inst|altpll_component|auto_generated|pll1|clk[0] ; 20.000       ; 0.009      ; 7.471      ;
; 12.525 ; g_sos3_lowpass:lowpass_inst|b0_register[7]  ; g_sos3_lowpass:lowpass_inst|y_register[6]  ; my_pll_inst|altpll_component|auto_generated|pll1|clk[0] ; my_pll_inst|altpll_component|auto_generated|pll1|clk[0] ; 20.000       ; 0.009      ; 7.471      ;
; 12.525 ; g_sos3_lowpass:lowpass_inst|b0_register[16] ; g_sos3_lowpass:lowpass_inst|y_register[6]  ; my_pll_inst|altpll_component|auto_generated|pll1|clk[0] ; my_pll_inst|altpll_component|auto_generated|pll1|clk[0] ; 20.000       ; 0.009      ; 7.471      ;
; 12.530 ; g_sos3_lowpass:lowpass_inst|x_register[0]   ; g_sos3_lowpass:lowpass_inst|y_register[16] ; my_pll_inst|altpll_component|auto_generated|pll1|clk[0] ; my_pll_inst|altpll_component|auto_generated|pll1|clk[0] ; 20.000       ; 0.186      ; 7.643      ;
; 12.530 ; g_sos3_lowpass:lowpass_inst|x_register[1]   ; g_sos3_lowpass:lowpass_inst|y_register[16] ; my_pll_inst|altpll_component|auto_generated|pll1|clk[0] ; my_pll_inst|altpll_component|auto_generated|pll1|clk[0] ; 20.000       ; 0.186      ; 7.643      ;
; 12.530 ; g_sos3_lowpass:lowpass_inst|x_register[2]   ; g_sos3_lowpass:lowpass_inst|y_register[16] ; my_pll_inst|altpll_component|auto_generated|pll1|clk[0] ; my_pll_inst|altpll_component|auto_generated|pll1|clk[0] ; 20.000       ; 0.186      ; 7.643      ;
; 12.530 ; g_sos3_lowpass:lowpass_inst|x_register[3]   ; g_sos3_lowpass:lowpass_inst|y_register[16] ; my_pll_inst|altpll_component|auto_generated|pll1|clk[0] ; my_pll_inst|altpll_component|auto_generated|pll1|clk[0] ; 20.000       ; 0.186      ; 7.643      ;
; 12.530 ; g_sos3_lowpass:lowpass_inst|x_register[4]   ; g_sos3_lowpass:lowpass_inst|y_register[16] ; my_pll_inst|altpll_component|auto_generated|pll1|clk[0] ; my_pll_inst|altpll_component|auto_generated|pll1|clk[0] ; 20.000       ; 0.186      ; 7.643      ;
; 12.530 ; g_sos3_lowpass:lowpass_inst|x_register[5]   ; g_sos3_lowpass:lowpass_inst|y_register[16] ; my_pll_inst|altpll_component|auto_generated|pll1|clk[0] ; my_pll_inst|altpll_component|auto_generated|pll1|clk[0] ; 20.000       ; 0.186      ; 7.643      ;
; 12.530 ; g_sos3_lowpass:lowpass_inst|x_register[6]   ; g_sos3_lowpass:lowpass_inst|y_register[16] ; my_pll_inst|altpll_component|auto_generated|pll1|clk[0] ; my_pll_inst|altpll_component|auto_generated|pll1|clk[0] ; 20.000       ; 0.186      ; 7.643      ;
; 12.530 ; g_sos3_lowpass:lowpass_inst|x_register[7]   ; g_sos3_lowpass:lowpass_inst|y_register[16] ; my_pll_inst|altpll_component|auto_generated|pll1|clk[0] ; my_pll_inst|altpll_component|auto_generated|pll1|clk[0] ; 20.000       ; 0.186      ; 7.643      ;
; 12.530 ; g_sos3_lowpass:lowpass_inst|x_register[8]   ; g_sos3_lowpass:lowpass_inst|y_register[16] ; my_pll_inst|altpll_component|auto_generated|pll1|clk[0] ; my_pll_inst|altpll_component|auto_generated|pll1|clk[0] ; 20.000       ; 0.186      ; 7.643      ;
; 12.530 ; g_sos3_lowpass:lowpass_inst|x_register[9]   ; g_sos3_lowpass:lowpass_inst|y_register[16] ; my_pll_inst|altpll_component|auto_generated|pll1|clk[0] ; my_pll_inst|altpll_component|auto_generated|pll1|clk[0] ; 20.000       ; 0.186      ; 7.643      ;
; 12.530 ; g_sos3_lowpass:lowpass_inst|x_register[10]  ; g_sos3_lowpass:lowpass_inst|y_register[16] ; my_pll_inst|altpll_component|auto_generated|pll1|clk[0] ; my_pll_inst|altpll_component|auto_generated|pll1|clk[0] ; 20.000       ; 0.186      ; 7.643      ;
; 12.530 ; g_sos3_lowpass:lowpass_inst|x_register[11]  ; g_sos3_lowpass:lowpass_inst|y_register[16] ; my_pll_inst|altpll_component|auto_generated|pll1|clk[0] ; my_pll_inst|altpll_component|auto_generated|pll1|clk[0] ; 20.000       ; 0.186      ; 7.643      ;
; 12.530 ; g_sos3_lowpass:lowpass_inst|x_register[12]  ; g_sos3_lowpass:lowpass_inst|y_register[16] ; my_pll_inst|altpll_component|auto_generated|pll1|clk[0] ; my_pll_inst|altpll_component|auto_generated|pll1|clk[0] ; 20.000       ; 0.186      ; 7.643      ;
; 12.530 ; g_sos3_lowpass:lowpass_inst|x_register[13]  ; g_sos3_lowpass:lowpass_inst|y_register[16] ; my_pll_inst|altpll_component|auto_generated|pll1|clk[0] ; my_pll_inst|altpll_component|auto_generated|pll1|clk[0] ; 20.000       ; 0.186      ; 7.643      ;
; 12.530 ; g_sos3_lowpass:lowpass_inst|x_register[14]  ; g_sos3_lowpass:lowpass_inst|y_register[16] ; my_pll_inst|altpll_component|auto_generated|pll1|clk[0] ; my_pll_inst|altpll_component|auto_generated|pll1|clk[0] ; 20.000       ; 0.186      ; 7.643      ;
; 12.530 ; g_sos3_lowpass:lowpass_inst|x_register[15]  ; g_sos3_lowpass:lowpass_inst|y_register[16] ; my_pll_inst|altpll_component|auto_generated|pll1|clk[0] ; my_pll_inst|altpll_component|auto_generated|pll1|clk[0] ; 20.000       ; 0.186      ; 7.643      ;
; 12.530 ; g_sos3_lowpass:lowpass_inst|x_register[16]  ; g_sos3_lowpass:lowpass_inst|y_register[16] ; my_pll_inst|altpll_component|auto_generated|pll1|clk[0] ; my_pll_inst|altpll_component|auto_generated|pll1|clk[0] ; 20.000       ; 0.186      ; 7.643      ;
; 12.530 ; g_sos3_lowpass:lowpass_inst|x_register[17]  ; g_sos3_lowpass:lowpass_inst|y_register[16] ; my_pll_inst|altpll_component|auto_generated|pll1|clk[0] ; my_pll_inst|altpll_component|auto_generated|pll1|clk[0] ; 20.000       ; 0.186      ; 7.643      ;
; 12.574 ; g_sos3_lowpass:lowpass_inst|b0_register[1]  ; g_sos3_lowpass:lowpass_inst|y_register[16] ; my_pll_inst|altpll_component|auto_generated|pll1|clk[0] ; my_pll_inst|altpll_component|auto_generated|pll1|clk[0] ; 20.000       ; 0.186      ; 7.599      ;
; 12.574 ; g_sos3_lowpass:lowpass_inst|b0_register[2]  ; g_sos3_lowpass:lowpass_inst|y_register[16] ; my_pll_inst|altpll_component|auto_generated|pll1|clk[0] ; my_pll_inst|altpll_component|auto_generated|pll1|clk[0] ; 20.000       ; 0.186      ; 7.599      ;
; 12.574 ; g_sos3_lowpass:lowpass_inst|b0_register[3]  ; g_sos3_lowpass:lowpass_inst|y_register[16] ; my_pll_inst|altpll_component|auto_generated|pll1|clk[0] ; my_pll_inst|altpll_component|auto_generated|pll1|clk[0] ; 20.000       ; 0.186      ; 7.599      ;
; 12.574 ; g_sos3_lowpass:lowpass_inst|b0_register[5]  ; g_sos3_lowpass:lowpass_inst|y_register[16] ; my_pll_inst|altpll_component|auto_generated|pll1|clk[0] ; my_pll_inst|altpll_component|auto_generated|pll1|clk[0] ; 20.000       ; 0.186      ; 7.599      ;
; 12.574 ; g_sos3_lowpass:lowpass_inst|b0_register[6]  ; g_sos3_lowpass:lowpass_inst|y_register[16] ; my_pll_inst|altpll_component|auto_generated|pll1|clk[0] ; my_pll_inst|altpll_component|auto_generated|pll1|clk[0] ; 20.000       ; 0.186      ; 7.599      ;
; 12.574 ; g_sos3_lowpass:lowpass_inst|b0_register[7]  ; g_sos3_lowpass:lowpass_inst|y_register[16] ; my_pll_inst|altpll_component|auto_generated|pll1|clk[0] ; my_pll_inst|altpll_component|auto_generated|pll1|clk[0] ; 20.000       ; 0.186      ; 7.599      ;
; 12.574 ; g_sos3_lowpass:lowpass_inst|b0_register[16] ; g_sos3_lowpass:lowpass_inst|y_register[16] ; my_pll_inst|altpll_component|auto_generated|pll1|clk[0] ; my_pll_inst|altpll_component|auto_generated|pll1|clk[0] ; 20.000       ; 0.186      ; 7.599      ;
; 12.668 ; g_sos3_lowpass:lowpass_inst|x_register[0]   ; g_sos3_lowpass:lowpass_inst|y_register[15] ; my_pll_inst|altpll_component|auto_generated|pll1|clk[0] ; my_pll_inst|altpll_component|auto_generated|pll1|clk[0] ; 20.000       ; 0.211      ; 7.530      ;
; 12.668 ; g_sos3_lowpass:lowpass_inst|x_register[1]   ; g_sos3_lowpass:lowpass_inst|y_register[15] ; my_pll_inst|altpll_component|auto_generated|pll1|clk[0] ; my_pll_inst|altpll_component|auto_generated|pll1|clk[0] ; 20.000       ; 0.211      ; 7.530      ;
; 12.668 ; g_sos3_lowpass:lowpass_inst|x_register[2]   ; g_sos3_lowpass:lowpass_inst|y_register[15] ; my_pll_inst|altpll_component|auto_generated|pll1|clk[0] ; my_pll_inst|altpll_component|auto_generated|pll1|clk[0] ; 20.000       ; 0.211      ; 7.530      ;
; 12.668 ; g_sos3_lowpass:lowpass_inst|x_register[3]   ; g_sos3_lowpass:lowpass_inst|y_register[15] ; my_pll_inst|altpll_component|auto_generated|pll1|clk[0] ; my_pll_inst|altpll_component|auto_generated|pll1|clk[0] ; 20.000       ; 0.211      ; 7.530      ;
; 12.668 ; g_sos3_lowpass:lowpass_inst|x_register[4]   ; g_sos3_lowpass:lowpass_inst|y_register[15] ; my_pll_inst|altpll_component|auto_generated|pll1|clk[0] ; my_pll_inst|altpll_component|auto_generated|pll1|clk[0] ; 20.000       ; 0.211      ; 7.530      ;
; 12.668 ; g_sos3_lowpass:lowpass_inst|x_register[5]   ; g_sos3_lowpass:lowpass_inst|y_register[15] ; my_pll_inst|altpll_component|auto_generated|pll1|clk[0] ; my_pll_inst|altpll_component|auto_generated|pll1|clk[0] ; 20.000       ; 0.211      ; 7.530      ;
; 12.668 ; g_sos3_lowpass:lowpass_inst|x_register[6]   ; g_sos3_lowpass:lowpass_inst|y_register[15] ; my_pll_inst|altpll_component|auto_generated|pll1|clk[0] ; my_pll_inst|altpll_component|auto_generated|pll1|clk[0] ; 20.000       ; 0.211      ; 7.530      ;
; 12.668 ; g_sos3_lowpass:lowpass_inst|x_register[7]   ; g_sos3_lowpass:lowpass_inst|y_register[15] ; my_pll_inst|altpll_component|auto_generated|pll1|clk[0] ; my_pll_inst|altpll_component|auto_generated|pll1|clk[0] ; 20.000       ; 0.211      ; 7.530      ;
; 12.668 ; g_sos3_lowpass:lowpass_inst|x_register[8]   ; g_sos3_lowpass:lowpass_inst|y_register[15] ; my_pll_inst|altpll_component|auto_generated|pll1|clk[0] ; my_pll_inst|altpll_component|auto_generated|pll1|clk[0] ; 20.000       ; 0.211      ; 7.530      ;
; 12.668 ; g_sos3_lowpass:lowpass_inst|x_register[9]   ; g_sos3_lowpass:lowpass_inst|y_register[15] ; my_pll_inst|altpll_component|auto_generated|pll1|clk[0] ; my_pll_inst|altpll_component|auto_generated|pll1|clk[0] ; 20.000       ; 0.211      ; 7.530      ;
; 12.668 ; g_sos3_lowpass:lowpass_inst|x_register[10]  ; g_sos3_lowpass:lowpass_inst|y_register[15] ; my_pll_inst|altpll_component|auto_generated|pll1|clk[0] ; my_pll_inst|altpll_component|auto_generated|pll1|clk[0] ; 20.000       ; 0.211      ; 7.530      ;
; 12.668 ; g_sos3_lowpass:lowpass_inst|x_register[11]  ; g_sos3_lowpass:lowpass_inst|y_register[15] ; my_pll_inst|altpll_component|auto_generated|pll1|clk[0] ; my_pll_inst|altpll_component|auto_generated|pll1|clk[0] ; 20.000       ; 0.211      ; 7.530      ;
; 12.668 ; g_sos3_lowpass:lowpass_inst|x_register[12]  ; g_sos3_lowpass:lowpass_inst|y_register[15] ; my_pll_inst|altpll_component|auto_generated|pll1|clk[0] ; my_pll_inst|altpll_component|auto_generated|pll1|clk[0] ; 20.000       ; 0.211      ; 7.530      ;
; 12.668 ; g_sos3_lowpass:lowpass_inst|x_register[13]  ; g_sos3_lowpass:lowpass_inst|y_register[15] ; my_pll_inst|altpll_component|auto_generated|pll1|clk[0] ; my_pll_inst|altpll_component|auto_generated|pll1|clk[0] ; 20.000       ; 0.211      ; 7.530      ;
; 12.668 ; g_sos3_lowpass:lowpass_inst|x_register[14]  ; g_sos3_lowpass:lowpass_inst|y_register[15] ; my_pll_inst|altpll_component|auto_generated|pll1|clk[0] ; my_pll_inst|altpll_component|auto_generated|pll1|clk[0] ; 20.000       ; 0.211      ; 7.530      ;
; 12.668 ; g_sos3_lowpass:lowpass_inst|x_register[15]  ; g_sos3_lowpass:lowpass_inst|y_register[15] ; my_pll_inst|altpll_component|auto_generated|pll1|clk[0] ; my_pll_inst|altpll_component|auto_generated|pll1|clk[0] ; 20.000       ; 0.211      ; 7.530      ;
; 12.668 ; g_sos3_lowpass:lowpass_inst|x_register[16]  ; g_sos3_lowpass:lowpass_inst|y_register[15] ; my_pll_inst|altpll_component|auto_generated|pll1|clk[0] ; my_pll_inst|altpll_component|auto_generated|pll1|clk[0] ; 20.000       ; 0.211      ; 7.530      ;
; 12.668 ; g_sos3_lowpass:lowpass_inst|x_register[17]  ; g_sos3_lowpass:lowpass_inst|y_register[15] ; my_pll_inst|altpll_component|auto_generated|pll1|clk[0] ; my_pll_inst|altpll_component|auto_generated|pll1|clk[0] ; 20.000       ; 0.211      ; 7.530      ;
; 12.669 ; g_sos3_lowpass:lowpass_inst|x_register[0]   ; g_sos3_lowpass:lowpass_inst|y_register[11] ; my_pll_inst|altpll_component|auto_generated|pll1|clk[0] ; my_pll_inst|altpll_component|auto_generated|pll1|clk[0] ; 20.000       ; 0.212      ; 7.530      ;
; 12.669 ; g_sos3_lowpass:lowpass_inst|x_register[1]   ; g_sos3_lowpass:lowpass_inst|y_register[11] ; my_pll_inst|altpll_component|auto_generated|pll1|clk[0] ; my_pll_inst|altpll_component|auto_generated|pll1|clk[0] ; 20.000       ; 0.212      ; 7.530      ;
; 12.669 ; g_sos3_lowpass:lowpass_inst|x_register[2]   ; g_sos3_lowpass:lowpass_inst|y_register[11] ; my_pll_inst|altpll_component|auto_generated|pll1|clk[0] ; my_pll_inst|altpll_component|auto_generated|pll1|clk[0] ; 20.000       ; 0.212      ; 7.530      ;
; 12.669 ; g_sos3_lowpass:lowpass_inst|x_register[3]   ; g_sos3_lowpass:lowpass_inst|y_register[11] ; my_pll_inst|altpll_component|auto_generated|pll1|clk[0] ; my_pll_inst|altpll_component|auto_generated|pll1|clk[0] ; 20.000       ; 0.212      ; 7.530      ;
; 12.669 ; g_sos3_lowpass:lowpass_inst|x_register[4]   ; g_sos3_lowpass:lowpass_inst|y_register[11] ; my_pll_inst|altpll_component|auto_generated|pll1|clk[0] ; my_pll_inst|altpll_component|auto_generated|pll1|clk[0] ; 20.000       ; 0.212      ; 7.530      ;
; 12.669 ; g_sos3_lowpass:lowpass_inst|x_register[5]   ; g_sos3_lowpass:lowpass_inst|y_register[11] ; my_pll_inst|altpll_component|auto_generated|pll1|clk[0] ; my_pll_inst|altpll_component|auto_generated|pll1|clk[0] ; 20.000       ; 0.212      ; 7.530      ;
; 12.669 ; g_sos3_lowpass:lowpass_inst|x_register[6]   ; g_sos3_lowpass:lowpass_inst|y_register[11] ; my_pll_inst|altpll_component|auto_generated|pll1|clk[0] ; my_pll_inst|altpll_component|auto_generated|pll1|clk[0] ; 20.000       ; 0.212      ; 7.530      ;
; 12.669 ; g_sos3_lowpass:lowpass_inst|x_register[7]   ; g_sos3_lowpass:lowpass_inst|y_register[11] ; my_pll_inst|altpll_component|auto_generated|pll1|clk[0] ; my_pll_inst|altpll_component|auto_generated|pll1|clk[0] ; 20.000       ; 0.212      ; 7.530      ;
; 12.669 ; g_sos3_lowpass:lowpass_inst|x_register[8]   ; g_sos3_lowpass:lowpass_inst|y_register[11] ; my_pll_inst|altpll_component|auto_generated|pll1|clk[0] ; my_pll_inst|altpll_component|auto_generated|pll1|clk[0] ; 20.000       ; 0.212      ; 7.530      ;
; 12.669 ; g_sos3_lowpass:lowpass_inst|x_register[9]   ; g_sos3_lowpass:lowpass_inst|y_register[11] ; my_pll_inst|altpll_component|auto_generated|pll1|clk[0] ; my_pll_inst|altpll_component|auto_generated|pll1|clk[0] ; 20.000       ; 0.212      ; 7.530      ;
; 12.669 ; g_sos3_lowpass:lowpass_inst|x_register[10]  ; g_sos3_lowpass:lowpass_inst|y_register[11] ; my_pll_inst|altpll_component|auto_generated|pll1|clk[0] ; my_pll_inst|altpll_component|auto_generated|pll1|clk[0] ; 20.000       ; 0.212      ; 7.530      ;
; 12.669 ; g_sos3_lowpass:lowpass_inst|x_register[11]  ; g_sos3_lowpass:lowpass_inst|y_register[11] ; my_pll_inst|altpll_component|auto_generated|pll1|clk[0] ; my_pll_inst|altpll_component|auto_generated|pll1|clk[0] ; 20.000       ; 0.212      ; 7.530      ;
; 12.669 ; g_sos3_lowpass:lowpass_inst|x_register[12]  ; g_sos3_lowpass:lowpass_inst|y_register[11] ; my_pll_inst|altpll_component|auto_generated|pll1|clk[0] ; my_pll_inst|altpll_component|auto_generated|pll1|clk[0] ; 20.000       ; 0.212      ; 7.530      ;
; 12.669 ; g_sos3_lowpass:lowpass_inst|x_register[13]  ; g_sos3_lowpass:lowpass_inst|y_register[11] ; my_pll_inst|altpll_component|auto_generated|pll1|clk[0] ; my_pll_inst|altpll_component|auto_generated|pll1|clk[0] ; 20.000       ; 0.212      ; 7.530      ;
; 12.669 ; g_sos3_lowpass:lowpass_inst|x_register[14]  ; g_sos3_lowpass:lowpass_inst|y_register[11] ; my_pll_inst|altpll_component|auto_generated|pll1|clk[0] ; my_pll_inst|altpll_component|auto_generated|pll1|clk[0] ; 20.000       ; 0.212      ; 7.530      ;
; 12.669 ; g_sos3_lowpass:lowpass_inst|x_register[15]  ; g_sos3_lowpass:lowpass_inst|y_register[11] ; my_pll_inst|altpll_component|auto_generated|pll1|clk[0] ; my_pll_inst|altpll_component|auto_generated|pll1|clk[0] ; 20.000       ; 0.212      ; 7.530      ;
; 12.669 ; g_sos3_lowpass:lowpass_inst|x_register[16]  ; g_sos3_lowpass:lowpass_inst|y_register[11] ; my_pll_inst|altpll_component|auto_generated|pll1|clk[0] ; my_pll_inst|altpll_component|auto_generated|pll1|clk[0] ; 20.000       ; 0.212      ; 7.530      ;
; 12.669 ; g_sos3_lowpass:lowpass_inst|x_register[17]  ; g_sos3_lowpass:lowpass_inst|y_register[11] ; my_pll_inst|altpll_component|auto_generated|pll1|clk[0] ; my_pll_inst|altpll_component|auto_generated|pll1|clk[0] ; 20.000       ; 0.212      ; 7.530      ;
; 12.670 ; g_sos3_lowpass:lowpass_inst|x_register[0]   ; g_sos3_lowpass:lowpass_inst|y_register[9]  ; my_pll_inst|altpll_component|auto_generated|pll1|clk[0] ; my_pll_inst|altpll_component|auto_generated|pll1|clk[0] ; 20.000       ; 0.211      ; 7.528      ;
; 12.670 ; g_sos3_lowpass:lowpass_inst|x_register[0]   ; g_sos3_lowpass:lowpass_inst|y_register[8]  ; my_pll_inst|altpll_component|auto_generated|pll1|clk[0] ; my_pll_inst|altpll_component|auto_generated|pll1|clk[0] ; 20.000       ; 0.212      ; 7.529      ;
; 12.670 ; g_sos3_lowpass:lowpass_inst|x_register[0]   ; g_sos3_lowpass:lowpass_inst|y_register[4]  ; my_pll_inst|altpll_component|auto_generated|pll1|clk[0] ; my_pll_inst|altpll_component|auto_generated|pll1|clk[0] ; 20.000       ; 0.212      ; 7.529      ;
; 12.670 ; g_sos3_lowpass:lowpass_inst|x_register[1]   ; g_sos3_lowpass:lowpass_inst|y_register[9]  ; my_pll_inst|altpll_component|auto_generated|pll1|clk[0] ; my_pll_inst|altpll_component|auto_generated|pll1|clk[0] ; 20.000       ; 0.211      ; 7.528      ;
; 12.670 ; g_sos3_lowpass:lowpass_inst|x_register[2]   ; g_sos3_lowpass:lowpass_inst|y_register[9]  ; my_pll_inst|altpll_component|auto_generated|pll1|clk[0] ; my_pll_inst|altpll_component|auto_generated|pll1|clk[0] ; 20.000       ; 0.211      ; 7.528      ;
; 12.670 ; g_sos3_lowpass:lowpass_inst|x_register[3]   ; g_sos3_lowpass:lowpass_inst|y_register[9]  ; my_pll_inst|altpll_component|auto_generated|pll1|clk[0] ; my_pll_inst|altpll_component|auto_generated|pll1|clk[0] ; 20.000       ; 0.211      ; 7.528      ;
; 12.670 ; g_sos3_lowpass:lowpass_inst|x_register[4]   ; g_sos3_lowpass:lowpass_inst|y_register[9]  ; my_pll_inst|altpll_component|auto_generated|pll1|clk[0] ; my_pll_inst|altpll_component|auto_generated|pll1|clk[0] ; 20.000       ; 0.211      ; 7.528      ;
; 12.670 ; g_sos3_lowpass:lowpass_inst|x_register[5]   ; g_sos3_lowpass:lowpass_inst|y_register[9]  ; my_pll_inst|altpll_component|auto_generated|pll1|clk[0] ; my_pll_inst|altpll_component|auto_generated|pll1|clk[0] ; 20.000       ; 0.211      ; 7.528      ;
; 12.670 ; g_sos3_lowpass:lowpass_inst|x_register[6]   ; g_sos3_lowpass:lowpass_inst|y_register[9]  ; my_pll_inst|altpll_component|auto_generated|pll1|clk[0] ; my_pll_inst|altpll_component|auto_generated|pll1|clk[0] ; 20.000       ; 0.211      ; 7.528      ;
; 12.670 ; g_sos3_lowpass:lowpass_inst|x_register[7]   ; g_sos3_lowpass:lowpass_inst|y_register[9]  ; my_pll_inst|altpll_component|auto_generated|pll1|clk[0] ; my_pll_inst|altpll_component|auto_generated|pll1|clk[0] ; 20.000       ; 0.211      ; 7.528      ;
; 12.670 ; g_sos3_lowpass:lowpass_inst|x_register[8]   ; g_sos3_lowpass:lowpass_inst|y_register[9]  ; my_pll_inst|altpll_component|auto_generated|pll1|clk[0] ; my_pll_inst|altpll_component|auto_generated|pll1|clk[0] ; 20.000       ; 0.211      ; 7.528      ;
; 12.670 ; g_sos3_lowpass:lowpass_inst|x_register[9]   ; g_sos3_lowpass:lowpass_inst|y_register[9]  ; my_pll_inst|altpll_component|auto_generated|pll1|clk[0] ; my_pll_inst|altpll_component|auto_generated|pll1|clk[0] ; 20.000       ; 0.211      ; 7.528      ;
; 12.670 ; g_sos3_lowpass:lowpass_inst|x_register[10]  ; g_sos3_lowpass:lowpass_inst|y_register[9]  ; my_pll_inst|altpll_component|auto_generated|pll1|clk[0] ; my_pll_inst|altpll_component|auto_generated|pll1|clk[0] ; 20.000       ; 0.211      ; 7.528      ;
; 12.670 ; g_sos3_lowpass:lowpass_inst|x_register[11]  ; g_sos3_lowpass:lowpass_inst|y_register[9]  ; my_pll_inst|altpll_component|auto_generated|pll1|clk[0] ; my_pll_inst|altpll_component|auto_generated|pll1|clk[0] ; 20.000       ; 0.211      ; 7.528      ;
+--------+---------------------------------------------+--------------------------------------------+---------------------------------------------------------+---------------------------------------------------------+--------------+------------+------------+


+--------------------------------------------------------------------------------------------------------------------------------------------------------------------------------------------------------+
; Fast 1200mV 0C Model Setup: 'sys_clk'                                                                                                                                                                  ;
+--------+--------------------------------------------------------------------------------------+----------------------------------+--------------+-------------+--------------+------------+------------+
; Slack  ; From Node                                                                            ; To Node                          ; Launch Clock ; Latch Clock ; Relationship ; Clock Skew ; Data Delay ;
+--------+--------------------------------------------------------------------------------------+----------------------------------+--------------+-------------+--------------+------------+------------+
; 16.647 ; g_spi_slave:spi_inst|rx_word[26]                                                     ; capture_busy_sys                 ; sys_clk      ; sys_clk     ; 20.000       ; -0.037     ; 3.303      ;
; 16.647 ; g_spi_slave:spi_inst|rx_word[26]                                                     ; capture_done_sys                 ; sys_clk      ; sys_clk     ; 20.000       ; -0.037     ; 3.303      ;
; 16.691 ; RAM:ram_bank0|altsyncram:altsyncram_component|altsyncram_vkm1:auto_generated|q_b[0]  ; spi_tx_word[0]                   ; sys_clk      ; sys_clk     ; 20.000       ; -0.168     ; 3.128      ;
; 16.718 ; g_spi_slave:spi_inst|rx_word[31]                                                     ; capture_busy_sys                 ; sys_clk      ; sys_clk     ; 20.000       ; -0.044     ; 3.225      ;
; 16.718 ; g_spi_slave:spi_inst|rx_word[31]                                                     ; capture_done_sys                 ; sys_clk      ; sys_clk     ; 20.000       ; -0.044     ; 3.225      ;
; 16.721 ; g_spi_slave:spi_inst|rx_word[27]                                                     ; capture_busy_sys                 ; sys_clk      ; sys_clk     ; 20.000       ; -0.044     ; 3.222      ;
; 16.721 ; g_spi_slave:spi_inst|rx_word[27]                                                     ; capture_done_sys                 ; sys_clk      ; sys_clk     ; 20.000       ; -0.044     ; 3.222      ;
; 16.800 ; RAM2:ram_bank1|altsyncram:altsyncram_component|altsyncram_vkm1:auto_generated|q_b[0] ; spi_tx_word[0]                   ; sys_clk      ; sys_clk     ; 20.000       ; -0.168     ; 3.019      ;
; 16.868 ; g_spi_slave:spi_inst|rx_word[30]                                                     ; capture_busy_sys                 ; sys_clk      ; sys_clk     ; 20.000       ; -0.044     ; 3.075      ;
; 16.868 ; g_spi_slave:spi_inst|rx_word[30]                                                     ; capture_done_sys                 ; sys_clk      ; sys_clk     ; 20.000       ; -0.044     ; 3.075      ;
; 16.999 ; g_spi_slave:spi_inst|rx_word[29]                                                     ; capture_busy_sys                 ; sys_clk      ; sys_clk     ; 20.000       ; -0.045     ; 2.943      ;
; 16.999 ; g_spi_slave:spi_inst|rx_word[29]                                                     ; capture_done_sys                 ; sys_clk      ; sys_clk     ; 20.000       ; -0.045     ; 2.943      ;
; 17.051 ; g_spi_slave:spi_inst|rx_word[26]                                                     ; spi_tx_word[26]                  ; sys_clk      ; sys_clk     ; 20.000       ; -0.050     ; 2.886      ;
; 17.051 ; g_spi_slave:spi_inst|rx_word[26]                                                     ; spi_tx_word[17]                  ; sys_clk      ; sys_clk     ; 20.000       ; -0.050     ; 2.886      ;
; 17.051 ; g_spi_slave:spi_inst|rx_word[26]                                                     ; spi_tx_word[18]                  ; sys_clk      ; sys_clk     ; 20.000       ; -0.050     ; 2.886      ;
; 17.051 ; g_spi_slave:spi_inst|rx_word[26]                                                     ; spi_tx_word[19]                  ; sys_clk      ; sys_clk     ; 20.000       ; -0.050     ; 2.886      ;
; 17.076 ; g_spi_slave:spi_inst|rx_word[26]                                                     ; spi_tx_word[5]                   ; sys_clk      ; sys_clk     ; 20.000       ; -0.038     ; 2.873      ;
; 17.090 ; g_spi_slave:spi_inst|rx_word[26]                                                     ; spi_tx_word[15]                  ; sys_clk      ; sys_clk     ; 20.000       ; -0.049     ; 2.848      ;
; 17.090 ; g_spi_slave:spi_inst|rx_word[26]                                                     ; spi_tx_word[3]                   ; sys_clk      ; sys_clk     ; 20.000       ; -0.049     ; 2.848      ;
; 17.090 ; g_spi_slave:spi_inst|rx_word[26]                                                     ; spi_tx_word[11]                  ; sys_clk      ; sys_clk     ; 20.000       ; -0.049     ; 2.848      ;
; 17.090 ; g_spi_slave:spi_inst|rx_word[26]                                                     ; spi_tx_word[14]                  ; sys_clk      ; sys_clk     ; 20.000       ; -0.049     ; 2.848      ;
; 17.147 ; g_spi_slave:spi_inst|rx_word[31]                                                     ; spi_tx_word[26]                  ; sys_clk      ; sys_clk     ; 20.000       ; -0.057     ; 2.783      ;
; 17.147 ; g_spi_slave:spi_inst|rx_word[31]                                                     ; spi_tx_word[17]                  ; sys_clk      ; sys_clk     ; 20.000       ; -0.057     ; 2.783      ;
; 17.147 ; g_spi_slave:spi_inst|rx_word[31]                                                     ; spi_tx_word[18]                  ; sys_clk      ; sys_clk     ; 20.000       ; -0.057     ; 2.783      ;
; 17.147 ; g_spi_slave:spi_inst|rx_word[31]                                                     ; spi_tx_word[19]                  ; sys_clk      ; sys_clk     ; 20.000       ; -0.057     ; 2.783      ;
; 17.149 ; g_spi_slave:spi_inst|rx_word[26]                                                     ; spi_tx_word[9]                   ; sys_clk      ; sys_clk     ; 20.000       ; -0.039     ; 2.799      ;
; 17.154 ; g_spi_slave:spi_inst|rx_word[27]                                                     ; spi_tx_word[26]                  ; sys_clk      ; sys_clk     ; 20.000       ; -0.057     ; 2.776      ;
; 17.154 ; g_spi_slave:spi_inst|rx_word[27]                                                     ; spi_tx_word[17]                  ; sys_clk      ; sys_clk     ; 20.000       ; -0.057     ; 2.776      ;
; 17.154 ; g_spi_slave:spi_inst|rx_word[27]                                                     ; spi_tx_word[18]                  ; sys_clk      ; sys_clk     ; 20.000       ; -0.057     ; 2.776      ;
; 17.154 ; g_spi_slave:spi_inst|rx_word[27]                                                     ; spi_tx_word[19]                  ; sys_clk      ; sys_clk     ; 20.000       ; -0.057     ; 2.776      ;
; 17.172 ; g_spi_slave:spi_inst|rx_word[31]                                                     ; spi_tx_word[5]                   ; sys_clk      ; sys_clk     ; 20.000       ; -0.045     ; 2.770      ;
; 17.177 ; g_spi_slave:spi_inst|rx_word[26]                                                     ; spi_tx_word[6]                   ; sys_clk      ; sys_clk     ; 20.000       ; -0.038     ; 2.772      ;
; 17.177 ; g_spi_slave:spi_inst|rx_word[26]                                                     ; spi_tx_word[7]                   ; sys_clk      ; sys_clk     ; 20.000       ; -0.038     ; 2.772      ;
; 17.177 ; g_spi_slave:spi_inst|rx_word[26]                                                     ; spi_tx_word[10]                  ; sys_clk      ; sys_clk     ; 20.000       ; -0.038     ; 2.772      ;
; 17.178 ; g_spi_slave:spi_inst|rx_word[26]                                                     ; start_toggle_sys                 ; sys_clk      ; sys_clk     ; 20.000       ; -0.046     ; 2.763      ;
; 17.179 ; g_spi_slave:spi_inst|rx_word[27]                                                     ; spi_tx_word[5]                   ; sys_clk      ; sys_clk     ; 20.000       ; -0.045     ; 2.763      ;
; 17.186 ; g_spi_slave:spi_inst|rx_word[31]                                                     ; spi_tx_word[15]                  ; sys_clk      ; sys_clk     ; 20.000       ; -0.056     ; 2.745      ;
; 17.186 ; g_spi_slave:spi_inst|rx_word[31]                                                     ; spi_tx_word[3]                   ; sys_clk      ; sys_clk     ; 20.000       ; -0.056     ; 2.745      ;
; 17.186 ; g_spi_slave:spi_inst|rx_word[31]                                                     ; spi_tx_word[11]                  ; sys_clk      ; sys_clk     ; 20.000       ; -0.056     ; 2.745      ;
; 17.186 ; g_spi_slave:spi_inst|rx_word[31]                                                     ; spi_tx_word[14]                  ; sys_clk      ; sys_clk     ; 20.000       ; -0.056     ; 2.745      ;
; 17.193 ; g_spi_slave:spi_inst|rx_word[27]                                                     ; spi_tx_word[15]                  ; sys_clk      ; sys_clk     ; 20.000       ; -0.056     ; 2.738      ;
; 17.193 ; g_spi_slave:spi_inst|rx_word[27]                                                     ; spi_tx_word[3]                   ; sys_clk      ; sys_clk     ; 20.000       ; -0.056     ; 2.738      ;
; 17.193 ; g_spi_slave:spi_inst|rx_word[27]                                                     ; spi_tx_word[11]                  ; sys_clk      ; sys_clk     ; 20.000       ; -0.056     ; 2.738      ;
; 17.193 ; g_spi_slave:spi_inst|rx_word[27]                                                     ; spi_tx_word[14]                  ; sys_clk      ; sys_clk     ; 20.000       ; -0.056     ; 2.738      ;
; 17.231 ; g_spi_slave:spi_inst|rx_word[25]                                                     ; capture_busy_sys                 ; sys_clk      ; sys_clk     ; 20.000       ; -0.045     ; 2.711      ;
; 17.231 ; g_spi_slave:spi_inst|rx_word[25]                                                     ; capture_done_sys                 ; sys_clk      ; sys_clk     ; 20.000       ; -0.045     ; 2.711      ;
; 17.245 ; g_spi_slave:spi_inst|rx_word[31]                                                     ; spi_tx_word[9]                   ; sys_clk      ; sys_clk     ; 20.000       ; -0.046     ; 2.696      ;
; 17.249 ; g_spi_slave:spi_inst|rx_word[31]                                                     ; start_toggle_sys                 ; sys_clk      ; sys_clk     ; 20.000       ; -0.053     ; 2.685      ;
; 17.252 ; g_spi_slave:spi_inst|rx_word[27]                                                     ; spi_tx_word[9]                   ; sys_clk      ; sys_clk     ; 20.000       ; -0.046     ; 2.689      ;
; 17.252 ; g_spi_slave:spi_inst|rx_word[27]                                                     ; start_toggle_sys                 ; sys_clk      ; sys_clk     ; 20.000       ; -0.053     ; 2.682      ;
; 17.258 ; g_spi_slave:spi_inst|rx_word[26]                                                     ; spi_tx_word[31]                  ; sys_clk      ; sys_clk     ; 20.000       ; -0.038     ; 2.691      ;
; 17.258 ; g_spi_slave:spi_inst|rx_word[26]                                                     ; spi_tx_word[24]                  ; sys_clk      ; sys_clk     ; 20.000       ; -0.038     ; 2.691      ;
; 17.258 ; g_spi_slave:spi_inst|rx_word[26]                                                     ; spi_tx_word[20]                  ; sys_clk      ; sys_clk     ; 20.000       ; -0.038     ; 2.691      ;
; 17.258 ; g_spi_slave:spi_inst|rx_word[26]                                                     ; spi_tx_word[16]                  ; sys_clk      ; sys_clk     ; 20.000       ; -0.038     ; 2.691      ;
; 17.258 ; g_spi_slave:spi_inst|rx_word[26]                                                     ; spi_tx_word[23]                  ; sys_clk      ; sys_clk     ; 20.000       ; -0.038     ; 2.691      ;
; 17.258 ; g_spi_slave:spi_inst|rx_word[26]                                                     ; spi_tx_word[27]                  ; sys_clk      ; sys_clk     ; 20.000       ; -0.038     ; 2.691      ;
; 17.258 ; g_spi_slave:spi_inst|rx_word[26]                                                     ; spi_tx_word[29]                  ; sys_clk      ; sys_clk     ; 20.000       ; -0.038     ; 2.691      ;
; 17.258 ; g_spi_slave:spi_inst|rx_word[26]                                                     ; spi_tx_word[30]                  ; sys_clk      ; sys_clk     ; 20.000       ; -0.038     ; 2.691      ;
; 17.269 ; g_spi_slave:spi_inst|rx_word[24]                                                     ; spi_tx_word[26]                  ; sys_clk      ; sys_clk     ; 20.000       ; -0.050     ; 2.668      ;
; 17.269 ; g_spi_slave:spi_inst|rx_word[24]                                                     ; spi_tx_word[17]                  ; sys_clk      ; sys_clk     ; 20.000       ; -0.050     ; 2.668      ;
; 17.269 ; g_spi_slave:spi_inst|rx_word[24]                                                     ; spi_tx_word[18]                  ; sys_clk      ; sys_clk     ; 20.000       ; -0.050     ; 2.668      ;
; 17.269 ; g_spi_slave:spi_inst|rx_word[24]                                                     ; spi_tx_word[19]                  ; sys_clk      ; sys_clk     ; 20.000       ; -0.050     ; 2.668      ;
; 17.271 ; g_spi_slave:spi_inst|rx_word[26]                                                     ; spi_tx_word[8]                   ; sys_clk      ; sys_clk     ; 20.000       ; -0.039     ; 2.677      ;
; 17.273 ; g_spi_slave:spi_inst|rx_word[31]                                                     ; spi_tx_word[6]                   ; sys_clk      ; sys_clk     ; 20.000       ; -0.045     ; 2.669      ;
; 17.273 ; g_spi_slave:spi_inst|rx_word[31]                                                     ; spi_tx_word[7]                   ; sys_clk      ; sys_clk     ; 20.000       ; -0.045     ; 2.669      ;
; 17.273 ; g_spi_slave:spi_inst|rx_word[31]                                                     ; spi_tx_word[10]                  ; sys_clk      ; sys_clk     ; 20.000       ; -0.045     ; 2.669      ;
; 17.280 ; g_spi_slave:spi_inst|rx_word[27]                                                     ; spi_tx_word[6]                   ; sys_clk      ; sys_clk     ; 20.000       ; -0.045     ; 2.662      ;
; 17.280 ; g_spi_slave:spi_inst|rx_word[27]                                                     ; spi_tx_word[7]                   ; sys_clk      ; sys_clk     ; 20.000       ; -0.045     ; 2.662      ;
; 17.280 ; g_spi_slave:spi_inst|rx_word[27]                                                     ; spi_tx_word[10]                  ; sys_clk      ; sys_clk     ; 20.000       ; -0.045     ; 2.662      ;
; 17.283 ; g_spi_slave:spi_inst|rx_word[26]                                                     ; spi_tx_word[4]                   ; sys_clk      ; sys_clk     ; 20.000       ; -0.029     ; 2.675      ;
; 17.283 ; g_spi_slave:spi_inst|rx_word[26]                                                     ; spi_tx_word[12]                  ; sys_clk      ; sys_clk     ; 20.000       ; -0.029     ; 2.675      ;
; 17.283 ; g_spi_slave:spi_inst|rx_word[26]                                                     ; spi_tx_word[28]                  ; sys_clk      ; sys_clk     ; 20.000       ; -0.029     ; 2.675      ;
; 17.283 ; g_spi_slave:spi_inst|rx_word[26]                                                     ; spi_tx_word[25]                  ; sys_clk      ; sys_clk     ; 20.000       ; -0.029     ; 2.675      ;
; 17.283 ; g_spi_slave:spi_inst|rx_word[26]                                                     ; spi_tx_word[22]                  ; sys_clk      ; sys_clk     ; 20.000       ; -0.029     ; 2.675      ;
; 17.294 ; g_spi_slave:spi_inst|rx_word[24]                                                     ; spi_tx_word[5]                   ; sys_clk      ; sys_clk     ; 20.000       ; -0.038     ; 2.655      ;
; 17.299 ; g_spi_slave:spi_inst|rx_word[28]                                                     ; capture_busy_sys                 ; sys_clk      ; sys_clk     ; 20.000       ; -0.045     ; 2.643      ;
; 17.299 ; g_spi_slave:spi_inst|rx_word[28]                                                     ; capture_done_sys                 ; sys_clk      ; sys_clk     ; 20.000       ; -0.045     ; 2.643      ;
; 17.308 ; g_spi_slave:spi_inst|rx_word[24]                                                     ; spi_tx_word[15]                  ; sys_clk      ; sys_clk     ; 20.000       ; -0.049     ; 2.630      ;
; 17.308 ; g_spi_slave:spi_inst|rx_word[24]                                                     ; spi_tx_word[3]                   ; sys_clk      ; sys_clk     ; 20.000       ; -0.049     ; 2.630      ;
; 17.308 ; g_spi_slave:spi_inst|rx_word[24]                                                     ; spi_tx_word[11]                  ; sys_clk      ; sys_clk     ; 20.000       ; -0.049     ; 2.630      ;
; 17.308 ; g_spi_slave:spi_inst|rx_word[24]                                                     ; spi_tx_word[14]                  ; sys_clk      ; sys_clk     ; 20.000       ; -0.049     ; 2.630      ;
; 17.313 ; g_spi_slave:spi_inst|rx_word[30]                                                     ; spi_tx_word[19]                  ; sys_clk      ; sys_clk     ; 20.000       ; -0.057     ; 2.617      ;
; 17.315 ; g_spi_slave:spi_inst|rx_word[30]                                                     ; spi_tx_word[18]                  ; sys_clk      ; sys_clk     ; 20.000       ; -0.057     ; 2.615      ;
; 17.317 ; g_spi_slave:spi_inst|rx_valid                                                        ; capture_busy_sys                 ; sys_clk      ; sys_clk     ; 20.000       ; -0.046     ; 2.624      ;
; 17.317 ; g_spi_slave:spi_inst|rx_valid                                                        ; capture_done_sys                 ; sys_clk      ; sys_clk     ; 20.000       ; -0.046     ; 2.624      ;
; 17.328 ; g_spi_slave:spi_inst|cs_sync[2]                                                      ; g_spi_slave:spi_inst|rx_word[31] ; sys_clk      ; sys_clk     ; 20.000       ; -0.038     ; 2.621      ;
; 17.328 ; g_spi_slave:spi_inst|cs_sync[2]                                                      ; g_spi_slave:spi_inst|rx_word[30] ; sys_clk      ; sys_clk     ; 20.000       ; -0.038     ; 2.621      ;
; 17.328 ; g_spi_slave:spi_inst|cs_sync[2]                                                      ; g_spi_slave:spi_inst|rx_word[27] ; sys_clk      ; sys_clk     ; 20.000       ; -0.038     ; 2.621      ;
; 17.354 ; g_spi_slave:spi_inst|rx_word[31]                                                     ; spi_tx_word[31]                  ; sys_clk      ; sys_clk     ; 20.000       ; -0.045     ; 2.588      ;
; 17.354 ; g_spi_slave:spi_inst|rx_word[31]                                                     ; spi_tx_word[24]                  ; sys_clk      ; sys_clk     ; 20.000       ; -0.045     ; 2.588      ;
; 17.354 ; g_spi_slave:spi_inst|rx_word[31]                                                     ; spi_tx_word[20]                  ; sys_clk      ; sys_clk     ; 20.000       ; -0.045     ; 2.588      ;
; 17.354 ; g_spi_slave:spi_inst|rx_word[31]                                                     ; spi_tx_word[16]                  ; sys_clk      ; sys_clk     ; 20.000       ; -0.045     ; 2.588      ;
; 17.354 ; g_spi_slave:spi_inst|rx_word[31]                                                     ; spi_tx_word[23]                  ; sys_clk      ; sys_clk     ; 20.000       ; -0.045     ; 2.588      ;
; 17.354 ; g_spi_slave:spi_inst|rx_word[31]                                                     ; spi_tx_word[27]                  ; sys_clk      ; sys_clk     ; 20.000       ; -0.045     ; 2.588      ;
; 17.354 ; g_spi_slave:spi_inst|rx_word[31]                                                     ; spi_tx_word[29]                  ; sys_clk      ; sys_clk     ; 20.000       ; -0.045     ; 2.588      ;
; 17.354 ; g_spi_slave:spi_inst|rx_word[31]                                                     ; spi_tx_word[30]                  ; sys_clk      ; sys_clk     ; 20.000       ; -0.045     ; 2.588      ;
; 17.361 ; g_spi_slave:spi_inst|rx_word[27]                                                     ; spi_tx_word[31]                  ; sys_clk      ; sys_clk     ; 20.000       ; -0.045     ; 2.581      ;
; 17.361 ; g_spi_slave:spi_inst|rx_word[27]                                                     ; spi_tx_word[24]                  ; sys_clk      ; sys_clk     ; 20.000       ; -0.045     ; 2.581      ;
; 17.361 ; g_spi_slave:spi_inst|rx_word[27]                                                     ; spi_tx_word[20]                  ; sys_clk      ; sys_clk     ; 20.000       ; -0.045     ; 2.581      ;
; 17.361 ; g_spi_slave:spi_inst|rx_word[27]                                                     ; spi_tx_word[16]                  ; sys_clk      ; sys_clk     ; 20.000       ; -0.045     ; 2.581      ;
+--------+--------------------------------------------------------------------------------------+----------------------------------+--------------+-------------+--------------+------------+------------+


+----------------------------------------------------------------------------------------------------------------------------------------------------------------------------------------------------------------------------------------------------------------------------------------------------------------------------------+
; Fast 1200mV 0C Model Hold: 'my_pll_inst|altpll_component|auto_generated|pll1|clk[0]'                                                                                                                                                                                                                                             ;
+-------+--------------------------------------------+----------------------------------------------------------------------------------------------------------------+---------------------------------------------------------+---------------------------------------------------------+--------------+------------+------------+
; Slack ; From Node                                  ; To Node                                                                                                        ; Launch Clock                                            ; Latch Clock                                             ; Relationship ; Clock Skew ; Data Delay ;
+-------+--------------------------------------------+----------------------------------------------------------------------------------------------------------------+---------------------------------------------------------+---------------------------------------------------------+--------------+------------+------------+
; 0.112 ; capture_addr_adc[0]                        ; RAM2:ram_bank1|altsyncram:altsyncram_component|altsyncram_vkm1:auto_generated|ram_block1a12~porta_address_reg0 ; my_pll_inst|altpll_component|auto_generated|pll1|clk[0] ; my_pll_inst|altpll_component|auto_generated|pll1|clk[0] ; 0.000        ; 0.226      ; 0.442      ;
; 0.187 ; done_toggle_adc                            ; done_toggle_adc                                                                                                ; my_pll_inst|altpll_component|auto_generated|pll1|clk[0] ; my_pll_inst|altpll_component|auto_generated|pll1|clk[0] ; 0.000        ; 0.036      ; 0.307      ;
; 0.187 ; capture_active_adc                         ; capture_active_adc                                                                                             ; my_pll_inst|altpll_component|auto_generated|pll1|clk[0] ; my_pll_inst|altpll_component|auto_generated|pll1|clk[0] ; 0.000        ; 0.036      ; 0.307      ;
; 0.187 ; analysis_decim_count[1]                    ; analysis_decim_count[1]                                                                                        ; my_pll_inst|altpll_component|auto_generated|pll1|clk[0] ; my_pll_inst|altpll_component|auto_generated|pll1|clk[0] ; 0.000        ; 0.036      ; 0.307      ;
; 0.187 ; g_sos3_lowpass:lowpass_inst|state[2]       ; g_sos3_lowpass:lowpass_inst|state[2]                                                                           ; my_pll_inst|altpll_component|auto_generated|pll1|clk[0] ; my_pll_inst|altpll_component|auto_generated|pll1|clk[0] ; 0.000        ; 0.036      ; 0.307      ;
; 0.187 ; g_sos3_lowpass:lowpass_inst|state[1]       ; g_sos3_lowpass:lowpass_inst|state[1]                                                                           ; my_pll_inst|altpll_component|auto_generated|pll1|clk[0] ; my_pll_inst|altpll_component|auto_generated|pll1|clk[0] ; 0.000        ; 0.036      ; 0.307      ;
; 0.187 ; g_cic3_decimator:cic_inst|dec_count[3]     ; g_cic3_decimator:cic_inst|dec_count[3]                                                                         ; my_pll_inst|altpll_component|auto_generated|pll1|clk[0] ; my_pll_inst|altpll_component|auto_generated|pll1|clk[0] ; 0.000        ; 0.036      ; 0.307      ;
; 0.187 ; g_cic3_decimator:cic_inst|dec_count[1]     ; g_cic3_decimator:cic_inst|dec_count[1]                                                                         ; my_pll_inst|altpll_component|auto_generated|pll1|clk[0] ; my_pll_inst|altpll_component|auto_generated|pll1|clk[0] ; 0.000        ; 0.036      ; 0.307      ;
; 0.187 ; g_cic3_decimator:cic_inst|dec_count[2]     ; g_cic3_decimator:cic_inst|dec_count[2]                                                                         ; my_pll_inst|altpll_component|auto_generated|pll1|clk[0] ; my_pll_inst|altpll_component|auto_generated|pll1|clk[0] ; 0.000        ; 0.036      ; 0.307      ;
; 0.193 ; g_sos3_lowpass:lowpass_inst|d1_0[37]       ; g_sos3_lowpass:lowpass_inst|d1_register[37]                                                                    ; my_pll_inst|altpll_component|auto_generated|pll1|clk[0] ; my_pll_inst|altpll_component|auto_generated|pll1|clk[0] ; 0.000        ; 0.037      ; 0.314      ;
; 0.194 ; analysis_decim_count[0]                    ; analysis_decim_count[0]                                                                                        ; my_pll_inst|altpll_component|auto_generated|pll1|clk[0] ; my_pll_inst|altpll_component|auto_generated|pll1|clk[0] ; 0.000        ; 0.036      ; 0.314      ;
; 0.194 ; g_sos3_lowpass:lowpass_inst|d1_0[11]       ; g_sos3_lowpass:lowpass_inst|d1_register[11]                                                                    ; my_pll_inst|altpll_component|auto_generated|pll1|clk[0] ; my_pll_inst|altpll_component|auto_generated|pll1|clk[0] ; 0.000        ; 0.036      ; 0.314      ;
; 0.194 ; g_sos3_lowpass:lowpass_inst|d1_0[10]       ; g_sos3_lowpass:lowpass_inst|d1_register[10]                                                                    ; my_pll_inst|altpll_component|auto_generated|pll1|clk[0] ; my_pll_inst|altpll_component|auto_generated|pll1|clk[0] ; 0.000        ; 0.036      ; 0.314      ;
; 0.194 ; g_sos3_lowpass:lowpass_inst|d1_0[9]        ; g_sos3_lowpass:lowpass_inst|d1_register[9]                                                                     ; my_pll_inst|altpll_component|auto_generated|pll1|clk[0] ; my_pll_inst|altpll_component|auto_generated|pll1|clk[0] ; 0.000        ; 0.036      ; 0.314      ;
; 0.194 ; g_sos3_lowpass:lowpass_inst|d2_0[12]       ; g_sos3_lowpass:lowpass_inst|d2_register[12]                                                                    ; my_pll_inst|altpll_component|auto_generated|pll1|clk[0] ; my_pll_inst|altpll_component|auto_generated|pll1|clk[0] ; 0.000        ; 0.036      ; 0.314      ;
; 0.194 ; g_sos3_lowpass:lowpass_inst|state[0]       ; g_sos3_lowpass:lowpass_inst|state[0]                                                                           ; my_pll_inst|altpll_component|auto_generated|pll1|clk[0] ; my_pll_inst|altpll_component|auto_generated|pll1|clk[0] ; 0.000        ; 0.036      ; 0.314      ;
; 0.194 ; g_cic3_decimator:cic_inst|dec_count[0]     ; g_cic3_decimator:cic_inst|dec_count[0]                                                                         ; my_pll_inst|altpll_component|auto_generated|pll1|clk[0] ; my_pll_inst|altpll_component|auto_generated|pll1|clk[0] ; 0.000        ; 0.036      ; 0.314      ;
; 0.195 ; start_toggle_adc_meta                      ; start_toggle_adc                                                                                               ; my_pll_inst|altpll_component|auto_generated|pll1|clk[0] ; my_pll_inst|altpll_component|auto_generated|pll1|clk[0] ; 0.000        ; 0.036      ; 0.315      ;
; 0.195 ; g_sos3_lowpass:lowpass_inst|d2_0[10]       ; g_sos3_lowpass:lowpass_inst|d2_register[10]                                                                    ; my_pll_inst|altpll_component|auto_generated|pll1|clk[0] ; my_pll_inst|altpll_component|auto_generated|pll1|clk[0] ; 0.000        ; 0.036      ; 0.315      ;
; 0.201 ; g_cic3_decimator:cic_inst|dec_count[1]     ; g_cic3_decimator:cic_inst|dec_count[3]                                                                         ; my_pll_inst|altpll_component|auto_generated|pll1|clk[0] ; my_pll_inst|altpll_component|auto_generated|pll1|clk[0] ; 0.000        ; 0.036      ; 0.321      ;
; 0.204 ; g_cic3_decimator:cic_inst|dec_count[1]     ; g_cic3_decimator:cic_inst|dec_count[2]                                                                         ; my_pll_inst|altpll_component|auto_generated|pll1|clk[0] ; my_pll_inst|altpll_component|auto_generated|pll1|clk[0] ; 0.000        ; 0.036      ; 0.324      ;
; 0.205 ; g_cic3_decimator:cic_inst|dec_count[1]     ; g_cic3_decimator:cic_inst|sample_valid                                                                         ; my_pll_inst|altpll_component|auto_generated|pll1|clk[0] ; my_pll_inst|altpll_component|auto_generated|pll1|clk[0] ; 0.000        ; 0.036      ; 0.325      ;
; 0.208 ; g_cic3_decimator:cic_inst|dec_count[0]     ; g_cic3_decimator:cic_inst|dec_count[1]                                                                         ; my_pll_inst|altpll_component|auto_generated|pll1|clk[0] ; my_pll_inst|altpll_component|auto_generated|pll1|clk[0] ; 0.000        ; 0.036      ; 0.328      ;
; 0.209 ; g_cic3_decimator:cic_inst|integrator3[22]  ; g_cic3_decimator:cic_inst|comb1_delay[22]                                                                      ; my_pll_inst|altpll_component|auto_generated|pll1|clk[0] ; my_pll_inst|altpll_component|auto_generated|pll1|clk[0] ; 0.000        ; 0.037      ; 0.330      ;
; 0.209 ; g_cic3_decimator:cic_inst|integrator3[21]  ; g_cic3_decimator:cic_inst|comb1_delay[21]                                                                      ; my_pll_inst|altpll_component|auto_generated|pll1|clk[0] ; my_pll_inst|altpll_component|auto_generated|pll1|clk[0] ; 0.000        ; 0.037      ; 0.330      ;
; 0.209 ; g_cic3_decimator:cic_inst|integrator3[2]   ; g_cic3_decimator:cic_inst|comb1_delay[2]                                                                       ; my_pll_inst|altpll_component|auto_generated|pll1|clk[0] ; my_pll_inst|altpll_component|auto_generated|pll1|clk[0] ; 0.000        ; 0.037      ; 0.330      ;
; 0.209 ; g_cic3_decimator:cic_inst|integrator3[1]   ; g_cic3_decimator:cic_inst|comb1_delay[1]                                                                       ; my_pll_inst|altpll_component|auto_generated|pll1|clk[0] ; my_pll_inst|altpll_component|auto_generated|pll1|clk[0] ; 0.000        ; 0.037      ; 0.330      ;
; 0.211 ; g_cic3_decimator:cic_inst|integrator3[18]  ; g_cic3_decimator:cic_inst|comb1_delay[18]                                                                      ; my_pll_inst|altpll_component|auto_generated|pll1|clk[0] ; my_pll_inst|altpll_component|auto_generated|pll1|clk[0] ; 0.000        ; 0.037      ; 0.332      ;
; 0.216 ; g_cic3_decimator:cic_inst|integrator3[20]  ; g_cic3_decimator:cic_inst|comb1_delay[20]                                                                      ; my_pll_inst|altpll_component|auto_generated|pll1|clk[0] ; my_pll_inst|altpll_component|auto_generated|pll1|clk[0] ; 0.000        ; 0.037      ; 0.337      ;
; 0.217 ; start_toggle_adc                           ; start_toggle_adc_seen                                                                                          ; my_pll_inst|altpll_component|auto_generated|pll1|clk[0] ; my_pll_inst|altpll_component|auto_generated|pll1|clk[0] ; 0.000        ; 0.036      ; 0.337      ;
; 0.217 ; start_toggle_adc                           ; analysis_decim_count[0]                                                                                        ; my_pll_inst|altpll_component|auto_generated|pll1|clk[0] ; my_pll_inst|altpll_component|auto_generated|pll1|clk[0] ; 0.000        ; 0.036      ; 0.337      ;
; 0.243 ; g_sos3_lowpass:lowpass_inst|state[2]       ; g_sos3_lowpass:lowpass_inst|state[0]                                                                           ; my_pll_inst|altpll_component|auto_generated|pll1|clk[0] ; my_pll_inst|altpll_component|auto_generated|pll1|clk[0] ; 0.000        ; 0.036      ; 0.363      ;
; 0.253 ; g_cic3_decimator:cic_inst|dec_count[3]     ; g_cic3_decimator:cic_inst|sample_valid                                                                         ; my_pll_inst|altpll_component|auto_generated|pll1|clk[0] ; my_pll_inst|altpll_component|auto_generated|pll1|clk[0] ; 0.000        ; 0.036      ; 0.373      ;
; 0.256 ; g_sos3_lowpass:lowpass_inst|d1_1[35]       ; g_sos3_lowpass:lowpass_inst|d1_register[35]                                                                    ; my_pll_inst|altpll_component|auto_generated|pll1|clk[0] ; my_pll_inst|altpll_component|auto_generated|pll1|clk[0] ; 0.000        ; 0.037      ; 0.377      ;
; 0.259 ; g_sos3_lowpass:lowpass_inst|d1_1[12]       ; g_sos3_lowpass:lowpass_inst|d1_register[12]                                                                    ; my_pll_inst|altpll_component|auto_generated|pll1|clk[0] ; my_pll_inst|altpll_component|auto_generated|pll1|clk[0] ; 0.000        ; 0.036      ; 0.379      ;
; 0.260 ; g_sos3_lowpass:lowpass_inst|d2_0[27]       ; g_sos3_lowpass:lowpass_inst|d2_register[27]                                                                    ; my_pll_inst|altpll_component|auto_generated|pll1|clk[0] ; my_pll_inst|altpll_component|auto_generated|pll1|clk[0] ; 0.000        ; 0.035      ; 0.379      ;
; 0.260 ; g_sos3_lowpass:lowpass_inst|d2_0[26]       ; g_sos3_lowpass:lowpass_inst|d2_register[26]                                                                    ; my_pll_inst|altpll_component|auto_generated|pll1|clk[0] ; my_pll_inst|altpll_component|auto_generated|pll1|clk[0] ; 0.000        ; 0.035      ; 0.379      ;
; 0.260 ; g_sos3_lowpass:lowpass_inst|d2_0[23]       ; g_sos3_lowpass:lowpass_inst|d2_register[23]                                                                    ; my_pll_inst|altpll_component|auto_generated|pll1|clk[0] ; my_pll_inst|altpll_component|auto_generated|pll1|clk[0] ; 0.000        ; 0.035      ; 0.379      ;
; 0.261 ; g_sos3_lowpass:lowpass_inst|d2_1[28]       ; g_sos3_lowpass:lowpass_inst|d2_register[28]                                                                    ; my_pll_inst|altpll_component|auto_generated|pll1|clk[0] ; my_pll_inst|altpll_component|auto_generated|pll1|clk[0] ; 0.000        ; 0.036      ; 0.381      ;
; 0.262 ; g_sos3_lowpass:lowpass_inst|d1_1[34]       ; g_sos3_lowpass:lowpass_inst|d1_register[34]                                                                    ; my_pll_inst|altpll_component|auto_generated|pll1|clk[0] ; my_pll_inst|altpll_component|auto_generated|pll1|clk[0] ; 0.000        ; 0.036      ; 0.382      ;
; 0.263 ; g_sos3_lowpass:lowpass_inst|d1_0[15]       ; g_sos3_lowpass:lowpass_inst|d1_register[15]                                                                    ; my_pll_inst|altpll_component|auto_generated|pll1|clk[0] ; my_pll_inst|altpll_component|auto_generated|pll1|clk[0] ; 0.000        ; 0.035      ; 0.382      ;
; 0.263 ; g_sos3_lowpass:lowpass_inst|d2_1[9]        ; g_sos3_lowpass:lowpass_inst|d2_register[9]                                                                     ; my_pll_inst|altpll_component|auto_generated|pll1|clk[0] ; my_pll_inst|altpll_component|auto_generated|pll1|clk[0] ; 0.000        ; 0.036      ; 0.383      ;
; 0.264 ; g_cic3_decimator:cic_inst|comb1[23]        ; g_cic3_decimator:cic_inst|comb2[23]                                                                            ; my_pll_inst|altpll_component|auto_generated|pll1|clk[0] ; my_pll_inst|altpll_component|auto_generated|pll1|clk[0] ; 0.000        ; 0.035      ; 0.383      ;
; 0.264 ; g_cic3_decimator:cic_inst|comb1[23]        ; g_cic3_decimator:cic_inst|comb2_delay[23]                                                                      ; my_pll_inst|altpll_component|auto_generated|pll1|clk[0] ; my_pll_inst|altpll_component|auto_generated|pll1|clk[0] ; 0.000        ; 0.035      ; 0.383      ;
; 0.265 ; g_cic3_decimator:cic_inst|integrator1[23]  ; g_cic3_decimator:cic_inst|integrator1[23]                                                                      ; my_pll_inst|altpll_component|auto_generated|pll1|clk[0] ; my_pll_inst|altpll_component|auto_generated|pll1|clk[0] ; 0.000        ; 0.036      ; 0.385      ;
; 0.265 ; g_cic3_decimator:cic_inst|comb1[0]         ; g_cic3_decimator:cic_inst|comb2_delay[0]                                                                       ; my_pll_inst|altpll_component|auto_generated|pll1|clk[0] ; my_pll_inst|altpll_component|auto_generated|pll1|clk[0] ; 0.000        ; 0.035      ; 0.384      ;
; 0.267 ; capture_mode_adc_meta                      ; capture_mode_adc                                                                                               ; my_pll_inst|altpll_component|auto_generated|pll1|clk[0] ; my_pll_inst|altpll_component|auto_generated|pll1|clk[0] ; 0.000        ; 0.037      ; 0.388      ;
; 0.267 ; g_cic3_decimator:cic_inst|comb1[3]         ; g_cic3_decimator:cic_inst|comb2_delay[3]                                                                       ; my_pll_inst|altpll_component|auto_generated|pll1|clk[0] ; my_pll_inst|altpll_component|auto_generated|pll1|clk[0] ; 0.000        ; 0.035      ; 0.386      ;
; 0.268 ; g_sos3_lowpass:lowpass_inst|d2_1[0]        ; g_sos3_lowpass:lowpass_inst|d2_register[0]                                                                     ; my_pll_inst|altpll_component|auto_generated|pll1|clk[0] ; my_pll_inst|altpll_component|auto_generated|pll1|clk[0] ; 0.000        ; 0.038      ; 0.390      ;
; 0.269 ; capture_addr_adc[0]                        ; RAM2:ram_bank1|altsyncram:altsyncram_component|altsyncram_vkm1:auto_generated|ram_block1a0~porta_address_reg0  ; my_pll_inst|altpll_component|auto_generated|pll1|clk[0] ; my_pll_inst|altpll_component|auto_generated|pll1|clk[0] ; 0.000        ; 0.226      ; 0.599      ;
; 0.270 ; g_sos3_lowpass:lowpass_inst|d2_0[24]       ; g_sos3_lowpass:lowpass_inst|d2_register[24]                                                                    ; my_pll_inst|altpll_component|auto_generated|pll1|clk[0] ; my_pll_inst|altpll_component|auto_generated|pll1|clk[0] ; 0.000        ; 0.035      ; 0.389      ;
; 0.271 ; g_sos3_lowpass:lowpass_inst|d1_1[36]       ; g_sos3_lowpass:lowpass_inst|d1_register[36]                                                                    ; my_pll_inst|altpll_component|auto_generated|pll1|clk[0] ; my_pll_inst|altpll_component|auto_generated|pll1|clk[0] ; 0.000        ; 0.037      ; 0.392      ;
; 0.271 ; g_sos3_lowpass:lowpass_inst|d1_1[32]       ; g_sos3_lowpass:lowpass_inst|d1_register[32]                                                                    ; my_pll_inst|altpll_component|auto_generated|pll1|clk[0] ; my_pll_inst|altpll_component|auto_generated|pll1|clk[0] ; 0.000        ; 0.036      ; 0.391      ;
; 0.273 ; g_sos3_lowpass:lowpass_inst|d1_1[33]       ; g_sos3_lowpass:lowpass_inst|d1_register[33]                                                                    ; my_pll_inst|altpll_component|auto_generated|pll1|clk[0] ; my_pll_inst|altpll_component|auto_generated|pll1|clk[0] ; 0.000        ; 0.036      ; 0.393      ;
; 0.274 ; g_cic3_decimator:cic_inst|comb1[2]         ; g_cic3_decimator:cic_inst|comb2_delay[2]                                                                       ; my_pll_inst|altpll_component|auto_generated|pll1|clk[0] ; my_pll_inst|altpll_component|auto_generated|pll1|clk[0] ; 0.000        ; 0.035      ; 0.393      ;
; 0.275 ; capture_addr_adc[3]                        ; RAM:ram_bank0|altsyncram:altsyncram_component|altsyncram_vkm1:auto_generated|ram_block1a12~porta_address_reg0  ; my_pll_inst|altpll_component|auto_generated|pll1|clk[0] ; my_pll_inst|altpll_component|auto_generated|pll1|clk[0] ; 0.000        ; 0.233      ; 0.612      ;
; 0.275 ; g_cic3_decimator:cic_inst|comb1[6]         ; g_cic3_decimator:cic_inst|comb2_delay[6]                                                                       ; my_pll_inst|altpll_component|auto_generated|pll1|clk[0] ; my_pll_inst|altpll_component|auto_generated|pll1|clk[0] ; 0.000        ; 0.035      ; 0.394      ;
; 0.276 ; capture_addr_adc[0]                        ; RAM:ram_bank0|altsyncram:altsyncram_component|altsyncram_vkm1:auto_generated|ram_block1a0~porta_address_reg0   ; my_pll_inst|altpll_component|auto_generated|pll1|clk[0] ; my_pll_inst|altpll_component|auto_generated|pll1|clk[0] ; 0.000        ; 0.226      ; 0.606      ;
; 0.276 ; g_cic3_decimator:cic_inst|integrator1[23]  ; g_cic3_decimator:cic_inst|integrator2[23]                                                                      ; my_pll_inst|altpll_component|auto_generated|pll1|clk[0] ; my_pll_inst|altpll_component|auto_generated|pll1|clk[0] ; 0.000        ; 0.035      ; 0.395      ;
; 0.278 ; capture_addr_adc[4]                        ; RAM2:ram_bank1|altsyncram:altsyncram_component|altsyncram_vkm1:auto_generated|ram_block1a12~porta_address_reg0 ; my_pll_inst|altpll_component|auto_generated|pll1|clk[0] ; my_pll_inst|altpll_component|auto_generated|pll1|clk[0] ; 0.000        ; 0.226      ; 0.608      ;
; 0.279 ; g_cic3_decimator:cic_inst|comb1[14]        ; g_cic3_decimator:cic_inst|comb2_delay[14]                                                                      ; my_pll_inst|altpll_component|auto_generated|pll1|clk[0] ; my_pll_inst|altpll_component|auto_generated|pll1|clk[0] ; 0.000        ; 0.037      ; 0.400      ;
; 0.283 ; capture_addr_adc[6]                        ; RAM:ram_bank0|altsyncram:altsyncram_component|altsyncram_vkm1:auto_generated|ram_block1a12~porta_address_reg0  ; my_pll_inst|altpll_component|auto_generated|pll1|clk[0] ; my_pll_inst|altpll_component|auto_generated|pll1|clk[0] ; 0.000        ; 0.233      ; 0.620      ;
; 0.286 ; g_sos3_lowpass:lowpass_inst|sample_out[8]  ; RAM2:ram_bank1|altsyncram:altsyncram_component|altsyncram_vkm1:auto_generated|ram_block1a8~porta_datain_reg0   ; my_pll_inst|altpll_component|auto_generated|pll1|clk[0] ; my_pll_inst|altpll_component|auto_generated|pll1|clk[0] ; 0.000        ; 0.221      ; 0.611      ;
; 0.287 ; g_sos3_lowpass:lowpass_inst|state[0]       ; g_sos3_lowpass:lowpass_inst|state[2]                                                                           ; my_pll_inst|altpll_component|auto_generated|pll1|clk[0] ; my_pll_inst|altpll_component|auto_generated|pll1|clk[0] ; 0.000        ; 0.036      ; 0.407      ;
; 0.289 ; g_sos3_lowpass:lowpass_inst|state[0]       ; g_sos3_lowpass:lowpass_inst|state[1]                                                                           ; my_pll_inst|altpll_component|auto_generated|pll1|clk[0] ; my_pll_inst|altpll_component|auto_generated|pll1|clk[0] ; 0.000        ; 0.036      ; 0.409      ;
; 0.290 ; g_sos3_lowpass:lowpass_inst|sample_out[17] ; RAM2:ram_bank1|altsyncram:altsyncram_component|altsyncram_vkm1:auto_generated|ram_block1a12~porta_datain_reg0  ; my_pll_inst|altpll_component|auto_generated|pll1|clk[0] ; my_pll_inst|altpll_component|auto_generated|pll1|clk[0] ; 0.000        ; 0.225      ; 0.619      ;
; 0.291 ; capture_addr_adc[0]                        ; RAM2:ram_bank1|altsyncram:altsyncram_component|altsyncram_vkm1:auto_generated|ram_block1a8~porta_address_reg0  ; my_pll_inst|altpll_component|auto_generated|pll1|clk[0] ; my_pll_inst|altpll_component|auto_generated|pll1|clk[0] ; 0.000        ; 0.233      ; 0.628      ;
; 0.292 ; capture_addr_adc[7]                        ; RAM:ram_bank0|altsyncram:altsyncram_component|altsyncram_vkm1:auto_generated|ram_block1a12~porta_address_reg0  ; my_pll_inst|altpll_component|auto_generated|pll1|clk[0] ; my_pll_inst|altpll_component|auto_generated|pll1|clk[0] ; 0.000        ; 0.233      ; 0.629      ;
; 0.293 ; g_sos3_lowpass:lowpass_inst|d1_1[25]       ; g_sos3_lowpass:lowpass_inst|d1_register[25]                                                                    ; my_pll_inst|altpll_component|auto_generated|pll1|clk[0] ; my_pll_inst|altpll_component|auto_generated|pll1|clk[0] ; 0.000        ; 0.036      ; 0.413      ;
; 0.294 ; g_sos3_lowpass:lowpass_inst|d2_1[34]       ; g_sos3_lowpass:lowpass_inst|d2_register[34]                                                                    ; my_pll_inst|altpll_component|auto_generated|pll1|clk[0] ; my_pll_inst|altpll_component|auto_generated|pll1|clk[0] ; 0.000        ; 0.036      ; 0.414      ;
; 0.294 ; g_sos3_lowpass:lowpass_inst|sample_out[10] ; RAM2:ram_bank1|altsyncram:altsyncram_component|altsyncram_vkm1:auto_generated|ram_block1a8~porta_datain_reg0   ; my_pll_inst|altpll_component|auto_generated|pll1|clk[0] ; my_pll_inst|altpll_component|auto_generated|pll1|clk[0] ; 0.000        ; 0.221      ; 0.619      ;
; 0.294 ; g_cic3_decimator:cic_inst|comb1_delay[17]  ; g_cic3_decimator:cic_inst|comb1[17]                                                                            ; my_pll_inst|altpll_component|auto_generated|pll1|clk[0] ; my_pll_inst|altpll_component|auto_generated|pll1|clk[0] ; 0.000        ; 0.037      ; 0.415      ;
; 0.294 ; g_sos3_lowpass:lowpass_inst|d2_1[27]       ; g_sos3_lowpass:lowpass_inst|d2_register[27]                                                                    ; my_pll_inst|altpll_component|auto_generated|pll1|clk[0] ; my_pll_inst|altpll_component|auto_generated|pll1|clk[0] ; 0.000        ; 0.036      ; 0.414      ;
; 0.294 ; g_sos3_lowpass:lowpass_inst|d2_1[26]       ; g_sos3_lowpass:lowpass_inst|d2_register[26]                                                                    ; my_pll_inst|altpll_component|auto_generated|pll1|clk[0] ; my_pll_inst|altpll_component|auto_generated|pll1|clk[0] ; 0.000        ; 0.036      ; 0.414      ;
; 0.295 ; g_sos3_lowpass:lowpass_inst|d1_1[18]       ; g_sos3_lowpass:lowpass_inst|d1_register[18]                                                                    ; my_pll_inst|altpll_component|auto_generated|pll1|clk[0] ; my_pll_inst|altpll_component|auto_generated|pll1|clk[0] ; 0.000        ; 0.036      ; 0.415      ;
; 0.295 ; g_sos3_lowpass:lowpass_inst|d2_1[21]       ; g_sos3_lowpass:lowpass_inst|d2_register[21]                                                                    ; my_pll_inst|altpll_component|auto_generated|pll1|clk[0] ; my_pll_inst|altpll_component|auto_generated|pll1|clk[0] ; 0.000        ; 0.036      ; 0.415      ;
; 0.295 ; g_sos3_lowpass:lowpass_inst|d2_1[19]       ; g_sos3_lowpass:lowpass_inst|d2_register[19]                                                                    ; my_pll_inst|altpll_component|auto_generated|pll1|clk[0] ; my_pll_inst|altpll_component|auto_generated|pll1|clk[0] ; 0.000        ; 0.036      ; 0.415      ;
; 0.295 ; g_cic3_decimator:cic_inst|comb2_delay[7]   ; g_cic3_decimator:cic_inst|comb2[7]                                                                             ; my_pll_inst|altpll_component|auto_generated|pll1|clk[0] ; my_pll_inst|altpll_component|auto_generated|pll1|clk[0] ; 0.000        ; 0.037      ; 0.416      ;
; 0.295 ; g_cic3_decimator:cic_inst|comb1_delay[3]   ; g_cic3_decimator:cic_inst|comb1[3]                                                                             ; my_pll_inst|altpll_component|auto_generated|pll1|clk[0] ; my_pll_inst|altpll_component|auto_generated|pll1|clk[0] ; 0.000        ; 0.036      ; 0.415      ;
; 0.295 ; g_cic3_decimator:cic_inst|comb2_delay[2]   ; g_cic3_decimator:cic_inst|comb2[2]                                                                             ; my_pll_inst|altpll_component|auto_generated|pll1|clk[0] ; my_pll_inst|altpll_component|auto_generated|pll1|clk[0] ; 0.000        ; 0.037      ; 0.416      ;
; 0.295 ; g_sos3_lowpass:lowpass_inst|d2_1[23]       ; g_sos3_lowpass:lowpass_inst|d2_register[23]                                                                    ; my_pll_inst|altpll_component|auto_generated|pll1|clk[0] ; my_pll_inst|altpll_component|auto_generated|pll1|clk[0] ; 0.000        ; 0.036      ; 0.415      ;
; 0.295 ; g_cic3_decimator:cic_inst|comb2_delay[23]  ; g_cic3_decimator:cic_inst|comb2[23]                                                                            ; my_pll_inst|altpll_component|auto_generated|pll1|clk[0] ; my_pll_inst|altpll_component|auto_generated|pll1|clk[0] ; 0.000        ; 0.036      ; 0.415      ;
; 0.296 ; g_sos3_lowpass:lowpass_inst|d2_1[30]       ; g_sos3_lowpass:lowpass_inst|d2_register[30]                                                                    ; my_pll_inst|altpll_component|auto_generated|pll1|clk[0] ; my_pll_inst|altpll_component|auto_generated|pll1|clk[0] ; 0.000        ; 0.036      ; 0.416      ;
; 0.296 ; g_sos3_lowpass:lowpass_inst|d2_1[25]       ; g_sos3_lowpass:lowpass_inst|d2_register[25]                                                                    ; my_pll_inst|altpll_component|auto_generated|pll1|clk[0] ; my_pll_inst|altpll_component|auto_generated|pll1|clk[0] ; 0.000        ; 0.036      ; 0.416      ;
; 0.296 ; g_cic3_decimator:cic_inst|comb3_delay[18]  ; g_cic3_decimator:cic_inst|comb3[18]                                                                            ; my_pll_inst|altpll_component|auto_generated|pll1|clk[0] ; my_pll_inst|altpll_component|auto_generated|pll1|clk[0] ; 0.000        ; 0.036      ; 0.416      ;
; 0.296 ; g_cic3_decimator:cic_inst|comb2_delay[15]  ; g_cic3_decimator:cic_inst|comb2[15]                                                                            ; my_pll_inst|altpll_component|auto_generated|pll1|clk[0] ; my_pll_inst|altpll_component|auto_generated|pll1|clk[0] ; 0.000        ; 0.036      ; 0.416      ;
; 0.296 ; g_cic3_decimator:cic_inst|comb1_delay[13]  ; g_cic3_decimator:cic_inst|comb1[13]                                                                            ; my_pll_inst|altpll_component|auto_generated|pll1|clk[0] ; my_pll_inst|altpll_component|auto_generated|pll1|clk[0] ; 0.000        ; 0.037      ; 0.417      ;
; 0.296 ; g_sos3_lowpass:lowpass_inst|d2_1[24]       ; g_sos3_lowpass:lowpass_inst|d2_register[24]                                                                    ; my_pll_inst|altpll_component|auto_generated|pll1|clk[0] ; my_pll_inst|altpll_component|auto_generated|pll1|clk[0] ; 0.000        ; 0.036      ; 0.416      ;
; 0.297 ; g_cic3_decimator:cic_inst|comb3_delay[13]  ; g_cic3_decimator:cic_inst|comb3[13]                                                                            ; my_pll_inst|altpll_component|auto_generated|pll1|clk[0] ; my_pll_inst|altpll_component|auto_generated|pll1|clk[0] ; 0.000        ; 0.036      ; 0.417      ;
; 0.297 ; g_cic3_decimator:cic_inst|comb2_delay[13]  ; g_cic3_decimator:cic_inst|comb2[13]                                                                            ; my_pll_inst|altpll_component|auto_generated|pll1|clk[0] ; my_pll_inst|altpll_component|auto_generated|pll1|clk[0] ; 0.000        ; 0.036      ; 0.417      ;
; 0.297 ; g_cic3_decimator:cic_inst|comb1_delay[10]  ; g_cic3_decimator:cic_inst|comb1[10]                                                                            ; my_pll_inst|altpll_component|auto_generated|pll1|clk[0] ; my_pll_inst|altpll_component|auto_generated|pll1|clk[0] ; 0.000        ; 0.036      ; 0.417      ;
; 0.297 ; g_cic3_decimator:cic_inst|comb3_delay[7]   ; g_cic3_decimator:cic_inst|comb3[7]                                                                             ; my_pll_inst|altpll_component|auto_generated|pll1|clk[0] ; my_pll_inst|altpll_component|auto_generated|pll1|clk[0] ; 0.000        ; 0.036      ; 0.417      ;
; 0.297 ; g_cic3_decimator:cic_inst|comb1_delay[7]   ; g_cic3_decimator:cic_inst|comb1[7]                                                                             ; my_pll_inst|altpll_component|auto_generated|pll1|clk[0] ; my_pll_inst|altpll_component|auto_generated|pll1|clk[0] ; 0.000        ; 0.036      ; 0.417      ;
; 0.298 ; g_sos3_lowpass:lowpass_inst|d1_1[20]       ; g_sos3_lowpass:lowpass_inst|d1_register[20]                                                                    ; my_pll_inst|altpll_component|auto_generated|pll1|clk[0] ; my_pll_inst|altpll_component|auto_generated|pll1|clk[0] ; 0.000        ; 0.036      ; 0.418      ;
; 0.298 ; g_sos3_lowpass:lowpass_inst|d2_1[36]       ; g_sos3_lowpass:lowpass_inst|d2_register[36]                                                                    ; my_pll_inst|altpll_component|auto_generated|pll1|clk[0] ; my_pll_inst|altpll_component|auto_generated|pll1|clk[0] ; 0.000        ; 0.036      ; 0.418      ;
; 0.298 ; g_cic3_decimator:cic_inst|comb3_delay[16]  ; g_cic3_decimator:cic_inst|comb3[16]                                                                            ; my_pll_inst|altpll_component|auto_generated|pll1|clk[0] ; my_pll_inst|altpll_component|auto_generated|pll1|clk[0] ; 0.000        ; 0.036      ; 0.418      ;
; 0.298 ; g_cic3_decimator:cic_inst|comb2_delay[12]  ; g_cic3_decimator:cic_inst|comb2[12]                                                                            ; my_pll_inst|altpll_component|auto_generated|pll1|clk[0] ; my_pll_inst|altpll_component|auto_generated|pll1|clk[0] ; 0.000        ; 0.036      ; 0.418      ;
; 0.300 ; capture_addr_adc[9]                        ; RAM:ram_bank0|altsyncram:altsyncram_component|altsyncram_vkm1:auto_generated|ram_block1a12~porta_address_reg0  ; my_pll_inst|altpll_component|auto_generated|pll1|clk[0] ; my_pll_inst|altpll_component|auto_generated|pll1|clk[0] ; 0.000        ; 0.233      ; 0.637      ;
; 0.300 ; g_sos3_lowpass:lowpass_inst|d1_0[32]       ; g_sos3_lowpass:lowpass_inst|d1_register[32]                                                                    ; my_pll_inst|altpll_component|auto_generated|pll1|clk[0] ; my_pll_inst|altpll_component|auto_generated|pll1|clk[0] ; 0.000        ; 0.037      ; 0.421      ;
; 0.302 ; g_sos3_lowpass:lowpass_inst|d1_0[24]       ; g_sos3_lowpass:lowpass_inst|d1_register[24]                                                                    ; my_pll_inst|altpll_component|auto_generated|pll1|clk[0] ; my_pll_inst|altpll_component|auto_generated|pll1|clk[0] ; 0.000        ; 0.036      ; 0.422      ;
+-------+--------------------------------------------+----------------------------------------------------------------------------------------------------------------+---------------------------------------------------------+---------------------------------------------------------+--------------+------------+------------+


+---------------------------------------------------------------------------------------------------------------------------------------------------------------------------------------------------------------------------------+
; Fast 1200mV 0C Model Hold: 'sys_clk'                                                                                                                                                                                            ;
+-------+-----------------------------------+---------------------------------------------------------------------------------------------------------------+--------------+-------------+--------------+------------+------------+
; Slack ; From Node                         ; To Node                                                                                                       ; Launch Clock ; Latch Clock ; Relationship ; Clock Skew ; Data Delay ;
+-------+-----------------------------------+---------------------------------------------------------------------------------------------------------------+--------------+-------------+--------------+------------+------------+
; 0.187 ; spi_tx_word[13]                   ; spi_tx_word[13]                                                                                               ; sys_clk      ; sys_clk     ; 0.000        ; 0.036      ; 0.307      ;
; 0.187 ; spi_tx_word[21]                   ; spi_tx_word[21]                                                                                               ; sys_clk      ; sys_clk     ; 0.000        ; 0.036      ; 0.307      ;
; 0.187 ; spi_tx_word[1]                    ; spi_tx_word[1]                                                                                                ; sys_clk      ; sys_clk     ; 0.000        ; 0.036      ; 0.307      ;
; 0.187 ; read_wait_count[1]                ; read_wait_count[1]                                                                                            ; sys_clk      ; sys_clk     ; 0.000        ; 0.036      ; 0.307      ;
; 0.187 ; read_wait_count[2]                ; read_wait_count[2]                                                                                            ; sys_clk      ; sys_clk     ; 0.000        ; 0.036      ; 0.307      ;
; 0.193 ; g_spi_slave:spi_inst|rx_word[2]   ; ram_read_addr_sys[2]                                                                                          ; sys_clk      ; sys_clk     ; 0.000        ; 0.037      ; 0.314      ;
; 0.193 ; g_spi_slave:spi_inst|rx_word[7]   ; ram_read_addr_sys[7]                                                                                          ; sys_clk      ; sys_clk     ; 0.000        ; 0.037      ; 0.314      ;
; 0.194 ; g_spi_slave:spi_inst|rx_word[4]   ; ram_read_addr_sys[4]                                                                                          ; sys_clk      ; sys_clk     ; 0.000        ; 0.037      ; 0.315      ;
; 0.194 ; spi_tx_word[9]                    ; g_spi_slave:spi_inst|tx_shift[9]                                                                              ; sys_clk      ; sys_clk     ; 0.000        ; 0.036      ; 0.314      ;
; 0.194 ; g_spi_slave:spi_inst|tx_shift[7]  ; g_spi_slave:spi_inst|tx_shift[8]                                                                              ; sys_clk      ; sys_clk     ; 0.000        ; 0.036      ; 0.314      ;
; 0.194 ; g_spi_slave:spi_inst|tx_shift[6]  ; g_spi_slave:spi_inst|tx_shift[7]                                                                              ; sys_clk      ; sys_clk     ; 0.000        ; 0.036      ; 0.314      ;
; 0.194 ; done_toggle_sys_meta              ; done_toggle_sys                                                                                               ; sys_clk      ; sys_clk     ; 0.000        ; 0.037      ; 0.315      ;
; 0.194 ; g_spi_slave:spi_inst|rx_word[8]   ; ram_read_addr_sys[8]                                                                                          ; sys_clk      ; sys_clk     ; 0.000        ; 0.036      ; 0.314      ;
; 0.194 ; read_wait_count[0]                ; read_wait_count[0]                                                                                            ; sys_clk      ; sys_clk     ; 0.000        ; 0.036      ; 0.314      ;
; 0.195 ; g_spi_slave:spi_inst|rx_word[11]  ; read_bank_pending                                                                                             ; sys_clk      ; sys_clk     ; 0.000        ; 0.036      ; 0.315      ;
; 0.195 ; g_spi_slave:spi_inst|rx_word[10]  ; ram_read_addr_sys[10]                                                                                         ; sys_clk      ; sys_clk     ; 0.000        ; 0.036      ; 0.315      ;
; 0.196 ; g_spi_slave:spi_inst|rx_word[9]   ; ram_read_addr_sys[9]                                                                                          ; sys_clk      ; sys_clk     ; 0.000        ; 0.036      ; 0.316      ;
; 0.197 ; g_spi_slave:spi_inst|tx_shift[16] ; g_spi_slave:spi_inst|tx_shift[17]                                                                             ; sys_clk      ; sys_clk     ; 0.000        ; 0.036      ; 0.317      ;
; 0.197 ; g_spi_slave:spi_inst|tx_shift[9]  ; g_spi_slave:spi_inst|tx_shift[10]                                                                             ; sys_clk      ; sys_clk     ; 0.000        ; 0.036      ; 0.317      ;
; 0.198 ; ram_read_addr_sys[5]              ; RAM:ram_bank0|altsyncram:altsyncram_component|altsyncram_vkm1:auto_generated|ram_block1a4~portb_address_reg0  ; sys_clk      ; sys_clk     ; 0.000        ; 0.185      ; 0.487      ;
; 0.198 ; ram_read_addr_sys[10]             ; RAM:ram_bank0|altsyncram:altsyncram_component|altsyncram_vkm1:auto_generated|ram_block1a4~portb_address_reg0  ; sys_clk      ; sys_clk     ; 0.000        ; 0.185      ; 0.487      ;
; 0.202 ; ram_read_addr_sys[9]              ; RAM:ram_bank0|altsyncram:altsyncram_component|altsyncram_vkm1:auto_generated|ram_block1a12~portb_address_reg0 ; sys_clk      ; sys_clk     ; 0.000        ; 0.184      ; 0.490      ;
; 0.203 ; ram_read_addr_sys[1]              ; RAM:ram_bank0|altsyncram:altsyncram_component|altsyncram_vkm1:auto_generated|ram_block1a4~portb_address_reg0  ; sys_clk      ; sys_clk     ; 0.000        ; 0.185      ; 0.492      ;
; 0.203 ; ram_read_addr_sys[5]              ; RAM:ram_bank0|altsyncram:altsyncram_component|altsyncram_vkm1:auto_generated|ram_block1a12~portb_address_reg0 ; sys_clk      ; sys_clk     ; 0.000        ; 0.184      ; 0.491      ;
; 0.204 ; spi_tx_word[0]                    ; g_spi_slave:spi_inst|tx_shift[0]                                                                              ; sys_clk      ; sys_clk     ; 0.000        ; 0.037      ; 0.325      ;
; 0.207 ; ram_read_addr_sys[8]              ; RAM:ram_bank0|altsyncram:altsyncram_component|altsyncram_vkm1:auto_generated|ram_block1a12~portb_address_reg0 ; sys_clk      ; sys_clk     ; 0.000        ; 0.184      ; 0.495      ;
; 0.207 ; read_wait_count[2]                ; read_wait_count[0]                                                                                            ; sys_clk      ; sys_clk     ; 0.000        ; 0.036      ; 0.327      ;
; 0.214 ; ram_read_addr_sys[5]              ; RAM2:ram_bank1|altsyncram:altsyncram_component|altsyncram_vkm1:auto_generated|ram_block1a4~portb_address_reg0 ; sys_clk      ; sys_clk     ; 0.000        ; 0.183      ; 0.501      ;
; 0.217 ; ram_read_addr_sys[3]              ; RAM:ram_bank0|altsyncram:altsyncram_component|altsyncram_vkm1:auto_generated|ram_block1a8~portb_address_reg0  ; sys_clk      ; sys_clk     ; 0.000        ; 0.189      ; 0.510      ;
; 0.218 ; ram_read_addr_sys[9]              ; RAM:ram_bank0|altsyncram:altsyncram_component|altsyncram_vkm1:auto_generated|ram_block1a8~portb_address_reg0  ; sys_clk      ; sys_clk     ; 0.000        ; 0.189      ; 0.511      ;
; 0.219 ; ram_read_addr_sys[10]             ; RAM:ram_bank0|altsyncram:altsyncram_component|altsyncram_vkm1:auto_generated|ram_block1a12~portb_address_reg0 ; sys_clk      ; sys_clk     ; 0.000        ; 0.184      ; 0.507      ;
; 0.221 ; ram_read_addr_sys[3]              ; RAM:ram_bank0|altsyncram:altsyncram_component|altsyncram_vkm1:auto_generated|ram_block1a4~portb_address_reg0  ; sys_clk      ; sys_clk     ; 0.000        ; 0.185      ; 0.510      ;
; 0.221 ; ram_read_addr_sys[10]             ; RAM2:ram_bank1|altsyncram:altsyncram_component|altsyncram_vkm1:auto_generated|ram_block1a4~portb_address_reg0 ; sys_clk      ; sys_clk     ; 0.000        ; 0.183      ; 0.508      ;
; 0.221 ; ram_read_addr_sys[5]              ; RAM:ram_bank0|altsyncram:altsyncram_component|altsyncram_vkm1:auto_generated|ram_block1a8~portb_address_reg0  ; sys_clk      ; sys_clk     ; 0.000        ; 0.189      ; 0.514      ;
; 0.230 ; ram_read_addr_sys[8]              ; RAM2:ram_bank1|altsyncram:altsyncram_component|altsyncram_vkm1:auto_generated|ram_block1a4~portb_address_reg0 ; sys_clk      ; sys_clk     ; 0.000        ; 0.183      ; 0.517      ;
; 0.231 ; ram_read_addr_sys[8]              ; RAM:ram_bank0|altsyncram:altsyncram_component|altsyncram_vkm1:auto_generated|ram_block1a8~portb_address_reg0  ; sys_clk      ; sys_clk     ; 0.000        ; 0.189      ; 0.524      ;
; 0.249 ; g_spi_slave:spi_inst|cs_sync[1]   ; g_spi_slave:spi_inst|rx_shift[6]                                                                              ; sys_clk      ; sys_clk     ; 0.000        ; 0.037      ; 0.370      ;
; 0.249 ; g_spi_slave:spi_inst|cs_sync[1]   ; g_spi_slave:spi_inst|rx_shift[2]                                                                              ; sys_clk      ; sys_clk     ; 0.000        ; 0.037      ; 0.370      ;
; 0.251 ; g_spi_slave:spi_inst|cs_sync[1]   ; g_spi_slave:spi_inst|rx_shift[5]                                                                              ; sys_clk      ; sys_clk     ; 0.000        ; 0.037      ; 0.372      ;
; 0.253 ; g_spi_slave:spi_inst|tx_shift[29] ; g_spi_slave:spi_inst|tx_shift[30]                                                                             ; sys_clk      ; sys_clk     ; 0.000        ; 0.036      ; 0.373      ;
; 0.253 ; g_spi_slave:spi_inst|tx_shift[26] ; g_spi_slave:spi_inst|tx_shift[27]                                                                             ; sys_clk      ; sys_clk     ; 0.000        ; 0.036      ; 0.373      ;
; 0.253 ; g_spi_slave:spi_inst|rx_shift[14] ; g_spi_slave:spi_inst|rx_shift[15]                                                                             ; sys_clk      ; sys_clk     ; 0.000        ; 0.036      ; 0.373      ;
; 0.254 ; g_spi_slave:spi_inst|tx_shift[21] ; g_spi_slave:spi_inst|tx_shift[22]                                                                             ; sys_clk      ; sys_clk     ; 0.000        ; 0.036      ; 0.374      ;
; 0.254 ; g_spi_slave:spi_inst|tx_shift[20] ; g_spi_slave:spi_inst|tx_shift[21]                                                                             ; sys_clk      ; sys_clk     ; 0.000        ; 0.036      ; 0.374      ;
; 0.254 ; spi_tx_word[15]                   ; g_spi_slave:spi_inst|tx_shift[15]                                                                             ; sys_clk      ; sys_clk     ; 0.000        ; 0.036      ; 0.374      ;
; 0.254 ; g_spi_slave:spi_inst|tx_shift[13] ; g_spi_slave:spi_inst|tx_shift[14]                                                                             ; sys_clk      ; sys_clk     ; 0.000        ; 0.036      ; 0.374      ;
; 0.254 ; g_spi_slave:spi_inst|rx_shift[22] ; g_spi_slave:spi_inst|rx_shift[23]                                                                             ; sys_clk      ; sys_clk     ; 0.000        ; 0.036      ; 0.374      ;
; 0.254 ; g_spi_slave:spi_inst|rx_shift[18] ; g_spi_slave:spi_inst|rx_shift[19]                                                                             ; sys_clk      ; sys_clk     ; 0.000        ; 0.036      ; 0.374      ;
; 0.254 ; spi_tx_word[17]                   ; g_spi_slave:spi_inst|tx_shift[17]                                                                             ; sys_clk      ; sys_clk     ; 0.000        ; 0.036      ; 0.374      ;
; 0.255 ; g_spi_slave:spi_inst|tx_shift[28] ; g_spi_slave:spi_inst|tx_shift[29]                                                                             ; sys_clk      ; sys_clk     ; 0.000        ; 0.036      ; 0.375      ;
; 0.255 ; g_spi_slave:spi_inst|tx_shift[19] ; g_spi_slave:spi_inst|tx_shift[20]                                                                             ; sys_clk      ; sys_clk     ; 0.000        ; 0.036      ; 0.375      ;
; 0.255 ; spi_tx_word[19]                   ; g_spi_slave:spi_inst|tx_shift[19]                                                                             ; sys_clk      ; sys_clk     ; 0.000        ; 0.036      ; 0.375      ;
; 0.256 ; g_spi_slave:spi_inst|rx_shift[13] ; g_spi_slave:spi_inst|rx_shift[14]                                                                             ; sys_clk      ; sys_clk     ; 0.000        ; 0.036      ; 0.376      ;
; 0.257 ; g_spi_slave:spi_inst|cs_sync[2]   ; g_spi_slave:spi_inst|rx_shift[11]                                                                             ; sys_clk      ; sys_clk     ; 0.000        ; 0.037      ; 0.378      ;
; 0.257 ; g_spi_slave:spi_inst|cs_sync[2]   ; g_spi_slave:spi_inst|rx_shift[4]                                                                              ; sys_clk      ; sys_clk     ; 0.000        ; 0.037      ; 0.378      ;
; 0.258 ; g_spi_slave:spi_inst|rx_shift[25] ; g_spi_slave:spi_inst|rx_shift[26]                                                                             ; sys_clk      ; sys_clk     ; 0.000        ; 0.036      ; 0.378      ;
; 0.258 ; g_spi_slave:spi_inst|cs_sync[2]   ; g_spi_slave:spi_inst|rx_shift[12]                                                                             ; sys_clk      ; sys_clk     ; 0.000        ; 0.037      ; 0.379      ;
; 0.258 ; g_spi_slave:spi_inst|cs_sync[2]   ; g_spi_slave:spi_inst|rx_shift[9]                                                                              ; sys_clk      ; sys_clk     ; 0.000        ; 0.037      ; 0.379      ;
; 0.259 ; g_spi_slave:spi_inst|rx_shift[23] ; g_spi_slave:spi_inst|rx_shift[24]                                                                             ; sys_clk      ; sys_clk     ; 0.000        ; 0.036      ; 0.379      ;
; 0.259 ; g_spi_slave:spi_inst|cs_sync[2]   ; g_spi_slave:spi_inst|rx_shift[3]                                                                              ; sys_clk      ; sys_clk     ; 0.000        ; 0.037      ; 0.380      ;
; 0.262 ; g_spi_slave:spi_inst|cs_sync[2]   ; g_spi_slave:spi_inst|rx_shift[8]                                                                              ; sys_clk      ; sys_clk     ; 0.000        ; 0.037      ; 0.383      ;
; 0.264 ; g_spi_slave:spi_inst|cs_sync[2]   ; g_spi_slave:spi_inst|rx_shift[10]                                                                             ; sys_clk      ; sys_clk     ; 0.000        ; 0.037      ; 0.385      ;
; 0.264 ; g_spi_slave:spi_inst|cs_sync[2]   ; g_spi_slave:spi_inst|rx_shift[7]                                                                              ; sys_clk      ; sys_clk     ; 0.000        ; 0.037      ; 0.385      ;
; 0.264 ; g_spi_slave:spi_inst|rx_shift[5]  ; g_spi_slave:spi_inst|rx_shift[6]                                                                              ; sys_clk      ; sys_clk     ; 0.000        ; 0.037      ; 0.385      ;
; 0.264 ; g_spi_slave:spi_inst|rx_shift[3]  ; g_spi_slave:spi_inst|rx_shift[4]                                                                              ; sys_clk      ; sys_clk     ; 0.000        ; 0.037      ; 0.385      ;
; 0.265 ; g_spi_slave:spi_inst|rx_shift[27] ; g_spi_slave:spi_inst|rx_shift[28]                                                                             ; sys_clk      ; sys_clk     ; 0.000        ; 0.037      ; 0.386      ;
; 0.266 ; g_spi_slave:spi_inst|rx_word[0]   ; ram_read_addr_sys[0]                                                                                          ; sys_clk      ; sys_clk     ; 0.000        ; 0.037      ; 0.387      ;
; 0.266 ; g_spi_slave:spi_inst|rx_shift[0]  ; g_spi_slave:spi_inst|rx_shift[1]                                                                              ; sys_clk      ; sys_clk     ; 0.000        ; 0.038      ; 0.388      ;
; 0.268 ; g_spi_slave:spi_inst|rx_word[6]   ; ram_read_addr_sys[6]                                                                                          ; sys_clk      ; sys_clk     ; 0.000        ; 0.037      ; 0.389      ;
; 0.269 ; spi_tx_word[6]                    ; g_spi_slave:spi_inst|tx_shift[6]                                                                              ; sys_clk      ; sys_clk     ; 0.000        ; 0.035      ; 0.388      ;
; 0.271 ; g_spi_slave:spi_inst|rx_shift[25] ; g_spi_slave:spi_inst|rx_word[26]                                                                              ; sys_clk      ; sys_clk     ; 0.000        ; 0.036      ; 0.391      ;
; 0.272 ; g_spi_slave:spi_inst|tx_shift[18] ; g_spi_slave:spi_inst|tx_shift[19]                                                                             ; sys_clk      ; sys_clk     ; 0.000        ; 0.035      ; 0.391      ;
; 0.273 ; g_spi_slave:spi_inst|rx_shift[23] ; g_spi_slave:spi_inst|rx_word[24]                                                                              ; sys_clk      ; sys_clk     ; 0.000        ; 0.036      ; 0.393      ;
; 0.294 ; g_spi_slave:spi_inst|tx_shift[23] ; g_spi_slave:spi_inst|tx_shift[24]                                                                             ; sys_clk      ; sys_clk     ; 0.000        ; 0.036      ; 0.414      ;
; 0.294 ; g_spi_slave:spi_inst|tx_shift[8]  ; g_spi_slave:spi_inst|tx_shift[9]                                                                              ; sys_clk      ; sys_clk     ; 0.000        ; 0.036      ; 0.414      ;
; 0.294 ; spi_tx_word[8]                    ; g_spi_slave:spi_inst|tx_shift[8]                                                                              ; sys_clk      ; sys_clk     ; 0.000        ; 0.036      ; 0.414      ;
; 0.295 ; g_spi_slave:spi_inst|tx_shift[11] ; g_spi_slave:spi_inst|tx_shift[12]                                                                             ; sys_clk      ; sys_clk     ; 0.000        ; 0.036      ; 0.415      ;
; 0.295 ; g_spi_slave:spi_inst|tx_shift[4]  ; g_spi_slave:spi_inst|tx_shift[5]                                                                              ; sys_clk      ; sys_clk     ; 0.000        ; 0.036      ; 0.415      ;
; 0.295 ; g_spi_slave:spi_inst|rx_shift[21] ; g_spi_slave:spi_inst|rx_shift[22]                                                                             ; sys_clk      ; sys_clk     ; 0.000        ; 0.036      ; 0.415      ;
; 0.295 ; g_spi_slave:spi_inst|rx_shift[17] ; g_spi_slave:spi_inst|rx_shift[18]                                                                             ; sys_clk      ; sys_clk     ; 0.000        ; 0.036      ; 0.415      ;
; 0.295 ; g_spi_slave:spi_inst|tx_shift[14] ; g_spi_slave:spi_inst|tx_shift[15]                                                                             ; sys_clk      ; sys_clk     ; 0.000        ; 0.036      ; 0.415      ;
; 0.296 ; g_spi_slave:spi_inst|tx_shift[25] ; g_spi_slave:spi_inst|tx_shift[26]                                                                             ; sys_clk      ; sys_clk     ; 0.000        ; 0.036      ; 0.416      ;
; 0.296 ; g_spi_slave:spi_inst|tx_shift[12] ; g_spi_slave:spi_inst|tx_shift[13]                                                                             ; sys_clk      ; sys_clk     ; 0.000        ; 0.036      ; 0.416      ;
; 0.296 ; g_spi_slave:spi_inst|rx_shift[20] ; g_spi_slave:spi_inst|rx_shift[21]                                                                             ; sys_clk      ; sys_clk     ; 0.000        ; 0.036      ; 0.416      ;
; 0.297 ; g_spi_slave:spi_inst|tx_shift[24] ; g_spi_slave:spi_inst|tx_shift[25]                                                                             ; sys_clk      ; sys_clk     ; 0.000        ; 0.036      ; 0.417      ;
; 0.297 ; g_spi_slave:spi_inst|rx_shift[19] ; g_spi_slave:spi_inst|rx_shift[20]                                                                             ; sys_clk      ; sys_clk     ; 0.000        ; 0.036      ; 0.417      ;
; 0.297 ; g_spi_slave:spi_inst|rx_shift[15] ; g_spi_slave:spi_inst|rx_shift[16]                                                                             ; sys_clk      ; sys_clk     ; 0.000        ; 0.036      ; 0.417      ;
; 0.297 ; g_spi_slave:spi_inst|bit_count[5] ; g_spi_slave:spi_inst|bit_count[5]                                                                             ; sys_clk      ; sys_clk     ; 0.000        ; 0.037      ; 0.418      ;
; 0.297 ; g_spi_slave:spi_inst|bit_count[3] ; g_spi_slave:spi_inst|bit_count[3]                                                                             ; sys_clk      ; sys_clk     ; 0.000        ; 0.037      ; 0.418      ;
; 0.297 ; g_spi_slave:spi_inst|bit_count[1] ; g_spi_slave:spi_inst|bit_count[1]                                                                             ; sys_clk      ; sys_clk     ; 0.000        ; 0.037      ; 0.418      ;
; 0.297 ; g_spi_slave:spi_inst|tx_shift[5]  ; g_spi_slave:spi_inst|tx_shift[6]                                                                              ; sys_clk      ; sys_clk     ; 0.000        ; 0.036      ; 0.417      ;
; 0.298 ; g_spi_slave:spi_inst|rx_shift[16] ; g_spi_slave:spi_inst|rx_shift[17]                                                                             ; sys_clk      ; sys_clk     ; 0.000        ; 0.036      ; 0.418      ;
; 0.299 ; g_spi_slave:spi_inst|bit_count[2] ; g_spi_slave:spi_inst|bit_count[2]                                                                             ; sys_clk      ; sys_clk     ; 0.000        ; 0.037      ; 0.420      ;
; 0.300 ; g_spi_slave:spi_inst|bit_count[4] ; g_spi_slave:spi_inst|bit_count[4]                                                                             ; sys_clk      ; sys_clk     ; 0.000        ; 0.037      ; 0.421      ;
; 0.301 ; spi_tx_word[14]                   ; g_spi_slave:spi_inst|tx_shift[14]                                                                             ; sys_clk      ; sys_clk     ; 0.000        ; 0.036      ; 0.421      ;
; 0.302 ; spi_tx_word[11]                   ; g_spi_slave:spi_inst|tx_shift[11]                                                                             ; sys_clk      ; sys_clk     ; 0.000        ; 0.036      ; 0.422      ;
; 0.306 ; g_spi_slave:spi_inst|mosi_sync[1] ; g_spi_slave:spi_inst|rx_shift[0]                                                                              ; sys_clk      ; sys_clk     ; 0.000        ; 0.037      ; 0.427      ;
; 0.307 ; g_spi_slave:spi_inst|rx_shift[29] ; g_spi_slave:spi_inst|rx_shift[30]                                                                             ; sys_clk      ; sys_clk     ; 0.000        ; 0.037      ; 0.428      ;
; 0.309 ; g_spi_slave:spi_inst|rx_shift[10] ; g_spi_slave:spi_inst|rx_shift[11]                                                                             ; sys_clk      ; sys_clk     ; 0.000        ; 0.037      ; 0.430      ;
; 0.310 ; g_spi_slave:spi_inst|rx_shift[24] ; g_spi_slave:spi_inst|rx_shift[25]                                                                             ; sys_clk      ; sys_clk     ; 0.000        ; 0.036      ; 0.430      ;
+-------+-----------------------------------+---------------------------------------------------------------------------------------------------------------+--------------+-------------+--------------+------------+------------+


----------------------------------------------
; Fast 1200mV 0C Model Metastability Summary ;
----------------------------------------------
The design MTBF is not calculated because there are no specified synchronizers in the design.
Number of Synchronizer Chains Found: 3
Shortest Synchronizer Chain: 2 Registers
Fraction of Chains for which MTBFs Could Not be Calculated: 1.000
Worst Case Available Settling Time: 36.472 ns




+----------------------------------------------------------------------------------------------------------------------+
; Multicorner Timing Analysis Summary                                                                                  ;
+----------------------------------------------------------+--------+-------+----------+---------+---------------------+
; Clock                                                    ; Setup  ; Hold  ; Recovery ; Removal ; Minimum Pulse Width ;
+----------------------------------------------------------+--------+-------+----------+---------+---------------------+
; Worst-case Slack                                         ; 2.753  ; 0.112 ; N/A      ; N/A     ; 9.201               ;
;  my_pll_inst|altpll_component|auto_generated|pll1|clk[0] ; 2.753  ; 0.112 ; N/A      ; N/A     ; 9.530               ;
;  spi_sclk                                                ; N/A    ; N/A   ; N/A      ; N/A     ; 196.000             ;
;  sys_clk                                                 ; 12.511 ; 0.187 ; N/A      ; N/A     ; 9.201               ;
; Design-wide TNS                                          ; 0.0    ; 0.0   ; 0.0      ; 0.0     ; 0.0                 ;
;  my_pll_inst|altpll_component|auto_generated|pll1|clk[0] ; 0.000  ; 0.000 ; N/A      ; N/A     ; 0.000               ;
;  spi_sclk                                                ; N/A    ; N/A   ; N/A      ; N/A     ; 0.000               ;
;  sys_clk                                                 ; 0.000  ; 0.000 ; N/A      ; N/A     ; 0.000               ;
+----------------------------------------------------------+--------+-------+----------+---------+---------------------+


+------------------------------------------------------------------------------------------------------------------------------------------------------------------------------------------------------------------------------------------------------------------------------------------------------------------------------------------------------------------------------------------------------------------+
; Board Trace Model Assignments                                                                                                                                                                                                                                                                                                                                                                                    ;
+---------------+--------------+-------------------+-------------------------+-------------------------+---------------+---------------------+----------------+------------------+--------+------------------+------------------------+------------------------+--------------+---------------+-----------------+-------+---------------------+--------------------+---------------+-----------------+-------------+
; Pin           ; I/O Standard ; Near Tline Length ; Near Tline L per Length ; Near Tline C per Length ; Near Series R ; Near Differential R ; Near Pull-up R ; Near Pull-down R ; Near C ; Far Tline Length ; Far Tline L per Length ; Far Tline C per Length ; Far Series R ; Far Pull-up R ; Far Pull-down R ; Far C ; Termination Voltage ; Far Differential R ; EBD File Name ; EBD Signal Name ; EBD Far-end ;
+---------------+--------------+-------------------+-------------------------+-------------------------+---------------+---------------------+----------------+------------------+--------+------------------+------------------------+------------------------+--------------+---------------+-----------------+-------+---------------------+--------------------+---------------+-----------------+-------------+
; ad1_clk       ; 3.3-V LVTTL  ; 0 in              ; 0 H/in                  ; 0 F/in                  ; short         ; -                   ; open           ; open             ; open   ; 0 in             ; 0 H/in                 ; 0 F/in                 ; short        ; open          ; open            ; open  ; 0 V                 ; -                  ; n/a           ; n/a             ; n/a         ;
; ad2_clk       ; 3.3-V LVTTL  ; 0 in              ; 0 H/in                  ; 0 F/in                  ; short         ; -                   ; open           ; open             ; open   ; 0 in             ; 0 H/in                 ; 0 F/in                 ; short        ; open          ; open            ; open  ; 0 V                 ; -                  ; n/a           ; n/a             ; n/a         ;
; dac_dataA[0]  ; 3.3-V LVTTL  ; 0 in              ; 0 H/in                  ; 0 F/in                  ; short         ; -                   ; open           ; open             ; open   ; 0 in             ; 0 H/in                 ; 0 F/in                 ; short        ; open          ; open            ; open  ; 0 V                 ; -                  ; n/a           ; n/a             ; n/a         ;
; dac_dataA[1]  ; 3.3-V LVTTL  ; 0 in              ; 0 H/in                  ; 0 F/in                  ; short         ; -                   ; open           ; open             ; open   ; 0 in             ; 0 H/in                 ; 0 F/in                 ; short        ; open          ; open            ; open  ; 0 V                 ; -                  ; n/a           ; n/a             ; n/a         ;
; dac_dataA[2]  ; 3.3-V LVTTL  ; 0 in              ; 0 H/in                  ; 0 F/in                  ; short         ; -                   ; open           ; open             ; open   ; 0 in             ; 0 H/in                 ; 0 F/in                 ; short        ; open          ; open            ; open  ; 0 V                 ; -                  ; n/a           ; n/a             ; n/a         ;
; dac_dataA[3]  ; 3.3-V LVTTL  ; 0 in              ; 0 H/in                  ; 0 F/in                  ; short         ; -                   ; open           ; open             ; open   ; 0 in             ; 0 H/in                 ; 0 F/in                 ; short        ; open          ; open            ; open  ; 0 V                 ; -                  ; n/a           ; n/a             ; n/a         ;
; dac_dataA[4]  ; 3.3-V LVTTL  ; 0 in              ; 0 H/in                  ; 0 F/in                  ; short         ; -                   ; open           ; open             ; open   ; 0 in             ; 0 H/in                 ; 0 F/in                 ; short        ; open          ; open            ; open  ; 0 V                 ; -                  ; n/a           ; n/a             ; n/a         ;
; dac_dataA[5]  ; 3.3-V LVTTL  ; 0 in              ; 0 H/in                  ; 0 F/in                  ; short         ; -                   ; open           ; open             ; open   ; 0 in             ; 0 H/in                 ; 0 F/in                 ; short        ; open          ; open            ; open  ; 0 V                 ; -                  ; n/a           ; n/a             ; n/a         ;
; dac_dataA[6]  ; 3.3-V LVTTL  ; 0 in              ; 0 H/in                  ; 0 F/in                  ; short         ; -                   ; open           ; open             ; open   ; 0 in             ; 0 H/in                 ; 0 F/in                 ; short        ; open          ; open            ; open  ; 0 V                 ; -                  ; n/a           ; n/a             ; n/a         ;
; dac_dataA[7]  ; 3.3-V LVTTL  ; 0 in              ; 0 H/in                  ; 0 F/in                  ; short         ; -                   ; open           ; open             ; open   ; 0 in             ; 0 H/in                 ; 0 F/in                 ; short        ; open          ; open            ; open  ; 0 V                 ; -                  ; n/a           ; n/a             ; n/a         ;
; dac_dataA[8]  ; 3.3-V LVTTL  ; 0 in              ; 0 H/in                  ; 0 F/in                  ; short         ; -                   ; open           ; open             ; open   ; 0 in             ; 0 H/in                 ; 0 F/in                 ; short        ; open          ; open            ; open  ; 0 V                 ; -                  ; n/a           ; n/a             ; n/a         ;
; dac_dataA[9]  ; 3.3-V LVTTL  ; 0 in              ; 0 H/in                  ; 0 F/in                  ; short         ; -                   ; open           ; open             ; open   ; 0 in             ; 0 H/in                 ; 0 F/in                 ; short        ; open          ; open            ; open  ; 0 V                 ; -                  ; n/a           ; n/a             ; n/a         ;
; dac_dataA[10] ; 3.3-V LVTTL  ; 0 in              ; 0 H/in                  ; 0 F/in                  ; short         ; -                   ; open           ; open             ; open   ; 0 in             ; 0 H/in                 ; 0 F/in                 ; short        ; open          ; open            ; open  ; 0 V                 ; -                  ; n/a           ; n/a             ; n/a         ;
; dac_dataA[11] ; 3.3-V LVTTL  ; 0 in              ; 0 H/in                  ; 0 F/in                  ; short         ; -                   ; open           ; open             ; open   ; 0 in             ; 0 H/in                 ; 0 F/in                 ; short        ; open          ; open            ; open  ; 0 V                 ; -                  ; n/a           ; n/a             ; n/a         ;
; dac_dataA[12] ; 3.3-V LVTTL  ; 0 in              ; 0 H/in                  ; 0 F/in                  ; short         ; -                   ; open           ; open             ; open   ; 0 in             ; 0 H/in                 ; 0 F/in                 ; short        ; open          ; open            ; open  ; 0 V                 ; -                  ; n/a           ; n/a             ; n/a         ;
; dac_dataA[13] ; 3.3-V LVTTL  ; 0 in              ; 0 H/in                  ; 0 F/in                  ; short         ; -                   ; open           ; open             ; open   ; 0 in             ; 0 H/in                 ; 0 F/in                 ; short        ; open          ; open            ; open  ; 0 V                 ; -                  ; n/a           ; n/a             ; n/a         ;
; dac_clkA      ; 3.3-V LVTTL  ; 0 in              ; 0 H/in                  ; 0 F/in                  ; short         ; -                   ; open           ; open             ; open   ; 0 in             ; 0 H/in                 ; 0 F/in                 ; short        ; open          ; open            ; open  ; 0 V                 ; -                  ; n/a           ; n/a             ; n/a         ;
; dac_wrtA      ; 3.3-V LVTTL  ; 0 in              ; 0 H/in                  ; 0 F/in                  ; short         ; -                   ; open           ; open             ; open   ; 0 in             ; 0 H/in                 ; 0 F/in                 ; short        ; open          ; open            ; open  ; 0 V                 ; -                  ; n/a           ; n/a             ; n/a         ;
; dac_dataB[0]  ; 3.3-V LVTTL  ; 0 in              ; 0 H/in                  ; 0 F/in                  ; short         ; -                   ; open           ; open             ; open   ; 0 in             ; 0 H/in                 ; 0 F/in                 ; short        ; open          ; open            ; open  ; 0 V                 ; -                  ; n/a           ; n/a             ; n/a         ;
; dac_dataB[1]  ; 3.3-V LVTTL  ; 0 in              ; 0 H/in                  ; 0 F/in                  ; short         ; -                   ; open           ; open             ; open   ; 0 in             ; 0 H/in                 ; 0 F/in                 ; short        ; open          ; open            ; open  ; 0 V                 ; -                  ; n/a           ; n/a             ; n/a         ;
; dac_dataB[2]  ; 3.3-V LVTTL  ; 0 in              ; 0 H/in                  ; 0 F/in                  ; short         ; -                   ; open           ; open             ; open   ; 0 in             ; 0 H/in                 ; 0 F/in                 ; short        ; open          ; open            ; open  ; 0 V                 ; -                  ; n/a           ; n/a             ; n/a         ;
; dac_dataB[3]  ; 3.3-V LVTTL  ; 0 in              ; 0 H/in                  ; 0 F/in                  ; short         ; -                   ; open           ; open             ; open   ; 0 in             ; 0 H/in                 ; 0 F/in                 ; short        ; open          ; open            ; open  ; 0 V                 ; -                  ; n/a           ; n/a             ; n/a         ;
; dac_dataB[4]  ; 3.3-V LVTTL  ; 0 in              ; 0 H/in                  ; 0 F/in                  ; short         ; -                   ; open           ; open             ; open   ; 0 in             ; 0 H/in                 ; 0 F/in                 ; short        ; open          ; open            ; open  ; 0 V                 ; -                  ; n/a           ; n/a             ; n/a         ;
; dac_dataB[5]  ; 3.3-V LVTTL  ; 0 in              ; 0 H/in                  ; 0 F/in                  ; short         ; -                   ; open           ; open             ; open   ; 0 in             ; 0 H/in                 ; 0 F/in                 ; short        ; open          ; open            ; open  ; 0 V                 ; -                  ; n/a           ; n/a             ; n/a         ;
; dac_dataB[6]  ; 3.3-V LVTTL  ; 0 in              ; 0 H/in                  ; 0 F/in                  ; short         ; -                   ; open           ; open             ; open   ; 0 in             ; 0 H/in                 ; 0 F/in                 ; short        ; open          ; open            ; open  ; 0 V                 ; -                  ; n/a           ; n/a             ; n/a         ;
; dac_dataB[7]  ; 3.3-V LVTTL  ; 0 in              ; 0 H/in                  ; 0 F/in                  ; short         ; -                   ; open           ; open             ; open   ; 0 in             ; 0 H/in                 ; 0 F/in                 ; short        ; open          ; open            ; open  ; 0 V                 ; -                  ; n/a           ; n/a             ; n/a         ;
; dac_dataB[8]  ; 3.3-V LVTTL  ; 0 in              ; 0 H/in                  ; 0 F/in                  ; short         ; -                   ; open           ; open             ; open   ; 0 in             ; 0 H/in                 ; 0 F/in                 ; short        ; open          ; open            ; open  ; 0 V                 ; -                  ; n/a           ; n/a             ; n/a         ;
; dac_dataB[9]  ; 3.3-V LVTTL  ; 0 in              ; 0 H/in                  ; 0 F/in                  ; short         ; -                   ; open           ; open             ; open   ; 0 in             ; 0 H/in                 ; 0 F/in                 ; short        ; open          ; open            ; open  ; 0 V                 ; -                  ; n/a           ; n/a             ; n/a         ;
; dac_dataB[10] ; 3.3-V LVTTL  ; 0 in              ; 0 H/in                  ; 0 F/in                  ; short         ; -                   ; open           ; open             ; open   ; 0 in             ; 0 H/in                 ; 0 F/in                 ; short        ; open          ; open            ; open  ; 0 V                 ; -                  ; n/a           ; n/a             ; n/a         ;
; dac_dataB[11] ; 3.3-V LVTTL  ; 0 in              ; 0 H/in                  ; 0 F/in                  ; short         ; -                   ; open           ; open             ; open   ; 0 in             ; 0 H/in                 ; 0 F/in                 ; short        ; open          ; open            ; open  ; 0 V                 ; -                  ; n/a           ; n/a             ; n/a         ;
; dac_dataB[12] ; 3.3-V LVTTL  ; 0 in              ; 0 H/in                  ; 0 F/in                  ; short         ; -                   ; open           ; open             ; open   ; 0 in             ; 0 H/in                 ; 0 F/in                 ; short        ; open          ; open            ; open  ; 0 V                 ; -                  ; n/a           ; n/a             ; n/a         ;
; dac_dataB[13] ; 3.3-V LVTTL  ; 0 in              ; 0 H/in                  ; 0 F/in                  ; short         ; -                   ; open           ; open             ; open   ; 0 in             ; 0 H/in                 ; 0 F/in                 ; short        ; open          ; open            ; open  ; 0 V                 ; -                  ; n/a           ; n/a             ; n/a         ;
; dac_clkB      ; 3.3-V LVTTL  ; 0 in              ; 0 H/in                  ; 0 F/in                  ; short         ; -                   ; open           ; open             ; open   ; 0 in             ; 0 H/in                 ; 0 F/in                 ; short        ; open          ; open            ; open  ; 0 V                 ; -                  ; n/a           ; n/a             ; n/a         ;
; dac_wrtB      ; 3.3-V LVTTL  ; 0 in              ; 0 H/in                  ; 0 F/in                  ; short         ; -                   ; open           ; open             ; open   ; 0 in             ; 0 H/in                 ; 0 F/in                 ; short        ; open          ; open            ; open  ; 0 V                 ; -                  ; n/a           ; n/a             ; n/a         ;
; MISO          ; 3.3-V LVTTL  ; 0 in              ; 0 H/in                  ; 0 F/in                  ; short         ; -                   ; open           ; open             ; open   ; 0 in             ; 0 H/in                 ; 0 F/in                 ; short        ; open          ; open            ; open  ; 0 V                 ; -                  ; n/a           ; n/a             ; n/a         ;
; ~ALTERA_DCLK~ ; 3.3-V LVTTL  ; 0 in              ; 0 H/in                  ; 0 F/in                  ; short         ; -                   ; open           ; open             ; open   ; 0 in             ; 0 H/in                 ; 0 F/in                 ; short        ; open          ; open            ; open  ; 0 V                 ; -                  ; n/a           ; n/a             ; n/a         ;
; ~ALTERA_nCEO~ ; 2.5 V        ; 0 in              ; 0 H/in                  ; 0 F/in                  ; short         ; -                   ; open           ; open             ; open   ; 0 in             ; 0 H/in                 ; 0 F/in                 ; short        ; open          ; open            ; open  ; 0 V                 ; -                  ; n/a           ; n/a             ; n/a         ;
+---------------+--------------+-------------------+-------------------------+-------------------------+---------------+---------------------+----------------+------------------+--------+------------------+------------------------+------------------------+--------------+---------------+-----------------+-------+---------------------+--------------------+---------------+-----------------+-------------+


+----------------------------------------------------------------------------+
; Input Transition Times                                                     ;
+-------------------------+--------------+-----------------+-----------------+
; Pin                     ; I/O Standard ; 10-90 Rise Time ; 90-10 Fall Time ;
+-------------------------+--------------+-----------------+-----------------+
; ad2_in[0]               ; 3.3-V LVTTL  ; 2640 ps         ; 2640 ps         ;
; ad2_in[1]               ; 3.3-V LVTTL  ; 2640 ps         ; 2640 ps         ;
; ad2_in[2]               ; 3.3-V LVTTL  ; 2640 ps         ; 2640 ps         ;
; ad2_in[3]               ; 3.3-V LVTTL  ; 2640 ps         ; 2640 ps         ;
; ad2_in[4]               ; 3.3-V LVTTL  ; 2640 ps         ; 2640 ps         ;
; ad2_in[5]               ; 3.3-V LVTTL  ; 2640 ps         ; 2640 ps         ;
; ad2_in[6]               ; 3.3-V LVTTL  ; 2640 ps         ; 2640 ps         ;
; ad2_in[7]               ; 3.3-V LVTTL  ; 2640 ps         ; 2640 ps         ;
; ad2_in[8]               ; 3.3-V LVTTL  ; 2640 ps         ; 2640 ps         ;
; ad2_in[9]               ; 3.3-V LVTTL  ; 2640 ps         ; 2640 ps         ;
; ad2_in[10]              ; 3.3-V LVTTL  ; 2640 ps         ; 2640 ps         ;
; ad2_in[11]              ; 3.3-V LVTTL  ; 2640 ps         ; 2640 ps         ;
; sys_clk                 ; 3.3-V LVTTL  ; 2640 ps         ; 2640 ps         ;
; sys_rst_n               ; 3.3-V LVTTL  ; 2640 ps         ; 2640 ps         ;
; SCLK_R                  ; 3.3-V LVTTL  ; 2640 ps         ; 2640 ps         ;
; SPI_CS_R                ; 3.3-V LVTTL  ; 2640 ps         ; 2640 ps         ;
; MOSI                    ; 3.3-V LVTTL  ; 2640 ps         ; 2640 ps         ;
; ad1_in[9]               ; 3.3-V LVTTL  ; 2640 ps         ; 2640 ps         ;
; ad1_in[8]               ; 3.3-V LVTTL  ; 2640 ps         ; 2640 ps         ;
; ad1_in[7]               ; 3.3-V LVTTL  ; 2640 ps         ; 2640 ps         ;
; ad1_in[6]               ; 3.3-V LVTTL  ; 2640 ps         ; 2640 ps         ;
; ad1_in[5]               ; 3.3-V LVTTL  ; 2640 ps         ; 2640 ps         ;
; ad1_in[4]               ; 3.3-V LVTTL  ; 2640 ps         ; 2640 ps         ;
; ad1_in[3]               ; 3.3-V LVTTL  ; 2640 ps         ; 2640 ps         ;
; ad1_in[2]               ; 3.3-V LVTTL  ; 2640 ps         ; 2640 ps         ;
; ad1_in[1]               ; 3.3-V LVTTL  ; 2640 ps         ; 2640 ps         ;
; ad1_in[0]               ; 3.3-V LVTTL  ; 2640 ps         ; 2640 ps         ;
; ad1_in[10]              ; 3.3-V LVTTL  ; 2640 ps         ; 2640 ps         ;
; ad1_in[11]              ; 3.3-V LVTTL  ; 2640 ps         ; 2640 ps         ;
; ~ALTERA_ASDO_DATA1~     ; 3.3-V LVTTL  ; 2640 ps         ; 2640 ps         ;
; ~ALTERA_FLASH_nCE_nCSO~ ; 3.3-V LVTTL  ; 2640 ps         ; 2640 ps         ;
; ~ALTERA_DATA0~          ; 3.3-V LVTTL  ; 2640 ps         ; 2640 ps         ;
+-------------------------+--------------+-----------------+-----------------+


+--------------------------------------------------------------------------------------------------------------------------------------------------------------------------------------------------------------------------------------------------------------------------------------------------------------------------------------------------------------------------------------------------------------------------------------------------------------------------------------------------------------------------------------------------------------------------------------------------------------------------------------------------------------------------------------------+
; Signal Integrity Metrics (Slow 1200mv 0c Model)                                                                                                                                                                                                                                                                                                                                                                                                                                                                                                                                                                                                                                            ;
+---------------+--------------+---------------------+---------------------+------------------------------+------------------------------+---------------------+---------------------+--------------------------------------+--------------------------------------+-----------------------------+-----------------------------+----------------------------+----------------------------+-----------------------------+-----------------------------+--------------------+--------------------+-------------------------------------+-------------------------------------+----------------------------+----------------------------+---------------------------+---------------------------+
; Pin           ; I/O Standard ; Board Delay on Rise ; Board Delay on Fall ; Steady State Voh at FPGA Pin ; Steady State Vol at FPGA Pin ; Voh Max at FPGA Pin ; Vol Min at FPGA Pin ; Ringback Voltage on Rise at FPGA Pin ; Ringback Voltage on Fall at FPGA Pin ; 10-90 Rise Time at FPGA Pin ; 90-10 Fall Time at FPGA Pin ; Monotonic Rise at FPGA Pin ; Monotonic Fall at FPGA Pin ; Steady State Voh at Far-end ; Steady State Vol at Far-end ; Voh Max at Far-end ; Vol Min at Far-end ; Ringback Voltage on Rise at Far-end ; Ringback Voltage on Fall at Far-end ; 10-90 Rise Time at Far-end ; 90-10 Fall Time at Far-end ; Monotonic Rise at Far-end ; Monotonic Fall at Far-end ;
+---------------+--------------+---------------------+---------------------+------------------------------+------------------------------+---------------------+---------------------+--------------------------------------+--------------------------------------+-----------------------------+-----------------------------+----------------------------+----------------------------+-----------------------------+-----------------------------+--------------------+--------------------+-------------------------------------+-------------------------------------+----------------------------+----------------------------+---------------------------+---------------------------+
; ad1_clk       ; 3.3-V LVTTL  ; 0 s                 ; 0 s                 ; 3.08 V                       ; 6.38e-09 V                   ; 3.09 V              ; -0.011 V            ; 0.226 V                              ; 0.296 V                              ; 4.86e-09 s                  ; 3.55e-09 s                  ; Yes                        ; Yes                        ; 3.08 V                      ; 6.38e-09 V                  ; 3.09 V             ; -0.011 V           ; 0.226 V                             ; 0.296 V                             ; 4.86e-09 s                 ; 3.55e-09 s                 ; Yes                       ; Yes                       ;
; ad2_clk       ; 3.3-V LVTTL  ; 0 s                 ; 0 s                 ; 3.08 V                       ; 6.38e-09 V                   ; 3.13 V              ; -0.117 V            ; 0.15 V                               ; 0.263 V                              ; 6.31e-10 s                  ; 4.46e-10 s                  ; No                         ; No                         ; 3.08 V                      ; 6.38e-09 V                  ; 3.13 V             ; -0.117 V           ; 0.15 V                              ; 0.263 V                             ; 6.31e-10 s                 ; 4.46e-10 s                 ; No                        ; No                        ;
; dac_dataA[0]  ; 3.3-V LVTTL  ; 0 s                 ; 0 s                 ; 3.08 V                       ; 8.89e-09 V                   ; 3.12 V              ; -0.11 V             ; 0.153 V                              ; 0.272 V                              ; 6.41e-10 s                  ; 4.57e-10 s                  ; No                         ; Yes                        ; 3.08 V                      ; 8.89e-09 V                  ; 3.12 V             ; -0.11 V            ; 0.153 V                             ; 0.272 V                             ; 6.41e-10 s                 ; 4.57e-10 s                 ; No                        ; Yes                       ;
; dac_dataA[1]  ; 3.3-V LVTTL  ; 0 s                 ; 0 s                 ; 3.08 V                       ; 8.89e-09 V                   ; 3.12 V              ; -0.11 V             ; 0.153 V                              ; 0.272 V                              ; 6.41e-10 s                  ; 4.57e-10 s                  ; No                         ; Yes                        ; 3.08 V                      ; 8.89e-09 V                  ; 3.12 V             ; -0.11 V            ; 0.153 V                             ; 0.272 V                             ; 6.41e-10 s                 ; 4.57e-10 s                 ; No                        ; Yes                       ;
; dac_dataA[2]  ; 3.3-V LVTTL  ; 0 s                 ; 0 s                 ; 3.08 V                       ; 8.89e-09 V                   ; 3.12 V              ; -0.11 V             ; 0.153 V                              ; 0.272 V                              ; 6.41e-10 s                  ; 4.57e-10 s                  ; No                         ; Yes                        ; 3.08 V                      ; 8.89e-09 V                  ; 3.12 V             ; -0.11 V            ; 0.153 V                             ; 0.272 V                             ; 6.41e-10 s                 ; 4.57e-10 s                 ; No                        ; Yes                       ;
; dac_dataA[3]  ; 3.3-V LVTTL  ; 0 s                 ; 0 s                 ; 3.08 V                       ; 6.38e-09 V                   ; 3.13 V              ; -0.117 V            ; 0.15 V                               ; 0.263 V                              ; 6.31e-10 s                  ; 4.46e-10 s                  ; No                         ; No                         ; 3.08 V                      ; 6.38e-09 V                  ; 3.13 V             ; -0.117 V           ; 0.15 V                              ; 0.263 V                             ; 6.31e-10 s                 ; 4.46e-10 s                 ; No                        ; No                        ;
; dac_dataA[4]  ; 3.3-V LVTTL  ; 0 s                 ; 0 s                 ; 3.08 V                       ; 6.38e-09 V                   ; 3.13 V              ; -0.117 V            ; 0.15 V                               ; 0.263 V                              ; 6.31e-10 s                  ; 4.46e-10 s                  ; No                         ; No                         ; 3.08 V                      ; 6.38e-09 V                  ; 3.13 V             ; -0.117 V           ; 0.15 V                              ; 0.263 V                             ; 6.31e-10 s                 ; 4.46e-10 s                 ; No                        ; No                        ;
; dac_dataA[5]  ; 3.3-V LVTTL  ; 0 s                 ; 0 s                 ; 3.08 V                       ; 6.38e-09 V                   ; 3.13 V              ; -0.117 V            ; 0.15 V                               ; 0.263 V                              ; 6.31e-10 s                  ; 4.46e-10 s                  ; No                         ; No                         ; 3.08 V                      ; 6.38e-09 V                  ; 3.13 V             ; -0.117 V           ; 0.15 V                              ; 0.263 V                             ; 6.31e-10 s                 ; 4.46e-10 s                 ; No                        ; No                        ;
; dac_dataA[6]  ; 3.3-V LVTTL  ; 0 s                 ; 0 s                 ; 3.08 V                       ; 6.38e-09 V                   ; 3.13 V              ; -0.117 V            ; 0.15 V                               ; 0.263 V                              ; 6.31e-10 s                  ; 4.46e-10 s                  ; No                         ; No                         ; 3.08 V                      ; 6.38e-09 V                  ; 3.13 V             ; -0.117 V           ; 0.15 V                              ; 0.263 V                             ; 6.31e-10 s                 ; 4.46e-10 s                 ; No                        ; No                        ;
; dac_dataA[7]  ; 3.3-V LVTTL  ; 0 s                 ; 0 s                 ; 3.08 V                       ; 6.38e-09 V                   ; 3.13 V              ; -0.117 V            ; 0.15 V                               ; 0.263 V                              ; 6.31e-10 s                  ; 4.46e-10 s                  ; No                         ; No                         ; 3.08 V                      ; 6.38e-09 V                  ; 3.13 V             ; -0.117 V           ; 0.15 V                              ; 0.263 V                             ; 6.31e-10 s                 ; 4.46e-10 s                 ; No                        ; No                        ;
; dac_dataA[8]  ; 3.3-V LVTTL  ; 0 s                 ; 0 s                 ; 3.08 V                       ; 6.38e-09 V                   ; 3.09 V              ; -0.011 V            ; 0.226 V                              ; 0.296 V                              ; 4.86e-09 s                  ; 3.55e-09 s                  ; Yes                        ; Yes                        ; 3.08 V                      ; 6.38e-09 V                  ; 3.09 V             ; -0.011 V           ; 0.226 V                             ; 0.296 V                             ; 4.86e-09 s                 ; 3.55e-09 s                 ; Yes                       ; Yes                       ;
; dac_dataA[9]  ; 3.3-V LVTTL  ; 0 s                 ; 0 s                 ; 3.08 V                       ; 6.38e-09 V                   ; 3.13 V              ; -0.117 V            ; 0.15 V                               ; 0.263 V                              ; 6.31e-10 s                  ; 4.46e-10 s                  ; No                         ; No                         ; 3.08 V                      ; 6.38e-09 V                  ; 3.13 V             ; -0.117 V           ; 0.15 V                              ; 0.263 V                             ; 6.31e-10 s                 ; 4.46e-10 s                 ; No                        ; No                        ;
; dac_dataA[10] ; 3.3-V LVTTL  ; 0 s                 ; 0 s                 ; 3.08 V                       ; 6.38e-09 V                   ; 3.12 V              ; -0.0818 V           ; 0.205 V                              ; 0.244 V                              ; 8.86e-10 s                  ; 6.56e-10 s                  ; No                         ; No                         ; 3.08 V                      ; 6.38e-09 V                  ; 3.12 V             ; -0.0818 V          ; 0.205 V                             ; 0.244 V                             ; 8.86e-10 s                 ; 6.56e-10 s                 ; No                        ; No                        ;
; dac_dataA[11] ; 3.3-V LVTTL  ; 0 s                 ; 0 s                 ; 3.08 V                       ; 6.38e-09 V                   ; 3.12 V              ; -0.0818 V           ; 0.205 V                              ; 0.244 V                              ; 8.86e-10 s                  ; 6.56e-10 s                  ; No                         ; No                         ; 3.08 V                      ; 6.38e-09 V                  ; 3.12 V             ; -0.0818 V          ; 0.205 V                             ; 0.244 V                             ; 8.86e-10 s                 ; 6.56e-10 s                 ; No                        ; No                        ;
; dac_dataA[12] ; 3.3-V LVTTL  ; 0 s                 ; 0 s                 ; 3.08 V                       ; 6.38e-09 V                   ; 3.12 V              ; -0.0818 V           ; 0.205 V                              ; 0.244 V                              ; 8.86e-10 s                  ; 6.56e-10 s                  ; No                         ; No                         ; 3.08 V                      ; 6.38e-09 V                  ; 3.12 V             ; -0.0818 V          ; 0.205 V                             ; 0.244 V                             ; 8.86e-10 s                 ; 6.56e-10 s                 ; No                        ; No                        ;
; dac_dataA[13] ; 3.3-V LVTTL  ; 0 s                 ; 0 s                 ; 3.08 V                       ; 6.38e-09 V                   ; 3.12 V              ; -0.0818 V           ; 0.205 V                              ; 0.244 V                              ; 8.86e-10 s                  ; 6.56e-10 s                  ; No                         ; No                         ; 3.08 V                      ; 6.38e-09 V                  ; 3.12 V             ; -0.0818 V          ; 0.205 V                             ; 0.244 V                             ; 8.86e-10 s                 ; 6.56e-10 s                 ; No                        ; No                        ;
; dac_clkA      ; 3.3-V LVTTL  ; 0 s                 ; 0 s                 ; 3.08 V                       ; 8.89e-09 V                   ; 3.12 V              ; -0.11 V             ; 0.153 V                              ; 0.272 V                              ; 6.41e-10 s                  ; 4.57e-10 s                  ; No                         ; Yes                        ; 3.08 V                      ; 8.89e-09 V                  ; 3.12 V             ; -0.11 V            ; 0.153 V                             ; 0.272 V                             ; 6.41e-10 s                 ; 4.57e-10 s                 ; No                        ; Yes                       ;
; dac_wrtA      ; 3.3-V LVTTL  ; 0 s                 ; 0 s                 ; 3.08 V                       ; 8.89e-09 V                   ; 3.12 V              ; -0.11 V             ; 0.153 V                              ; 0.272 V                              ; 6.41e-10 s                  ; 4.57e-10 s                  ; No                         ; Yes                        ; 3.08 V                      ; 8.89e-09 V                  ; 3.12 V             ; -0.11 V            ; 0.153 V                             ; 0.272 V                             ; 6.41e-10 s                 ; 4.57e-10 s                 ; No                        ; Yes                       ;
; dac_dataB[0]  ; 3.3-V LVTTL  ; 0 s                 ; 0 s                 ; 3.08 V                       ; 8.89e-09 V                   ; 3.12 V              ; -0.11 V             ; 0.153 V                              ; 0.272 V                              ; 6.41e-10 s                  ; 4.57e-10 s                  ; No                         ; Yes                        ; 3.08 V                      ; 8.89e-09 V                  ; 3.12 V             ; -0.11 V            ; 0.153 V                             ; 0.272 V                             ; 6.41e-10 s                 ; 4.57e-10 s                 ; No                        ; Yes                       ;
; dac_dataB[1]  ; 3.3-V LVTTL  ; 0 s                 ; 0 s                 ; 3.08 V                       ; 8.89e-09 V                   ; 3.09 V              ; -0.011 V            ; 0.196 V                              ; 0.301 V                              ; 4.93e-09 s                  ; 3.56e-09 s                  ; Yes                        ; Yes                        ; 3.08 V                      ; 8.89e-09 V                  ; 3.09 V             ; -0.011 V           ; 0.196 V                             ; 0.301 V                             ; 4.93e-09 s                 ; 3.56e-09 s                 ; Yes                       ; Yes                       ;
; dac_dataB[2]  ; 3.3-V LVTTL  ; 0 s                 ; 0 s                 ; 3.08 V                       ; 8.89e-09 V                   ; 3.12 V              ; -0.11 V             ; 0.153 V                              ; 0.272 V                              ; 6.41e-10 s                  ; 4.57e-10 s                  ; No                         ; Yes                        ; 3.08 V                      ; 8.89e-09 V                  ; 3.12 V             ; -0.11 V            ; 0.153 V                             ; 0.272 V                             ; 6.41e-10 s                 ; 4.57e-10 s                 ; No                        ; Yes                       ;
; dac_dataB[3]  ; 3.3-V LVTTL  ; 0 s                 ; 0 s                 ; 3.08 V                       ; 8.89e-09 V                   ; 3.12 V              ; -0.11 V             ; 0.153 V                              ; 0.272 V                              ; 6.41e-10 s                  ; 4.57e-10 s                  ; No                         ; Yes                        ; 3.08 V                      ; 8.89e-09 V                  ; 3.12 V             ; -0.11 V            ; 0.153 V                             ; 0.272 V                             ; 6.41e-10 s                 ; 4.57e-10 s                 ; No                        ; Yes                       ;
; dac_dataB[4]  ; 3.3-V LVTTL  ; 0 s                 ; 0 s                 ; 3.08 V                       ; 8.89e-09 V                   ; 3.12 V              ; -0.11 V             ; 0.153 V                              ; 0.272 V                              ; 6.41e-10 s                  ; 4.57e-10 s                  ; No                         ; Yes                        ; 3.08 V                      ; 8.89e-09 V                  ; 3.12 V             ; -0.11 V            ; 0.153 V                             ; 0.272 V                             ; 6.41e-10 s                 ; 4.57e-10 s                 ; No                        ; Yes                       ;
; dac_dataB[5]  ; 3.3-V LVTTL  ; 0 s                 ; 0 s                 ; 3.08 V                       ; 8.89e-09 V                   ; 3.12 V              ; -0.11 V             ; 0.153 V                              ; 0.272 V                              ; 6.41e-10 s                  ; 4.57e-10 s                  ; No                         ; Yes                        ; 3.08 V                      ; 8.89e-09 V                  ; 3.12 V             ; -0.11 V            ; 0.153 V                             ; 0.272 V                             ; 6.41e-10 s                 ; 4.57e-10 s                 ; No                        ; Yes                       ;
; dac_dataB[6]  ; 3.3-V LVTTL  ; 0 s                 ; 0 s                 ; 3.08 V                       ; 8.89e-09 V                   ; 3.12 V              ; -0.11 V             ; 0.153 V                              ; 0.272 V                              ; 6.41e-10 s                  ; 4.57e-10 s                  ; No                         ; Yes                        ; 3.08 V                      ; 8.89e-09 V                  ; 3.12 V             ; -0.11 V            ; 0.153 V                             ; 0.272 V                             ; 6.41e-10 s                 ; 4.57e-10 s                 ; No                        ; Yes                       ;
; dac_dataB[7]  ; 3.3-V LVTTL  ; 0 s                 ; 0 s                 ; 3.08 V                       ; 8.89e-09 V                   ; 3.12 V              ; -0.11 V             ; 0.153 V                              ; 0.272 V                              ; 6.41e-10 s                  ; 4.57e-10 s                  ; No                         ; Yes                        ; 3.08 V                      ; 8.89e-09 V                  ; 3.12 V             ; -0.11 V            ; 0.153 V                             ; 0.272 V                             ; 6.41e-10 s                 ; 4.57e-10 s                 ; No                        ; Yes                       ;
; dac_dataB[8]  ; 3.3-V LVTTL  ; 0 s                 ; 0 s                 ; 3.08 V                       ; 8.89e-09 V                   ; 3.12 V              ; -0.11 V             ; 0.153 V                              ; 0.272 V                              ; 6.41e-10 s                  ; 4.57e-10 s                  ; No                         ; Yes                        ; 3.08 V                      ; 8.89e-09 V                  ; 3.12 V             ; -0.11 V            ; 0.153 V                             ; 0.272 V                             ; 6.41e-10 s                 ; 4.57e-10 s                 ; No                        ; Yes                       ;
; dac_dataB[9]  ; 3.3-V LVTTL  ; 0 s                 ; 0 s                 ; 3.08 V                       ; 8.89e-09 V                   ; 3.12 V              ; -0.11 V             ; 0.153 V                              ; 0.272 V                              ; 6.41e-10 s                  ; 4.57e-10 s                  ; No                         ; Yes                        ; 3.08 V                      ; 8.89e-09 V                  ; 3.12 V             ; -0.11 V            ; 0.153 V                             ; 0.272 V                             ; 6.41e-10 s                 ; 4.57e-10 s                 ; No                        ; Yes                       ;
; dac_dataB[10] ; 3.3-V LVTTL  ; 0 s                 ; 0 s                 ; 3.08 V                       ; 8.89e-09 V                   ; 3.12 V              ; -0.11 V             ; 0.153 V                              ; 0.272 V                              ; 6.41e-10 s                  ; 4.57e-10 s                  ; No                         ; Yes                        ; 3.08 V                      ; 8.89e-09 V                  ; 3.12 V             ; -0.11 V            ; 0.153 V                             ; 0.272 V                             ; 6.41e-10 s                 ; 4.57e-10 s                 ; No                        ; Yes                       ;
; dac_dataB[11] ; 3.3-V LVTTL  ; 0 s                 ; 0 s                 ; 3.08 V                       ; 8.89e-09 V                   ; 3.12 V              ; -0.11 V             ; 0.153 V                              ; 0.272 V                              ; 6.41e-10 s                  ; 4.57e-10 s                  ; No                         ; Yes                        ; 3.08 V                      ; 8.89e-09 V                  ; 3.12 V             ; -0.11 V            ; 0.153 V                             ; 0.272 V                             ; 6.41e-10 s                 ; 4.57e-10 s                 ; No                        ; Yes                       ;
; dac_dataB[12] ; 3.3-V LVTTL  ; 0 s                 ; 0 s                 ; 3.08 V                       ; 8.89e-09 V                   ; 3.12 V              ; -0.11 V             ; 0.153 V                              ; 0.272 V                              ; 6.41e-10 s                  ; 4.57e-10 s                  ; No                         ; Yes                        ; 3.08 V                      ; 8.89e-09 V                  ; 3.12 V             ; -0.11 V            ; 0.153 V                             ; 0.272 V                             ; 6.41e-10 s                 ; 4.57e-10 s                 ; No                        ; Yes                       ;
; dac_dataB[13] ; 3.3-V LVTTL  ; 0 s                 ; 0 s                 ; 3.08 V                       ; 8.89e-09 V                   ; 3.09 V              ; -0.011 V            ; 0.196 V                              ; 0.301 V                              ; 4.93e-09 s                  ; 3.56e-09 s                  ; Yes                        ; Yes                        ; 3.08 V                      ; 8.89e-09 V                  ; 3.09 V             ; -0.011 V           ; 0.196 V                             ; 0.301 V                             ; 4.93e-09 s                 ; 3.56e-09 s                 ; Yes                       ; Yes                       ;
; dac_clkB      ; 3.3-V LVTTL  ; 0 s                 ; 0 s                 ; 3.08 V                       ; 8.89e-09 V                   ; 3.12 V              ; -0.11 V             ; 0.153 V                              ; 0.272 V                              ; 6.41e-10 s                  ; 4.57e-10 s                  ; No                         ; Yes                        ; 3.08 V                      ; 8.89e-09 V                  ; 3.12 V             ; -0.11 V            ; 0.153 V                             ; 0.272 V                             ; 6.41e-10 s                 ; 4.57e-10 s                 ; No                        ; Yes                       ;
; dac_wrtB      ; 3.3-V LVTTL  ; 0 s                 ; 0 s                 ; 3.08 V                       ; 8.89e-09 V                   ; 3.12 V              ; -0.11 V             ; 0.153 V                              ; 0.272 V                              ; 6.41e-10 s                  ; 4.57e-10 s                  ; No                         ; Yes                        ; 3.08 V                      ; 8.89e-09 V                  ; 3.12 V             ; -0.11 V            ; 0.153 V                             ; 0.272 V                             ; 6.41e-10 s                 ; 4.57e-10 s                 ; No                        ; Yes                       ;
; MISO          ; 3.3-V LVTTL  ; 0 s                 ; 0 s                 ; 3.08 V                       ; 6.38e-09 V                   ; 3.09 V              ; -0.011 V            ; 0.226 V                              ; 0.296 V                              ; 4.86e-09 s                  ; 3.55e-09 s                  ; Yes                        ; Yes                        ; 3.08 V                      ; 6.38e-09 V                  ; 3.09 V             ; -0.011 V           ; 0.226 V                             ; 0.296 V                             ; 4.86e-09 s                 ; 3.55e-09 s                 ; Yes                       ; Yes                       ;
; ~ALTERA_DCLK~ ; 3.3-V LVTTL  ; 0 s                 ; 0 s                 ; 3.08 V                       ; 3.51e-09 V                   ; 3.18 V              ; -0.157 V            ; 0.147 V                              ; 0.259 V                              ; 2.81e-10 s                  ; 2.53e-10 s                  ; Yes                        ; Yes                        ; 3.08 V                      ; 3.51e-09 V                  ; 3.18 V             ; -0.157 V           ; 0.147 V                             ; 0.259 V                             ; 2.81e-10 s                 ; 2.53e-10 s                 ; Yes                       ; Yes                       ;
; ~ALTERA_nCEO~ ; 2.5 V        ; 0 s                 ; 0 s                 ; 2.32 V                       ; 2.57e-09 V                   ; 2.37 V              ; -0.00683 V          ; 0.171 V                              ; 0.018 V                              ; 4.97e-10 s                  ; 6.66e-10 s                  ; Yes                        ; Yes                        ; 2.32 V                      ; 2.57e-09 V                  ; 2.37 V             ; -0.00683 V         ; 0.171 V                             ; 0.018 V                             ; 4.97e-10 s                 ; 6.66e-10 s                 ; Yes                       ; Yes                       ;
+---------------+--------------+---------------------+---------------------+------------------------------+------------------------------+---------------------+---------------------+--------------------------------------+--------------------------------------+-----------------------------+-----------------------------+----------------------------+----------------------------+-----------------------------+-----------------------------+--------------------+--------------------+-------------------------------------+-------------------------------------+----------------------------+----------------------------+---------------------------+---------------------------+


+--------------------------------------------------------------------------------------------------------------------------------------------------------------------------------------------------------------------------------------------------------------------------------------------------------------------------------------------------------------------------------------------------------------------------------------------------------------------------------------------------------------------------------------------------------------------------------------------------------------------------------------------------------------------------------------------+
; Signal Integrity Metrics (Slow 1200mv 85c Model)                                                                                                                                                                                                                                                                                                                                                                                                                                                                                                                                                                                                                                           ;
+---------------+--------------+---------------------+---------------------+------------------------------+------------------------------+---------------------+---------------------+--------------------------------------+--------------------------------------+-----------------------------+-----------------------------+----------------------------+----------------------------+-----------------------------+-----------------------------+--------------------+--------------------+-------------------------------------+-------------------------------------+----------------------------+----------------------------+---------------------------+---------------------------+
; Pin           ; I/O Standard ; Board Delay on Rise ; Board Delay on Fall ; Steady State Voh at FPGA Pin ; Steady State Vol at FPGA Pin ; Voh Max at FPGA Pin ; Vol Min at FPGA Pin ; Ringback Voltage on Rise at FPGA Pin ; Ringback Voltage on Fall at FPGA Pin ; 10-90 Rise Time at FPGA Pin ; 90-10 Fall Time at FPGA Pin ; Monotonic Rise at FPGA Pin ; Monotonic Fall at FPGA Pin ; Steady State Voh at Far-end ; Steady State Vol at Far-end ; Voh Max at Far-end ; Vol Min at Far-end ; Ringback Voltage on Rise at Far-end ; Ringback Voltage on Fall at Far-end ; 10-90 Rise Time at Far-end ; 90-10 Fall Time at Far-end ; Monotonic Rise at Far-end ; Monotonic Fall at Far-end ;
+---------------+--------------+---------------------+---------------------+------------------------------+------------------------------+---------------------+---------------------+--------------------------------------+--------------------------------------+-----------------------------+-----------------------------+----------------------------+----------------------------+-----------------------------+-----------------------------+--------------------+--------------------+-------------------------------------+-------------------------------------+----------------------------+----------------------------+---------------------------+---------------------------+
; ad1_clk       ; 3.3-V LVTTL  ; 0 s                 ; 0 s                 ; 3.08 V                       ; 5.04e-07 V                   ; 3.08 V              ; -0.0053 V           ; 0.206 V                              ; 0.247 V                              ; 5.77e-09 s                  ; 4.45e-09 s                  ; Yes                        ; Yes                        ; 3.08 V                      ; 5.04e-07 V                  ; 3.08 V             ; -0.0053 V          ; 0.206 V                             ; 0.247 V                             ; 5.77e-09 s                 ; 4.45e-09 s                 ; Yes                       ; Yes                       ;
; ad2_clk       ; 3.3-V LVTTL  ; 0 s                 ; 0 s                 ; 3.08 V                       ; 5.04e-07 V                   ; 3.11 V              ; -0.0624 V           ; 0.233 V                              ; 0.172 V                              ; 6.86e-10 s                  ; 6.33e-10 s                  ; Yes                        ; No                         ; 3.08 V                      ; 5.04e-07 V                  ; 3.11 V             ; -0.0624 V          ; 0.233 V                             ; 0.172 V                             ; 6.86e-10 s                 ; 6.33e-10 s                 ; Yes                       ; No                        ;
; dac_dataA[0]  ; 3.3-V LVTTL  ; 0 s                 ; 0 s                 ; 3.08 V                       ; 7.5e-07 V                    ; 3.11 V              ; -0.0503 V           ; 0.122 V                              ; 0.172 V                              ; 7.08e-10 s                  ; 6.43e-10 s                  ; Yes                        ; Yes                        ; 3.08 V                      ; 7.5e-07 V                   ; 3.11 V             ; -0.0503 V          ; 0.122 V                             ; 0.172 V                             ; 7.08e-10 s                 ; 6.43e-10 s                 ; Yes                       ; Yes                       ;
; dac_dataA[1]  ; 3.3-V LVTTL  ; 0 s                 ; 0 s                 ; 3.08 V                       ; 7.5e-07 V                    ; 3.11 V              ; -0.0503 V           ; 0.122 V                              ; 0.172 V                              ; 7.08e-10 s                  ; 6.43e-10 s                  ; Yes                        ; Yes                        ; 3.08 V                      ; 7.5e-07 V                   ; 3.11 V             ; -0.0503 V          ; 0.122 V                             ; 0.172 V                             ; 7.08e-10 s                 ; 6.43e-10 s                 ; Yes                       ; Yes                       ;
; dac_dataA[2]  ; 3.3-V LVTTL  ; 0 s                 ; 0 s                 ; 3.08 V                       ; 7.5e-07 V                    ; 3.11 V              ; -0.0503 V           ; 0.122 V                              ; 0.172 V                              ; 7.08e-10 s                  ; 6.43e-10 s                  ; Yes                        ; Yes                        ; 3.08 V                      ; 7.5e-07 V                   ; 3.11 V             ; -0.0503 V          ; 0.122 V                             ; 0.172 V                             ; 7.08e-10 s                 ; 6.43e-10 s                 ; Yes                       ; Yes                       ;
; dac_dataA[3]  ; 3.3-V LVTTL  ; 0 s                 ; 0 s                 ; 3.08 V                       ; 5.04e-07 V                   ; 3.11 V              ; -0.0624 V           ; 0.233 V                              ; 0.172 V                              ; 6.86e-10 s                  ; 6.33e-10 s                  ; Yes                        ; No                         ; 3.08 V                      ; 5.04e-07 V                  ; 3.11 V             ; -0.0624 V          ; 0.233 V                             ; 0.172 V                             ; 6.86e-10 s                 ; 6.33e-10 s                 ; Yes                       ; No                        ;
; dac_dataA[4]  ; 3.3-V LVTTL  ; 0 s                 ; 0 s                 ; 3.08 V                       ; 5.04e-07 V                   ; 3.11 V              ; -0.0624 V           ; 0.233 V                              ; 0.172 V                              ; 6.86e-10 s                  ; 6.33e-10 s                  ; Yes                        ; No                         ; 3.08 V                      ; 5.04e-07 V                  ; 3.11 V             ; -0.0624 V          ; 0.233 V                             ; 0.172 V                             ; 6.86e-10 s                 ; 6.33e-10 s                 ; Yes                       ; No                        ;
; dac_dataA[5]  ; 3.3-V LVTTL  ; 0 s                 ; 0 s                 ; 3.08 V                       ; 5.04e-07 V                   ; 3.11 V              ; -0.0624 V           ; 0.233 V                              ; 0.172 V                              ; 6.86e-10 s                  ; 6.33e-10 s                  ; Yes                        ; No                         ; 3.08 V                      ; 5.04e-07 V                  ; 3.11 V             ; -0.0624 V          ; 0.233 V                             ; 0.172 V                             ; 6.86e-10 s                 ; 6.33e-10 s                 ; Yes                       ; No                        ;
; dac_dataA[6]  ; 3.3-V LVTTL  ; 0 s                 ; 0 s                 ; 3.08 V                       ; 5.04e-07 V                   ; 3.11 V              ; -0.0624 V           ; 0.233 V                              ; 0.172 V                              ; 6.86e-10 s                  ; 6.33e-10 s                  ; Yes                        ; No                         ; 3.08 V                      ; 5.04e-07 V                  ; 3.11 V             ; -0.0624 V          ; 0.233 V                             ; 0.172 V                             ; 6.86e-10 s                 ; 6.33e-10 s                 ; Yes                       ; No                        ;
; dac_dataA[7]  ; 3.3-V LVTTL  ; 0 s                 ; 0 s                 ; 3.08 V                       ; 5.04e-07 V                   ; 3.11 V              ; -0.0624 V           ; 0.233 V                              ; 0.172 V                              ; 6.86e-10 s                  ; 6.33e-10 s                  ; Yes                        ; No                         ; 3.08 V                      ; 5.04e-07 V                  ; 3.11 V             ; -0.0624 V          ; 0.233 V                             ; 0.172 V                             ; 6.86e-10 s                 ; 6.33e-10 s                 ; Yes                       ; No                        ;
; dac_dataA[8]  ; 3.3-V LVTTL  ; 0 s                 ; 0 s                 ; 3.08 V                       ; 5.04e-07 V                   ; 3.08 V              ; -0.0053 V           ; 0.206 V                              ; 0.247 V                              ; 5.77e-09 s                  ; 4.45e-09 s                  ; Yes                        ; Yes                        ; 3.08 V                      ; 5.04e-07 V                  ; 3.08 V             ; -0.0053 V          ; 0.206 V                             ; 0.247 V                             ; 5.77e-09 s                 ; 4.45e-09 s                 ; Yes                       ; Yes                       ;
; dac_dataA[9]  ; 3.3-V LVTTL  ; 0 s                 ; 0 s                 ; 3.08 V                       ; 5.04e-07 V                   ; 3.11 V              ; -0.0624 V           ; 0.233 V                              ; 0.172 V                              ; 6.86e-10 s                  ; 6.33e-10 s                  ; Yes                        ; No                         ; 3.08 V                      ; 5.04e-07 V                  ; 3.11 V             ; -0.0624 V          ; 0.233 V                             ; 0.172 V                             ; 6.86e-10 s                 ; 6.33e-10 s                 ; Yes                       ; No                        ;
; dac_dataA[10] ; 3.3-V LVTTL  ; 0 s                 ; 0 s                 ; 3.08 V                       ; 5.04e-07 V                   ; 3.11 V              ; -0.0469 V           ; 0.191 V                              ; 0.215 V                              ; 1.08e-09 s                  ; 8.62e-10 s                  ; Yes                        ; No                         ; 3.08 V                      ; 5.04e-07 V                  ; 3.11 V             ; -0.0469 V          ; 0.191 V                             ; 0.215 V                             ; 1.08e-09 s                 ; 8.62e-10 s                 ; Yes                       ; No                        ;
; dac_dataA[11] ; 3.3-V LVTTL  ; 0 s                 ; 0 s                 ; 3.08 V                       ; 5.04e-07 V                   ; 3.11 V              ; -0.0469 V           ; 0.191 V                              ; 0.215 V                              ; 1.08e-09 s                  ; 8.62e-10 s                  ; Yes                        ; No                         ; 3.08 V                      ; 5.04e-07 V                  ; 3.11 V             ; -0.0469 V          ; 0.191 V                             ; 0.215 V                             ; 1.08e-09 s                 ; 8.62e-10 s                 ; Yes                       ; No                        ;
; dac_dataA[12] ; 3.3-V LVTTL  ; 0 s                 ; 0 s                 ; 3.08 V                       ; 5.04e-07 V                   ; 3.11 V              ; -0.0469 V           ; 0.191 V                              ; 0.215 V                              ; 1.08e-09 s                  ; 8.62e-10 s                  ; Yes                        ; No                         ; 3.08 V                      ; 5.04e-07 V                  ; 3.11 V             ; -0.0469 V          ; 0.191 V                             ; 0.215 V                             ; 1.08e-09 s                 ; 8.62e-10 s                 ; Yes                       ; No                        ;
; dac_dataA[13] ; 3.3-V LVTTL  ; 0 s                 ; 0 s                 ; 3.08 V                       ; 5.04e-07 V                   ; 3.11 V              ; -0.0469 V           ; 0.191 V                              ; 0.215 V                              ; 1.08e-09 s                  ; 8.62e-10 s                  ; Yes                        ; No                         ; 3.08 V                      ; 5.04e-07 V                  ; 3.11 V             ; -0.0469 V          ; 0.191 V                             ; 0.215 V                             ; 1.08e-09 s                 ; 8.62e-10 s                 ; Yes                       ; No                        ;
; dac_clkA      ; 3.3-V LVTTL  ; 0 s                 ; 0 s                 ; 3.08 V                       ; 7.5e-07 V                    ; 3.11 V              ; -0.0503 V           ; 0.122 V                              ; 0.172 V                              ; 7.08e-10 s                  ; 6.43e-10 s                  ; Yes                        ; Yes                        ; 3.08 V                      ; 7.5e-07 V                   ; 3.11 V             ; -0.0503 V          ; 0.122 V                             ; 0.172 V                             ; 7.08e-10 s                 ; 6.43e-10 s                 ; Yes                       ; Yes                       ;
; dac_wrtA      ; 3.3-V LVTTL  ; 0 s                 ; 0 s                 ; 3.08 V                       ; 7.5e-07 V                    ; 3.11 V              ; -0.0503 V           ; 0.122 V                              ; 0.172 V                              ; 7.08e-10 s                  ; 6.43e-10 s                  ; Yes                        ; Yes                        ; 3.08 V                      ; 7.5e-07 V                   ; 3.11 V             ; -0.0503 V          ; 0.122 V                             ; 0.172 V                             ; 7.08e-10 s                 ; 6.43e-10 s                 ; Yes                       ; Yes                       ;
; dac_dataB[0]  ; 3.3-V LVTTL  ; 0 s                 ; 0 s                 ; 3.08 V                       ; 7.5e-07 V                    ; 3.11 V              ; -0.0503 V           ; 0.122 V                              ; 0.172 V                              ; 7.08e-10 s                  ; 6.43e-10 s                  ; Yes                        ; Yes                        ; 3.08 V                      ; 7.5e-07 V                   ; 3.11 V             ; -0.0503 V          ; 0.122 V                             ; 0.172 V                             ; 7.08e-10 s                 ; 6.43e-10 s                 ; Yes                       ; Yes                       ;
; dac_dataB[1]  ; 3.3-V LVTTL  ; 0 s                 ; 0 s                 ; 3.08 V                       ; 7.5e-07 V                    ; 3.08 V              ; -0.00457 V          ; 0.185 V                              ; 0.21 V                               ; 5.8e-09 s                   ; 4.46e-09 s                  ; Yes                        ; Yes                        ; 3.08 V                      ; 7.5e-07 V                   ; 3.08 V             ; -0.00457 V         ; 0.185 V                             ; 0.21 V                              ; 5.8e-09 s                  ; 4.46e-09 s                 ; Yes                       ; Yes                       ;
; dac_dataB[2]  ; 3.3-V LVTTL  ; 0 s                 ; 0 s                 ; 3.08 V                       ; 7.5e-07 V                    ; 3.11 V              ; -0.0503 V           ; 0.122 V                              ; 0.172 V                              ; 7.08e-10 s                  ; 6.43e-10 s                  ; Yes                        ; Yes                        ; 3.08 V                      ; 7.5e-07 V                   ; 3.11 V             ; -0.0503 V          ; 0.122 V                             ; 0.172 V                             ; 7.08e-10 s                 ; 6.43e-10 s                 ; Yes                       ; Yes                       ;
; dac_dataB[3]  ; 3.3-V LVTTL  ; 0 s                 ; 0 s                 ; 3.08 V                       ; 7.5e-07 V                    ; 3.11 V              ; -0.0503 V           ; 0.122 V                              ; 0.172 V                              ; 7.08e-10 s                  ; 6.43e-10 s                  ; Yes                        ; Yes                        ; 3.08 V                      ; 7.5e-07 V                   ; 3.11 V             ; -0.0503 V          ; 0.122 V                             ; 0.172 V                             ; 7.08e-10 s                 ; 6.43e-10 s                 ; Yes                       ; Yes                       ;
; dac_dataB[4]  ; 3.3-V LVTTL  ; 0 s                 ; 0 s                 ; 3.08 V                       ; 7.5e-07 V                    ; 3.11 V              ; -0.0503 V           ; 0.122 V                              ; 0.172 V                              ; 7.08e-10 s                  ; 6.43e-10 s                  ; Yes                        ; Yes                        ; 3.08 V                      ; 7.5e-07 V                   ; 3.11 V             ; -0.0503 V          ; 0.122 V                             ; 0.172 V                             ; 7.08e-10 s                 ; 6.43e-10 s                 ; Yes                       ; Yes                       ;
; dac_dataB[5]  ; 3.3-V LVTTL  ; 0 s                 ; 0 s                 ; 3.08 V                       ; 7.5e-07 V                    ; 3.11 V              ; -0.0503 V           ; 0.122 V                              ; 0.172 V                              ; 7.08e-10 s                  ; 6.43e-10 s                  ; Yes                        ; Yes                        ; 3.08 V                      ; 7.5e-07 V                   ; 3.11 V             ; -0.0503 V          ; 0.122 V                             ; 0.172 V                             ; 7.08e-10 s                 ; 6.43e-10 s                 ; Yes                       ; Yes                       ;
; dac_dataB[6]  ; 3.3-V LVTTL  ; 0 s                 ; 0 s                 ; 3.08 V                       ; 7.5e-07 V                    ; 3.11 V              ; -0.0503 V           ; 0.122 V                              ; 0.172 V                              ; 7.08e-10 s                  ; 6.43e-10 s                  ; Yes                        ; Yes                        ; 3.08 V                      ; 7.5e-07 V                   ; 3.11 V             ; -0.0503 V          ; 0.122 V                             ; 0.172 V                             ; 7.08e-10 s                 ; 6.43e-10 s                 ; Yes                       ; Yes                       ;
; dac_dataB[7]  ; 3.3-V LVTTL  ; 0 s                 ; 0 s                 ; 3.08 V                       ; 7.5e-07 V                    ; 3.11 V              ; -0.0503 V           ; 0.122 V                              ; 0.172 V                              ; 7.08e-10 s                  ; 6.43e-10 s                  ; Yes                        ; Yes                        ; 3.08 V                      ; 7.5e-07 V                   ; 3.11 V             ; -0.0503 V          ; 0.122 V                             ; 0.172 V                             ; 7.08e-10 s                 ; 6.43e-10 s                 ; Yes                       ; Yes                       ;
; dac_dataB[8]  ; 3.3-V LVTTL  ; 0 s                 ; 0 s                 ; 3.08 V                       ; 7.5e-07 V                    ; 3.11 V              ; -0.0503 V           ; 0.122 V                              ; 0.172 V                              ; 7.08e-10 s                  ; 6.43e-10 s                  ; Yes                        ; Yes                        ; 3.08 V                      ; 7.5e-07 V                   ; 3.11 V             ; -0.0503 V          ; 0.122 V                             ; 0.172 V                             ; 7.08e-10 s                 ; 6.43e-10 s                 ; Yes                       ; Yes                       ;
; dac_dataB[9]  ; 3.3-V LVTTL  ; 0 s                 ; 0 s                 ; 3.08 V                       ; 7.5e-07 V                    ; 3.11 V              ; -0.0503 V           ; 0.122 V                              ; 0.172 V                              ; 7.08e-10 s                  ; 6.43e-10 s                  ; Yes                        ; Yes                        ; 3.08 V                      ; 7.5e-07 V                   ; 3.11 V             ; -0.0503 V          ; 0.122 V                             ; 0.172 V                             ; 7.08e-10 s                 ; 6.43e-10 s                 ; Yes                       ; Yes                       ;
; dac_dataB[10] ; 3.3-V LVTTL  ; 0 s                 ; 0 s                 ; 3.08 V                       ; 7.5e-07 V                    ; 3.11 V              ; -0.0503 V           ; 0.122 V                              ; 0.172 V                              ; 7.08e-10 s                  ; 6.43e-10 s                  ; Yes                        ; Yes                        ; 3.08 V                      ; 7.5e-07 V                   ; 3.11 V             ; -0.0503 V          ; 0.122 V                             ; 0.172 V                             ; 7.08e-10 s                 ; 6.43e-10 s                 ; Yes                       ; Yes                       ;
; dac_dataB[11] ; 3.3-V LVTTL  ; 0 s                 ; 0 s                 ; 3.08 V                       ; 7.5e-07 V                    ; 3.11 V              ; -0.0503 V           ; 0.122 V                              ; 0.172 V                              ; 7.08e-10 s                  ; 6.43e-10 s                  ; Yes                        ; Yes                        ; 3.08 V                      ; 7.5e-07 V                   ; 3.11 V             ; -0.0503 V          ; 0.122 V                             ; 0.172 V                             ; 7.08e-10 s                 ; 6.43e-10 s                 ; Yes                       ; Yes                       ;
; dac_dataB[12] ; 3.3-V LVTTL  ; 0 s                 ; 0 s                 ; 3.08 V                       ; 7.5e-07 V                    ; 3.11 V              ; -0.0503 V           ; 0.122 V                              ; 0.172 V                              ; 7.08e-10 s                  ; 6.43e-10 s                  ; Yes                        ; Yes                        ; 3.08 V                      ; 7.5e-07 V                   ; 3.11 V             ; -0.0503 V          ; 0.122 V                             ; 0.172 V                             ; 7.08e-10 s                 ; 6.43e-10 s                 ; Yes                       ; Yes                       ;
; dac_dataB[13] ; 3.3-V LVTTL  ; 0 s                 ; 0 s                 ; 3.08 V                       ; 7.5e-07 V                    ; 3.08 V              ; -0.00457 V          ; 0.185 V                              ; 0.21 V                               ; 5.8e-09 s                   ; 4.46e-09 s                  ; Yes                        ; Yes                        ; 3.08 V                      ; 7.5e-07 V                   ; 3.08 V             ; -0.00457 V         ; 0.185 V                             ; 0.21 V                              ; 5.8e-09 s                  ; 4.46e-09 s                 ; Yes                       ; Yes                       ;
; dac_clkB      ; 3.3-V LVTTL  ; 0 s                 ; 0 s                 ; 3.08 V                       ; 7.5e-07 V                    ; 3.11 V              ; -0.0503 V           ; 0.122 V                              ; 0.172 V                              ; 7.08e-10 s                  ; 6.43e-10 s                  ; Yes                        ; Yes                        ; 3.08 V                      ; 7.5e-07 V                   ; 3.11 V             ; -0.0503 V          ; 0.122 V                             ; 0.172 V                             ; 7.08e-10 s                 ; 6.43e-10 s                 ; Yes                       ; Yes                       ;
; dac_wrtB      ; 3.3-V LVTTL  ; 0 s                 ; 0 s                 ; 3.08 V                       ; 7.5e-07 V                    ; 3.11 V              ; -0.0503 V           ; 0.122 V                              ; 0.172 V                              ; 7.08e-10 s                  ; 6.43e-10 s                  ; Yes                        ; Yes                        ; 3.08 V                      ; 7.5e-07 V                   ; 3.11 V             ; -0.0503 V          ; 0.122 V                             ; 0.172 V                             ; 7.08e-10 s                 ; 6.43e-10 s                 ; Yes                       ; Yes                       ;
; MISO          ; 3.3-V LVTTL  ; 0 s                 ; 0 s                 ; 3.08 V                       ; 5.04e-07 V                   ; 3.08 V              ; -0.0053 V           ; 0.206 V                              ; 0.247 V                              ; 5.77e-09 s                  ; 4.45e-09 s                  ; Yes                        ; Yes                        ; 3.08 V                      ; 5.04e-07 V                  ; 3.08 V             ; -0.0053 V          ; 0.206 V                             ; 0.247 V                             ; 5.77e-09 s                 ; 4.45e-09 s                 ; Yes                       ; Yes                       ;
; ~ALTERA_DCLK~ ; 3.3-V LVTTL  ; 0 s                 ; 0 s                 ; 3.08 V                       ; 2.6e-07 V                    ; 3.13 V              ; -0.103 V            ; 0.164 V                              ; 0.134 V                              ; 3.14e-10 s                  ; 4.05e-10 s                  ; Yes                        ; No                         ; 3.08 V                      ; 2.6e-07 V                   ; 3.13 V             ; -0.103 V           ; 0.164 V                             ; 0.134 V                             ; 3.14e-10 s                 ; 4.05e-10 s                 ; Yes                       ; No                        ;
; ~ALTERA_nCEO~ ; 2.5 V        ; 0 s                 ; 0 s                 ; 2.32 V                       ; 2.54e-07 V                   ; 2.34 V              ; -0.00774 V          ; 0.109 V                              ; 0.026 V                              ; 6.58e-10 s                  ; 8.24e-10 s                  ; Yes                        ; Yes                        ; 2.32 V                      ; 2.54e-07 V                  ; 2.34 V             ; -0.00774 V         ; 0.109 V                             ; 0.026 V                             ; 6.58e-10 s                 ; 8.24e-10 s                 ; Yes                       ; Yes                       ;
+---------------+--------------+---------------------+---------------------+------------------------------+------------------------------+---------------------+---------------------+--------------------------------------+--------------------------------------+-----------------------------+-----------------------------+----------------------------+----------------------------+-----------------------------+-----------------------------+--------------------+--------------------+-------------------------------------+-------------------------------------+----------------------------+----------------------------+---------------------------+---------------------------+


+--------------------------------------------------------------------------------------------------------------------------------------------------------------------------------------------------------------------------------------------------------------------------------------------------------------------------------------------------------------------------------------------------------------------------------------------------------------------------------------------------------------------------------------------------------------------------------------------------------------------------------------------------------------------------------------------+
; Signal Integrity Metrics (Fast 1200mv 0c Model)                                                                                                                                                                                                                                                                                                                                                                                                                                                                                                                                                                                                                                            ;
+---------------+--------------+---------------------+---------------------+------------------------------+------------------------------+---------------------+---------------------+--------------------------------------+--------------------------------------+-----------------------------+-----------------------------+----------------------------+----------------------------+-----------------------------+-----------------------------+--------------------+--------------------+-------------------------------------+-------------------------------------+----------------------------+----------------------------+---------------------------+---------------------------+
; Pin           ; I/O Standard ; Board Delay on Rise ; Board Delay on Fall ; Steady State Voh at FPGA Pin ; Steady State Vol at FPGA Pin ; Voh Max at FPGA Pin ; Vol Min at FPGA Pin ; Ringback Voltage on Rise at FPGA Pin ; Ringback Voltage on Fall at FPGA Pin ; 10-90 Rise Time at FPGA Pin ; 90-10 Fall Time at FPGA Pin ; Monotonic Rise at FPGA Pin ; Monotonic Fall at FPGA Pin ; Steady State Voh at Far-end ; Steady State Vol at Far-end ; Voh Max at Far-end ; Vol Min at Far-end ; Ringback Voltage on Rise at Far-end ; Ringback Voltage on Fall at Far-end ; 10-90 Rise Time at Far-end ; 90-10 Fall Time at Far-end ; Monotonic Rise at Far-end ; Monotonic Fall at Far-end ;
+---------------+--------------+---------------------+---------------------+------------------------------+------------------------------+---------------------+---------------------+--------------------------------------+--------------------------------------+-----------------------------+-----------------------------+----------------------------+----------------------------+-----------------------------+-----------------------------+--------------------+--------------------+-------------------------------------+-------------------------------------+----------------------------+----------------------------+---------------------------+---------------------------+
; ad1_clk       ; 3.3-V LVTTL  ; 0 s                 ; 0 s                 ; 3.46 V                       ; 1.25e-07 V                   ; 3.48 V              ; -0.0162 V           ; 0.354 V                              ; 0.317 V                              ; 3.88e-09 s                  ; 3.06e-09 s                  ; No                         ; No                         ; 3.46 V                      ; 1.25e-07 V                  ; 3.48 V             ; -0.0162 V          ; 0.354 V                             ; 0.317 V                             ; 3.88e-09 s                 ; 3.06e-09 s                 ; No                        ; No                        ;
; ad2_clk       ; 3.3-V LVTTL  ; 0 s                 ; 0 s                 ; 3.46 V                       ; 1.25e-07 V                   ; 3.6 V               ; -0.127 V            ; 0.302 V                              ; 0.21 V                               ; 4.55e-10 s                  ; 4.11e-10 s                  ; No                         ; No                         ; 3.46 V                      ; 1.25e-07 V                  ; 3.6 V              ; -0.127 V           ; 0.302 V                             ; 0.21 V                              ; 4.55e-10 s                 ; 4.11e-10 s                 ; No                        ; No                        ;
; dac_dataA[0]  ; 3.3-V LVTTL  ; 0 s                 ; 0 s                 ; 3.46 V                       ; 1.85e-07 V                   ; 3.57 V              ; -0.141 V            ; 0.301 V                              ; 0.239 V                              ; 4.61e-10 s                  ; 4.2e-10 s                   ; No                         ; No                         ; 3.46 V                      ; 1.85e-07 V                  ; 3.57 V             ; -0.141 V           ; 0.301 V                             ; 0.239 V                             ; 4.61e-10 s                 ; 4.2e-10 s                  ; No                        ; No                        ;
; dac_dataA[1]  ; 3.3-V LVTTL  ; 0 s                 ; 0 s                 ; 3.46 V                       ; 1.85e-07 V                   ; 3.57 V              ; -0.141 V            ; 0.301 V                              ; 0.239 V                              ; 4.61e-10 s                  ; 4.2e-10 s                   ; No                         ; No                         ; 3.46 V                      ; 1.85e-07 V                  ; 3.57 V             ; -0.141 V           ; 0.301 V                             ; 0.239 V                             ; 4.61e-10 s                 ; 4.2e-10 s                  ; No                        ; No                        ;
; dac_dataA[2]  ; 3.3-V LVTTL  ; 0 s                 ; 0 s                 ; 3.46 V                       ; 1.85e-07 V                   ; 3.57 V              ; -0.141 V            ; 0.301 V                              ; 0.239 V                              ; 4.61e-10 s                  ; 4.2e-10 s                   ; No                         ; No                         ; 3.46 V                      ; 1.85e-07 V                  ; 3.57 V             ; -0.141 V           ; 0.301 V                             ; 0.239 V                             ; 4.61e-10 s                 ; 4.2e-10 s                  ; No                        ; No                        ;
; dac_dataA[3]  ; 3.3-V LVTTL  ; 0 s                 ; 0 s                 ; 3.46 V                       ; 1.25e-07 V                   ; 3.6 V               ; -0.127 V            ; 0.302 V                              ; 0.21 V                               ; 4.55e-10 s                  ; 4.11e-10 s                  ; No                         ; No                         ; 3.46 V                      ; 1.25e-07 V                  ; 3.6 V              ; -0.127 V           ; 0.302 V                             ; 0.21 V                              ; 4.55e-10 s                 ; 4.11e-10 s                 ; No                        ; No                        ;
; dac_dataA[4]  ; 3.3-V LVTTL  ; 0 s                 ; 0 s                 ; 3.46 V                       ; 1.25e-07 V                   ; 3.6 V               ; -0.127 V            ; 0.302 V                              ; 0.21 V                               ; 4.55e-10 s                  ; 4.11e-10 s                  ; No                         ; No                         ; 3.46 V                      ; 1.25e-07 V                  ; 3.6 V              ; -0.127 V           ; 0.302 V                             ; 0.21 V                              ; 4.55e-10 s                 ; 4.11e-10 s                 ; No                        ; No                        ;
; dac_dataA[5]  ; 3.3-V LVTTL  ; 0 s                 ; 0 s                 ; 3.46 V                       ; 1.25e-07 V                   ; 3.6 V               ; -0.127 V            ; 0.302 V                              ; 0.21 V                               ; 4.55e-10 s                  ; 4.11e-10 s                  ; No                         ; No                         ; 3.46 V                      ; 1.25e-07 V                  ; 3.6 V              ; -0.127 V           ; 0.302 V                             ; 0.21 V                              ; 4.55e-10 s                 ; 4.11e-10 s                 ; No                        ; No                        ;
; dac_dataA[6]  ; 3.3-V LVTTL  ; 0 s                 ; 0 s                 ; 3.46 V                       ; 1.25e-07 V                   ; 3.6 V               ; -0.127 V            ; 0.302 V                              ; 0.21 V                               ; 4.55e-10 s                  ; 4.11e-10 s                  ; No                         ; No                         ; 3.46 V                      ; 1.25e-07 V                  ; 3.6 V              ; -0.127 V           ; 0.302 V                             ; 0.21 V                              ; 4.55e-10 s                 ; 4.11e-10 s                 ; No                        ; No                        ;
; dac_dataA[7]  ; 3.3-V LVTTL  ; 0 s                 ; 0 s                 ; 3.46 V                       ; 1.25e-07 V                   ; 3.6 V               ; -0.127 V            ; 0.302 V                              ; 0.21 V                               ; 4.55e-10 s                  ; 4.11e-10 s                  ; No                         ; No                         ; 3.46 V                      ; 1.25e-07 V                  ; 3.6 V              ; -0.127 V           ; 0.302 V                             ; 0.21 V                              ; 4.55e-10 s                 ; 4.11e-10 s                 ; No                        ; No                        ;
; dac_dataA[8]  ; 3.3-V LVTTL  ; 0 s                 ; 0 s                 ; 3.46 V                       ; 1.25e-07 V                   ; 3.48 V              ; -0.0162 V           ; 0.354 V                              ; 0.317 V                              ; 3.88e-09 s                  ; 3.06e-09 s                  ; No                         ; No                         ; 3.46 V                      ; 1.25e-07 V                  ; 3.48 V             ; -0.0162 V          ; 0.354 V                             ; 0.317 V                             ; 3.88e-09 s                 ; 3.06e-09 s                 ; No                        ; No                        ;
; dac_dataA[9]  ; 3.3-V LVTTL  ; 0 s                 ; 0 s                 ; 3.46 V                       ; 1.25e-07 V                   ; 3.6 V               ; -0.127 V            ; 0.302 V                              ; 0.21 V                               ; 4.55e-10 s                  ; 4.11e-10 s                  ; No                         ; No                         ; 3.46 V                      ; 1.25e-07 V                  ; 3.6 V              ; -0.127 V           ; 0.302 V                             ; 0.21 V                              ; 4.55e-10 s                 ; 4.11e-10 s                 ; No                        ; No                        ;
; dac_dataA[10] ; 3.3-V LVTTL  ; 0 s                 ; 0 s                 ; 3.46 V                       ; 1.25e-07 V                   ; 3.57 V              ; -0.0855 V           ; 0.315 V                              ; 0.175 V                              ; 6.79e-10 s                  ; 6.15e-10 s                  ; No                         ; No                         ; 3.46 V                      ; 1.25e-07 V                  ; 3.57 V             ; -0.0855 V          ; 0.315 V                             ; 0.175 V                             ; 6.79e-10 s                 ; 6.15e-10 s                 ; No                        ; No                        ;
; dac_dataA[11] ; 3.3-V LVTTL  ; 0 s                 ; 0 s                 ; 3.46 V                       ; 1.25e-07 V                   ; 3.57 V              ; -0.0855 V           ; 0.315 V                              ; 0.175 V                              ; 6.79e-10 s                  ; 6.15e-10 s                  ; No                         ; No                         ; 3.46 V                      ; 1.25e-07 V                  ; 3.57 V             ; -0.0855 V          ; 0.315 V                             ; 0.175 V                             ; 6.79e-10 s                 ; 6.15e-10 s                 ; No                        ; No                        ;
; dac_dataA[12] ; 3.3-V LVTTL  ; 0 s                 ; 0 s                 ; 3.46 V                       ; 1.25e-07 V                   ; 3.57 V              ; -0.0855 V           ; 0.315 V                              ; 0.175 V                              ; 6.79e-10 s                  ; 6.15e-10 s                  ; No                         ; No                         ; 3.46 V                      ; 1.25e-07 V                  ; 3.57 V             ; -0.0855 V          ; 0.315 V                             ; 0.175 V                             ; 6.79e-10 s                 ; 6.15e-10 s                 ; No                        ; No                        ;
; dac_dataA[13] ; 3.3-V LVTTL  ; 0 s                 ; 0 s                 ; 3.46 V                       ; 1.25e-07 V                   ; 3.57 V              ; -0.0855 V           ; 0.315 V                              ; 0.175 V                              ; 6.79e-10 s                  ; 6.15e-10 s                  ; No                         ; No                         ; 3.46 V                      ; 1.25e-07 V                  ; 3.57 V             ; -0.0855 V          ; 0.315 V                             ; 0.175 V                             ; 6.79e-10 s                 ; 6.15e-10 s                 ; No                        ; No                        ;
; dac_clkA      ; 3.3-V LVTTL  ; 0 s                 ; 0 s                 ; 3.46 V                       ; 1.85e-07 V                   ; 3.57 V              ; -0.141 V            ; 0.301 V                              ; 0.239 V                              ; 4.61e-10 s                  ; 4.2e-10 s                   ; No                         ; No                         ; 3.46 V                      ; 1.85e-07 V                  ; 3.57 V             ; -0.141 V           ; 0.301 V                             ; 0.239 V                             ; 4.61e-10 s                 ; 4.2e-10 s                  ; No                        ; No                        ;
; dac_wrtA      ; 3.3-V LVTTL  ; 0 s                 ; 0 s                 ; 3.46 V                       ; 1.85e-07 V                   ; 3.57 V              ; -0.141 V            ; 0.301 V                              ; 0.239 V                              ; 4.61e-10 s                  ; 4.2e-10 s                   ; No                         ; No                         ; 3.46 V                      ; 1.85e-07 V                  ; 3.57 V             ; -0.141 V           ; 0.301 V                             ; 0.239 V                             ; 4.61e-10 s                 ; 4.2e-10 s                  ; No                        ; No                        ;
; dac_dataB[0]  ; 3.3-V LVTTL  ; 0 s                 ; 0 s                 ; 3.46 V                       ; 1.85e-07 V                   ; 3.57 V              ; -0.141 V            ; 0.301 V                              ; 0.239 V                              ; 4.61e-10 s                  ; 4.2e-10 s                   ; No                         ; No                         ; 3.46 V                      ; 1.85e-07 V                  ; 3.57 V             ; -0.141 V           ; 0.301 V                             ; 0.239 V                             ; 4.61e-10 s                 ; 4.2e-10 s                  ; No                        ; No                        ;
; dac_dataB[1]  ; 3.3-V LVTTL  ; 0 s                 ; 0 s                 ; 3.46 V                       ; 1.85e-07 V                   ; 3.48 V              ; -0.0173 V           ; 0.356 V                              ; 0.324 V                              ; 3.89e-09 s                  ; 3.06e-09 s                  ; No                         ; No                         ; 3.46 V                      ; 1.85e-07 V                  ; 3.48 V             ; -0.0173 V          ; 0.356 V                             ; 0.324 V                             ; 3.89e-09 s                 ; 3.06e-09 s                 ; No                        ; No                        ;
; dac_dataB[2]  ; 3.3-V LVTTL  ; 0 s                 ; 0 s                 ; 3.46 V                       ; 1.85e-07 V                   ; 3.57 V              ; -0.141 V            ; 0.301 V                              ; 0.239 V                              ; 4.61e-10 s                  ; 4.2e-10 s                   ; No                         ; No                         ; 3.46 V                      ; 1.85e-07 V                  ; 3.57 V             ; -0.141 V           ; 0.301 V                             ; 0.239 V                             ; 4.61e-10 s                 ; 4.2e-10 s                  ; No                        ; No                        ;
; dac_dataB[3]  ; 3.3-V LVTTL  ; 0 s                 ; 0 s                 ; 3.46 V                       ; 1.85e-07 V                   ; 3.57 V              ; -0.141 V            ; 0.301 V                              ; 0.239 V                              ; 4.61e-10 s                  ; 4.2e-10 s                   ; No                         ; No                         ; 3.46 V                      ; 1.85e-07 V                  ; 3.57 V             ; -0.141 V           ; 0.301 V                             ; 0.239 V                             ; 4.61e-10 s                 ; 4.2e-10 s                  ; No                        ; No                        ;
; dac_dataB[4]  ; 3.3-V LVTTL  ; 0 s                 ; 0 s                 ; 3.46 V                       ; 1.85e-07 V                   ; 3.57 V              ; -0.141 V            ; 0.301 V                              ; 0.239 V                              ; 4.61e-10 s                  ; 4.2e-10 s                   ; No                         ; No                         ; 3.46 V                      ; 1.85e-07 V                  ; 3.57 V             ; -0.141 V           ; 0.301 V                             ; 0.239 V                             ; 4.61e-10 s                 ; 4.2e-10 s                  ; No                        ; No                        ;
; dac_dataB[5]  ; 3.3-V LVTTL  ; 0 s                 ; 0 s                 ; 3.46 V                       ; 1.85e-07 V                   ; 3.57 V              ; -0.141 V            ; 0.301 V                              ; 0.239 V                              ; 4.61e-10 s                  ; 4.2e-10 s                   ; No                         ; No                         ; 3.46 V                      ; 1.85e-07 V                  ; 3.57 V             ; -0.141 V           ; 0.301 V                             ; 0.239 V                             ; 4.61e-10 s                 ; 4.2e-10 s                  ; No                        ; No                        ;
; dac_dataB[6]  ; 3.3-V LVTTL  ; 0 s                 ; 0 s                 ; 3.46 V                       ; 1.85e-07 V                   ; 3.57 V              ; -0.141 V            ; 0.301 V                              ; 0.239 V                              ; 4.61e-10 s                  ; 4.2e-10 s                   ; No                         ; No                         ; 3.46 V                      ; 1.85e-07 V                  ; 3.57 V             ; -0.141 V           ; 0.301 V                             ; 0.239 V                             ; 4.61e-10 s                 ; 4.2e-10 s                  ; No                        ; No                        ;
; dac_dataB[7]  ; 3.3-V LVTTL  ; 0 s                 ; 0 s                 ; 3.46 V                       ; 1.85e-07 V                   ; 3.57 V              ; -0.141 V            ; 0.301 V                              ; 0.239 V                              ; 4.61e-10 s                  ; 4.2e-10 s                   ; No                         ; No                         ; 3.46 V                      ; 1.85e-07 V                  ; 3.57 V             ; -0.141 V           ; 0.301 V                             ; 0.239 V                             ; 4.61e-10 s                 ; 4.2e-10 s                  ; No                        ; No                        ;
; dac_dataB[8]  ; 3.3-V LVTTL  ; 0 s                 ; 0 s                 ; 3.46 V                       ; 1.85e-07 V                   ; 3.57 V              ; -0.141 V            ; 0.301 V                              ; 0.239 V                              ; 4.61e-10 s                  ; 4.2e-10 s                   ; No                         ; No                         ; 3.46 V                      ; 1.85e-07 V                  ; 3.57 V             ; -0.141 V           ; 0.301 V                             ; 0.239 V                             ; 4.61e-10 s                 ; 4.2e-10 s                  ; No                        ; No                        ;
; dac_dataB[9]  ; 3.3-V LVTTL  ; 0 s                 ; 0 s                 ; 3.46 V                       ; 1.85e-07 V                   ; 3.57 V              ; -0.141 V            ; 0.301 V                              ; 0.239 V                              ; 4.61e-10 s                  ; 4.2e-10 s                   ; No                         ; No                         ; 3.46 V                      ; 1.85e-07 V                  ; 3.57 V             ; -0.141 V           ; 0.301 V                             ; 0.239 V                             ; 4.61e-10 s                 ; 4.2e-10 s                  ; No                        ; No                        ;
; dac_dataB[10] ; 3.3-V LVTTL  ; 0 s                 ; 0 s                 ; 3.46 V                       ; 1.85e-07 V                   ; 3.57 V              ; -0.141 V            ; 0.301 V                              ; 0.239 V                              ; 4.61e-10 s                  ; 4.2e-10 s                   ; No                         ; No                         ; 3.46 V                      ; 1.85e-07 V                  ; 3.57 V             ; -0.141 V           ; 0.301 V                             ; 0.239 V                             ; 4.61e-10 s                 ; 4.2e-10 s                  ; No                        ; No                        ;
; dac_dataB[11] ; 3.3-V LVTTL  ; 0 s                 ; 0 s                 ; 3.46 V                       ; 1.85e-07 V                   ; 3.57 V              ; -0.141 V            ; 0.301 V                              ; 0.239 V                              ; 4.61e-10 s                  ; 4.2e-10 s                   ; No                         ; No                         ; 3.46 V                      ; 1.85e-07 V                  ; 3.57 V             ; -0.141 V           ; 0.301 V                             ; 0.239 V                             ; 4.61e-10 s                 ; 4.2e-10 s                  ; No                        ; No                        ;
; dac_dataB[12] ; 3.3-V LVTTL  ; 0 s                 ; 0 s                 ; 3.46 V                       ; 1.85e-07 V                   ; 3.57 V              ; -0.141 V            ; 0.301 V                              ; 0.239 V                              ; 4.61e-10 s                  ; 4.2e-10 s                   ; No                         ; No                         ; 3.46 V                      ; 1.85e-07 V                  ; 3.57 V             ; -0.141 V           ; 0.301 V                             ; 0.239 V                             ; 4.61e-10 s                 ; 4.2e-10 s                  ; No                        ; No                        ;
; dac_dataB[13] ; 3.3-V LVTTL  ; 0 s                 ; 0 s                 ; 3.46 V                       ; 1.85e-07 V                   ; 3.48 V              ; -0.0173 V           ; 0.356 V                              ; 0.324 V                              ; 3.89e-09 s                  ; 3.06e-09 s                  ; No                         ; No                         ; 3.46 V                      ; 1.85e-07 V                  ; 3.48 V             ; -0.0173 V          ; 0.356 V                             ; 0.324 V                             ; 3.89e-09 s                 ; 3.06e-09 s                 ; No                        ; No                        ;
; dac_clkB      ; 3.3-V LVTTL  ; 0 s                 ; 0 s                 ; 3.46 V                       ; 1.85e-07 V                   ; 3.57 V              ; -0.141 V            ; 0.301 V                              ; 0.239 V                              ; 4.61e-10 s                  ; 4.2e-10 s                   ; No                         ; No                         ; 3.46 V                      ; 1.85e-07 V                  ; 3.57 V             ; -0.141 V           ; 0.301 V                             ; 0.239 V                             ; 4.61e-10 s                 ; 4.2e-10 s                  ; No                        ; No                        ;
; dac_wrtB      ; 3.3-V LVTTL  ; 0 s                 ; 0 s                 ; 3.46 V                       ; 1.85e-07 V                   ; 3.57 V              ; -0.141 V            ; 0.301 V                              ; 0.239 V                              ; 4.61e-10 s                  ; 4.2e-10 s                   ; No                         ; No                         ; 3.46 V                      ; 1.85e-07 V                  ; 3.57 V             ; -0.141 V           ; 0.301 V                             ; 0.239 V                             ; 4.61e-10 s                 ; 4.2e-10 s                  ; No                        ; No                        ;
; MISO          ; 3.3-V LVTTL  ; 0 s                 ; 0 s                 ; 3.46 V                       ; 1.25e-07 V                   ; 3.48 V              ; -0.0162 V           ; 0.354 V                              ; 0.317 V                              ; 3.88e-09 s                  ; 3.06e-09 s                  ; No                         ; No                         ; 3.46 V                      ; 1.25e-07 V                  ; 3.48 V             ; -0.0162 V          ; 0.354 V                             ; 0.317 V                             ; 3.88e-09 s                 ; 3.06e-09 s                 ; No                        ; No                        ;
; ~ALTERA_DCLK~ ; 3.3-V LVTTL  ; 0 s                 ; 0 s                 ; 3.46 V                       ; 6.54e-08 V                   ; 3.66 V              ; -0.26 V             ; 0.41 V                               ; 0.32 V                               ; 1.57e-10 s                  ; 2.15e-10 s                  ; No                         ; Yes                        ; 3.46 V                      ; 6.54e-08 V                  ; 3.66 V             ; -0.26 V            ; 0.41 V                              ; 0.32 V                              ; 1.57e-10 s                 ; 2.15e-10 s                 ; No                        ; Yes                       ;
; ~ALTERA_nCEO~ ; 2.5 V        ; 0 s                 ; 0 s                 ; 2.62 V                       ; 3.54e-08 V                   ; 2.7 V               ; -0.00943 V          ; 0.276 V                              ; 0.035 V                              ; 3.19e-10 s                  ; 4.99e-10 s                  ; No                         ; Yes                        ; 2.62 V                      ; 3.54e-08 V                  ; 2.7 V              ; -0.00943 V         ; 0.276 V                             ; 0.035 V                             ; 3.19e-10 s                 ; 4.99e-10 s                 ; No                        ; Yes                       ;
+---------------+--------------+---------------------+---------------------+------------------------------+------------------------------+---------------------+---------------------+--------------------------------------+--------------------------------------+-----------------------------+-----------------------------+----------------------------+----------------------------+-----------------------------+-----------------------------+--------------------+--------------------+-------------------------------------+-------------------------------------+----------------------------+----------------------------+---------------------------+---------------------------+


+-------------------------------------------------------------------------------------------------------------------------------------------------------------------+
; Setup Transfers                                                                                                                                                   ;
+---------------------------------------------------------+---------------------------------------------------------+------------+------------+----------+----------+
; From Clock                                              ; To Clock                                                ; RR Paths   ; FR Paths   ; RF Paths ; FF Paths ;
+---------------------------------------------------------+---------------------------------------------------------+------------+------------+----------+----------+
; my_pll_inst|altpll_component|auto_generated|pll1|clk[0] ; my_pll_inst|altpll_component|auto_generated|pll1|clk[0] ; 689143123  ; 0          ; 0        ; 0        ;
; sys_clk                                                 ; my_pll_inst|altpll_component|auto_generated|pll1|clk[0] ; 2          ; 0          ; 0        ; 0        ;
; my_pll_inst|altpll_component|auto_generated|pll1|clk[0] ; sys_clk                                                 ; 1          ; 0          ; 0        ; 0        ;
; spi_sclk                                                ; sys_clk                                                 ; false path ; false path ; 0        ; 0        ;
; sys_clk                                                 ; sys_clk                                                 ; 1889       ; 0          ; 0        ; 0        ;
+---------------------------------------------------------+---------------------------------------------------------+------------+------------+----------+----------+
Entries labeled "false path" only account for clock-to-clock false paths and not path-based false paths. As a result, actual path counts may be lower than reported.


+-------------------------------------------------------------------------------------------------------------------------------------------------------------------+
; Hold Transfers                                                                                                                                                    ;
+---------------------------------------------------------+---------------------------------------------------------+------------+------------+----------+----------+
; From Clock                                              ; To Clock                                                ; RR Paths   ; FR Paths   ; RF Paths ; FF Paths ;
+---------------------------------------------------------+---------------------------------------------------------+------------+------------+----------+----------+
; my_pll_inst|altpll_component|auto_generated|pll1|clk[0] ; my_pll_inst|altpll_component|auto_generated|pll1|clk[0] ; 689143123  ; 0          ; 0        ; 0        ;
; sys_clk                                                 ; my_pll_inst|altpll_component|auto_generated|pll1|clk[0] ; 2          ; 0          ; 0        ; 0        ;
; my_pll_inst|altpll_component|auto_generated|pll1|clk[0] ; sys_clk                                                 ; 1          ; 0          ; 0        ; 0        ;
; spi_sclk                                                ; sys_clk                                                 ; false path ; false path ; 0        ; 0        ;
; sys_clk                                                 ; sys_clk                                                 ; 1889       ; 0          ; 0        ; 0        ;
+---------------------------------------------------------+---------------------------------------------------------+------------+------------+----------+----------+
Entries labeled "false path" only account for clock-to-clock false paths and not path-based false paths. As a result, actual path counts may be lower than reported.


---------------
; Report TCCS ;
---------------
No dedicated SERDES Transmitter circuitry present in device or used in design


---------------
; Report RSKM ;
---------------
No non-DPA dedicated SERDES Receiver circuitry present in device or used in design


+------------------------------------------------+
; Unconstrained Paths Summary                    ;
+---------------------------------+-------+------+
; Property                        ; Setup ; Hold ;
+---------------------------------+-------+------+
; Illegal Clocks                  ; 0     ; 0    ;
; Unconstrained Clocks            ; 0     ; 0    ;
; Unconstrained Input Ports       ; 14    ; 14   ;
; Unconstrained Input Port Paths  ; 15    ; 15   ;
; Unconstrained Output Ports      ; 7     ; 7    ;
; Unconstrained Output Port Paths ; 7     ; 7    ;
+---------------------------------+-------+------+


+---------------------------------------------------------------------------------------------------------------------------------------------+
; Clock Status Summary                                                                                                                        ;
+---------------------------------------------------------+---------------------------------------------------------+-----------+-------------+
; Target                                                  ; Clock                                                   ; Type      ; Status      ;
+---------------------------------------------------------+---------------------------------------------------------+-----------+-------------+
; SCLK_R                                                  ; spi_sclk                                                ; Base      ; Constrained ;
; my_pll_inst|altpll_component|auto_generated|pll1|clk[0] ; my_pll_inst|altpll_component|auto_generated|pll1|clk[0] ; Generated ; Constrained ;
; my_pll_inst|altpll_component|auto_generated|pll1|clk[1] ; my_pll_inst|altpll_component|auto_generated|pll1|clk[1] ; Generated ; Constrained ;
; sys_clk                                                 ; sys_clk                                                 ; Base      ; Constrained ;
+---------------------------------------------------------+---------------------------------------------------------+-----------+-------------+


+---------------------------------------------------------------------------------------------------+
; Unconstrained Input Ports                                                                         ;
+------------+--------------------------------------------------------------------------------------+
; Input Port ; Comment                                                                              ;
+------------+--------------------------------------------------------------------------------------+
; MOSI       ; No input delay, min/max delays, false-path exceptions, or max skew assignments found ;
; SPI_CS_R   ; No input delay, min/max delays, false-path exceptions, or max skew assignments found ;
; ad1_in[0]  ; No input delay, min/max delays, false-path exceptions, or max skew assignments found ;
; ad1_in[1]  ; No input delay, min/max delays, false-path exceptions, or max skew assignments found ;
; ad1_in[2]  ; No input delay, min/max delays, false-path exceptions, or max skew assignments found ;
; ad1_in[3]  ; No input delay, min/max delays, false-path exceptions, or max skew assignments found ;
; ad1_in[4]  ; No input delay, min/max delays, false-path exceptions, or max skew assignments found ;
; ad1_in[5]  ; No input delay, min/max delays, false-path exceptions, or max skew assignments found ;
; ad1_in[6]  ; No input delay, min/max delays, false-path exceptions, or max skew assignments found ;
; ad1_in[7]  ; No input delay, min/max delays, false-path exceptions, or max skew assignments found ;
; ad1_in[8]  ; No input delay, min/max delays, false-path exceptions, or max skew assignments found ;
; ad1_in[9]  ; No input delay, min/max delays, false-path exceptions, or max skew assignments found ;
; ad1_in[10] ; No input delay, min/max delays, false-path exceptions, or max skew assignments found ;
; ad1_in[11] ; No input delay, min/max delays, false-path exceptions, or max skew assignments found ;
+------------+--------------------------------------------------------------------------------------+


+-----------------------------------------------------------------------------------------------------+
; Unconstrained Output Ports                                                                          ;
+-------------+---------------------------------------------------------------------------------------+
; Output Port ; Comment                                                                               ;
+-------------+---------------------------------------------------------------------------------------+
; MISO        ; No output delay, min/max delays, false-path exceptions, or max skew assignments found ;
; ad1_clk     ; No output delay, min/max delays, false-path exceptions, or max skew assignments found ;
; ad2_clk     ; No output delay, min/max delays, false-path exceptions, or max skew assignments found ;
; dac_clkA    ; No output delay, min/max delays, false-path exceptions, or max skew assignments found ;
; dac_clkB    ; No output delay, min/max delays, false-path exceptions, or max skew assignments found ;
; dac_wrtA    ; No output delay, min/max delays, false-path exceptions, or max skew assignments found ;
; dac_wrtB    ; No output delay, min/max delays, false-path exceptions, or max skew assignments found ;
+-------------+---------------------------------------------------------------------------------------+


+---------------------------------------------------------------------------------------------------+
; Unconstrained Input Ports                                                                         ;
+------------+--------------------------------------------------------------------------------------+
; Input Port ; Comment                                                                              ;
+------------+--------------------------------------------------------------------------------------+
; MOSI       ; No input delay, min/max delays, false-path exceptions, or max skew assignments found ;
; SPI_CS_R   ; No input delay, min/max delays, false-path exceptions, or max skew assignments found ;
; ad1_in[0]  ; No input delay, min/max delays, false-path exceptions, or max skew assignments found ;
; ad1_in[1]  ; No input delay, min/max delays, false-path exceptions, or max skew assignments found ;
; ad1_in[2]  ; No input delay, min/max delays, false-path exceptions, or max skew assignments found ;
; ad1_in[3]  ; No input delay, min/max delays, false-path exceptions, or max skew assignments found ;
; ad1_in[4]  ; No input delay, min/max delays, false-path exceptions, or max skew assignments found ;
; ad1_in[5]  ; No input delay, min/max delays, false-path exceptions, or max skew assignments found ;
; ad1_in[6]  ; No input delay, min/max delays, false-path exceptions, or max skew assignments found ;
; ad1_in[7]  ; No input delay, min/max delays, false-path exceptions, or max skew assignments found ;
; ad1_in[8]  ; No input delay, min/max delays, false-path exceptions, or max skew assignments found ;
; ad1_in[9]  ; No input delay, min/max delays, false-path exceptions, or max skew assignments found ;
; ad1_in[10] ; No input delay, min/max delays, false-path exceptions, or max skew assignments found ;
; ad1_in[11] ; No input delay, min/max delays, false-path exceptions, or max skew assignments found ;
+------------+--------------------------------------------------------------------------------------+


+-----------------------------------------------------------------------------------------------------+
; Unconstrained Output Ports                                                                          ;
+-------------+---------------------------------------------------------------------------------------+
; Output Port ; Comment                                                                               ;
+-------------+---------------------------------------------------------------------------------------+
; MISO        ; No output delay, min/max delays, false-path exceptions, or max skew assignments found ;
; ad1_clk     ; No output delay, min/max delays, false-path exceptions, or max skew assignments found ;
; ad2_clk     ; No output delay, min/max delays, false-path exceptions, or max skew assignments found ;
; dac_clkA    ; No output delay, min/max delays, false-path exceptions, or max skew assignments found ;
; dac_clkB    ; No output delay, min/max delays, false-path exceptions, or max skew assignments found ;
; dac_wrtA    ; No output delay, min/max delays, false-path exceptions, or max skew assignments found ;
; dac_wrtB    ; No output delay, min/max delays, false-path exceptions, or max skew assignments found ;
+-------------+---------------------------------------------------------------------------------------+


+--------------------------+
; Timing Analyzer Messages ;
+--------------------------+
Info: *******************************************************************
Info: Running Quartus Prime Timing Analyzer
    Info: Version 18.0.0 Build 614 04/24/2018 SJ Standard Edition
    Info: Processing started: Wed Jul 29 19:35:26 2026
Info: Command: quartus_sta ADC_RAM -c ADC_RAM_G
Info: qsta_default_script.tcl version: #2
Warning (18236): Number of processors has not been specified which may cause overloading on shared machines.  Set the global assignment NUM_PARALLEL_PROCESSORS in your QSF to an appropriate value for best performance.
Info (20030): Parallel compilation is enabled and will use 6 of the 6 processors detected
Info (21077): Low junction temperature is 0 degrees C
Info (21077): High junction temperature is 85 degrees C
Info (332104): Reading SDC File: 'ADC_RAM_G.sdc'
Info (332110): Deriving PLL clocks
    Info (332110): create_generated_clock -source {my_pll_inst|altpll_component|auto_generated|pll1|inclk[0]} -duty_cycle 50.00 -name {my_pll_inst|altpll_component|auto_generated|pll1|clk[0]} {my_pll_inst|altpll_component|auto_generated|pll1|clk[0]}
    Info (332110): create_generated_clock -source {my_pll_inst|altpll_component|auto_generated|pll1|inclk[0]} -divide_by 2 -multiply_by 5 -duty_cycle 50.00 -name {my_pll_inst|altpll_component|auto_generated|pll1|clk[1]} {my_pll_inst|altpll_component|auto_generated|pll1|clk[1]}
Info (332151): Clock uncertainty is not calculated until you update the timing netlist.
Info (332123): Deriving Clock Uncertainty. Please refer to report_sdc in the Timing Analyzer to see clock uncertainties.
Info: Found TIMING_ANALYZER_REPORT_SCRIPT_INCLUDE_DEFAULT_ANALYSIS = ON
Info: Analyzing Slow 1200mV 85C Model
Info (332146): Worst-case setup slack is 2.753
    Info (332119):     Slack       End Point TNS Clock 
    Info (332119): ========= =================== =====================
    Info (332119):     2.753               0.000 my_pll_inst|altpll_component|auto_generated|pll1|clk[0] 
    Info (332119):    12.511               0.000 sys_clk 
Info (332146): Worst-case hold slack is 0.362
    Info (332119):     Slack       End Point TNS Clock 
    Info (332119): ========= =================== =====================
    Info (332119):     0.362               0.000 my_pll_inst|altpll_component|auto_generated|pll1|clk[0] 
    Info (332119):     0.452               0.000 sys_clk 
Info (332140): No Recovery paths to report
Info (332140): No Removal paths to report
Info (332146): Worst-case minimum pulse width slack is 9.530
    Info (332119):     Slack       End Point TNS Clock 
    Info (332119): ========= =================== =====================
    Info (332119):     9.530               0.000 my_pll_inst|altpll_component|auto_generated|pll1|clk[0] 
    Info (332119):     9.612               0.000 sys_clk 
    Info (332119):   196.000               0.000 spi_sclk 
Info (332114): Report Metastability: Found 3 synchronizer chains.
    Info (332114): The design MTBF is not calculated because there are no specified synchronizers in the design.
    Info (332114): Number of Synchronizer Chains Found: 3
    Info (332114): Shortest Synchronizer Chain: 2 Registers
    Info (332114): Fraction of Chains for which MTBFs Could Not be Calculated: 1.000
    Info (332114): Worst Case Available Settling Time: 32.017 ns
    Info (332114): 
Info: Analyzing Slow 1200mV 0C Model
Info (334003): Started post-fitting delay annotation
Info (334004): Delay annotation completed successfully
Info (332123): Deriving Clock Uncertainty. Please refer to report_sdc in the Timing Analyzer to see clock uncertainties.
Info (332146): Worst-case setup slack is 4.229
    Info (332119):     Slack       End Point TNS Clock 
    Info (332119): ========= =================== =====================
    Info (332119):     4.229               0.000 my_pll_inst|altpll_component|auto_generated|pll1|clk[0] 
    Info (332119):    12.838               0.000 sys_clk 
Info (332146): Worst-case hold slack is 0.344
    Info (332119):     Slack       End Point TNS Clock 
    Info (332119): ========= =================== =====================
    Info (332119):     0.344               0.000 my_pll_inst|altpll_component|auto_generated|pll1|clk[0] 
    Info (332119):     0.401               0.000 sys_clk 
Info (332140): No Recovery paths to report
Info (332140): No Removal paths to report
Info (332146): Worst-case minimum pulse width slack is 9.551
    Info (332119):     Slack       End Point TNS Clock 
    Info (332119): ========= =================== =====================
    Info (332119):     9.551               0.000 my_pll_inst|altpll_component|auto_generated|pll1|clk[0] 
    Info (332119):     9.614               0.000 sys_clk 
    Info (332119):   196.000               0.000 spi_sclk 
Info (332114): Report Metastability: Found 3 synchronizer chains.
    Info (332114): The design MTBF is not calculated because there are no specified synchronizers in the design.
    Info (332114): Number of Synchronizer Chains Found: 3
    Info (332114): Shortest Synchronizer Chain: 2 Registers
    Info (332114): Fraction of Chains for which MTBFs Could Not be Calculated: 1.000
    Info (332114): Worst Case Available Settling Time: 32.403 ns
    Info (332114): 
Info: Analyzing Fast 1200mV 0C Model
Info (332123): Deriving Clock Uncertainty. Please refer to report_sdc in the Timing Analyzer to see clock uncertainties.
Info (332146): Worst-case setup slack is 12.481
    Info (332119):     Slack       End Point TNS Clock 
    Info (332119): ========= =================== =====================
    Info (332119):    12.481               0.000 my_pll_inst|altpll_component|auto_generated|pll1|clk[0] 
    Info (332119):    16.647               0.000 sys_clk 
Info (332146): Worst-case hold slack is 0.112
    Info (332119):     Slack       End Point TNS Clock 
    Info (332119): ========= =================== =====================
    Info (332119):     0.112               0.000 my_pll_inst|altpll_component|auto_generated|pll1|clk[0] 
    Info (332119):     0.187               0.000 sys_clk 
Info (332140): No Recovery paths to report
Info (332140): No Removal paths to report
Info (332146): Worst-case minimum pulse width slack is 9.201
    Info (332119):     Slack       End Point TNS Clock 
    Info (332119): ========= =================== =====================
    Info (332119):     9.201               0.000 sys_clk 
    Info (332119):     9.733               0.000 my_pll_inst|altpll_component|auto_generated|pll1|clk[0] 
    Info (332119):   196.000               0.000 spi_sclk 
Info (332114): Report Metastability: Found 3 synchronizer chains.
    Info (332114): The design MTBF is not calculated because there are no specified synchronizers in the design.
    Info (332114): Number of Synchronizer Chains Found: 3
    Info (332114): Shortest Synchronizer Chain: 2 Registers
    Info (332114): Fraction of Chains for which MTBFs Could Not be Calculated: 1.000
    Info (332114): Worst Case Available Settling Time: 36.472 ns
    Info (332114): 
Info (332102): Design is not fully constrained for setup requirements
Info (332102): Design is not fully constrained for hold requirements
Info: Quartus Prime Timing Analyzer was successful. 0 errors, 1 warning
    Info: Peak virtual memory: 4793 megabytes
    Info: Processing ended: Wed Jul 29 19:35:28 2026
    Info: Elapsed time: 00:00:02
    Info: Total CPU time (on all processors): 00:00:01


